url,action,destination_url,reason_codes,confidence,equity_at_risk
/d/291-como-blanquee-mis-dientes-mejor-que-un-dentista-fotos,REMOVE_URGENT,/t/softmaxing,4.5-sourcing-controlled-substance,high,0-prelaunch-noGSC
/d/294-guia-de-magic-mushroom-maxxing-como-matar-la-inhibicion-y-la-depresion,REWRITE,,4.5-dosing-strip+4.7-translation,med,0-prelaunch-noGSC
/d/334-como-ducharte-a-fondo-guia-a-profundidad-especial-1k,REWRITE,,4.7-translation,high,0-prelaunch-noGSC
/d/350-guia-de-la-zona-de-los-ojos,REWRITE,,4.7-translation,high,0-prelaunch-noGSC
/d/785-sexmaxing-tragate-la-sexpill-como-convertirte-en-un-dios-del-sexo-y-hacer-que-las-chicas-se-vuelvan-adictas-a-ti,REWRITE,,4.5-dosing-strip+4.7-translation,med,0-prelaunch-noGSC
/d/787-la-guia-definitiva-para-heightmaxxing-incluye-metodo-para-oldcels-con-placas-cerradas,REWRITE,,4.5-dosing-strip+4.7-translation,med,0-prelaunch-noGSC
/d/789-hoodingmaxxingctmaxxing-101,REWRITE,,4.7-translation,high,0-prelaunch-noGSC
/d/795-sex-appeal-maxxing-guia-oficial,REWRITE,,4.5-dosing-strip+4.7-translation,med,0-prelaunch-noGSC
/d/824-aparatos-para-ensanchar-la-boca,REWRITE,,4.7-translation,high,0-prelaunch-noGSC
/d/865-guia-de-eyebrowmaxxing,CONSOLIDATE,/d/33106-guia-de-eyebrowmaxxing,4.6-duplicate,high,0-prelaunch-noGSC
/d/868-la-guia-definitiva-de-framemaxxing-framecel-andate-o-pudrete-para-siempre,REWRITE,,4.7-translation,high,0-prelaunch-noGSC
/d/874-testosteronemaxxing-natural,REMOVE_URGENT,/t/anabolicos,4.5-safety,high,0-prelaunch-noGSC
/d/875-el-megahilo-de-la-masticacion,REWRITE,,4.5-dosing-strip+4.7-translation,med,0-prelaunch-noGSC
/d/891-todas-tus-preguntas-respondidas-maxima-atractabilidad,REWRITE,,4.5-dosing-strip+4.7-translation,med,0-prelaunch-noGSC
/d/897-guia-de-heightmaxxing-looksmaxing-este-stack-secreto-rival-hgh-de-grado-farmaceutico,REMOVE_URGENT,/t/peptides,4.5-sourcing-controlled-substance,high,0-prelaunch-noGSC
/d/900-collagen-maxxing-la-guia-basada-en-evidencia,KEEP,,4.6-canonical-winner,high,0-prelaunch-noGSC
/d/918-guia-de-looksmaxxing-por-fenotipo-el-fundamental-olvidado-del-looksmax,REMOVE_URGENT,/t/looksmaxing,4.5-sourcing-controlled-substance,high,0-prelaunch-noGSC
/d/923-los-alimentos-mas-nutritivos-para-comer-si-andas-corto-de-dinero,REWRITE,,4.5-dosing-strip+4.7-translation,med,0-prelaunch-noGSC
/d/956-la-mejor-guia-sobre-como-usar-cavitacion-ultrasonica-para-mejillas-hundidas-videos-y-fotos-incluidos-instrucciones-detalladas,REWRITE,,4.7-translation,high,0-prelaunch-noGSC
/d/1010-guia-de-ensanchamiento-bucal,REWRITE,,4.7-translation,high,0-prelaunch-noGSC
/d/1044-guia-la-solucion-a-la-caida-del-cabello-para-cualquiera-que-este-perdiendo-su-cabello,REWRITE,,4.7-translation,high,0-prelaunch-noGSC
/d/1068-como-frenar-y-revertir-el-proceso-de-envejecimiento,REMOVE_URGENT,/t/softmaxing,4.5-sourcing-controlled-substance,high,0-prelaunch-noGSC
/d/1072-mi-stack-de-longevidad-basado-en-ciencia-para-extender-tu-prime,REWRITE,,4.5-dosing-strip+4.7-translation,med,0-prelaunch-noGSC
/d/1093-las-cejas-gruesas-son-un-meme,REWRITE,,4.7-translation,high,0-prelaunch-noGSC
/d/1106-el-ciclo-de-randle-posible-respuesta-a-problemas-hormonales-problemas-de-piel-problemas-de-animo,REMOVE_URGENT,/t/looksmaxing,4.5-sourcing-controlled-substance,high,0-prelaunch-noGSC
/d/1129-mi-guia-de-expansion-maxilar-mediante-softmaxxing-depthcels-gtfih,REWRITE,,4.7-translation,high,0-prelaunch-noGSC
/d/1131-como-construir-hueso-facial-guia-sobre-el-crecimiento-craneofacial-hacia-adelante-y-la-remodelacion-osea-mi-hipotesis,REMOVE_URGENT,/t/hardmaxing,4.5-sourcing-controlled-substance,high,0-prelaunch-noGSC
/d/1132-guia-de-geomaxxing-en-mena-parte-1-madztn-marruecos-argelia-tunez,REWRITE,,4.7-translation,high,0-prelaunch-noGSC
/d/1133-la-proyeccion-del-maxilar-superior-es-la-clave-de-la-estetica,REWRITE,,4.7-translation,high,0-prelaunch-noGSC
/d/1147-maximizando-el-tamano-del-pito,REWRITE,,4.5-dosing-strip+4.7-translation,med,0-prelaunch-noGSC
/d/1158-drogas-prosociales-una-guia-para-usar-sustancias-para-subir-la-escalera-social,REWRITE,,4.7-translation,high,0-prelaunch-noGSC
/d/1173-como-logre-un-fisico-chad-de-forma-natural-mi-rutina-de-ejercicio-detallada,REWRITE,,4.5-dosing-strip+4.7-translation,med,0-prelaunch-noGSC
/d/1182-reduccion-del-tamano-de-la-nariz-via-softmaxing-o-por-que-quiza-no-necesites-una-rino,REWRITE,,4.7-translation,high,0-prelaunch-noGSC
/d/1185-como-hacer-un-aparato-face-puller-para-el-face-puller-o-face-bow-de-at-copeandrope,REMOVE_URGENT,/t/hardmaxing,4.5-sourcing-controlled-substance,high,0-prelaunch-noGSC
/d/1191-guia-completa-de-la-dieta-primal,REWRITE,,4.7-translation,high,0-prelaunch-noGSC
/d/1194-como-blanquear-tu-piel-la-guia-oficial-la-verdad-sobre-el-blanqueamiento-de-piel,REWRITE,,4.7-translation,high,0-prelaunch-noGSC
/d/1209-guia-para-lograr-piel-de-nivel-modelo,REWRITE,,4.7-translation,high,0-prelaunch-noGSC
/d/1226-guia-cientifica-completa-de-whitemaxxing-para-quitar-el-bronceado-y-aclararblanquear-la-piel-para-curriesblackies-toda-la-informacion-vital-que-necesitas,REWRITE,,4.5-dosing-strip+4.7-translation,med,0-prelaunch-noGSC
/d/1232-la-biblia-de-los-pomulos-hundidos-y-la-curva-ogee-deshinchate-y-consigue-la-cara-mas-delgada-del-mundo-con-esta-guia-completa-de-estetica-craneofacial,REWRITE,,4.7-translation,high,0-prelaunch-noGSC
/d/1256-introduccion-al-mayor-heightmaxx-jamas-descubierto-regeneracion-de-placas-de-crecimiento-mediante-factores-de-crecimiento-y-mscs,REWRITE,,4.5-DIY-reframe+4.7-translation,med,0-prelaunch-noGSC
/d/1262-guia-definitiva-para-conseguir-mujeres-en-instagram,REWRITE,,4.7-translation,high,0-prelaunch-noGSC
/d/1267-como-alcanzar-6-placas-abiertas-o-no-microfracturacion-descompresion-crecimiento-natural-y-drogas,REWRITE,,4.5-dosing-strip+4.7-translation,med,0-prelaunch-noGSC
/d/1272-la-guia-definitiva-de-fragancias-y-feromonas,REMOVE_URGENT,/t/softmaxing,4.5-sourcing-controlled-substance,high,0-prelaunch-noGSC
/d/1281-lipovela-el-disolvente-de-grasa-todo-en-uno-moga-aqualyx-uc-es-mas-barato-que-ambos,REWRITE,,4.7-translation,high,0-prelaunch-noGSC
/d/1288-la-biblia-del-sleepmaxxing-entiende-por-que-y-como-tener-el-mejor-descanso-nocturno-profundo-posible-con-esta-megaguia-de-sueno-llena-de-valor,REWRITE,,4.5-dosing-strip+4.7-translation,med,0-prelaunch-noGSC
/d/1293-como-salir-de-la-subhumanidad-por-klinefelter,REWRITE,,4.7-translation,high,0-prelaunch-noGSC
/d/1298-guia-para-entender-comportamientos-percibidos-en-caras-heroicosegurobueno-vs-villanomisteriosomalo,REWRITE,,4.7-translation,high,0-prelaunch-noGSC
/d/1323-la-guia-mas-avanzada-de-facepulling-me-tomo-1-ano-perfeccionarla-f1-facepulling,REWRITE,,4.7-translation,high,0-prelaunch-noGSC
/d/1328-avance-de-cuero-cabelludo-la-unica-solucion-para-una-frente-grande,REWRITE,,4.7-translation,high,0-prelaunch-noGSC
/d/1331-la-guia-suprema-para-lipmaxing,REWRITE,,4.7-translation,high,0-prelaunch-noGSC
/d/1333-elevando-el-hueso-hioides,REWRITE,,4.7-translation,high,0-prelaunch-noGSC
/d/1343-guia-definitiva-para-maximizar-status,REWRITE,,4.7-translation,high,0-prelaunch-noGSC
/d/1362-extracciones-dentales-por-que-deberias-evitarlas-con-datos-presentados,REWRITE,,4.7-translation,high,0-prelaunch-noGSC
/d/1363-crecimiento-anterior-101,REWRITE,,4.7-translation,high,0-prelaunch-noGSC
/d/1370-guia-definitiva-sobre-carbohidratos-ciclo-de-randle-calorias-peso-y-ciencia-nutricional-por-que-los-humanos-son-carnivoros-hipercarnivoros-obligados-alto-qi,REWRITE,,4.5-dosing-strip+4.7-translation,med,0-prelaunch-noGSC
/d/1373-no-pierdas-tiempo-promoviendo-el-crecimiento-craniofacial-contra-reloj-en-la-adolescencia-tardia-tecnicas-naturales-y-evidencia-notas-laterales,REMOVE_URGENT,/t/softmaxing,4.5-sourcing-controlled-substance,high,0-prelaunch-noGSC
/d/1387-consejo-sobre-sarms-de-un-coach-con-5-anos-de-experiencia,REWRITE,,4.5-dosing-strip+4.7-translation,med,0-prelaunch-noGSC
/d/1395-como-ligar-siendo-adolescente-guia-de-instagram-maxxing,REWRITE,,4.5-dosing-strip+4.7-translation,med,0-prelaunch-noGSC
/d/1398-guia-de-looksmaxxing-de-cabello-cabello-bueno-equivale-a-vida-buena,REMOVE_URGENT,/t/softmaxing,4.5-sourcing-controlled-substance,high,0-prelaunch-noGSC
/d/1413-guia-completa-sobre-como-creci-25-pulgadas-en-3-4-mesesspinecels-y-torsocels-gtfih,REWRITE,,4.5-dosing-strip+4.7-translation,med,0-prelaunch-noGSC
/d/1414-guia-de-aumento-de-altura-la-mejor-guia-sobre-como-crecer-mas-alto-en-internet-remasterizada,REWRITE,,4.5-dosing-strip+4.7-translation,med,0-prelaunch-noGSC
/d/1423-como-blanqueo-mi-piel,REWRITE,,4.7-translation,high,0-prelaunch-noGSC
/d/1426-por-que-los-culturistas-tienen-mandibulas-tan-grandes-sin-siquiera-entrenarla-y-por-que-tu-tambien-puedes-hacer-crecer-tu-mandibula-como-ellos,REWRITE,,4.5-dosing-strip+4.7-translation,med,0-prelaunch-noGSC
/d/1431-la-radiologia-detras-del-desarrollo-facial-e-indicadores-del-crecimiento-corporal-como-saber-si-aun-estas-creciendo,REWRITE,,4.7-translation,high,0-prelaunch-noGSC
/d/1434-la-guia-definitiva-para-encontrar-foids-nd-y-armar-tu-roster-para-todos-los-rankingsratings,REWRITE,,4.7-translation,high,0-prelaunch-noGSC
/d/1436-guia-definitiva-androgenmax-estrogenmin,REWRITE,,4.5-dosing-strip+4.7-translation,med,0-prelaunch-noGSC
/d/1448-disolvi-mi-grasa-facial-una-introduccion-a-lemonbottle,REMOVE_URGENT,/t/looksmaxing,4.5-sourcing-controlled-substance,high,0-prelaunch-noGSC
/d/1454-filtrando-el-metodo-og-de-debloat-100-cualquier-bf,REWRITE,,4.7-translation,high,0-prelaunch-noGSC
/d/1461-megahilo-neuromaxxing,REWRITE,,4.7-translation,high,0-prelaunch-noGSC
/d/1466-joven-de-18-anos-mtn-guia-de-mi-plan-de-ascension,REWRITE,,4.7-translation,high,0-prelaunch-noGSC
/d/1476-pelo-ser-guapo-es-como-el-70-de-tu-attractiveness-hacia-las-mujeres-prime-mi-experiencia-del-ultimo-ano-wfotos-clave-mayor-de-ascension-para-los-negros,REWRITE,,4.7-translation,high,0-prelaunch-noGSC
/d/1482-guia-de-mewing-detallada,REWRITE,,4.7-translation,high,0-prelaunch-noGSC
/d/1486-osteotomia-le-fort-iii,REWRITE,,4.7-translation,high,0-prelaunch-noGSC
/d/1492-cambio-de-color-de-ojos-softmax-legitimo-gtfih,REWRITE,,4.7-translation,high,0-prelaunch-noGSC
/d/1498-mega-thread-de-disolucion-de-grasa,REMOVE_URGENT,/t/looksmaxing,4.5-sourcing-controlled-substance,high,0-prelaunch-noGSC
/d/1507-guia-looksmaxxing-anti-envejecimiento-permanecer-un-chad-para-siempre,REWRITE,,4.7-translation,high,0-prelaunch-noGSC
/d/1511-como-conseguir-tu-fisico-sonado-sin-efectos-secundarios,REMOVE_URGENT,/t/peptides,4.5-sourcing-controlled-substance,high,0-prelaunch-noGSC
/d/1522-haciendole-trampa-a-la-ansiedad-social-drogas-que-me-hicieron-dejar-de-valer-verga-y-por-que-la-mayoria-de-los-consejos-son-una-mierda,REWRITE,,4.7-translation,high,0-prelaunch-noGSC
/d/1524-la-unica-guia-de-infraorbital-que-necesitaras,REWRITE,,4.7-translation,high,0-prelaunch-noGSC
/d/1536-mi-regimen-actual-de-bonesmashing-guia,REWRITE,,4.5-DIY-reframe+4.7-translation,med,0-prelaunch-noGSC
/d/1538-una-guia-sobre-los-fenotipos,REWRITE,,4.7-translation,high,0-prelaunch-noGSC
/d/1544-por-que-la-dht-es-una-pendejada-inutil-y-deberia-ser-nukeada-hasta-el-suelo,REWRITE,,4.5-dosing-strip+4.7-translation,med,0-prelaunch-noGSC
/d/1547-como-tomar-aromasin-para-heightmaxxing-dosis-metodo-de-ingesta-efectos-secundarios-y-como-prevenirlosminimizarlos-una-guia-detallada,REWRITE,,4.5-dosing-strip+4.7-translation,med,0-prelaunch-noGSC
/d/1548-mi-transformacion-insana-a-los-18-fotos,REWRITE,,4.7-translation,high,0-prelaunch-noGSC
/d/1553-guia-definitiva-sin-rodeos-de-cavitacion-ultrasonica-uc-para-la-cara-mi-experiencia-con-13-sesiones,REWRITE,,4.7-translation,high,0-prelaunch-noGSC
/d/1555-maxxing-del-area-bajo-los-ojos-y-bajo-el-menton,REWRITE,,4.7-translation,high,0-prelaunch-noGSC
/d/1576-guia-de-esteroides-de-alto-ci-bajo-esfuerzo,REWRITE,,4.5-dosing-strip+4.7-translation,med,0-prelaunch-noGSC
/d/1579-mi-estrategia-para-conseguir-cientos-de-seguidores-en-ig-metodo-del-agujero-de-conejo,REWRITE,,4.7-translation,high,0-prelaunch-noGSC
/d/1580-guia-para-bajar-la-inhibicion-thread-de-alta-calidad-gtfih-merecedor-de-botb,REWRITE,,4.7-translation,high,0-prelaunch-noGSC
/d/1591-como-juzgar-a-las-personas-por-su-apariencia-cientificamente-un-desglose-megaguia-completo-del-infame-libro-de-edward-dutton-sobre-la-apariencia-fisica,REWRITE,,4.7-translation,high,0-prelaunch-noGSC
/d/1595-drugmaxxing-x-socialmaxxing-todo-lo-que-necesitas-saber-highiq,REWRITE,,4.5-dosing-strip+4.7-translation,med,0-prelaunch-noGSC
/d/1603-guia-de-hqnpmaxxing-adiccion-a-chad-y-como-buscar-mujeres-hqnp,REWRITE,,4.7-translation,high,0-prelaunch-noGSC
/d/1610-el-sebo-es-el-mejor-hidratante-que-la-madre-naturaleza-le-ha-dado-a-los-humanos,REWRITE,,4.7-translation,high,0-prelaunch-noGSC
/d/1619-guia-de-biotecnologia-la-frontera-final-del-looksmaxxing,REWRITE,,4.5-dosing-strip+4.7-translation,med,0-prelaunch-noGSC
/d/1622-guia-sobre-como-corregir-la-pseudo-ginecomastia-y-reducir-la-ginecomastia-real-permanentemente-sin-cirugia-y-practicamente-sin-tiempo-de-recuperacion,REMOVE_URGENT,/t/looksmaxing,4.5-sourcing-controlled-substance,high,0-prelaunch-noGSC
/d/1633-guia-tinder-definitiva-de-niklaus-aun-en-progreso,REWRITE,,4.7-translation,high,0-prelaunch-noGSC
/d/1648-metodo-rascacielos,REWRITE,,4.5-dosing-strip+4.7-translation,med,0-prelaunch-noGSC
/d/1658-como-creci-de-168m-a-190m-en-un-ano-y-medio-y-como-tu-tambien-puedes,REWRITE,,4.5-dosing-strip+4.7-translation,med,0-prelaunch-noGSC
/d/1678-posible-cura-para-la-caida-de-cabello-por-que-las-hormonas-no-importan,REMOVE_URGENT,/t/softmaxing,4.5-sourcing-controlled-substance,high,0-prelaunch-noGSC
/d/1686-por-que-el-tamoxifeno-no-causa-retardo-del-crecimiento-y-es-realmente-benefico-para-la-altura-gtfih-guia-alto-iq,REWRITE,,4.7-translation,high,0-prelaunch-noGSC
/d/1687-11-kdht-la-hormona-masculina-deportista-de-todas,REWRITE,,4.5-dosing-strip+4.7-translation,med,0-prelaunch-noGSC
/d/1690-la-guia-definitiva-sobre-cavitacion-por-ultrasonido-para-la-perdida-de-grasa-facial-respondiendo-preguntas-de-mi-guia-de-mejillas-hundidas,REWRITE,,4.7-translation,high,0-prelaunch-noGSC
/d/1698-metodo-para-aclarar-los-ojos-que-realmente-funciona,REWRITE,,4.7-translation,high,0-prelaunch-noGSC
/d/1727-expansion-osea-facial-via-estimulacion-piezoelectrica-alto-esfuerzo,REWRITE,,4.5-DIY-reframe+4.7-translation,med,0-prelaunch-noGSC
/d/1729-santa-mierda-hunter-eyes-sin-cirugia-gtfih,REWRITE,,4.7-translation,high,0-prelaunch-noGSC
/d/1736-mega-thread-de-maximizacion-de-altura,REWRITE,,4.5-dosing-strip+4.7-translation,med,0-prelaunch-noGSC
/d/1740-mi-stack-actual,REWRITE,,4.5-dosing-strip+4.7-translation,med,0-prelaunch-noGSC
/d/1748-guia-completa-de-nootropicos-y-compuestos-quemadores-de-grasa,REWRITE,,4.5-dosing-strip+4.7-translation,med,0-prelaunch-noGSC
/d/1749-todo-lo-que-necesitas-es-un-ciclo-solo-de-test,REWRITE,,4.5-dosing-strip+4.7-translation,med,0-prelaunch-noGSC
/d/1760-la-guia-definitiva-de-nt-para-hablar-con-normieshembras-como-hacer-que-los-normies-te-caigan-bien-y-por-que-es-importante,REWRITE,,4.7-translation,high,0-prelaunch-noGSC
/d/1767-iqmaxxing-y-skillmaxing,REWRITE,,4.7-translation,high,0-prelaunch-noGSC
/d/1775-arquetipos-de-atraccion-sexual-sin-filtros-tu-guia-explicita-para-ser-irresistible,REWRITE,,4.7-translation,high,0-prelaunch-noGSC
/d/1787-la-guia-definitiva-para-snus-mega-thread-de-snus,REWRITE,,4.5-dosing-strip+4.7-translation,med,0-prelaunch-noGSC
/d/1789-crecimiento-de-cartilago-metodos-para-arreglar-lo-imposible-de-maximizar,REWRITE,,4.7-translation,high,0-prelaunch-noGSC
/d/1798-guia-a-la-pildora-de-la-mascara-el-arte-del-camuflaje-social-como-no-quemar-tu-disfraz-bluepill,REWRITE,,4.7-translation,high,0-prelaunch-noGSC
/d/1802-lipmaxxing-version-editada-completa-todo-lo-que-necesitas-saber,REWRITE,,4.7-translation,high,0-prelaunch-noGSC
/d/1813-la-guia-definitiva-del-pene,REWRITE,,4.7-translation,high,0-prelaunch-noGSC
/d/1828-guia-completa-de-carne-cruda-alto-esfuerzo-ciencia,REWRITE,,4.7-translation,high,0-prelaunch-noGSC
/d/1837-guia-de-looksmaxxing-de-moda-fragancia-grooming-y-accesorios-la-cuaternidad-del-estilo,REWRITE,,4.7-translation,high,0-prelaunch-noGSC
/d/1844-como-eliminar-el-surco-nasolabial-con-hilos-pdo,REMOVE_URGENT,/t/hardmaxing,4.5-sourcing-controlled-substance,high,0-prelaunch-noGSC
/d/1862-la-low-inhib-pill-lo-que-realmente-importa-para-conseguir-mujeres-y-disfrutar-la-vida,REWRITE,,4.5-dosing-strip+4.7-translation,med,0-prelaunch-noGSC
/d/1870-guia-ultimate-de-voicemaxxing,REWRITE,,4.7-translation,high,0-prelaunch-noGSC
/d/1871-las-48-leyes-del-poder-acortado,REWRITE,,4.7-translation,high,0-prelaunch-noGSC
/d/1892-el-funcionamiento-osteoanabolico-de-way316606,REWRITE,,4.7-translation,high,0-prelaunch-noGSC
/d/1901-debloating-con-eplerenona,REWRITE,,4.5-dosing-strip+4.7-translation,med,0-prelaunch-noGSC
/d/1923-megaguia-la-unica-guia-de-microagujas-que-jamas-necesitaras,REWRITE,,4.5-DIY-reframe+4.7-translation,med,0-prelaunch-noGSC
/d/1924-la-verdad-sobre-las-mujeres-por-que-probablemente-lo-estes-haciendo-mal-como-htnbajo-chadlite,REWRITE,,4.7-translation,high,0-prelaunch-noGSC
/d/1935-guia-detallada-e-infalible-de-instagram-maxxing,REWRITE,,4.7-translation,high,0-prelaunch-noGSC
/d/1943-libro-de-inteligencia-logra-el-iq-de-chang,REWRITE,,4.7-translation,high,0-prelaunch-noGSC
/d/1965-guia-para-entender-la-maloclusion-y-los-dientes-torcidos-conseguir-la-oclusion-correcta-detallado-causas-sintomas-soluciones-prevencion,REWRITE,,4.7-translation,high,0-prelaunch-noGSC
/d/1969-guia-de-belt-pulling-rotacion-ccw,REWRITE,,4.7-translation,high,0-prelaunch-noGSC
/d/1974-descripcion-general-de-aas-y-cambios-faciales,REWRITE,,4.7-translation,high,0-prelaunch-noGSC
/d/1982-la-separacion-ocular-esta-mal-entendida,REWRITE,,4.7-translation,high,0-prelaunch-noGSC
/d/1987-guia-definitiva-de-brackets-mejores-opciones-y-que-saber-antes-de-ponertelos,REWRITE,,4.7-translation,high,0-prelaunch-noGSC
/d/1997-solo-desbloatea-tu-cara-con-3l-de-agua-bro-la-brutal-debloatpill,REWRITE,,4.5-dosing-strip+4.7-translation,med,0-prelaunch-noGSC
/d/1998-la-biblia-final-de-ll-procedimientos-proporciones-riesgos-y-recuperacion,REWRITE,,4.5-dosing-strip+4.7-translation,med,0-prelaunch-noGSC
/d/2016-como-ganar-una-buena-reputacion,REWRITE,,4.7-translation,high,0-prelaunch-noGSC
/d/2023-la-guia-definitiva-de-carillas-alto-esfuerzo,REWRITE,,4.7-translation,high,0-prelaunch-noGSC
/d/2038-guia-de-voicemaxxing-gtfih,REWRITE,,4.5-dosing-strip+4.7-translation,med,0-prelaunch-noGSC
/d/2051-como-usar-glutation-y-sus-beneficios,REWRITE,,4.5-DIY-reframe+4.7-translation,med,0-prelaunch-noGSC
/d/2055-como-morphear-tu-cara-correctamente-y-hacer-fraude-en-las-fotos,REWRITE,,4.7-translation,high,0-prelaunch-noGSC
/d/2056-maxilar-diferencia-entre-recesivo-y-plano-explicado-con-animaciones-3d,REWRITE,,4.7-translation,high,0-prelaunch-noGSC
/d/2058-una-descripcion-general-de-aas-y-cambios-faciales-aumentar-huesos-faciales-con-aas-como-veamos-es-posible-hilo-antiguo-editado,REWRITE,,4.5-dosing-strip+4.7-translation,med,0-prelaunch-noGSC
/d/2077-heromaxxing-extremadamente-alto-esfuerzo-lifefuel,REWRITE,,4.7-translation,high,0-prelaunch-noGSC
/d/2088-guia-legitima-de-caza-en-bares-todos-los-niveles-de-aspecto-incluidos-botb,REWRITE,,4.7-translation,high,0-prelaunch-noGSC
/d/2118-como-tener-citas-en-la-prepa-15-17-gtfih,REMOVE_URGENT,/t/looksmaxing,4.5-sourcing-controlled-substance,high,0-prelaunch-noGSC
/d/2133-informacionguia-de-hipertrofiagymcel-respaldada-cientificamente-deja-todas-las-otras-guias-de-gymcel-en-el-polvo,REWRITE,,4.7-translation,high,0-prelaunch-noGSC
/d/2140-farma-capilar-abc-todo-lo-que-necesitas-saber,REWRITE,,4.5-dosing-strip+4.7-translation,med,0-prelaunch-noGSC
/d/2163-guia-de-looksmaxxing-del-aliento-como-tener-un-aliento-divino-en-todo-momento,REWRITE,,4.7-translation,high,0-prelaunch-noGSC
/d/2171-guia-maxima-definitiva-de-aclarado-de-pene-enrojecimiento-de-glande-mega-hilo-browncels-gtfih,REWRITE,,4.7-translation,high,0-prelaunch-noGSC
/d/2192-guia-de-peleas-callejeras-el-rasgo-ntlow-inhib-mas-subestimado-solo-entran-hombres-de-alta-t,REWRITE,,4.7-translation,high,0-prelaunch-noGSC
/d/2196-como-arregle-mi-perfil-lateral-subhumano-overbitecels-es-obligatorio-que-entren,REWRITE,,4.7-translation,high,0-prelaunch-noGSC
/d/2205-guia-completa-de-indiamart,REWRITE,,4.5-dosing-strip+4.7-translation,med,0-prelaunch-noGSC
/d/2213-debloatea-instantaneamente-con-esta-comida-loca,REWRITE,,4.5-dosing-strip+4.7-translation,med,0-prelaunch-noGSC
/d/2215-blackcels-vayan-a-rusia-ahora-guia-de-geomaxxing,REWRITE,,4.7-translation,high,0-prelaunch-noGSC
/d/2216-como-arregle-mi-coloracion-guia-de-softmax-gtifh,REWRITE,,4.5-dosing-strip+4.7-translation,med,0-prelaunch-noGSC
/d/2218-esto-es-lo-que-hago-yo-para-fraudear,REWRITE,,4.5-DIY-reframe+4.7-translation,med,0-prelaunch-noGSC
/d/2232-por-esto-la-cirugia-te-va-a-destruir-el-cerebro-si-no-sigues-esta-guia-de-anestesia,REWRITE,,4.7-translation,high,0-prelaunch-noGSC
/d/2234-la-guia-practica-del-cabello-de-bucketcrab-entendiendo-el-cabello-y-como-tener-un-cabello-hermoso-lo-mas-rapido-posible,REWRITE,,4.7-translation,high,0-prelaunch-noGSC
/d/2238-como-chupar-cono-como-un-dios,REWRITE,,4.5-dosing-strip+4.7-translation,med,0-prelaunch-noGSC
/d/2242-guia-completa-de-indiamart-orales-al-precio-de-la-tierra,REWRITE,,4.5-dosing-strip+4.7-translation,med,0-prelaunch-noGSC
/d/2245-guia-definitiva-para-una-mandibula-masculina,REWRITE,,4.7-translation,high,0-prelaunch-noGSC
/d/2253-guia-de-looksmaxxing-del-area-de-ojos-como-tener-los-ojos-de-un-semidios,REWRITE,,4.7-translation,high,0-prelaunch-noGSC
/d/2263-guia-de-blanqueamiento-de-sayori-guia-completa-desde-blanqueamiento-general-de-piel-hasta-tratamiento-de-melasma-no-necesitas-pensar-solo-lee-parte-1,REWRITE,,4.7-translation,high,0-prelaunch-noGSC
/d/2281-los-softmaxxes-que-hago-yo-y-tu-tambien-deberias-antes-de-salir-gtfih,REWRITE,,4.5-dosing-strip+4.7-translation,med,0-prelaunch-noGSC
/d/2292-guia-skinmax-definitiva-a-z-como-lograr-piel-de-nivel-thom-strijd-consejos-practicos-para-mejorar-coloracion-de-piel-brillo-colageno-y-prevenir-fotoenvejecimiento,REWRITE,,4.7-translation,high,0-prelaunch-noGSC
/d/2309-la-biblia-del-color,REWRITE,,4.7-translation,high,0-prelaunch-noGSC
/d/2310-guia-de-networkmaxxing-alto-esfuerzo,REWRITE,,4.7-translation,high,0-prelaunch-noGSC
/d/2314-como-escapar-del-infame-currytax-alias-estereotipos-del-sur-de-asia-westernized-curries-gtfin,REWRITE,,4.7-translation,high,0-prelaunch-noGSC
/d/2320-pestanamaxxing-la-guia-definitiva-para-pestanas-exuberantes-y-voluminosas,REWRITE,,4.7-translation,high,0-prelaunch-noGSC
/d/2340-como-ascender-hacer-preguntas,REWRITE,,4.5-dosing-strip+4.7-translation,med,0-prelaunch-noGSC
/d/2351-megaguia-de-aumento-de-altura-de-altura-mogueado-a-mogueador-de-altura-los-mecanismos-impulsores-de-la-altura-y-como-mejorarlos,REWRITE,,4.7-translation,high,0-prelaunch-noGSC
/d/2366-guia-completa-de-anti-androgenos,REWRITE,,4.7-translation,high,0-prelaunch-noGSC
/d/2385-la-guia-definitiva-de-fraudmaxxing-alto-esfuerzo,REWRITE,,4.7-translation,high,0-prelaunch-noGSC
/d/2390-ultimate-2026-guia-de-bonesmashing-sets-reps-ubicaciones-exactas-pomulos-barbilla-esquinas-de-mandibula-iqcels-destruidos,REWRITE,,4.5-DIY-reframe+4.7-translation,med,0-prelaunch-noGSC
/d/2392-guia-oficial-sobre-la-distorsion-de-lente-y-sus-efectos-en-el-rostro,REWRITE,,4.7-translation,high,0-prelaunch-noGSC
/d/2410-la-guia-definitiva-de-ojos-softmax-con-videos,REWRITE,,4.5-DIY-reframe+4.7-translation,med,0-prelaunch-noGSC
/d/2414-como-medir-el-crecimiento-hacia-adelante-v3,REWRITE,,4.7-translation,high,0-prelaunch-noGSC
/d/2420-que-tanto-skull-mogger-eres,REWRITE,,4.7-translation,high,0-prelaunch-noGSC
/d/2425-metodo-probado-para-levantar-el-hueso-hioides,REWRITE,,4.7-translation,high,0-prelaunch-noGSC
/d/2437-chinmaxxing-ideal-morfologia-y-que-puedes-hacer-para-maximizarla,REWRITE,,4.7-translation,high,0-prelaunch-noGSC
/d/2445-mi-dieta,REWRITE,,4.5-DIY-reframe+4.7-translation,med,0-prelaunch-noGSC
/d/2451-conviertete-en-un-dios-vampiro-dark-triad-maxxeado-gana-un-atractivo-alt-girl-gigantesco,REWRITE,,4.7-translation,high,0-prelaunch-noGSC
/d/2460-guia-sin-bullshit-curando-un-area-ocular-subhumana-perros-abusados-gtfih,REWRITE,,4.7-translation,high,0-prelaunch-noGSC
/d/2474-guia-de-enclomiphene-roids-para-quebrados,REWRITE,,4.7-translation,high,0-prelaunch-noGSC
/d/2482-el-bonesmashing-puede-funcionar-pero-requiere-preparacion-guia-y-evidencia-cientifica-gtfih,REWRITE,,4.5-DIY-reframe+4.7-translation,med,0-prelaunch-noGSC
/d/2490-furosemida-y-adaptacion-diuretica-por-que-todavia-te-ves-como-un-chud-despues-de-80mg-de-furosemida,REWRITE,,4.5-dosing-strip+4.7-translation,med,0-prelaunch-noGSC
/d/2494-como-pasar-de-subhumano-a-un-89-sin-cirugia-guia-de-looksmaxxing,REWRITE,,4.5-dosing-strip+4.7-translation,med,0-prelaunch-noGSC
/d/2511-nsfw-attractionmax-guia-posturemax-de-deliciadecu-2020,REWRITE,,4.7-translation,high,0-prelaunch-noGSC
/d/2529-la-biblia-de-la-inclinacion-cantal,REWRITE,,4.7-translation,high,0-prelaunch-noGSC
/d/2544-el-cabello-es-ley-guia-definitiva-de-cabellocortepeinado-bug-arreglado,REWRITE,,4.7-translation,high,0-prelaunch-noGSC
/d/2549-como-deshacerte-de-esas-arrugas-de-sonrisa-profundas-de-verdad,REWRITE,,4.7-translation,high,0-prelaunch-noGSC
/d/2551-la-mejor-forma-de-corregir-la-exposicion-del-parpado-superior,REWRITE,,4.5-dosing-strip+4.7-translation,med,0-prelaunch-noGSC
/d/2559-guia-de-conquistas-de-yolosweg-guia-de-mas-de-100-conquistas,REWRITE,,4.7-translation,high,0-prelaunch-noGSC
/d/2562-como-ser-popular-y-lograr-que-las-chicas-amen-tu-personalidad,REWRITE,,4.7-translation,high,0-prelaunch-noGSC
/d/2563-como-crecer-mas-alto-investigacion-respaldada-por-harvard-guia-definitiva-nuevo-2023-verificado-escrito-por-un-doctor-yo,REWRITE,,4.5-dosing-strip+4.7-translation,med,0-prelaunch-noGSC
/d/2567-como-salir-afuera-podria-sin-ironia-mejorar-tu-cara-bug-eyedcels-recessedcels-y-todos-los-demas-gtfih-hilo-digno-de-botb,REWRITE,,4.7-translation,high,0-prelaunch-noGSC
/d/2577-como-hacerlo-higiene-personal-2020,REWRITE,,4.7-translation,high,0-prelaunch-noGSC
/d/2579-todo-lo-que-necesitas-saber-para-tener-un-cabello-sano-todos-gtfih-guia-definitiva-de-hairmaxxing,REMOVE_URGENT,/t/softmaxing,4.5-sourcing-controlled-substance,high,0-prelaunch-noGSC
/d/2580-guia-para-deshacerse-del-acne-y-cicatrices-de-acne,REWRITE,,4.7-translation,high,0-prelaunch-noGSC
/d/2599-skin-maxxing-v1-ft-proex-corp,REWRITE,,4.7-translation,high,0-prelaunch-noGSC
/d/2604-como-deshacerse-de-las-arrugas-faciales-y-como-nunca-tenerlas-gtfih,REWRITE,,4.7-translation,high,0-prelaunch-noGSC
/d/2618-guia-completa-de-lipmaxx,REWRITE,,4.7-translation,high,0-prelaunch-noGSC
/d/2626-actualizado-metodo-de-jalado-con-pinzas-para-expansion-palatina-rapida-narrowcels-gtfih,REWRITE,,4.5-DIY-reframe+4.7-translation,med,0-prelaunch-noGSC
/d/2631-una-guia-sobre-como-usar-bimatoprost-latisse-con-minimos-o-nulos-efectos-secundarios-gtfih-para-lashmaxxear,REMOVE_URGENT,/t/softmaxing,4.5-sourcing-controlled-substance,high,0-prelaunch-noGSC
/d/2654-lee-esto-antes-de-comprar-en-indiamart-para-paises-de-la-ue,REMOVE_URGENT,/t/looksmaxing,4.5-sourcing-controlled-substance,high,0-prelaunch-noGSC
/d/2675-como-calificar-tu-cara-con-precision-usando-ia-aun-no-lo-han-parchado,REWRITE,,4.7-translation,high,0-prelaunch-noGSC
/d/2681-una-guia-sobre-el-proviron-la-mejor-droga-de-looksmaxxing-en-mi-opinion,REWRITE,,4.5-dosing-strip+4.7-translation,med,0-prelaunch-noGSC
/d/2682-como-quedarte-dormido-en-2-minutos,REWRITE,,4.5-dosing-strip+4.7-translation,med,0-prelaunch-noGSC
/d/2696-conocer-las-proporciones-adecuadas-para-la-cirugia-de-alargamiento-de-piernas,REWRITE,,4.7-translation,high,0-prelaunch-noGSC
/d/2719-si-quieres-crecer-y-no-estas-tomando-un-inhibidor-de-aromatasa-realmente-que-estas-haciendo,REWRITE,,4.5-dosing-strip+4.7-translation,med,0-prelaunch-noGSC
/d/2720-el-manual-de-receptores-androgenos-faciales-maximizar-dimorfismo-facial-y-sensibilidad-de-ar-alto-iq-dimocels-gtfih,REWRITE,,4.5-dosing-strip+4.7-translation,med,0-prelaunch-noGSC
/d/2738-stack-definitivo-para-optimizacion-cerebral-mi-propuesta-low-iq-gftih,REWRITE,,4.5-dosing-strip+4.7-translation,med,0-prelaunch-noGSC
/d/2740-guia-para-tener-alta-masa-osea,REWRITE,,4.5-DIY-reframe+4.7-translation,med,0-prelaunch-noGSC
/d/2755-estetica-dental-megahilo,REWRITE,,4.7-translation,high,0-prelaunch-noGSC
/d/2770-la-guia-completa-para-tenir-las-cejas,REWRITE,,4.7-translation,high,0-prelaunch-noGSC
/d/2775-aqualyx-para-mejillas-paso-a-paso,REWRITE,,4.5-dosing-strip+4.7-translation,med,0-prelaunch-noGSC
/d/2776-la-mejor-guia-de-esteroides-auxiliares-soporte-que-jamas-vas-a-ver,REWRITE,,4.5-dosing-strip+4.7-translation,med,0-prelaunch-noGSC
/d/2786-manifiesto-tinder-acuestate-con-un-match-garantizado,REWRITE,,4.7-translation,high,0-prelaunch-noGSC
/d/2807-el-acne-solo-tiene-1-solucion,REWRITE,,4.7-translation,high,0-prelaunch-noGSC
/d/2813-una-guia-superior-para-tu-primer-ciclo-de-esteroides-todo-lo-que-necesitas-saber-sobre-tu-primer-ciclo-e-la-percepcion-femenina-del-cuerpo-masculino,REWRITE,,4.5-dosing-strip+4.7-translation,med,0-prelaunch-noGSC
/d/2824-como-hacerle-faceappmaxx-a-tus-fotos-de-instagramtinderbumblehinge-sin-verte-demasiado-fraudeado-como-una-tipica-foid-gtfih-faceappcels,REWRITE,,4.7-translation,high,0-prelaunch-noGSC
/d/2832-como-hacer-gymmax-correctamente,REMOVE_URGENT,/t/looksmaxing,4.5-safety,high,0-prelaunch-noGSC
/d/2841-guia-para-mantener-tus-unas-frescas-mas-importante-de-lo-que-podrias-pensar,REWRITE,,4.7-translation,high,0-prelaunch-noGSC
/d/2858-mi-rutina-de-entrenamiento-del-tercio-inferior,REWRITE,,4.7-translation,high,0-prelaunch-noGSC
/d/2865-introduccion-a-los-aceites-esenciales,REWRITE,,4.5-dosing-strip+4.7-translation,med,0-prelaunch-noGSC
/d/2875-la-mejor-guia-de-masa-osea-para-cada-edad-2026-gtfih,REWRITE,,4.5-DIY-reframe+4.7-translation,med,0-prelaunch-noGSC
/d/2876-maximizando-la-simpatia-y-haciendo-amigos-el-arte-de-la-fachada,REWRITE,,4.7-translation,high,0-prelaunch-noGSC
/d/2880-el-cuidado-de-la-piel-es-mayormente-cope-guia-sobre-las-unicas-cosas-que-funcionan,REWRITE,,4.7-translation,high,0-prelaunch-noGSC
/d/2965-stack-de-heightmaxxing-algunos-consejos,REWRITE,,4.5-DIY-reframe+4.7-translation,med,0-prelaunch-noGSC
/d/2970-hilo-de-alto-esfuerzo-sobre-todo-lo-que-he-ascendido-y-mas-greyfags-vayan,REWRITE,,4.7-translation,high,0-prelaunch-noGSC
/d/3011-tips-para-aclarar-la-piel-legitimos,REWRITE,,4.5-DIY-reframe+4.7-translation,med,0-prelaunch-noGSC
/d/3048-halos-que-pueden-compensar-una-cara-sub-chadlite,REWRITE,,4.7-translation,high,0-prelaunch-noGSC
/d/3125-por-que-la-proteina-es-tan-critica-como-hgh-para-crecer-si-no-mas,REWRITE,,4.5-dosing-strip+4.7-translation,med,0-prelaunch-noGSC
/d/3131-deshacerse-de-la-ansiedad-socialtorpezaaspieness,REWRITE,,4.7-translation,high,0-prelaunch-noGSC
/d/3142-salvando-el-cabello-guia-completa-sobre-ru58841-minoxidil-dut-fin-y-otros-agentes,REWRITE,,4.5-dosing-strip+4.7-translation,med,0-prelaunch-noGSC
/d/3151-como-restaurar-tu-prepucio,REWRITE,,4.7-translation,high,0-prelaunch-noGSC
/d/3154-halos-y-failos,REWRITE,,4.7-translation,high,0-prelaunch-noGSC
/d/3158-lista-de-compras-de-looksmaxxing-para-navidad,REWRITE,,4.5-dosing-strip+4.7-translation,med,0-prelaunch-noGSC
/d/3169-mega-thread-perdida-de-cabello-y-el-enfoque-saludable-sin-anti-androgenos,REWRITE,,4.5-dosing-strip+4.7-translation,med,0-prelaunch-noGSC
/d/3170-rasgos-de-la-triada-oscura-que-necesitas-en-2020,REWRITE,,4.7-translation,high,0-prelaunch-noGSC
/d/3182-los-mejores-tenis-y-botas-para-heightmaxing-calzado-para-aumentar-la-estatura-y-hacer-height-frauding,REWRITE,,4.7-translation,high,0-prelaunch-noGSC
/d/3227-la-conexion-entre-los-androgenos-y-el-colageno,REWRITE,,4.7-translation,high,0-prelaunch-noGSC
/d/3248-como-y-por-que-el-gym-es-el-primer-looksmax-que-deberias-hacer-el-gymcelling-es-cope,REWRITE,,4.7-translation,high,0-prelaunch-noGSC
/d/3255-como-y-por-que-deberias-hacerle-gaslight-a-todos-los-que-conoces-en-la-vida-real,REWRITE,,4.7-translation,high,0-prelaunch-noGSC
/d/3274-unica-salvacion-para-facecels-con-base-osea-facial-mala-no-funcionara-en-manlets,REWRITE,,4.7-translation,high,0-prelaunch-noGSC
/d/3278-makeupmaxxing-parte-1-construyendo-una-buena-base,REWRITE,,4.5-DIY-reframe+4.7-translation,med,0-prelaunch-noGSC
/d/3313-base-de-datos-de-crecimiento-exitoso-con-peptidos,REWRITE,,4.5-dosing-strip+4.7-translation,med,0-prelaunch-noGSC
/d/3316-gymmax-solo-principiantes,REMOVE_URGENT,/t/looksmaxing,4.5-sourcing-controlled-substance,high,0-prelaunch-noGSC
/d/3319-la-guia-de-recrecimiento-de-cabello-sin-riesgos,REWRITE,,4.5-DIY-reframe+4.7-translation,med,0-prelaunch-noGSC
/d/3322-maxila-4-posiciones,REWRITE,,4.7-translation,high,0-prelaunch-noGSC
/d/3323-para-quien-empiece-la-uni-o-tome-nuevas-clases-con-gente-diferente-socialmax,REWRITE,,4.5-dosing-strip+4.7-translation,med,0-prelaunch-noGSC
/d/3334-es-ratioipdpfl-maxxing,REWRITE,,4.7-translation,high,0-prelaunch-noGSC
/d/3335-como-realmente-obtener-un-buen-tercio-inferior,REWRITE,,4.7-translation,high,0-prelaunch-noGSC
/d/3340-los-8-pilares-de-la-belleza,REWRITE,,4.5-dosing-strip+4.7-translation,med,0-prelaunch-noGSC
/d/3361-ratio-de-longitud-de-la-fisura-palpebral-respecto-al-ancho-facial-un-indicador-de-una-zona-ocular-armonica,REWRITE,,4.5-dosing-strip+4.7-translation,med,0-prelaunch-noGSC
/d/3366-la-guia-universal-de-looksmaxxing,REWRITE,,4.5-dosing-strip+4.7-translation,med,0-prelaunch-noGSC
/d/3369-como-hacerse-framemaxx,REWRITE,,4.5-dosing-strip+4.7-translation,med,0-prelaunch-noGSC
/d/3374-como-elegir-el-procedimiento-correcto-de-levantamiento-o-aumento-de-labios,REMOVE_URGENT,/t/hardmaxing,4.5-sourcing-controlled-substance,high,0-prelaunch-noGSC
/d/3377-curso-expres-quien-va-a-ascender-con-cirugia-ortognatica-y-quien-probablemente-no,REMOVE_URGENT,/t/hardmaxing,4.5-sourcing-controlled-substance,high,0-prelaunch-noGSC
/d/3426-high-quadrangular-lefort-1-imm-implants-lefort-3-megathread,REWRITE,,4.7-translation,high,0-prelaunch-noGSC
/d/3436-como-determinar-el-desarrollo-del-maxilar-por-la-sonrisa,REWRITE,,4.7-translation,high,0-prelaunch-noGSC
/d/3440-como-comer-correctamente-para-maximizar-el-potencial-de-looksmax,REWRITE,,4.7-translation,high,0-prelaunch-noGSC
/d/3449-como-tener-sexo,REWRITE,,4.7-translation,high,0-prelaunch-noGSC
/d/3454-chico-maxxing,REWRITE,,4.7-translation,high,0-prelaunch-noGSC
/d/3456-guia-basica-de-cirugia-de-mandibula-para-principiantes,REWRITE,,4.7-translation,high,0-prelaunch-noGSC
/d/3465-peptido-inductor-del-sueno-delta-dsip-como-aumentar-dramaticamente-tu-t-y-gh,REWRITE,,4.5-dosing-strip+4.7-translation,med,0-prelaunch-noGSC
/d/3485-la-rlt-terapia-de-luz-roja-es-tu-mejor-amiga-gtfih,REWRITE,,4.7-translation,high,0-prelaunch-noGSC
/d/3488-el-anzuelo-oxidado,REWRITE,,4.7-translation,high,0-prelaunch-noGSC
/d/3495-guia-completa-para-mejorar-tus-conexiones-sociales-maximizar-el-ligue-en-el-antro-mientras-estas-en-la-universidad-hilo-muy-largo,REWRITE,,4.5-dosing-strip+4.7-translation,med,0-prelaunch-noGSC
/d/3497-como-fraude-en-instagram-en-30-dias,REWRITE,,4.7-translation,high,0-prelaunch-noGSC
/d/3515-lista-no-exhaustiva-de-defectos-y-formas-de-arreglarlos,REWRITE,,4.7-translation,high,0-prelaunch-noGSC
/d/3525-como-arrasar-en-la-vida-social-16-18-anos,REWRITE,,4.5-dosing-strip+4.7-translation,med,0-prelaunch-noGSC
/d/3543-guia-de-skinmaxxing-al-maximo-historia-de-como-mejore-mi-piel-en-3-meses,REWRITE,,4.7-translation,high,0-prelaunch-noGSC
/d/3545-looksmaxxing-edicion-negra,REWRITE,,4.7-translation,high,0-prelaunch-noGSC
/d/3553-guia-lipoescultura-de-alta-definicion-cirugia-para-el-six-pack-y-eliminacion-permanente-de-grasa,REWRITE,,4.5-dosing-strip+4.7-translation,med,0-prelaunch-noGSC
/d/3600-voicecells-gtfih-metodo-acv,REWRITE,,4.5-dosing-strip+4.7-translation,med,0-prelaunch-noGSC
/d/3616-guia-de-mental-health-maxx,REWRITE,,4.5-dosing-strip+4.7-translation,med,0-prelaunch-noGSC
/d/3633-creacion-del-aparato-dowden-v1-jala-tu-maxilar-hacia-adelante,REMOVE_URGENT,/t/hardmaxing,4.5-sourcing-controlled-substance,high,0-prelaunch-noGSC
/d/3640-cosas-que-ya-deberias-estar-haciendo-como-looksmaxxer,REWRITE,,4.7-translation,high,0-prelaunch-noGSC
/d/3642-la-ciencia-detras-del-no-fap-megahilo,REMOVE_URGENT,/t/looksmaxing,4.5-sourcing-controlled-substance,high,0-prelaunch-noGSC
/d/3645-como-reducir-definitivamente-el-scleral-showaumentar-la-firmeza-del-parpado-inferior-sin-cirugia,REWRITE,,4.7-translation,high,0-prelaunch-noGSC
/d/3647-como-dormir-correctamente,REWRITE,,4.7-translation,high,0-prelaunch-noGSC
/d/3652-importancia-de-la-proyeccion-de-la-nariz-y-el-grosor-del-cuello-de-perfil-con-mis-propias-fotos,REWRITE,,4.7-translation,high,0-prelaunch-noGSC
/d/3659-niveles-de-looksmaxxing,REWRITE,,4.5-dosing-strip+4.7-translation,med,0-prelaunch-noGSC
/d/3681-como-hacer-instagramsnapchat-max,REWRITE,,4.7-translation,high,0-prelaunch-noGSC
/d/3686-delgado-pero-aun-hinchado-retienes-mucha-agua-gtfih,REWRITE,,4.5-dosing-strip+4.7-translation,med,0-prelaunch-noGSC
/d/3690-rasgos-masculinos-descritos-en-las-partes-de-la-cara,REWRITE,,4.7-translation,high,0-prelaunch-noGSC
/d/3715-como-saber-que-piensan-realmente-de-ti,REWRITE,,4.7-translation,high,0-prelaunch-noGSC
/d/3728-consejo-para-adelgazarse-con-esfuerzo-minimo,REWRITE,,4.5-dosing-strip+4.7-translation,med,0-prelaunch-noGSC
/d/3748-como-ser-un-macho-alfa-como-un-hombre-negro,REMOVE_URGENT,/t/looksmaxing,4.5-sourcing-controlled-substance,high,0-prelaunch-noGSC
/d/3749-gymcels-gtfih-entrenamiento-de-cuerpo-completo-en-casa-sin-equipo,REWRITE,,4.5-DIY-reframe+4.7-translation,med,0-prelaunch-noGSC
/d/3757-phenopill-nortico-atlantido,REMOVE_URGENT,/t/looksmaxing,4.5-sourcing-controlled-substance,high,0-prelaunch-noGSC
/d/3766-pasado-por-alto-pero-masivo-para-el-desarrollo,REWRITE,,4.5-dosing-strip+4.7-translation,med,0-prelaunch-noGSC
/d/3831-expansion-del-maxilarpaladar,REWRITE,,4.5-DIY-reframe+4.7-translation,med,0-prelaunch-noGSC
/d/3839-el-look-ardiente-y-como-lograrlo,REWRITE,,4.7-translation,high,0-prelaunch-noGSC
/d/3845-el-stack-definitivo-para-mejorar-tu-vida,REWRITE,,4.5-dosing-strip+4.7-translation,med,0-prelaunch-noGSC
/d/3858-dejando-las-adicciones-y-previniendo-la-resaca-con-n-acetilcisteina,REWRITE,,4.7-translation,high,0-prelaunch-noGSC
/d/3889-como-medir-un-maxilar-retraido,REWRITE,,4.7-translation,high,0-prelaunch-noGSC
/d/3908-como-convertirse-en-low-inhib,REWRITE,,4.7-translation,high,0-prelaunch-noGSC
/d/3919-happiness-maxxing,REWRITE,,4.7-translation,high,0-prelaunch-noGSC
/d/3921-ayuno-de-dopamina,REWRITE,,4.7-translation,high,0-prelaunch-noGSC
/d/3931-rutina-diaria-para-gente-que-se-siente-estancada-en-la-vida-post-largo,REWRITE,,4.7-translation,high,0-prelaunch-noGSC
/d/3940-la-forma-mas-precisa-de-medir-el-midface,REWRITE,,4.7-translation,high,0-prelaunch-noGSC
/d/3947-forma-sugerida-de-estandarizar-el-ratio-del-tercio-medio-facial-y-el-fwhr-y-herramienta-util-para-medirlos,REWRITE,,4.7-translation,high,0-prelaunch-noGSC
/d/3955-que-significa-la-sentiencia,REWRITE,,4.7-translation,high,0-prelaunch-noGSC
/d/3961-como-seleccionar-dioses-psl,REWRITE,,4.7-translation,high,0-prelaunch-noGSC
/d/3968-como-hacer-looksmaxx-siendo-hombre-asiatico,REWRITE,,4.5-dosing-strip+4.7-translation,med,0-prelaunch-noGSC
/d/3970-tabla-y-guia-de-estatura,REWRITE,,4.7-translation,high,0-prelaunch-noGSC
/d/3973-gtfih-forma-de-bajar-de-peso-mas-rapido-con-suplementos-orlistat-y-belviq-nunca-antes-presentado-en-psl,REWRITE,,4.5-dosing-strip+4.7-translation,med,0-prelaunch-noGSC
/d/3975-una-guia-realista-del-mewing-como-hacerlo-y-que-esperar,REWRITE,,4.7-translation,high,0-prelaunch-noGSC
/d/3977-como-ascender-el-fenotipo-pelirrojo-el-pelirrojo-es-la-mejor-base-para-el-looksmaxing-ascendi-exitosamente-a-chad-usando-estos-tips-mods-pin,REWRITE,,4.5-dosing-strip+4.7-translation,med,0-prelaunch-noGSC
/d/3980-la-formula-masculina,REWRITE,,4.7-translation,high,0-prelaunch-noGSC
/d/4014-la-mejor-y-unica-guia-de-skincare-que-jamas-necesitaras,REWRITE,,4.7-translation,high,0-prelaunch-noGSC
/d/4038-como-curar-la-depresion-expresion-1-video-y-tecnica-que-me-ha-ayudado-con-la-depresion-en-el-pasado,REWRITE,,4.7-translation,high,0-prelaunch-noGSC
/d/4053-ramadan-maxxing-como-bajar-de-peso-maximizar-tus-ganancias-y-minimizar-la-atrofia-en-el-mes-sagrado-muslimcels-gtfih,REWRITE,,4.5-dosing-strip+4.7-translation,med,0-prelaunch-noGSC
/d/4057-ponte-mamado-o-muere-mirin,REWRITE,,4.7-translation,high,0-prelaunch-noGSC
/d/4063-guia-definitiva-de-instagram-maxing,REWRITE,,4.7-translation,high,0-prelaunch-noGSC
/d/4073-estiramiento-de-pene-1-pulgada-de-ganancias,REWRITE,,4.7-translation,high,0-prelaunch-noGSC
/d/4075-mejores-cortesestilos-de-cabello-para-diferentes-tipos-de-caras,REWRITE,,4.7-translation,high,0-prelaunch-noGSC
/d/4081-tecnica-lifehack-facil-para-salir-de-la-cama-y-dejar-de-pudrirse,REWRITE,,4.7-translation,high,0-prelaunch-noGSC
/d/4082-guia-definitiva-para-el-cuidado-del-cabello-la-caida-del-cabello-y-la-prevencion-de-la-caida-del-cabello,REWRITE,,4.5-dosing-strip+4.7-translation,med,0-prelaunch-noGSC
/d/4087-como-tener-mejillas-hundidas-sin-cirugiatratamientos-poorcelsbloatcels-gtfih,REWRITE,,4.7-translation,high,0-prelaunch-noGSC
/d/4094-maxeo-de-atractivo-sexual-looksmaxxes-practicos,REWRITE,,4.7-translation,high,0-prelaunch-noGSC
/d/4115-como-mantener-a-una-chica-en-una-relacion-a-largo-plazo,REWRITE,,4.7-translation,high,0-prelaunch-noGSC
/d/4122-location-maxing-por-raza-gtfih,REWRITE,,4.7-translation,high,0-prelaunch-noGSC
/d/4150-el-mayor-quick-fix-para-looksmaxxing,REWRITE,,4.7-translation,high,0-prelaunch-noGSC
/d/4154-conoce-la-diferencia-entre-hunter-eyes-y-hooded-eyes,REWRITE,,4.7-translation,high,0-prelaunch-noGSC
/d/4164-prettyboymaxxing-softmaxxing,REWRITE,,4.5-DIY-reframe+4.7-translation,med,0-prelaunch-noGSC
/d/4168-la-unica-guia-para-la-ascension-quirurgica,REWRITE,,4.5-dosing-strip+4.7-translation,med,0-prelaunch-noGSC
/d/4197-estetica-anabolica,REWRITE,,4.5-dosing-strip+4.7-translation,med,0-prelaunch-noGSC
/d/4241-guia-definitiva-de-dieta-para-looksmaxxers-jovenes,REWRITE,,4.7-translation,high,0-prelaunch-noGSC
/d/4266-b-como-producir-mas-testosterona-y-hgh-de-forma-natural-b,REWRITE,,4.5-dosing-strip+4.7-translation,med,0-prelaunch-noGSC
/d/4267-guia-de-hairmaxxing-para-cabello-fino-y-grasoso,REWRITE,,4.5-dosing-strip+4.7-translation,med,0-prelaunch-noGSC
/d/4274-guia-de-skincare-economica-mas-eficiente,REWRITE,,4.7-translation,high,0-prelaunch-noGSC
/d/4288-deja-de-hacer-sentadillas-y-peso-muerto-una-guia-gymcel-para-la-estetica-corporal,REWRITE,,4.5-dosing-strip+4.7-translation,med,0-prelaunch-noGSC
/d/4299-como-deshacerte-de-los-puntos-negros,REWRITE,,4.5-dosing-strip+4.7-translation,med,0-prelaunch-noGSC
/d/4307-socialmaxxing-resumen-de-como-ganar-amigos-e-influir-sobre-las-personas,REWRITE,,4.7-translation,high,0-prelaunch-noGSC
/d/4317-sleepmaxxing,CONSOLIDATE,/d/18298-guia-de-sleepmaxxing,4.6-duplicate,high,0-prelaunch-noGSC
/d/4343-manlets-fracasos-entra-carajo,REWRITE,,4.7-translation,high,0-prelaunch-noGSC
/d/4374-como-hacer-un-aparato-de-facepulling-actualizado,REWRITE,,4.7-translation,high,0-prelaunch-noGSC
/d/4379-guia-de-vitamina-c,REWRITE,,4.5-dosing-strip+4.7-translation,med,0-prelaunch-noGSC
/d/4381-consejos-de-pubertymaxx,REWRITE,,4.5-dosing-strip+4.7-translation,med,0-prelaunch-noGSC
/d/4386-aumentar-la-testosterona-naturalmente,REWRITE,,4.5-dosing-strip+4.7-translation,med,0-prelaunch-noGSC
/d/4393-la-unica-guia-de-moda-que-jamas-necesitaras,REWRITE,,4.7-translation,high,0-prelaunch-noGSC
/d/4396-el-secreto-para-arrasar-es-combinar-la-pildora-roja-y-la-pildora-negra,REWRITE,,4.7-translation,high,0-prelaunch-noGSC
/d/4407-ghcels-metanse-aqui,REWRITE,,4.5-dosing-strip+4.7-translation,med,0-prelaunch-noGSC
/d/4410-psa-la-distorsion-de-lente-no-funciona-como-crees-que-funciona,REWRITE,,4.7-translation,high,0-prelaunch-noGSC
/d/4426-la-dieta-carnivora-la-blackpill-perdida,REMOVE_URGENT,/t/looksmaxing,4.5-sourcing-controlled-substance,high,0-prelaunch-noGSC
/d/4445-voicemaxxing,REWRITE,,4.7-translation,high,0-prelaunch-noGSC
/d/4447-como-deshacerte-del-cuerpo-skinny-fat-y-transformarte,REWRITE,,4.5-dosing-strip+4.7-translation,med,0-prelaunch-noGSC
/d/4480-formas-posibles-de-reparar-parcialmente-failos-irreparables,REWRITE,,4.7-translation,high,0-prelaunch-noGSC
/d/4486-la-guia-definitiva-para-bajar-de-peso,REWRITE,,4.7-translation,high,0-prelaunch-noGSC
/d/4500-como-determinar-si-tienes-aplanamiento-paranasal-hundimiento-paranasal,REWRITE,,4.7-translation,high,0-prelaunch-noGSC
/d/4504-beardmaxing-guia-de-mandibula-y-barba,REWRITE,,4.7-translation,high,0-prelaunch-noGSC
/d/4540-lee-esto-antes-de-hacer-looksmaxing,REWRITE,,4.7-translation,high,0-prelaunch-noGSC
/d/4550-guia-de-frame-maxxing,REWRITE,,4.7-translation,high,0-prelaunch-noGSC
/d/4568-la-guia-de-nichos-de-papabakvet,REWRITE,,4.7-translation,high,0-prelaunch-noGSC
/d/4588-megathread-de-tmd,REWRITE,,4.5-dosing-strip+4.7-translation,med,0-prelaunch-noGSC
/d/4593-guia-de-thugmaxxing,REWRITE,,4.7-translation,high,0-prelaunch-noGSC
/d/4601-el-deporte-amateur-mas-eficiente-para-ligar-irl,REWRITE,,4.5-dosing-strip+4.7-translation,med,0-prelaunch-noGSC
/d/4614-psa-los-tratamientos-ortodoncicos-no-son-tan-malos,REWRITE,,4.7-translation,high,0-prelaunch-noGSC
/d/4620-el-puntaje-de-atractivo-en-la-vida-real,REWRITE,,4.7-translation,high,0-prelaunch-noGSC
/d/4621-como-hacer-un-extensor-estilo-phallosan-forte-por-110-del-precio,REWRITE,,4.7-translation,high,0-prelaunch-noGSC
/d/4644-la-guia-definitiva-de-eboymaxxing,REWRITE,,4.7-translation,high,0-prelaunch-noGSC
/d/4651-todo-lo-que-necesitas-saber-sobre-la-caida-del-cabello-esta-en-este-hilo,REWRITE,,4.5-dosing-strip+4.7-translation,med,0-prelaunch-noGSC
/d/4681-como-triunfar-en-las-citas-en-linea-y-tinder,REWRITE,,4.7-translation,high,0-prelaunch-noGSC
/d/4692-gestion-del-tiempologra-tus-metas-mas-rapido,REWRITE,,4.7-translation,high,0-prelaunch-noGSC
/d/4695-anavar-copia-y-pega-de-steroidcom,REWRITE,,4.5-dosing-strip+4.7-translation,med,0-prelaunch-noGSC
/d/4702-como-mentir-efectivamente-y-conseguir-lo-que-quieres,REWRITE,,4.7-translation,high,0-prelaunch-noGSC
/d/4720-mata-tu-ansiedad-social-guia-completa-parte-0-aprendiendo-a-gatear,REWRITE,,4.7-translation,high,0-prelaunch-noGSC
/d/4723-como-lograr-una-cara-dismorfica,REMOVE_URGENT,/t/looksmaxing,4.5-sourcing-controlled-substance,high,0-prelaunch-noGSC
/d/4738-guia-completa-de-como-ascender-por-caracteristica-facial-individual,REWRITE,,4.7-translation,high,0-prelaunch-noGSC
/d/4739-la-guia-definitiva-para-un-pene-saludable-y-duro-gtfih,REWRITE,,4.5-dosing-strip+4.7-translation,med,0-prelaunch-noGSC
/d/4749-la-guia-definitiva-de-hipertrofia-gymmaxxing,REWRITE,,4.5-dosing-strip+4.7-translation,med,0-prelaunch-noGSC
/d/4750-como-arrasar-en-tinder,REWRITE,,4.7-translation,high,0-prelaunch-noGSC
/d/4757-masticacion-efectiva,REWRITE,,4.7-translation,high,0-prelaunch-noGSC
/d/4760-mejor-vello-facial-para-cada-tipo-de-mandibula,REWRITE,,4.7-translation,high,0-prelaunch-noGSC
/d/4776-formas-legitimas-de-aumentar-los-niveles-de-testosterona-naturalmente,REWRITE,,4.5-dosing-strip+4.7-translation,med,0-prelaunch-noGSC
/d/4787-colagenocrecimiento-de-cabelloojeras-con-peptidos-gtfih,REWRITE,,4.7-translation,high,0-prelaunch-noGSC
/d/4817-la-guia-definitiva-del-cuidado-de-la-piel,REWRITE,,4.7-translation,high,0-prelaunch-noGSC
/d/4819-como-aumentar-el-grosor-del-pene,REWRITE,,4.5-dosing-strip+4.7-translation,med,0-prelaunch-noGSC
/d/4822-calisthenicsmaxx-es-mejor-que-gymaxx,REWRITE,,4.7-translation,high,0-prelaunch-noGSC
/d/4826-guia-de-barrett-fringe-maxxing-corte-de-pelo-tier-dios-usuario-barrettmaxxeado-insano,REWRITE,,4.7-translation,high,0-prelaunch-noGSC
/d/4851-el-futuro-es-brillante-guia-para-la-futura-ascension-brutal-de-un-chavo-de-16-anos,REWRITE,,4.7-translation,high,0-prelaunch-noGSC
/d/4868-whitemaxxing-una-guia-para-etnicos-para-verte-mas-caucasico,REWRITE,,4.7-translation,high,0-prelaunch-noGSC
/d/4869-guia-de-fraude-de-altura-zapatos-y-elevadores,REWRITE,,4.7-translation,high,0-prelaunch-noGSC
/d/4871-fashion-maxxing-esenciales-de-verano,REWRITE,,4.7-translation,high,0-prelaunch-noGSC
/d/4873-testosterone-maxxing-aumentar-la-testosterona-naturalmente,REWRITE,,4.5-dosing-strip+4.7-translation,med,0-prelaunch-noGSC
/d/4878-megahilo-de-penis-maxxing,REWRITE,,4.7-translation,high,0-prelaunch-noGSC
/d/4879-immunity-maxxing-como-mejorar-tu-inmunidad-y-convertirte-en-un-superhombre,REMOVE_URGENT,/t/looksmaxing,4.5-sourcing-controlled-substance,high,0-prelaunch-noGSC
/d/4880-bimax-y-el-problema-del-tercio-medio,REWRITE,,4.7-translation,high,0-prelaunch-noGSC
/d/4881-carreras-para-moneymaxxing,REWRITE,,4.7-translation,high,0-prelaunch-noGSC
/d/4894-looksmaxxing-social-y-looksmaxxing-de-amigos,REWRITE,,4.7-translation,high,0-prelaunch-noGSC
/d/4896-la-unica-forma-correcta-de-medir-tu-ipd,REWRITE,,4.5-DIY-reframe+4.7-translation,med,0-prelaunch-noGSC
/d/4908-como-estoy-ascendiendo-a-la-chadhood-guia-simple-parte-1,REWRITE,,4.7-translation,high,0-prelaunch-noGSC
/d/4941-ayuno-de-agua-la-forma-mas-rapida-de-perder-peso,REWRITE,,4.7-translation,high,0-prelaunch-noGSC
/d/4945-como-ser-un-hombre-atractivo-en-12-formas,REWRITE,,4.7-translation,high,0-prelaunch-noGSC
/d/4949-protocolo-de-bewusst-contra-la-caida-del-cabello-dosis-e-instrucciones-detalladas,REWRITE,,4.5-dosing-strip+4.7-translation,med,0-prelaunch-noGSC
/d/4950-aumento-facil-de-005-01psl-ojicels-de-cafe-oscuro-entren-aqui-a-la-verga,REMOVE_URGENT,/t/softmaxing,4.5-sourcing-controlled-substance,high,0-prelaunch-noGSC
/d/4960-llevo-usando-esta-tecnica-rara,REWRITE,,4.7-translation,high,0-prelaunch-noGSC
/d/4974-actualizacion-de-informacion-mse,REWRITE,,4.7-translation,high,0-prelaunch-noGSC
/d/4978-como-ascender-si-tienes-una-mandibula-debil,REWRITE,,4.7-translation,high,0-prelaunch-noGSC
/d/4982-guia-de-yubomaxxing-youngcels-entren-aqui,REWRITE,,4.7-translation,high,0-prelaunch-noGSC
/d/4983-guia-de-calisthenicsmaxxing-todo-lo-que-necesitas-para-construir-un-buen-cuerpo,REWRITE,,4.7-translation,high,0-prelaunch-noGSC
/d/4989-guia-completa-del-maxilardescubre-si-estas-recesivo-o-no-con-estos-testseres-un-maxillacel,REWRITE,,4.7-translation,high,0-prelaunch-noGSC
/d/5012-como-saber-si-vas-a-envejecer-bien,REWRITE,,4.5-dosing-strip+4.7-translation,med,0-prelaunch-noGSC
/d/5047-guia-nt,REMOVE_URGENT,/t/looksmaxing,4.5-safety,high,0-prelaunch-noGSC
/d/5054-la-mejor-guia-de-mewing-del-mundo,REWRITE,,4.7-translation,high,0-prelaunch-noGSC
/d/5061-como-mejorar-tu-piel,REWRITE,,4.5-dosing-strip+4.7-translation,med,0-prelaunch-noGSC
/d/5087-como-arregle-mi-sobremordida-sin-brackets-ni-cirugia-ortognatica-copers-de-mewing-y-masticacion-gtfih,REWRITE,,4.7-translation,high,0-prelaunch-noGSC
/d/5101-riesgorecompensa-de-las-cirugias-de-looksmax-masculinas-mas-importantes,REWRITE,,4.7-translation,high,0-prelaunch-noGSC
/d/5102-guia-de-como-fraudear-hasta-4-5-pulgadas-de-estatura-sin-que-se-note,REWRITE,,4.5-dosing-strip+4.7-translation,med,0-prelaunch-noGSC
/d/5105-pretty-boy-maxxing-guia-oficial,REWRITE,,4.5-dosing-strip+4.7-translation,med,0-prelaunch-noGSC
/d/5106-drogas-sociales-comportamiento-social-aumentado,REWRITE,,4.7-translation,high,0-prelaunch-noGSC
/d/5107-guia-de-height-frauding,REWRITE,,4.7-translation,high,0-prelaunch-noGSC
/d/5113-skinmax-muy-facil-y-barato,REWRITE,,4.5-DIY-reframe+4.7-translation,med,0-prelaunch-noGSC
/d/5119-guia-para-engrosar-la-voz,REWRITE,,4.5-dosing-strip+4.7-translation,med,0-prelaunch-noGSC
/d/5145-stack-de-heightmaxing-closedplatecels-gtfih,REMOVE_URGENT,/t/looksmaxing,4.5-sourcing-controlled-substance,high,0-prelaunch-noGSC
/d/5156-la-guia-definitiva-de-skincare,REWRITE,,4.5-DIY-reframe+4.7-translation,med,0-prelaunch-noGSC
/d/5163-fuma-hierba-para-low-inhib,REWRITE,,4.7-translation,high,0-prelaunch-noGSC
/d/5175-dientes-blancos-de-tiktok-por-4,REMOVE_URGENT,/t/softmaxing,4.5-safety,high,0-prelaunch-noGSC
/d/5178-mi-punto-de-vista-sobre-como-entender-el-fenotipo-cual-eres,REWRITE,,4.7-translation,high,0-prelaunch-noGSC
/d/5225-lista-de-comida-de-chad,REMOVE_URGENT,/t/looksmaxing,4.5-sourcing-controlled-substance,high,0-prelaunch-noGSC
/d/5234-como-cambiar-la-ubicacion-en-tinder-gratis-high-iq,REWRITE,,4.7-translation,high,0-prelaunch-noGSC
/d/5251-dispositivos-de-microagujas-no-pagues-de-mas,REWRITE,,4.5-dosing-strip+4.7-translation,med,0-prelaunch-noGSC
/d/5275-guia-definitiva-de-heightmax-barato,REMOVE_URGENT,/t/looksmaxing,4.5-sourcing-controlled-substance,high,0-prelaunch-noGSC
/d/5338-los-8-mejores-ejercicios-con-peso-corporal-para-construir-musculo-y-perder-grasa,REWRITE,,4.7-translation,high,0-prelaunch-noGSC
/d/5358-guia-para-manos-mas-varoniles,REWRITE,,4.7-translation,high,0-prelaunch-noGSC
/d/5365-halo-de-pestanas-y-cejas,REWRITE,,4.7-translation,high,0-prelaunch-noGSC
/d/5423-maximizacion-de-cejas-pestanas,REWRITE,,4.7-translation,high,0-prelaunch-noGSC
/d/5478-megahilo-de-suplementos,REWRITE,,4.5-dosing-strip+4.7-translation,med,0-prelaunch-noGSC
/d/5487-maxing-de-te-verde,REMOVE_URGENT,/t/looksmaxing,4.5-sourcing-controlled-substance,high,0-prelaunch-noGSC
/d/5490-nichemaxxing-una-victoria-facil,REWRITE,,4.7-translation,high,0-prelaunch-noGSC
/d/5502-guia-nt-fundamentos,REMOVE_URGENT,/t/looksmaxing,4.5-safety,high,0-prelaunch-noGSC
/d/5504-lista-de-todos-los-quimicos-peligrosos-detox,REWRITE,,4.5-dosing-strip+4.7-translation,med,0-prelaunch-noGSC
/d/5510-guia-de-sintomas-de-adhd-y-medicamentos-para-adhd-clasificados-hilo-largo,REWRITE,,4.7-translation,high,0-prelaunch-noGSC
/d/5530-como-elegir-una-carrera,REWRITE,,4.7-translation,high,0-prelaunch-noGSC
/d/5547-articulo-de-foid-sobre-midface-jfl,REWRITE,,4.7-translation,high,0-prelaunch-noGSC
/d/5570-guia-del-bdsm-maxxing,REWRITE,,4.7-translation,high,0-prelaunch-noGSC
/d/5583-pase-un-dia-laboral-con-el-ceo-de-una-aseguradora-multinacional-estos-son-los-tips-que-me-dio-para-llegar-a-la-cima-gtfih,REWRITE,,4.7-translation,high,0-prelaunch-noGSC
/d/5598-microneedling-para-la-caida-del-cabello,REMOVE_URGENT,/t/softmaxing,4.5-sourcing-controlled-substance,high,0-prelaunch-noGSC
/d/5600-como-descubrir-si-eres-un-subhumano-deformado-y-encontrar-tus-defectos-en-10-seg,REWRITE,,4.7-translation,high,0-prelaunch-noGSC
/d/5603-guia-de-sleepritmo-circadiano-maxing,REWRITE,,4.7-translation,high,0-prelaunch-noGSC
/d/5612-un-punado-de-trucos-anecdoticos-para-alto-t,REWRITE,,4.5-dosing-strip+4.7-translation,med,0-prelaunch-noGSC
/d/5618-el-espaciado-ideal-de-ojos-es-la-parte-mas-importante-de-una-cara-atractiva-y-el-mal-espaciado-de-ojos-la-mayor-razon-para-ser-truecel-como-identificarlo-y-arreglarlo,REWRITE,,4.7-translation,high,0-prelaunch-noGSC
/d/5629-la-leccion-y-looksmax-mas-importante-de-esta-pagina-nunca-te-quedes-calvo-estudio-de-caso-del-hombre-promedio-y-por-que-la-mayoria-de-los-normies-no-actuan-ni-siquiera-hoy,REMOVE_URGENT,/t/softmaxing,4.5-safety,high,0-prelaunch-noGSC
/d/5641-como-dejar-de-hacerte-la-chaquetahacertela-menos-seguido-facil-y-basado-en-experiencia-personal,REWRITE,,4.7-translation,high,0-prelaunch-noGSC
/d/5695-la-razon-por-la-que-probablemente-no-vas-a-tener-exito-y-que-hacer-al-respecto,REWRITE,,4.5-DIY-reframe+4.7-translation,med,0-prelaunch-noGSC
/d/5702-guia-para-calcular-la-estatura-adulta-youngcels-gtfih,REWRITE,,4.7-translation,high,0-prelaunch-noGSC
/d/5716-todos-los-metodos-de-heightmaxxing-para-quienes-tienen-las-placas-de-crecimiento-cerradas-avisenme-si-me-falta-algo,REWRITE,,4.7-translation,high,0-prelaunch-noGSC
/d/5726-cual-es-tu-longitud-midface-una-forma-de-medir,REWRITE,,4.7-translation,high,0-prelaunch-noGSC
/d/5732-como-crecer-biceps-sin-pesas-libres-101,REWRITE,,4.7-translation,high,0-prelaunch-noGSC
/d/5751-todos-los-looksmaxxes-en-orden-de-magnitud,REWRITE,,4.7-translation,high,0-prelaunch-noGSC
/d/5766-mirando-la-paredmaxxing,REWRITE,,4.7-translation,high,0-prelaunch-noGSC
/d/5773-guia-de-testosterona,REMOVE_URGENT,/t/anabolicos,4.5-sourcing-controlled-substance,high,0-prelaunch-noGSC
/d/5784-guia-simple-de-betacaroteno,REWRITE,,4.7-translation,high,0-prelaunch-noGSC
/d/5785-una-lista-de-precios-de-alargamiento-de-piernas-y-posibles-resultados,REWRITE,,4.7-translation,high,0-prelaunch-noGSC
/d/5811-todo-lo-que-siempre-necesitabas-saber-sobre-looksmax,REMOVE_URGENT,/t/looksmaxing,4.5-sourcing-controlled-substance,high,0-prelaunch-noGSC
/d/5823-chart-de-looksmaxxing-11-actualizado-alto-esfuerzo,REWRITE,,4.7-translation,high,0-prelaunch-noGSC
/d/5836-guia-definitiva-desapego-del-resultado,REWRITE,,4.7-translation,high,0-prelaunch-noGSC
/d/5839-guia-de-bonesmash-en-progreso,REWRITE,,4.5-DIY-reframe+4.7-translation,med,0-prelaunch-noGSC
/d/5857-como-agregar-1-a-tu-pene-en-6-meses,REWRITE,,4.7-translation,high,0-prelaunch-noGSC
/d/5871-como-mejorar-la-proporcion-del-midface,REWRITE,,4.7-translation,high,0-prelaunch-noGSC
/d/5872-guia-de-altura-masculina-usa,REWRITE,,4.7-translation,high,0-prelaunch-noGSC
/d/5875-reglas-para-hablar-sobre-blackpill-ntmax,REWRITE,,4.7-translation,high,0-prelaunch-noGSC
/d/5879-la-guia-resumen-de-hormonas-como-mejorar-tu-t-dht-bajar-la-prolactina-y-aromatizar-la-e,REWRITE,,4.5-dosing-strip+4.7-translation,med,0-prelaunch-noGSC
/d/5891-la-guia-resumen-de-revertir-el-envejecimiento-colageno-estilo-de-vida-y-gran-bonus,REWRITE,,4.5-dosing-strip+4.7-translation,med,0-prelaunch-noGSC
/d/5908-deepvoicepill-como-conseguir-una-voz-mas-grave,REWRITE,,4.7-translation,high,0-prelaunch-noGSC
/d/5909-como-realmente-crecer-mas-alto,REMOVE_URGENT,/t/looksmaxing,4.5-sourcing-controlled-substance,high,0-prelaunch-noGSC
/d/5928-como-besar-a-4-truecels-metodo-wenis-y-wagina,REWRITE,,4.7-translation,high,0-prelaunch-noGSC
/d/5956-guia-para-pestanas-sexys-para-hombres,REWRITE,,4.7-translation,high,0-prelaunch-noGSC
/d/5978-zygos-superiores-altos-y-bajos-en-vista-de-34,REWRITE,,4.7-translation,high,0-prelaunch-noGSC
/d/5980-gtfih-gente-con-piel-de-mierda-ya-es-hora-de-que-aprendas-la-verdad-y-dejes-de-perder-tiempo-el-hilo-de-skincare-definitivo-mas-una-droga-prometedora,REWRITE,,4.7-translation,high,0-prelaunch-noGSC
/d/5992-todo-importa-bro-puesto-a-prueba-una-guia-de-como-determinar-matematicamente-que-rasgos-importan-mas-en-distintos-niveles-de-atractivo,REWRITE,,4.7-translation,high,0-prelaunch-noGSC
/d/6000-guia-de-hexarelina,REWRITE,,4.5-dosing-strip+4.7-translation,med,0-prelaunch-noGSC
/d/6013-como-ser-chad,REWRITE,,4.7-translation,high,0-prelaunch-noGSC
/d/6020-ntmaxxing-para-tontos,REWRITE,,4.7-translation,high,0-prelaunch-noGSC
/d/6041-proporciones-corporales-ideales,REMOVE_URGENT,/t/looksmaxing,4.5-sourcing-controlled-substance,high,0-prelaunch-noGSC
/d/6055-como-interactuar-con-las-mujeres,REWRITE,,4.5-dosing-strip+4.7-translation,med,0-prelaunch-noGSC
/d/6060-pe-meditacion-ahorra-tiempo,REWRITE,,4.7-translation,high,0-prelaunch-noGSC
/d/6073-efectos-de-la-proyeccion-y-la-recesion-facial-en-la-vista-frontal-la-pildora-de-la-masculinidad,REWRITE,,4.7-translation,high,0-prelaunch-noGSC
/d/6092-guia-completa-de-socialmaxxing,REWRITE,,4.7-translation,high,0-prelaunch-noGSC
/d/6109-guia-definitiva-de-skinmax-2021,REWRITE,,4.7-translation,high,0-prelaunch-noGSC
/d/6120-mk-677-vs-hgh,REMOVE_URGENT,/t/anabolicos,4.5-sourcing-controlled-substance,high,0-prelaunch-noGSC
/d/6122-mi-guia-tasa-de-exito-1001,REWRITE,,4.7-translation,high,0-prelaunch-noGSC
/d/6125-la-guia-completa-oficial-para-hacer-american-psycho-maxing-legitima,REWRITE,,4.5-DIY-reframe+4.7-translation,med,0-prelaunch-noGSC
/d/6161-guia-de-softmaxxing-de-ano-nuevo-para-principiantes,REWRITE,,4.7-translation,high,0-prelaunch-noGSC
/d/6163-8-senales-de-que-una-chica-quiere-que-te-le-acerques,REWRITE,,4.7-translation,high,0-prelaunch-noGSC
/d/6168-como-superar-tu-oneitis-y-nunca-contraer-esta-maldita-enfermedad,REWRITE,,4.5-dosing-strip+4.7-translation,med,0-prelaunch-noGSC
/d/6200-compilacion-de-disruptores-endocrinos,REWRITE,,4.7-translation,high,0-prelaunch-noGSC
/d/6202-fashionmax-potencia-tu-apariencia,REWRITE,,4.7-translation,high,0-prelaunch-noGSC
/d/6228-conoce-tu-cerebro-y-por-que-los-neurotransmisores-lo-son-todo,REWRITE,,4.7-translation,high,0-prelaunch-noGSC
/d/6241-guia-de-vitamina-c-collagenmaxxing-guia-de-suplementos-y-serum-facial,REMOVE_URGENT,/t/softmaxing,4.5-sourcing-controlled-substance,high,0-prelaunch-noGSC
/d/6249-la-guia-de-esteroides-preguntas-y-respuestas,REWRITE,,4.5-dosing-strip+4.7-translation,med,0-prelaunch-noGSC
/d/6263-leer-esta-subestimado,REWRITE,,4.7-translation,high,0-prelaunch-noGSC
/d/6276-caras-promedio-en-la-vida-real-altura-y-criterios-de-atractivo-para-personas-que-no-salen,REWRITE,,4.7-translation,high,0-prelaunch-noGSC
/d/6281-lo-que-tu-peinado-dice-de-ti,REWRITE,,4.7-translation,high,0-prelaunch-noGSC
/d/6300-que-es-la-adiccion-por-que-podrias-ser-un-adicto-y-como-puedes-solucionarlo-largo,REMOVE_URGENT,/t/looksmaxing,4.5-sourcing-controlled-substance,high,0-prelaunch-noGSC
/d/6320-la-mayoria-aqui-no-sabe-que-es-la-recesion,REWRITE,,4.7-translation,high,0-prelaunch-noGSC
/d/6325-como-funcionan-los-requisitos-de-altura-ancho-de-hombros-y-cara-en-el-mercado-sexual,REWRITE,,4.7-translation,high,0-prelaunch-noGSC
/d/6338-piel-lograr-un-hermoso-color-de-piel-con-cambios-en-la-dieta,REWRITE,,4.7-translation,high,0-prelaunch-noGSC
/d/6341-la-forma-mas-facil-de-llegar-al-8-de-grasa-corporal,REMOVE_URGENT,/t/looksmaxing,4.5-safety,high,0-prelaunch-noGSC
/d/6342-la-mejor-comida-deliciosa-para-perdida-de-grasa,REWRITE,,4.5-DIY-reframe+4.7-translation,med,0-prelaunch-noGSC
/d/6352-caracteristica-mas-rara-en-forma-de-ojos,REWRITE,,4.7-translation,high,0-prelaunch-noGSC
/d/6368-diferencias-entre-los-trasplantes-de-pelo-fue-y-fut,REWRITE,,4.7-translation,high,0-prelaunch-noGSC
/d/6371-como-encontrar-tu-nicho-en-la-masculinidad,REWRITE,,4.7-translation,high,0-prelaunch-noGSC
/d/6376-los-musculos-mas-importantes-para-la-apariencia,REWRITE,,4.7-translation,high,0-prelaunch-noGSC
/d/6388-fragrancemaxxing,REWRITE,,4.5-dosing-strip+4.7-translation,med,0-prelaunch-noGSC
/d/6390-guia-de-diferentes-tipos-de-rasgos-desde-el-frente-parte-uno-por-el-limite-de-adjuntos-del-sitio,REWRITE,,4.5-DIY-reframe+4.7-translation,med,0-prelaunch-noGSC
/d/6393-algunos-consejos-rapidos-de-moda,REWRITE,,4.7-translation,high,0-prelaunch-noGSC
/d/6395-collagenmaxxing-101-para-principiantes-lo-basico,REMOVE_URGENT,/t/softmaxing,4.5-sourcing-controlled-substance,high,0-prelaunch-noGSC
/d/6408-guia-definitiva-sobre-sam-e-testosterona-higado-estatura-depresion,REWRITE,,4.5-dosing-strip+4.7-translation,med,0-prelaunch-noGSC
/d/6410-guia-nt-mi-primer-post-serio-entra-para-ascender-gtfih-no-es-el-fin,REWRITE,,4.7-translation,high,0-prelaunch-noGSC
/d/6414-como-quitar-la-hinchazon-del-rostro-funciona-100-de-las-veces,REWRITE,,4.5-dosing-strip+4.7-translation,med,0-prelaunch-noGSC
/d/6415-guia-de-maxxing-de-ojeras,REMOVE_URGENT,/t/softmaxing,4.5-sourcing-controlled-substance,high,0-prelaunch-noGSC
/d/6427-como-el-hueso-hioides-te-hace-chad-o-subhumano,REMOVE_URGENT,/t/hardmaxing,4.5-sourcing-controlled-substance,high,0-prelaunch-noGSC
/d/6437-concepto-erroneo-sobre-el-plano-de-frankfurt,REWRITE,,4.7-translation,high,0-prelaunch-noGSC
/d/6484-la-verdadera-razon-por-la-que-un-maxilar-adelantado-te-hace-atractivo-no-es-la-que-crees,REWRITE,,4.7-translation,high,0-prelaunch-noGSC
/d/6513-elementos-de-una-buena-voz-el-tono-esta-sobrevalorado,REWRITE,,4.7-translation,high,0-prelaunch-noGSC
/d/6520-todo-lo-que-necesitas-para-looksmaxxing-guia-de-julien,REWRITE,,4.5-dosing-strip+4.7-translation,med,0-prelaunch-noGSC
/d/6521-guia-de-studymaxxing,REWRITE,,4.7-translation,high,0-prelaunch-noGSC
/d/6524-gigathread-fenotipos-mogger,REWRITE,,4.7-translation,high,0-prelaunch-noGSC
/d/6525-megahilo-de-kratom-copypasta-pero-util-como-la-verga-gtfih,REWRITE,,4.7-translation,high,0-prelaunch-noGSC
/d/6534-como-fraudmaxxear-guia-post-de-alto-esfuerzo,REWRITE,,4.7-translation,high,0-prelaunch-noGSC
/d/6537-guia-basica-para-cabello-rizado-caucasico,REWRITE,,4.7-translation,high,0-prelaunch-noGSC
/d/6563-como-arreglar-upper-eyelid-expose-sin-cirugia-uee,REWRITE,,4.7-translation,high,0-prelaunch-noGSC
/d/6569-la-importancia-de-la-altura-del-cabello,REWRITE,,4.7-translation,high,0-prelaunch-noGSC
/d/6580-como-pensar-correctamente-guia-s,REWRITE,,4.7-translation,high,0-prelaunch-noGSC
/d/6600-guia-completa-y-detallada-sobre-por-que-y-como-hacer-leanmaxxing,REWRITE,,4.7-translation,high,0-prelaunch-noGSC
/d/6651-drivermaxxing-integral,REWRITE,,4.7-translation,high,0-prelaunch-noGSC
/d/6656-solo-lee-un-puto-libro,REWRITE,,4.7-translation,high,0-prelaunch-noGSC
/d/6659-como-fraudear-un-buen-frame,REWRITE,,4.5-dosing-strip+4.7-translation,med,0-prelaunch-noGSC
/d/6662-hombros-anchos-cintura-pequena-forma-de-v-metodos-de-fraude,REWRITE,,4.5-dosing-strip+4.7-translation,med,0-prelaunch-noGSC
/d/6667-como-ver-imagenes-claras-en-tu-ojo-mental,REWRITE,,4.7-translation,high,0-prelaunch-noGSC
/d/6672-suenos-lucidos,REWRITE,,4.5-dosing-strip+4.7-translation,med,0-prelaunch-noGSC
/d/6676-meditacion,REWRITE,,4.7-translation,high,0-prelaunch-noGSC
/d/6687-memorizar-grandes-cantidades-de-informacion,REWRITE,,4.7-translation,high,0-prelaunch-noGSC
/d/6692-forma-facil-de-obtener-tus-micronutrientes-util-para-skinmaxx-y-leanmaxx,REWRITE,,4.5-dosing-strip+4.7-translation,med,0-prelaunch-noGSC
/d/6695-como-bloquear-el-porno-de-tu-vida-coomers-gtfih-hilo-de-alto-esfuerzo,REWRITE,,4.7-translation,high,0-prelaunch-noGSC
/d/6697-guia-completa-para-pensar-megaguia,REWRITE,,4.7-translation,high,0-prelaunch-noGSC
/d/6698-bonesmashing-para-aumento-de-estatura,REWRITE,,4.5-DIY-reframe+4.7-translation,med,0-prelaunch-noGSC
/d/6706-guia-completa-de-fraude-fotografico,REWRITE,,4.7-translation,high,0-prelaunch-noGSC
/d/6729-habilidades-sociales-parte-2-lenguaje-corporal,REWRITE,,4.7-translation,high,0-prelaunch-noGSC
/d/6735-mega-guia-habilidades-sociales,REWRITE,,4.7-translation,high,0-prelaunch-noGSC
/d/6745-guia-de-pelea-de-selinity,REMOVE_URGENT,/t/looksmaxing,4.5-sourcing-controlled-substance,high,0-prelaunch-noGSC
/d/6749-rescatando-al-soldado-native-guia-de-etapas-tempranas-de-caida-de-pelo,REWRITE,,4.5-dosing-strip+4.7-translation,med,0-prelaunch-noGSC
/d/6750-como-construir-un-workflow,REWRITE,,4.7-translation,high,0-prelaunch-noGSC
/d/6760-super-mega-guia-te-cambia-la-vida,REWRITE,,4.7-translation,high,0-prelaunch-noGSC
/d/6777-demasiada-gente-esta-entrecerrando-los-ojos-mal-squintmaxxers-venganse-para-aca,REWRITE,,4.7-translation,high,0-prelaunch-noGSC
/d/6781-esteroides-la-guia-completa,REWRITE,,4.5-dosing-strip+4.7-translation,med,0-prelaunch-noGSC
/d/6787-reduccion-del-lobulo-de-la-oreja-como-forma-de-mejorar-opticamente-el-ramusjawline,REWRITE,,4.7-translation,high,0-prelaunch-noGSC
/d/6814-la-guia-de-zeroshame-sobre-el-aceite-de-coco-para-la-calidad-del-cabello,REWRITE,,4.7-translation,high,0-prelaunch-noGSC
/d/6824-lista-de-caracteristicas-que-hacen-a-un-buen-peleador,REWRITE,,4.7-translation,high,0-prelaunch-noGSC
/d/6826-version-mejorada-titmaxxing-y-milkmaxxing-a-tu-novia,REWRITE,,4.5-dosing-strip+4.7-translation,med,0-prelaunch-noGSC
/d/6865-estrategia-poco-convencional-para-maximizar-la-felicidad-en-la-vida-para-truecels-totales-alejate-de-este-hilo-si-quieres-seguir-copeando,REWRITE,,4.7-translation,high,0-prelaunch-noGSC
/d/6881-traduciendo-lo-que-la-gente-realmente-quiere-decir,REWRITE,,4.7-translation,high,0-prelaunch-noGSC
/d/6887-por-que-deberias-irte-por-las-chavas-chaparras-averageheightcels-entren-aqui,REWRITE,,4.7-translation,high,0-prelaunch-noGSC
/d/6898-guia-completa-de-minoxidil-para-el-crecimiento-del-cabello,REMOVE_URGENT,/t/softmaxing,4.5-sourcing-controlled-substance,high,0-prelaunch-noGSC
/d/6911-determina-tu-forma-de-cara,REWRITE,,4.7-translation,high,0-prelaunch-noGSC
/d/6921-mi-plan-de-vein-maxxing,REWRITE,,4.5-dosing-strip+4.7-translation,med,0-prelaunch-noGSC
/d/6924-aumenta-tu-estatura-mediante-microfracturas,REWRITE,,4.5-dosing-strip+4.7-translation,med,0-prelaunch-noGSC
/d/6925-el-camino-hacia-una-relacion-larga-y-feliz,REWRITE,,4.7-translation,high,0-prelaunch-noGSC
/d/6937-guia-completa-de-prohormones,REWRITE,,4.5-dosing-strip+4.7-translation,med,0-prelaunch-noGSC
/d/6939-todo-lo-que-necesitas-saber-sobre-its-y-embarazos,REMOVE_URGENT,/t/looksmaxing,4.5-safety,high,0-prelaunch-noGSC
/d/6957-como-ocultar-las-ojeras-bajo-tus-ojos,REWRITE,,4.7-translation,high,0-prelaunch-noGSC
/d/6958-como-dormir-con-buena-calidad,REWRITE,,4.7-translation,high,0-prelaunch-noGSC
/d/6965-el-halo-mas-olvidado-postura-perfecta,REWRITE,,4.7-translation,high,0-prelaunch-noGSC
/d/6969-que-pasaria-si-hicieras-todos-los-softmax,REWRITE,,4.7-translation,high,0-prelaunch-noGSC
/d/6973-hacer-tu-nariz-un-poco-mas-pequena-sin-cirugia,REWRITE,,4.7-translation,high,0-prelaunch-noGSC
/d/6975-gtfih-por-que-amnesia-todavia-se-ve-de-20-a-los-32-explicado-guia-de-envejecimiento,REWRITE,,4.5-dosing-strip+4.7-translation,med,0-prelaunch-noGSC
/d/6993-como-hacer-un-plan-de-ascension-desde-cero,REWRITE,,4.7-translation,high,0-prelaunch-noGSC
/d/7011-como-ponerse-mamado-para-el-verano-con-nucleus-overload-guia-corta,REWRITE,,4.7-translation,high,0-prelaunch-noGSC
/d/7013-como-tener-un-fisico-estetico-facil,REWRITE,,4.7-translation,high,0-prelaunch-noGSC
/d/7029-zapatos-nt-p2,REWRITE,,4.7-translation,high,0-prelaunch-noGSC
/d/7042-por-que-el-bdsm-funciona-tan-bien-con-las-mujeres,REWRITE,,4.7-translation,high,0-prelaunch-noGSC
/d/7052-guia-completa-y-actualizada-sobre-la-hinchazon-facial,REWRITE,,4.7-translation,high,0-prelaunch-noGSC
/d/7055-guia-de-cabello-para-etnicos,REWRITE,,4.7-translation,high,0-prelaunch-noGSC
/d/7058-coomers-gtfih-guia-de-orgasm-maxxing,REWRITE,,4.5-dosing-strip+4.7-translation,med,0-prelaunch-noGSC
/d/7069-como-combatir-la-influencia-del-kpop,REWRITE,,4.7-translation,high,0-prelaunch-noGSC
/d/7074-fraudear-con-bodysuit,REWRITE,,4.7-translation,high,0-prelaunch-noGSC
/d/7124-como-perdi-75-lbs-fatcels-gtfih,REWRITE,,4.7-translation,high,0-prelaunch-noGSC
/d/7133-ultra-guia-de-mewing-2021-tecnica-maxhelp,REWRITE,,4.7-translation,high,0-prelaunch-noGSC
/d/7151-como-conseguir-novia-de-parte-de-una-chava-de-verdad-o-sea-que-es-legitimo,REWRITE,,4.7-translation,high,0-prelaunch-noGSC
/d/7168-guia-de-mommymaxxing,REWRITE,,4.7-translation,high,0-prelaunch-noGSC
/d/7176-como-te-ven-los-demas,REWRITE,,4.7-translation,high,0-prelaunch-noGSC
/d/7193-vitamina-e-una-vitamina-muy-descuidada,REWRITE,,4.5-dosing-strip+4.7-translation,med,0-prelaunch-noGSC
/d/7194-los-7-habitos-de-la-gente-altamente-efectiva,REWRITE,,4.7-translation,high,0-prelaunch-noGSC
/d/7195-como-ganar-amigos-e-influir-sobre-las-personas-resumen,REWRITE,,4.7-translation,high,0-prelaunch-noGSC
/d/7196-una-guia-completa-para-dominar-a-la-foid-asiatica,REMOVE_URGENT,/t/looksmaxing,4.5-sourcing-controlled-substance,high,0-prelaunch-noGSC
/d/7203-calificando-el-atractivo-en-la-vida-real-hombres,REWRITE,,4.7-translation,high,0-prelaunch-noGSC
/d/7212-optimizando-relaciones-balanceando-slaying-y-ltrs,REWRITE,,4.7-translation,high,0-prelaunch-noGSC
/d/7216-magnesio-maxeando-hilo-gigante-literal,REWRITE,,4.7-translation,high,0-prelaunch-noGSC
/d/7244-distorsion-de-lentes-por-que-los-selfies-son-inutiles,REWRITE,,4.7-translation,high,0-prelaunch-noGSC
/d/7258-como-moggear,REWRITE,,4.7-translation,high,0-prelaunch-noGSC
/d/7262-guia-para-el-ascenso-etnico-escapando-del-currytax-curries-no-tengan-mas-miedo,REMOVE_URGENT,/t/looksmaxing,4.5-safety,high,0-prelaunch-noGSC
/d/7276-como-conseguir-un-cuello-enorme-solo-con-discos-de-peso,REWRITE,,4.7-translation,high,0-prelaunch-noGSC
/d/7285-como-volverte-toxico,REWRITE,,4.7-translation,high,0-prelaunch-noGSC
/d/7289-como-ser-nt-guia-oficial,REWRITE,,4.7-translation,high,0-prelaunch-noGSC
/d/7297-la-guia-definitiva-para-aumentar-la-densidad-osea-y-crecer-mas-alto,REWRITE,,4.5-dosing-strip+4.7-translation,med,0-prelaunch-noGSC
/d/7301-como-hacer-tu-nariz-mas-pequena-naturalmente,REWRITE,,4.5-DIY-reframe+4.7-translation,med,0-prelaunch-noGSC
/d/7304-guia-de-taka-sobre-esteroidestrt-ias-y-mas-sin-boladas,REWRITE,,4.5-dosing-strip+4.7-translation,med,0-prelaunch-noGSC
/d/7317-ejercicios-obligatorios-para-la-estetica,REWRITE,,4.7-translation,high,0-prelaunch-noGSC
/d/7323-la-mayoria-de-los-debates-psl-surgen-del-mismo-tipo-de-pensamiento-low-iq,REWRITE,,4.7-translation,high,0-prelaunch-noGSC
/d/7324-guia-definitiva-de-masticacion,REWRITE,,4.7-translation,high,0-prelaunch-noGSC
/d/7337-suplementos-no-cope-water-thread,REWRITE,,4.7-translation,high,0-prelaunch-noGSC
/d/7339-como-ser-percibido-como-triada-oscura,CONSOLIDATE,/d/7340-como-ser-percibido-como-triada-oscura,4.6-duplicate,high,0-prelaunch-noGSC
/d/7340-como-ser-percibido-como-triada-oscura,KEEP,,4.6-canonical-winner,high,0-prelaunch-noGSC
/d/7357-los-cirujanos-son-hilarantemente-retrasados-el-problema-de-arreglar-la-recesion-con-base-en-cefalogramas,REWRITE,,4.7-translation,high,0-prelaunch-noGSC
/d/7360-los-incels-estan-completamente-equivocados-sobre-la-personalidad-la-verdadera-pildora-de-la-personalidad,REWRITE,,4.7-translation,high,0-prelaunch-noGSC
/d/7362-tiron-de-parpado,REWRITE,,4.7-translation,high,0-prelaunch-noGSC
/d/7375-cult-leader-maxxing,REWRITE,,4.7-translation,high,0-prelaunch-noGSC
/d/7397-preparacion-para-el-verano-de-los-chicos-calientes,REWRITE,,4.7-translation,high,0-prelaunch-noGSC
/d/7399-parte-12-guia-completa-de-fenotipos-nordicidisk-esfuerzo-alto,REWRITE,,4.7-translation,high,0-prelaunch-noGSC
/d/7409-guia-integral-sobre-el-autismo,REWRITE,,4.5-dosing-strip+4.7-translation,med,0-prelaunch-noGSC
/d/7411-61-es-lo-ideal,REWRITE,,4.7-translation,high,0-prelaunch-noGSC
/d/7413-los-8-mejores-suplementos-para-aumentar-los-niveles-de-t-para-tcels-bajos-basado-en-estudios,REMOVE_URGENT,/t/anabolicos,4.5-sourcing-controlled-substance,high,0-prelaunch-noGSC
/d/7421-social-lifemaxxing-como-pase-de-estar-basicamente-solo-a-salir-con-amigos-2-vecessemana,REWRITE,,4.5-DIY-reframe+4.7-translation,med,0-prelaunch-noGSC
/d/7451-guia-definitiva-para-statusmaxx-alto-iq-baja-inhib-alto-esfuerzo,REWRITE,,4.7-translation,high,0-prelaunch-noGSC
/d/7500-como-dominar-el-apreton-de-manos,REWRITE,,4.7-translation,high,0-prelaunch-noGSC
/d/7539-como-looksmaxxear-a-tus-hijos,REWRITE,,4.5-DIY-reframe+4.7-translation,med,0-prelaunch-noGSC
/d/7547-lista-de-rasgos-por-prioridad-ordenados-de-mayor-a-menor,REWRITE,,4.7-translation,high,0-prelaunch-noGSC
/d/7548-el-protector-solar-y-por-que-deberias-usarlo,REMOVE_URGENT,/t/softmaxing,4.5-sourcing-controlled-substance,high,0-prelaunch-noGSC
/d/7551-los-fenotipos-mexicanos-mas-comunes,REWRITE,,4.7-translation,high,0-prelaunch-noGSC
/d/7589-mi-error-fatal-en-el-dating,REWRITE,,4.7-translation,high,0-prelaunch-noGSC
/d/7612-guia-para-manos-masculinasmunecas-grandes,REWRITE,,4.7-translation,high,0-prelaunch-noGSC
/d/7636-guia-simple-para-selfies-nt-fraudeadas,REWRITE,,4.7-translation,high,0-prelaunch-noGSC
/d/7640-la-guia-definitiva-de-la-violencia-en-defensa-propia-nada-de-mariconadas-en-serio,REWRITE,,4.7-translation,high,0-prelaunch-noGSC
/d/7660-por-que-deberias-consumir-huevos-crudos,REMOVE_URGENT,/t/looksmaxing,4.5-sourcing-controlled-substance,high,0-prelaunch-noGSC
/d/7691-costo-de-la-cirugia-bimaxilar-de-mandibula-en-california-imagenes-3d-adjuntas,REWRITE,,4.7-translation,high,0-prelaunch-noGSC
/d/7693-como-encontrar-una-novia-fiel-basado-en-rasgos-de-personalidad,REWRITE,,4.7-translation,high,0-prelaunch-noGSC
/d/7726-mi-guia-para-el-cabello-rizado,REWRITE,,4.7-translation,high,0-prelaunch-noGSC
/d/7767-vitamina-c-topica-no-te-conformes-con-menos,REWRITE,,4.5-DIY-reframe+4.7-translation,med,0-prelaunch-noGSC
/d/7768-la-guia-de-yolosweg-para-la-felicidad-en-general,REMOVE_URGENT,/t/looksmaxing,4.5-safety,high,0-prelaunch-noGSC
/d/7779-como-convertirse-en-negro-de-verdad,REMOVE_URGENT,/t/peptides,4.5-safety,high,0-prelaunch-noGSC
/d/7788-guia-rapida-para-gym-maxing-basada-en-los-tres-tipos-de-cuerpo-mesomorfo-ectomorfo-endomorfo,REWRITE,,4.7-translation,high,0-prelaunch-noGSC
/d/7813-los-snap-scores-de-snapchat-requeridos-para-desbloquear-funciones-sociales-importantes-tabla,REWRITE,,4.7-translation,high,0-prelaunch-noGSC
/d/7817-por-que-tus-ancestros-no-tenian-acne-y-tu-si,REMOVE_URGENT,/t/softmaxing,4.5-sourcing-controlled-substance,high,0-prelaunch-noGSC
/d/7830-como-iqmaxxear-mientras-te-pajas,REWRITE,,4.7-translation,high,0-prelaunch-noGSC
/d/7840-teoria-de-las-lineas-para-determinar-recesionfalta-de-armonia,REWRITE,,4.7-translation,high,0-prelaunch-noGSC
/d/7842-como-maximizar-tus-resultados-en-tinder,REWRITE,,4.7-translation,high,0-prelaunch-noGSC
/d/7878-guia-definitiva-de-ayuno-leanmaxx-facil,REWRITE,,4.7-translation,high,0-prelaunch-noGSC
/d/7894-me-he-librado-de-la-carga-que-es-el-cabello,REWRITE,,4.7-translation,high,0-prelaunch-noGSC
/d/7896-olvidate-del-mewing-presentando-el-johnning-o-como-me-gusta-llamarlo-jewning-parte-2-mi-tecnica-personal-de-looksmaxing,REWRITE,,4.7-translation,high,0-prelaunch-noGSC
/d/7898-una-guia-para-criar-a-tu-bebe-de-modo-que-tenga-la-maxima-calidad-para-convertirse-en-un-chadstacy-mas-adelante,REMOVE_URGENT,/t/looksmaxing,4.5-sourcing-controlled-substance,high,0-prelaunch-noGSC
/d/7899-la-guia-definitiva-de-tattoo-maxxing-de-alta-calidad-vuelvete-high-status-esto-solito-cambio-toda-mi-vida-social-y-sexual,REWRITE,,4.7-translation,high,0-prelaunch-noGSC
/d/7906-como-deshacerte-del-acne-primitivepill,REMOVE_URGENT,/t/softmaxing,4.5-sourcing-controlled-substance,high,0-prelaunch-noGSC
/d/7914-como-consegui-pomulos-hundidos-sin-perder-grasa,REWRITE,,4.7-translation,high,0-prelaunch-noGSC
/d/7933-arregla-tu-vista-por-que-odio-a-los-oftalmologos,REWRITE,,4.5-dosing-strip+4.7-translation,med,0-prelaunch-noGSC
/d/7939-tips-para-una-dieta-basada-en-plantas-y-comida-integral,REMOVE_URGENT,/t/looksmaxing,4.5-sourcing-controlled-substance,high,0-prelaunch-noGSC
/d/7956-las-chavas-se-estan-dando-cuenta-de-que-cualquiera-de-ellas-puede-conseguir-miles-de-matches-en-tinder-como-triunfar-en-el-mercado-de-citas-actual,REWRITE,,4.7-translation,high,0-prelaunch-noGSC
/d/7962-como-disfrutar-de-comida-sabrosa-mientras-haces-leanmaxing,REWRITE,,4.7-translation,high,0-prelaunch-noGSC
/d/8017-cunnilingus,REWRITE,,4.7-translation,high,0-prelaunch-noGSC
/d/8050-guia-legitima-de-skinmaxxing,REWRITE,,4.7-translation,high,0-prelaunch-noGSC
/d/8095-cosas-que-necesitas-para-conseguir-sexo-de-mas-importante-a-menos-importante,REWRITE,,4.7-translation,high,0-prelaunch-noGSC
/d/8101-guia-de-status-maxxing-muy-anticipada-de-digital-hitler-no-puedes-encontrar-esta-info-en-ningun-otro-lugar-en-internet-extremadamente-detallado,REWRITE,,4.7-translation,high,0-prelaunch-noGSC
/d/8119-ejercicios-para-construir-el-fisico-mas-estetico,REWRITE,,4.5-dosing-strip+4.7-translation,med,0-prelaunch-noGSC
/d/8120-guia-de-heightmaxxing-para-usuarios-jovenes,REWRITE,,4.5-dosing-strip+4.7-translation,med,0-prelaunch-noGSC
/d/8124-las-3-pruebas-de-hueso-mongoloide-absolutamente-subhumano-si-eres-caucasiano-y-fallas-cualquiera-de-estos,REWRITE,,4.7-translation,high,0-prelaunch-noGSC
/d/8134-guia-completa-de-gymmax-se-zyzz,REWRITE,,4.5-dosing-strip+4.7-translation,med,0-prelaunch-noGSC
/d/8227-la-guia-definitiva-para-usar-minoxidil-para-el-crecimiento-de-la-barba-y-cabello-facial-mas-grueso,REWRITE,,4.7-translation,high,0-prelaunch-noGSC
/d/8245-el-99-de-tus-problemas-de-looks-se-resuelven-con-estas-tres-cosas,REWRITE,,4.7-translation,high,0-prelaunch-noGSC
/d/8277-ser-un-hombre-rubio-es-una-sentencia-de-muerte-a-menos-que-sigas-estos-2-looksmaxxes-criticos-con-imagenes-literalmente-te-cambia-blondecels-gtfih,REWRITE,,4.7-translation,high,0-prelaunch-noGSC
/d/8281-socialladdermaxxing-como-difundir-rumores,REWRITE,,4.7-translation,high,0-prelaunch-noGSC
/d/8379-todo-lo-que-tienes-que-saber-sobre-la-dieta,REWRITE,,4.7-translation,high,0-prelaunch-noGSC
/d/8397-poniendole-fin-a-lo-que-veo-en-el-espejo-realmente-soy-yo-todos-entren-aqui,REWRITE,,4.7-translation,high,0-prelaunch-noGSC
/d/8417-como-hacer-fisicoculturismo-para-la-estetica,REWRITE,,4.7-translation,high,0-prelaunch-noGSC
/d/8419-mi-depresion-desaparecio-por-completo-lee-esto-si-estas-jodido-de-la-cabeza,REWRITE,,4.5-dosing-strip+4.7-translation,med,0-prelaunch-noGSC
/d/8454-la-guia-de-instagrammaxxing-de,REWRITE,,4.5-DIY-reframe+4.7-translation,med,0-prelaunch-noGSC
/d/8491-como-reiniciar-la-salud-de-tu-intestino-guia-de-gutmaxxing,REWRITE,,4.7-translation,high,0-prelaunch-noGSC
/d/8507-los-mayores-exitos-anti-envejecimiento-vienen-del-protector-solar-pero-la-mayoria-de-personas-no-usa-el-tipo-correcto,REWRITE,,4.7-translation,high,0-prelaunch-noGSC
/d/8512-gestos-y-comportamientos-no-nt-no-hagas-esto,REWRITE,,4.7-translation,high,0-prelaunch-noGSC
/d/8520-por-que-no-deberias-masturbarte-razones-cientificas,KEEP,,4.6-canonical-winner,high,0-prelaunch-noGSC
/d/8527-las-apps-de-citas-en-linea-que-deberias-estar-usando,REWRITE,,4.7-translation,high,0-prelaunch-noGSC
/d/8542-guia-de-asertividad-maxxing-currycels-gtfih,REWRITE,,4.7-translation,high,0-prelaunch-noGSC
/d/8555-hilo-de-maquillaje-para-hombres-fotos-probandolo,REWRITE,,4.7-translation,high,0-prelaunch-noGSC
/d/8559-drugmaxxing-informacion-para-usuarios-de-drogas,REWRITE,,4.5-dosing-strip+4.7-translation,med,0-prelaunch-noGSC
/d/8560-entendiendo-la-energia-en-el-cuerpo-humano-guia,REWRITE,,4.7-translation,high,0-prelaunch-noGSC
/d/8581-si-no-has-hecho-languagemaxxing-este-es-el-momento,REWRITE,,4.7-translation,high,0-prelaunch-noGSC
/d/8588-heightmaxxing-para-todos-los-nuevos-greycels,REWRITE,,4.5-dosing-strip+4.7-translation,med,0-prelaunch-noGSC
/d/8627-guia-sobre-tipos-de-cabello-y-como-cambiarlo,REWRITE,,4.7-translation,high,0-prelaunch-noGSC
/d/8669-como-tener-juego-con-las-mujeres-guia,REWRITE,,4.7-translation,high,0-prelaunch-noGSC
/d/8675-como-usar-tu-puto-cerebro-la-guia-definitiva,REWRITE,,4.7-translation,high,0-prelaunch-noGSC
/d/8678-guia-como-tener-exito-en-la-vida,REWRITE,,4.7-translation,high,0-prelaunch-noGSC
/d/8681-nunca-apuntes-al-pecho-como-ponerse-mamado-para-moggear-en-publico-es-diferente-al-culturismo-normal,REWRITE,,4.7-translation,high,0-prelaunch-noGSC
/d/8686-descifre-el-codigo-como-conseguir-una-novia-hqnp-en-serio-sin-clickbait,REWRITE,,4.7-translation,high,0-prelaunch-noGSC
/d/8687-como-el-alcohol-destruye-tus-ganancias-de-gimnasio-articulo-de-alto-esfuerzo,REWRITE,,4.5-dosing-strip+4.7-translation,med,0-prelaunch-noGSC
/d/8690-musculos-y-grupos-musculares-principales-clasificados-por-importancia-estetica,REWRITE,,4.7-translation,high,0-prelaunch-noGSC
/d/8699-jaw-jutting-es-el-mejor-softmaxx-jamas-gratis-15psl-aprende-como-hacer-jaw-jutting-de-forma-correcta,REWRITE,,4.7-translation,high,0-prelaunch-noGSC
/d/8703-plantilla-de-rutina-de-entrenamiento-chadsique-basica,REWRITE,,4.7-translation,high,0-prelaunch-noGSC
/d/8708-como-vencer-la-adiccion-y-fomentar-buenos-habitos,REWRITE,,4.5-dosing-strip+4.7-translation,med,0-prelaunch-noGSC
/d/8718-una-forma-altamente-efectiva-de-lograr-crecimiento-oseo-facial-con-hgh,REWRITE,,4.5-dosing-strip+4.7-translation,med,0-prelaunch-noGSC
/d/8726-como-verse-rico-af-si-pagas-algo-con-tu-tarjeta-de-credito,REWRITE,,4.7-translation,high,0-prelaunch-noGSC
/d/8757-stack-anti-soledad-para-quienes-se-quedaran-solteros-y-sin-hijos,REWRITE,,4.7-translation,high,0-prelaunch-noGSC
/d/8832-por-que-deberias-estar-tomando-clorofila,REWRITE,,4.7-translation,high,0-prelaunch-noGSC
/d/8834-como-hacerle-gaslighting-a-las-mujeres,REWRITE,,4.7-translation,high,0-prelaunch-noGSC
/d/8856-mi-guia-para-volverse-guapo,REWRITE,,4.5-DIY-reframe+4.7-translation,med,0-prelaunch-noGSC
/d/8865-guia-para-falsificar-tu-marco-y-estructura-osea-naturalmente,REWRITE,,4.7-translation,high,0-prelaunch-noGSC
/d/8877-autismo-blackpill-101,REWRITE,,4.7-translation,high,0-prelaunch-noGSC
/d/8878-como-verte-mejor-ahora-mismo,REWRITE,,4.7-translation,high,0-prelaunch-noGSC
/d/8908-como-aclarar-los-ojos-azules,REWRITE,,4.7-translation,high,0-prelaunch-noGSC
/d/8916-como-funciona-la-distancia-focal,REWRITE,,4.7-translation,high,0-prelaunch-noGSC
/d/8925-guia-de-stylemaxxing-para-normies,REWRITE,,4.7-translation,high,0-prelaunch-noGSC
/d/8962-como-mejorar-tu-juego-con-la-verga,REWRITE,,4.5-dosing-strip+4.7-translation,med,0-prelaunch-noGSC
/d/9018-como-hacer-amigos-en-el-gym-guia-para-autistas,REWRITE,,4.7-translation,high,0-prelaunch-noGSC
/d/9033-como-hacer-hijos-chad,REWRITE,,4.5-dosing-strip+4.7-translation,med,0-prelaunch-noGSC
/d/9034-como-maximizar-suenos-vividoslucidos-gtfih-hack-facil,REWRITE,,4.7-translation,high,0-prelaunch-noGSC
/d/9038-test-de-virginidad-como-probar-si-tu-esposanovia-es-virgen-o-no,REWRITE,,4.7-translation,high,0-prelaunch-noGSC
/d/9044-seria-fisicamente-imposible-no-coger-haciendo-esta-estrategia-incluso-siendo-ltn,REWRITE,,4.7-translation,high,0-prelaunch-noGSC
/d/9057-como-eliminar-los-antojos-de-azucar-facilmente,REWRITE,,4.7-translation,high,0-prelaunch-noGSC
/d/9078-como-conseguir-un-elo-alto-en-tinder-y-aumentar-la-cantidad-de-matches,REWRITE,,4.7-translation,high,0-prelaunch-noGSC
/d/9094-sexting-proceso-de-como-conseguir-nudes,REWRITE,,4.7-translation,high,0-prelaunch-noGSC
/d/9109-retencion-de-agua-brutal-y-como-desinflarse,REWRITE,,4.7-translation,high,0-prelaunch-noGSC
/d/9116-guia-de-tiemaxing,REWRITE,,4.7-translation,high,0-prelaunch-noGSC
/d/9129-la-guia-definitiva-de-preseleccion-que-va-a-salvar-tu-puta-vida-aunque-no-cojas,REWRITE,,4.7-translation,high,0-prelaunch-noGSC
/d/9130-guia-basica-de-osteotomia-de-mandibula-y-tercio-medio,REWRITE,,4.7-translation,high,0-prelaunch-noGSC
/d/9198-guia-gymcel-eficiente-3-partes-del-cuerpo-que-importan,REWRITE,,4.7-translation,high,0-prelaunch-noGSC
/d/9206-una-guia-para-at-xangsane-para-verse-mas-afilado-y-mejorar-su-apariencia,REWRITE,,4.5-dosing-strip+4.7-translation,med,0-prelaunch-noGSC
/d/9217-mi-experiencia-con-aromasin-mk677-para-estatura-y-frame-tambien-oldcels-gtfih,REWRITE,,4.5-dosing-strip+4.7-translation,med,0-prelaunch-noGSC
/d/9224-ir-al-gym-es-cope,REWRITE,,4.5-DIY-reframe+4.7-translation,med,0-prelaunch-noGSC
/d/9226-los-verdaderos-beneficios-del-nofap-y-como-lograrlo,REMOVE_URGENT,/t/looksmaxing,4.5-sourcing-controlled-substance,high,0-prelaunch-noGSC
/d/9229-como-saber-si-eres-psicopata-o-sociopata,REWRITE,,4.7-translation,high,0-prelaunch-noGSC
/d/9235-los-mejores-metodos-para-maximizar-tu-estructura,REWRITE,,4.7-translation,high,0-prelaunch-noGSC
/d/9250-eyemaxxing-mejorando-el-area-de-tus-ojos,REMOVE_URGENT,/t/softmaxing,4.5-sourcing-controlled-substance,high,0-prelaunch-noGSC
/d/9258-lista-de-verificacion-para-leanmaxing-y-deshacerse-de-una-cara-hinchada,REWRITE,,4.5-dosing-strip+4.7-translation,med,0-prelaunch-noGSC
/d/9260-el-santo-grial-de-la-productividad-como-mantenerte-motivado-para-siempre,REWRITE,,4.5-dosing-strip+4.7-translation,med,0-prelaunch-noGSC
/d/9269-tret-microneedling-para-piel-de-nivel-dios-y-collagenmaxxing,REWRITE,,4.5-DIY-reframe+4.7-translation,med,0-prelaunch-noGSC
/d/9285-salud-y-estetica-de-las-encias,REWRITE,,4.7-translation,high,0-prelaunch-noGSC
/d/9289-como-ensanchar-tu-boca-pequenos-bucales-entren,REWRITE,,4.7-translation,high,0-prelaunch-noGSC
/d/9293-guia-para-el-cold-approach-y-no-ser-un-retrasado-social,REMOVE_URGENT,/t/looksmaxing,4.5-safety,high,0-prelaunch-noGSC
/d/9295-como-tu-altura-te-halota-en-2022-terminando-delusiones-sobre-la-altura,REWRITE,,4.7-translation,high,0-prelaunch-noGSC
/d/9311-la-unica-forma-de-saber-si-eres-un-chad,REWRITE,,4.7-translation,high,0-prelaunch-noGSC
/d/9315-manlets-gtfih-guia-de-alzas-de-alguien-con-10-anos-de-experiencia,REWRITE,,4.7-translation,high,0-prelaunch-noGSC
/d/9318-la-unica-forma-verdadera-de-averiguar-como-te-ven-los-demas-en-la-vida-real,REWRITE,,4.7-translation,high,0-prelaunch-noGSC
/d/9320-maxeo-de-baja-inhibicion-cels-de-ansiedad-social-entren-aqui,REWRITE,,4.7-translation,high,0-prelaunch-noGSC
/d/9358-como-hacer-looksmaxx-correctamente-y-ascender,REMOVE_URGENT,/t/looksmaxing,4.5-sourcing-controlled-substance,high,0-prelaunch-noGSC
/d/9362-guia-de-sueno-ideal,REMOVE_URGENT,/t/softmaxing,4.5-sourcing-controlled-substance,high,0-prelaunch-noGSC
/d/9363-guia-de-peptidos-melanotan-1-2,REWRITE,,4.5-DIY-reframe+4.7-translation,med,0-prelaunch-noGSC
/d/9375-guia-de-sexmaxxing,REWRITE,,4.7-translation,high,0-prelaunch-noGSC
/d/9379-la-guia-sin-bullshit-para-healthmaxxing-serio,REWRITE,,4.7-translation,high,0-prelaunch-noGSC
/d/9385-parte-1-verduras-de-hoja-verde-comida-meme-completa,REWRITE,,4.5-dosing-strip+4.7-translation,med,0-prelaunch-noGSC
/d/9387-los-mejores-lugares-para-ligar-siendo-mena-de-piel-clarashitksin,REWRITE,,4.7-translation,high,0-prelaunch-noGSC
/d/9389-como-conseguir-tu-corte-de-cabello-optimo,REWRITE,,4.7-translation,high,0-prelaunch-noGSC
/d/9392-guia-completa-sobre-nutrientes-esenciales,REMOVE_URGENT,/t/looksmaxing,4.5-sourcing-controlled-substance,high,0-prelaunch-noGSC
/d/9394-glosario-oficial-de-looksmaxgov,REMOVE_URGENT,/t/looksmaxing,4.5-safety,high,0-prelaunch-noGSC
/d/9397-como-hacer-que-una-chica-eyacule,REWRITE,,4.7-translation,high,0-prelaunch-noGSC
/d/9410-guia-para-lograr-piel-de-modelo-nivel-ii-arreglando-los-fallos-de-piel-y-guia-de-maquillaje-para-hombres,REWRITE,,4.7-translation,high,0-prelaunch-noGSC
/d/9413-fashionmaxxing-formal,REMOVE_URGENT,/t/softmaxing,4.5-sourcing-controlled-substance,high,0-prelaunch-noGSC
/d/9425-los-curries-deberian-latinomaxear-video,REWRITE,,4.7-translation,high,0-prelaunch-noGSC
/d/9433-guia-definitiva-de-bbc,REWRITE,,4.7-translation,high,0-prelaunch-noGSC
/d/9441-hice-una-comparacion-de-superposicion-de-perfil-de-craneo-masculino-y-femenino,REWRITE,,4.7-translation,high,0-prelaunch-noGSC
/d/9444-guia-de-penesexmaxxing,REWRITE,,4.7-translation,high,0-prelaunch-noGSC
/d/9445-retencion-de-semen-y-atraccion-femenina,REMOVE_URGENT,/t/looksmaxing,4.5-sourcing-controlled-substance,high,0-prelaunch-noGSC
/d/9465-por-que-el-veganismo-es-cucked-con-pruebas,REMOVE_URGENT,/t/looksmaxing,4.5-sourcing-controlled-substance,high,0-prelaunch-noGSC
/d/9472-por-que-la-masturbacion-y-la-pornografia-son-daninas-con-pruebas,REWRITE,,4.5-dosing-strip+4.7-translation,med,0-prelaunch-noGSC
/d/9473-guia-de-eyaculacion,REWRITE,,4.7-translation,high,0-prelaunch-noGSC
/d/9494-guia-de-looksmaxxing-de-biodisponibilidad-estas-tomando-los-suplementos-incorrectamente,REMOVE_URGENT,/t/looksmaxing,4.5-sourcing-controlled-substance,high,0-prelaunch-noGSC
/d/9505-stack-definitivo-de-suplementos-para-heightmaxxing-y-discusion,REMOVE_URGENT,/t/looksmaxing,4.5-sourcing-controlled-substance,high,0-prelaunch-noGSC
/d/9516-como-prevenir-los-efectos-secundarios-de-la-finasterida,REWRITE,,4.5-dosing-strip+4.7-translation,med,0-prelaunch-noGSC
/d/9531-la-santa-trinidad-de-las-sustancias-de-looksmaxxing,REWRITE,,4.5-dosing-strip+4.7-translation,med,0-prelaunch-noGSC
/d/9564-craneo-largo-cara-de-caballo-vs-craneo-alto,REWRITE,,4.7-translation,high,0-prelaunch-noGSC
/d/9585-si-quieres-conseguir-una-novia-necesitas-aprender-a-perseguir,REWRITE,,4.7-translation,high,0-prelaunch-noGSC
/d/9588-guia-de-looksmaxxing-de-ortodoncia-y-ortotropicos-como-escapar-de-la-distrofia-craneofacial,REWRITE,,4.7-translation,high,0-prelaunch-noGSC
/d/9594-factores-que-afectan-la-estatura,REWRITE,,4.5-dosing-strip+4.7-translation,med,0-prelaunch-noGSC
/d/9603-la-retencion-de-agua-podria-ser-mas-importante-que-el-bajo-porcentaje-de-grasa-corporal,REWRITE,,4.7-translation,high,0-prelaunch-noGSC
/d/9604-potatomaxxing-la-forma-mas-facil-de-ponerse-lean,REWRITE,,4.7-translation,high,0-prelaunch-noGSC
/d/9614-demasiado-neckmaxxing,REWRITE,,4.7-translation,high,0-prelaunch-noGSC
/d/9616-narrow-jaw-width-cels-no-tomes-fotos-retrato-frontal-completo-para-redes-sociales-opta-por-fotos-anguladas-34,REWRITE,,4.7-translation,high,0-prelaunch-noGSC
/d/9629-inigualable-deshazte-del-acne-hasta-el-fondo-garantizado-que-funciona,REWRITE,,4.5-dosing-strip+4.7-translation,med,0-prelaunch-noGSC
/d/9637-mi-aproximacion-semi-en-frio-mas-exitosa-para-un-acolite-muestrale-esto-a-tu-amigo,REWRITE,,4.7-translation,high,0-prelaunch-noGSC
/d/9639-gtfih-icehoodmaxxing-legit-para-el-area-de-ojos,REWRITE,,4.7-translation,high,0-prelaunch-noGSC
/d/9641-pasos-reales-irl-para-el-female-gaze-maxxing,REWRITE,,4.7-translation,high,0-prelaunch-noGSC
/d/9652-guia-completa-de-foreverrecession-para-correr-juego-bbc,REWRITE,,4.7-translation,high,0-prelaunch-noGSC
/d/9668-como-usar-aceite-de-coco-para-la-calidad-del-cabello,REWRITE,,4.7-translation,high,0-prelaunch-noGSC
/d/9675-la-guia-definitiva-de-bathmate-y-penomet-todo-lo-que-vas-a-necesitar-para-ganar-de-1-a-15-pulgadas-de-grosor,REWRITE,,4.7-translation,high,0-prelaunch-noGSC
/d/9689-como-comer-panocha-en-una-ltr,REWRITE,,4.7-translation,high,0-prelaunch-noGSC
/d/9699-simplemente-no-te-banes-el-consejo-de-hairmaxxing-mas-subestimado-para-straighthaircels,REWRITE,,4.7-translation,high,0-prelaunch-noGSC
/d/9729-mi-stack-de-suplementos-que-hizo-la-mayor-diferencia,REMOVE_URGENT,/t/looksmaxing,4.5-safety,high,0-prelaunch-noGSC
/d/9730-facil-stackmetodo-de-fraude-de-altura,REWRITE,,4.7-translation,high,0-prelaunch-noGSC
/d/9756-la-guia-definitiva-de-old-de-jojocel-parte-1,REWRITE,,4.7-translation,high,0-prelaunch-noGSC
/d/9770-como-subir-de-puto-nivel,REWRITE,,4.7-translation,high,0-prelaunch-noGSC
/d/9777-guia-completa-del-area-de-los-ojos,KEEP,,4.6-canonical-winner,high,0-prelaunch-noGSC
/d/9798-youngcels-de-mejillas-gordas-gtfih,REWRITE,,4.7-translation,high,0-prelaunch-noGSC
/d/9818-como-le-hice-slay-a-chicas-arabes-y-como-tu-tambien-puedes,REWRITE,,4.7-translation,high,0-prelaunch-noGSC
/d/9837-guia-completa-de-looksmaxxing,KEEP,,4.6-canonical-winner,high,0-prelaunch-noGSC
/d/9840-como-ganar-1-psl-facilmente,REWRITE,,4.5-dosing-strip+4.7-translation,med,0-prelaunch-noGSC
/d/9841-guia-definitiva-de-mewing-el-mewing-funciona-si-sabes-como-ejecutarlo-correctamente,REWRITE,,4.7-translation,high,0-prelaunch-noGSC
/d/9843-asi-es-realmente-como-las-mujeres-eligen-a-los-hombres-sin-excepciones,REWRITE,,4.7-translation,high,0-prelaunch-noGSC
/d/9854-archivo-lookism-dieta-humana-natural-y-causa-raiz-de-la-enfermedad,REMOVE_URGENT,/t/looksmaxing,4.5-sourcing-controlled-substance,high,0-prelaunch-noGSC
/d/9855-guia-de-looksmaxxing-de-mandibula-y-tercio-inferior-un-requisito-fundamental-para-ser-atractivo,REWRITE,,4.7-translation,high,0-prelaunch-noGSC
/d/9879-guia-de-looksmaxxing-de-simetria-la-clave-para-el-exito-atractivo,REWRITE,,4.7-translation,high,0-prelaunch-noGSC
/d/9886-la-forma-mas-facil-de-medir-tu-atractivo,REWRITE,,4.7-translation,high,0-prelaunch-noGSC
/d/9922-guia-de-maquillaje-supramegahilo-de-altisima-calidad-bonelesscels-aqui-guia-de-maquillaje,REWRITE,,4.7-translation,high,0-prelaunch-noGSC
/d/9939-guia-de-estatura,REWRITE,,4.7-translation,high,0-prelaunch-noGSC
/d/9941-diferentes-razas-de-chads-y-como-derrotarlos,REWRITE,,4.7-translation,high,0-prelaunch-noGSC
/d/9993-fashion-toma-la-fenopildora-oldmoney-el-fenotipo-old-money-fue-votado-como-el-fenotipo-con-mayor-atractivo-en-2022-como-hacer-oldmoneymaxx,REWRITE,,4.7-translation,high,0-prelaunch-noGSC
/d/10008-por-que-no-deberias-masturbarte-razones-cientificas,CONSOLIDATE,/d/8520-por-que-no-deberias-masturbarte-razones-cientificas,4.6-duplicate,high,0-prelaunch-noGSC
/d/10018-la-inclinacion-pelvica-esta-arruinando-tu-estetica-aqui-te-digo-como-arreglarla,REWRITE,,4.7-translation,high,0-prelaunch-noGSC
/d/10036-como-tener-una-mandibula-de-chad-en-4-meses-y-pasar-de-310-710,REWRITE,,4.7-translation,high,0-prelaunch-noGSC
/d/10048-un-serum-de-vitamina-c-que-es-mejor-que-el-ce-ferulic-de-skinceuticals,REWRITE,,4.7-translation,high,0-prelaunch-noGSC
/d/10064-mi-guia-de-vello-facial,REWRITE,,4.7-translation,high,0-prelaunch-noGSC
/d/10078-looksmaxea-ya-o-cuelga-la-soga-guia-suicida-para-curries,REMOVE_URGENT,/t/looksmaxing,4.5-safety,high,0-prelaunch-noGSC
/d/10084-acabando-con-el-cope-de-la-mandibula-de-una-vez-por-todas,REWRITE,,4.7-translation,high,0-prelaunch-noGSC
/d/10100-guia-esencial-de-coolguymaxxing-nerds-venganse-para-aca,REWRITE,,4.7-translation,high,0-prelaunch-noGSC
/d/10106-la-depresion-no-es-un-desequilibrio-en-la-quimica-del-cerebro-sino-un-desequilibrio-en-tu-microbiota-intestinal-y-como-arreglarlo,REMOVE_URGENT,/t/looksmaxing,4.5-safety,high,0-prelaunch-noGSC
/d/10107-checklist-de-vida-social-basica-para-slayers,REWRITE,,4.7-translation,high,0-prelaunch-noGSC
/d/10142-guia-para-que-los-blancos-envejezcan-como-un-asiatico,REMOVE_URGENT,/t/softmaxing,4.5-sourcing-controlled-substance,high,0-prelaunch-noGSC
/d/10148-tienes-demasiado-dinero-y-quieres-statusmaxxear-prmaxxing,REWRITE,,4.7-translation,high,0-prelaunch-noGSC
/d/10152-como-medir-la-altura-desmontando-a-los-fraudulentos-de-altura,REWRITE,,4.7-translation,high,0-prelaunch-noGSC
/d/10160-autistas-del-coloridosubtonos-venganse-para-aca-cuales-de-los-siguientes-coloridossubtonos-conviene-tener,REWRITE,,4.7-translation,high,0-prelaunch-noGSC
/d/10191-estableci-un-nuevo-ratio-y-medidas-para-pulir-remodelar-y-mejorar-dramaticamente-las-cejas-en-hombres-mi-analisis,REWRITE,,4.7-translation,high,0-prelaunch-noGSC
/d/10229-crea-el-tuyo-edicion-champu,REWRITE,,4.7-translation,high,0-prelaunch-noGSC
/d/10231-mejora-tu-desempeno-y-humor-con-sustancias-naturales-gtfih,REWRITE,,4.7-translation,high,0-prelaunch-noGSC
/d/10232-lo-que-aprendi-despues-de-anos-de-looksmaxxing,REWRITE,,4.5-dosing-strip+4.7-translation,med,0-prelaunch-noGSC
/d/10240-la-escala-de-atractivo-con-fotos,REWRITE,,4.7-translation,high,0-prelaunch-noGSC
/d/10259-como-no-joder-tu-cuerpo-con-vitaminassupps-retard,REWRITE,,4.5-dosing-strip+4.7-translation,med,0-prelaunch-noGSC
/d/10262-mi-dieta-realista-de-mogger-cero-carbos-y-azucar,REMOVE_URGENT,/t/looksmaxing,4.5-sourcing-controlled-substance,high,0-prelaunch-noGSC
/d/10281-lo-que-he-aprendido-sobre-la-respiracion-correcta-en-los-ultimos-anos-guia-definitiva,REWRITE,,4.7-translation,high,0-prelaunch-noGSC
/d/10289-guia-de-piel-limpia-cabello-magnifico-version-corta,REWRITE,,4.5-DIY-reframe+4.7-translation,med,0-prelaunch-noGSC
/d/10291-guia-definitiva-para-dientes-blancos-sin-ningun-efecto-secundario-gtfih-dientes-amarillos-cels,REWRITE,,4.5-dosing-strip+4.7-translation,med,0-prelaunch-noGSC
/d/10292-guia-de-ntmaxxing-para-ustedes-autistas,REWRITE,,4.7-translation,high,0-prelaunch-noGSC
/d/10293-guia-el-peinado-correcto-segun-tu-norwood,REWRITE,,4.7-translation,high,0-prelaunch-noGSC
/d/10294-sabe-que-tan-unatractivo-eres-pasos,REWRITE,,4.7-translation,high,0-prelaunch-noGSC
/d/10326-mi-ultimo-y-definitivo-plan-para-cambiar-mi-cara-atractivo-belleza-salud-etc,REWRITE,,4.7-translation,high,0-prelaunch-noGSC
/d/10343-no-desperdicies-tu-prime,REWRITE,,4.7-translation,high,0-prelaunch-noGSC
/d/10353-guia-de-softmaxx-para-principiantes,REWRITE,,4.7-translation,high,0-prelaunch-noGSC
/d/10397-las-cejas-son-mas-importantes-de-lo-que-se-cree-tanto-para-el-atractivo-facial-como-para-la-comunicacion-no-verbal,REWRITE,,4.7-translation,high,0-prelaunch-noGSC
/d/10402-guia-definitiva-sobre-machiavellianmaxxing,REWRITE,,4.7-translation,high,0-prelaunch-noGSC
/d/10419-guia-de-psychopathmaxxxing,REWRITE,,4.5-dosing-strip+4.7-translation,med,0-prelaunch-noGSC
/d/10431-guia-de-confidencemaxxxing-la-confianza-se-gana-no-se-finge,REWRITE,,4.5-dosing-strip+4.7-translation,med,0-prelaunch-noGSC
/d/10434-nutricion-optima-para-un-looksmaxxer-la-mayoria-de-los-consejos-de-nutricion-aqui-son-basura-sera-demasiado-high-iq-para-la-mayoria-de-ustedes,REMOVE_URGENT,/t/looksmaxing,4.5-sourcing-controlled-substance,high,0-prelaunch-noGSC
/d/10461-test-definitivo-para-saber-si-estas-feo,REWRITE,,4.7-translation,high,0-prelaunch-noGSC
/d/10486-la-disminucion-del-atractivo-a-medida-que-envejecemos-es-causada-en-parte-por-la-perdida-y-debilidad-osea-facial,REMOVE_URGENT,/t/looksmaxing,4.5-sourcing-controlled-substance,high,0-prelaunch-noGSC
/d/10487-como-tus-huesos-cambiaran-con-el-ejercicio-y-las-tecnicas-de-empuje-traccion-sobre-los-huesos-de-tu-cara-gtfih,REWRITE,,4.7-translation,high,0-prelaunch-noGSC
/d/10508-cuando-dejar-de-leanmaxxing-sin-matematicas,REWRITE,,4.7-translation,high,0-prelaunch-noGSC
/d/10515-el-gran-reinicio-de-dopamina-como-recuperar-el-control-de-tu-vida,REMOVE_URGENT,/t/looksmaxing,4.5-sourcing-controlled-substance,high,0-prelaunch-noGSC
/d/10566-que-es-la-clase-alta-y-como-tener-un-estilo-de-clase-alta-guia,REWRITE,,4.7-translation,high,0-prelaunch-noGSC
/d/10572-como-ser-low-inhib-me-hace-ascender-charla-sobre-desinflamar,REWRITE,,4.5-dosing-strip+4.7-translation,med,0-prelaunch-noGSC
/d/10581-por-que-el-marco-es-todo-lo-que-importa-cuando-se-trata-del-fisico-ideal-mirada-femenina,REWRITE,,4.7-translation,high,0-prelaunch-noGSC
/d/10584-guia-de-posturemaxxing-posturecels-gtfinh,REWRITE,,4.7-translation,high,0-prelaunch-noGSC
/d/10595-guia-de-como-hacer-que-tu-novia-nunca-te-deje-aunque-chad-la-quiera,REMOVE_URGENT,/t/looksmaxing,4.5-sourcing-controlled-substance,high,0-prelaunch-noGSC
/d/10604-como-reparar-el-pectus-excavatum-y-flare-de-costillas-la-mejor-guia-de-todo-internet,REWRITE,,4.7-translation,high,0-prelaunch-noGSC
/d/10605-guia-completa-sobre-los-sarms-mas-populares,REWRITE,,4.5-dosing-strip+4.7-translation,med,0-prelaunch-noGSC
/d/10607-niveles-de-heightmaxxing-y-que-esperar,REWRITE,,4.5-dosing-strip+4.7-translation,med,0-prelaunch-noGSC
/d/10631-una-guia-para-saber-tu-dificultad-de-ascensionpotencial-de-looksmaxing-donde-estas-tu-parado,REWRITE,,4.7-translation,high,0-prelaunch-noGSC
/d/10632-una-guia-sencilla-para-empezar-con-el-mms,REWRITE,,4.7-translation,high,0-prelaunch-noGSC
/d/10668-oversize-slim-fit-lo-que-sea-guia-para-encontrar-ropa-que-te-quede-perfecta-tips-simples,REWRITE,,4.7-translation,high,0-prelaunch-noGSC
/d/10669-como-pase-de-no-tener-vida-de-citas-a-ser-llamado-lindo-mi-estrategia,REWRITE,,4.7-translation,high,0-prelaunch-noGSC
/d/10670-starboymaxxing-preparate-para-2023-el-fin-de-todos-los-copers-prettyboy-masc-maesthetic,REWRITE,,4.7-translation,high,0-prelaunch-noGSC
/d/10691-guia-definitiva-para-hacer-framemaxxing-botb-pls,REMOVE_URGENT,/t/looksmaxing,4.5-sourcing-controlled-substance,high,0-prelaunch-noGSC
/d/10740-actualizado-como-conseguir-fotos-ilimitadas-de-alta-calidad-de-ti-mismo,REWRITE,,4.7-translation,high,0-prelaunch-noGSC
/d/10742-guia-para-conocer-stacies-en-la-prepa-y-la-universidad,REWRITE,,4.7-translation,high,0-prelaunch-noGSC
/d/10746-la-jerarquia-de-la-estetica-una-lectura-obligatoria,REWRITE,,4.7-translation,high,0-prelaunch-noGSC
/d/10747-como-detener-y-combatir-la-perdida-de-cabello-el-pilar-principal-del-looksmaxing,REWRITE,,4.5-dosing-strip+4.7-translation,med,0-prelaunch-noGSC
/d/10793-guia-definitiva-de-chewing-2022,REWRITE,,4.7-translation,high,0-prelaunch-noGSC
/d/10794-como-arreglar-tu-postura-retrasada-101,REWRITE,,4.7-translation,high,0-prelaunch-noGSC
/d/10815-como-crecer-como-un-hongo-salvaje-el-mejor-stack-de-potenciadores-de-rendimiento-de-todos-los-tiempos,REWRITE,,4.5-dosing-strip+4.7-translation,med,0-prelaunch-noGSC
/d/10947-nichemaxxing-emoeboy,REWRITE,,4.7-translation,high,0-prelaunch-noGSC
/d/10963-como-pase-de-tener-la-piel-llena-de-granos-a-radiante-en-un-mes,REWRITE,,4.5-dosing-strip+4.7-translation,med,0-prelaunch-noGSC
/d/10982-air-force-1-y-lifts-resultados-del-mundo-real,REWRITE,,4.7-translation,high,0-prelaunch-noGSC
/d/10996-jfl-si-te-banas-con-jabon,REWRITE,,4.7-translation,high,0-prelaunch-noGSC
/d/11012-voy-a-empezar-a-ultradosarme-de-vitamina-a-ultimo-recurso-contra-el-acne,REWRITE,,4.5-dosing-strip+4.7-translation,med,0-prelaunch-noGSC
/d/11023-clasificacion-de-productos-the-ordinary,REWRITE,,4.7-translation,high,0-prelaunch-noGSC
/d/11028-everyday-bro-ppl-la-mejor-rutina-de-gymmaxing,REWRITE,,4.7-translation,high,0-prelaunch-noGSC
/d/11056-la-guia-de-tinder-de-hamza,REWRITE,,4.7-translation,high,0-prelaunch-noGSC
/d/11072-guia-de-stylemaxxing-para-dummies-101,REWRITE,,4.7-translation,high,0-prelaunch-noGSC
/d/11140-top-5-caracteristicas-incel-si-tienes-cualquiera-de-estos-rasgos-nunca-tendras-exito,REWRITE,,4.7-translation,high,0-prelaunch-noGSC
/d/11159-guia-para-llegar-al-menos-a-htn-todocel-gtfih-alto-esfuerzo,REWRITE,,4.5-DIY-reframe+4.7-translation,med,0-prelaunch-noGSC
/d/11188-como-ascendi-desde-el-inceldom,REWRITE,,4.5-dosing-strip+4.7-translation,med,0-prelaunch-noGSC
/d/11200-como-ascender-siendo-adolescente-de-3-psl-a-6-psl-gtfih-todos,REMOVE_URGENT,/t/looksmaxing,4.5-sourcing-controlled-substance,high,0-prelaunch-noGSC
/d/11264-neurogenesis-y-por-que-no-puedes-ensenarle-trucos-nuevos-a-un-perro-viejo-como-potenciar-quimicamente-tu-cognicion-de-verdad,REWRITE,,4.7-translation,high,0-prelaunch-noGSC
/d/11266-como-hacer-que-una-chica-se-sienta-como-mierda-dark-triad-maxxers-gtfih,REWRITE,,4.7-translation,high,0-prelaunch-noGSC
/d/11274-guia-de-leanmaxing-sin-esfuerzo,REMOVE_URGENT,/t/looksmaxing,4.5-safety,high,0-prelaunch-noGSC
/d/11279-conviertete-en-un-introvertido-seguro-de-si-mismo,REWRITE,,4.7-translation,high,0-prelaunch-noGSC
/d/11322-mi-guia-completa-de-ciclo-de-trembolona-y-clembuterol,REWRITE,,4.5-dosing-strip+4.7-translation,med,0-prelaunch-noGSC
/d/11326-alzas-de-calcetin-sock-lifts-aumento-de-estatura-facil-actualizacion,REWRITE,,4.5-dosing-strip+4.7-translation,med,0-prelaunch-noGSC
/d/11330-aqui-esta-como-conseguir-un-pene-enorme,REWRITE,,4.7-translation,high,0-prelaunch-noGSC
/d/11355-tips-utiles-para-leanmaxxing,REWRITE,,4.7-translation,high,0-prelaunch-noGSC
/d/11357-estudio-meta-de-gazemaxxing,REWRITE,,4.7-translation,high,0-prelaunch-noGSC
/d/11378-la-vida-sin-testosterona-no-vale-la-pena,REWRITE,,4.5-dosing-strip+4.7-translation,med,0-prelaunch-noGSC
/d/11405-formula-herbal-asiatica-secreta-ht042-para-heightmaxxing,REMOVE_URGENT,/t/peptides,4.5-sourcing-controlled-substance,high,0-prelaunch-noGSC
/d/11427-guia-de-entrenamiento-de-antebrazos,REWRITE,,4.7-translation,high,0-prelaunch-noGSC
/d/11446-forma-facil-de-coger-mucho-sin-prostitutas,REWRITE,,4.7-translation,high,0-prelaunch-noGSC
/d/11488-livagen-bioregulador-para-una-expresion-genica-juvenil-mini-guia,REWRITE,,4.5-dosing-strip+4.7-translation,med,0-prelaunch-noGSC
/d/11489-folistatina-un-inhibidor-de-miostatina-para-acelerar-el-crecimiento-muscular-mini-guia,REWRITE,,4.5-dosing-strip+4.7-translation,med,0-prelaunch-noGSC
/d/11502-solucion-real-para-la-testosterona-baja-y-otros-problemas-de-salud,REMOVE_URGENT,/t/anabolicos,4.5-sourcing-controlled-substance,high,0-prelaunch-noGSC
/d/11503-como-ser-extremadamente-carismatico-las-viejas-te-van-a-venerar,REWRITE,,4.7-translation,high,0-prelaunch-noGSC
/d/11513-tecnica-como-ligar-chicas-de-clase,REWRITE,,4.7-translation,high,0-prelaunch-noGSC
/d/11526-guia-de-fuerza-de-agarre,REWRITE,,4.5-DIY-reframe+4.7-translation,med,0-prelaunch-noGSC
/d/11573-como-mejorar-tu-sueno,REWRITE,,4.7-translation,high,0-prelaunch-noGSC
/d/11581-la-version-mas-ntnon-nt-de-todo-lo-que-te-podrias-estar-preguntando-gtfih,REWRITE,,4.7-translation,high,0-prelaunch-noGSC
/d/11582-los-9-tiers-del-ratio-de-midface,REWRITE,,4.7-translation,high,0-prelaunch-noGSC
/d/11583-los-9-tiers-de-ipd-masculino-basados-en-estadisticas,REMOVE_URGENT,/t/looksmaxing,4.5-sourcing-controlled-substance,high,0-prelaunch-noGSC
/d/11595-como-medir-el-pene-correctamente,REWRITE,,4.7-translation,high,0-prelaunch-noGSC
/d/11626-notas-sobre-el-comportamiento-de-la-mujer-y-los-errores-tipicos-del-hombre,REWRITE,,4.7-translation,high,0-prelaunch-noGSC
/d/11644-2023-lista-completa-de-rasgos-faciales-slayerchadimpactantes-y-como-conseguirlos,REWRITE,,4.7-translation,high,0-prelaunch-noGSC
/d/11656-guia-de-ascension-de-softmaxxing,REWRITE,,4.7-translation,high,0-prelaunch-noGSC
/d/11694-la-tretinoina-funciona,REMOVE_URGENT,/t/softmaxing,4.5-safety,high,0-prelaunch-noGSC
/d/11696-solo-3-formas-legit-para-deepvoicemaxxing-el-resto-es-todo-cope,REWRITE,,4.5-dosing-strip+4.7-translation,med,0-prelaunch-noGSC
/d/11707-califica-rutina-simple-de-entrenamiento-para-widthsthetics,REWRITE,,4.7-translation,high,0-prelaunch-noGSC
/d/11708-la-rutina-de-entrenamiento-minimalist-mogger-basada-en-la-estetica-visualizada,REWRITE,,4.7-translation,high,0-prelaunch-noGSC
/d/11710-si-o-no-cabello-largo-en-hombres,REWRITE,,4.7-translation,high,0-prelaunch-noGSC
/d/11722-clubmaxxing-una-guia,REWRITE,,4.7-translation,high,0-prelaunch-noGSC
/d/11726-meatpulling-por-que-nunca-deberias-cortar-carne-si-quieres-maximizar-tu-desarrollo-oseo-facial,REWRITE,,4.7-translation,high,0-prelaunch-noGSC
/d/11728-cuencas-oculares-mas-estrechas-que-las-crestas-frontales-orbitas-de-mierda,REWRITE,,4.7-translation,high,0-prelaunch-noGSC
/d/11772-el-curso-de-optimizacion-hormonal-estetico-primal-es-pura-basura-y-un-puto-engano,REWRITE,,4.5-DIY-reframe+4.7-translation,med,0-prelaunch-noGSC
/d/11795-como-no-ser-un-tonto-tamanos-de-pene,REMOVE_URGENT,/t/looksmaxing,4.5-sourcing-controlled-substance,high,0-prelaunch-noGSC
/d/11836-mi-guia-que-escribi-como-notas-antes-sobre-la-dieta-ray-peat,REWRITE,,4.5-dosing-strip+4.7-translation,med,0-prelaunch-noGSC
/d/11838-como-conseguir-una-mandibula-concava-como-timothee-chalamet-jeremy-meeks-o-connor-murphy,REWRITE,,4.7-translation,high,0-prelaunch-noGSC
/d/11844-el-mejor-programa-de-hit-para-un-fisico-moggeador,REWRITE,,4.5-dosing-strip+4.7-translation,med,0-prelaunch-noGSC
/d/11849-calculadora-de-smv-rapida-y-sencilla,REWRITE,,4.7-translation,high,0-prelaunch-noGSC
/d/11854-todos-deberiamos-usar-esteroides-aqui-te-digo-por-que,REWRITE,,4.7-translation,high,0-prelaunch-noGSC
/d/11855-el-papel-del-calcio-vitamina-d3-y-vitamina-k2-en-maximizar-el-crecimiento-de-la-altura,REWRITE,,4.7-translation,high,0-prelaunch-noGSC
/d/11861-guia-de-entrenamientogymmaxing-nutricion-enfocada-en-estetica-para-mejorar-la-atraccion,REWRITE,,4.7-translation,high,0-prelaunch-noGSC
/d/11874-sclera-maxxing-como-blanqueariluminar-los-blancos-de-los-ojos,REWRITE,,4.5-dosing-strip+4.7-translation,med,0-prelaunch-noGSC
/d/11876-gtfih-si-estas-haciendo-framemaxxing,REWRITE,,4.7-translation,high,0-prelaunch-noGSC
/d/11902-como-triunfar-en-tinder-si-no-tienes-buenas-fotos,REWRITE,,4.7-translation,high,0-prelaunch-noGSC
/d/11904-lookism-clasico-archivado-como-hacer-medmax-guia-completa-nerdics-gtfih-por-idealmaxilla,REWRITE,,4.5-DIY-reframe+4.7-translation,med,0-prelaunch-noGSC
/d/11907-guia-definitiva-de-aumento-de-altura-botb,REWRITE,,4.7-translation,high,0-prelaunch-noGSC
/d/11923-curar-ginecomastia-raloxifene-cabergoline-exemestane,REWRITE,,4.5-dosing-strip+4.7-translation,med,0-prelaunch-noGSC
/d/11930-explicando-la-importancia-del-amor-en-la-adolescencia-copecels-no-hagan-clic,REMOVE_URGENT,/t/looksmaxing,4.5-safety,high,0-prelaunch-noGSC
/d/11953-neandertal-vs-cromanon-diferencias-fisicas-y-como-saber-si-tienes-rasgos-neandertales-lista-detallada-incluida-algo-de-teoria,REWRITE,,4.7-translation,high,0-prelaunch-noGSC
/d/12011-guia-oficial-de-tips-e-ideas-de-shitmaxxing,REWRITE,,4.5-DIY-reframe+4.7-translation,med,0-prelaunch-noGSC
/d/12021-no-puedes-construir-musculo-haciendo-hipertrofia-siendo-natural,REWRITE,,4.7-translation,high,0-prelaunch-noGSC
/d/12024-la-guia-definitiva-de-breeding,REWRITE,,4.5-dosing-strip+4.7-translation,med,0-prelaunch-noGSC
/d/12037-hilo-como-hacer-que-tu-perfume-dure-por-horas,REWRITE,,4.5-dosing-strip+4.7-translation,med,0-prelaunch-noGSC
/d/12049-glosario-de-los-tercios-superior-medio-e-inferior-de-la-cara,REWRITE,,4.7-translation,high,0-prelaunch-noGSC
/d/12067-gua-sha-de-jade-como-conseguir-una-cara-mas-marcada-bloatcels-metanse-aqui,REWRITE,,4.7-translation,high,0-prelaunch-noGSC
/d/12080-guia-para-parecer-nt,REWRITE,,4.7-translation,high,0-prelaunch-noGSC
/d/12094-los-rastas-son-clave-para-la-ascension-hombres-negros,REWRITE,,4.7-translation,high,0-prelaunch-noGSC
/d/12102-entrenamiento-ppl-de-alta-frecuencia-2-programas,REWRITE,,4.5-dosing-strip+4.7-translation,med,0-prelaunch-noGSC
/d/12114-mi-stack-de-crecimiento-muy-completo-sin-peptidos,REWRITE,,4.5-dosing-strip+4.7-translation,med,0-prelaunch-noGSC
/d/12117-maximizar-hgh-natural-de-verdad-la-unica-mejor-forma-de-hacerlo,REMOVE_URGENT,/t/anabolicos,4.5-sourcing-controlled-substance,high,0-prelaunch-noGSC
/d/12121-rutina-de-chad,REWRITE,,4.7-translation,high,0-prelaunch-noGSC
/d/12154-masticar-para-un-ramus-mas-alto-si-es-menor-de-25,REWRITE,,4.7-translation,high,0-prelaunch-noGSC
/d/12184-como-convertirte-en-un-chico-anime-muzzle-maxxing,REWRITE,,4.7-translation,high,0-prelaunch-noGSC
/d/12201-como-triunfar-en-el-antro-un-metodo-a-prueba-de-autismo,REWRITE,,4.7-translation,high,0-prelaunch-noGSC
/d/12204-como-hacer-un-glow-up-dorado-para-el-verano,REWRITE,,4.7-translation,high,0-prelaunch-noGSC
/d/12212-como-hice-crecer-mi-dedo-mas-largo-handcels-gtfih,REWRITE,,4.7-translation,high,0-prelaunch-noGSC
/d/12219-maquillaje-para-hombres-la-mejor-forma-de-fraudear-como-hacerlo,REWRITE,,4.7-translation,high,0-prelaunch-noGSC
/d/12239-por-que-los-pantalones-cargo-son-imprescindibles-en-2023,REWRITE,,4.7-translation,high,0-prelaunch-noGSC
/d/12258-hilo-de-nosemaxxing,REWRITE,,4.5-DIY-reframe+4.7-translation,med,0-prelaunch-noGSC
/d/12269-guia-de-cejaspestanas-ideales-tematica-de-breaking-bad,REWRITE,,4.5-dosing-strip+4.7-translation,med,0-prelaunch-noGSC
/d/12297-looksmax-subestimado-posicion-para-dormir,REWRITE,,4.7-translation,high,0-prelaunch-noGSC
/d/12301-espejo-espejo-en-la-pared-como-te-ves-realmente-para-otras-personas,REWRITE,,4.7-translation,high,0-prelaunch-noGSC
/d/12308-guia-definitiva-de-looksmaxing-sin-boludez,REWRITE,,4.5-DIY-reframe+4.7-translation,med,0-prelaunch-noGSC
/d/12360-unimaxxing-una-guia,REWRITE,,4.7-translation,high,0-prelaunch-noGSC
/d/12368-como-tener-una-nariz-recta-y-respingada-de-forma-natural-y-permanente-sin-cirugia,REWRITE,,4.7-translation,high,0-prelaunch-noGSC
/d/12375-el-gymmaxxing-no-importa-una-mierda-si-no-estas-entrenando-el-cuello,REWRITE,,4.7-translation,high,0-prelaunch-noGSC
/d/12387-aumentar-estatura,REWRITE,,4.7-translation,high,0-prelaunch-noGSC
/d/12414-11-formas-de-aumentar-la-hormona-del-crecimiento-gh-y-el-factor-de-crecimiento-similar-a-la-insulina-1-igf-1,REWRITE,,4.5-dosing-strip+4.7-translation,med,0-prelaunch-noGSC
/d/12416-como-el-protector-bucal-hizo-que-mis-pomulos-y-mandibula-se-marcaran-mas,REWRITE,,4.7-translation,high,0-prelaunch-noGSC
/d/12431-solo-necesitas-rinoplastia-en-estos-2-casos-de-lo-contrario-te-arruinara-la-cara,REWRITE,,4.7-translation,high,0-prelaunch-noGSC
/d/12448-hilo-guia-de-darktriadmaxx,REWRITE,,4.7-translation,high,0-prelaunch-noGSC
/d/12477-como-conseguir-hunter-eyes-permanentemente-sin-mamadas,REWRITE,,4.5-DIY-reframe+4.7-translation,med,0-prelaunch-noGSC
/d/12498-como-evitar-los-xenoestrogenos,REMOVE_URGENT,/t/looksmaxing,4.5-sourcing-controlled-substance,high,0-prelaunch-noGSC
/d/12509-pectus-excavatum-update-a-los-60-dias-de-la-cirugia-una-guia-para-quien-quiera-corregirselo,REWRITE,,4.7-translation,high,0-prelaunch-noGSC
/d/12511-algunas-formas-de-hacer-el-ayuno-intermitente-mas-beneficioso-y-facil,REWRITE,,4.5-DIY-reframe+4.7-translation,med,0-prelaunch-noGSC
/d/12576-como-moggear-en-las-fotos,REWRITE,,4.7-translation,high,0-prelaunch-noGSC
/d/12657-los-mejores-y-peores-lugares-para-acercarte-a-una-chica,REWRITE,,4.7-translation,high,0-prelaunch-noGSC
/d/12673-calculadora-de-atractivo-que-de-verdad-tiene-sentido,REWRITE,,4.7-translation,high,0-prelaunch-noGSC
/d/12679-guia-para-pestanas-y-cejas-moggeras,REWRITE,,4.7-translation,high,0-prelaunch-noGSC
/d/12725-la-guia-definitiva-para-charismamaxxing-dominando-el-lenguaje-corporal-la-tonalidad-de-voz-y-el-humor,REWRITE,,4.7-translation,high,0-prelaunch-noGSC
/d/12729-como-hacer-que-tu-perfil-de-citas-sea-nt,REWRITE,,4.7-translation,high,0-prelaunch-noGSC
/d/12756-la-manera-mas-rapida-de-crecer-tu-instagram-automaticamente-para-principiantes-guia-oficial-2023,REWRITE,,4.7-translation,high,0-prelaunch-noGSC
/d/12763-clasificacion-de-formas-de-looksmaxxing-de-mas-util-a-inutil-ejemplos,REWRITE,,4.5-DIY-reframe+4.7-translation,med,0-prelaunch-noGSC
/d/12787-trucos-de-tinder-para-ligarte-milfs,REWRITE,,4.7-translation,high,0-prelaunch-noGSC
/d/12816-guia-de-un-greycel-para-ser-mas-social-guia-13-volverse-popular,REWRITE,,4.7-translation,high,0-prelaunch-noGSC
/d/12839-guia-completa-de-softmaxing,REWRITE,,4.5-dosing-strip+4.7-translation,med,0-prelaunch-noGSC
/d/12857-guia-definitiva-de-softmaxing-nunca-antes-vista,REWRITE,,4.5-DIY-reframe+4.7-translation,med,0-prelaunch-noGSC
/d/12872-la-guia-ultimate-de-lipmaxxing-mas-real,REWRITE,,4.7-translation,high,0-prelaunch-noGSC
/d/12892-manipulacion-de-musculos-faciales-ep1-aumentarreducir-el-filtrum,REWRITE,,4.7-translation,high,0-prelaunch-noGSC
/d/12906-guia-como-actuar-como-un-modelo-masculino-en-publico-comportamiento-potencialmente-turboaspie-incluido,REWRITE,,4.7-translation,high,0-prelaunch-noGSC
/d/12909-guia-de-colorimetria-entiende-la-colorimetria-ideal-y-maneras-de-mejorar-tu-colorimetria-remasterizado,REWRITE,,4.7-translation,high,0-prelaunch-noGSC
/d/12912-hacer-catfish-como-una-gigastacy-con-el-sex-appeal-maxeado-mi-mini-guia-de-alto-iq-desde-experiencia-personal,REWRITE,,4.7-translation,high,0-prelaunch-noGSC
/d/12926-como-coger-una-guia-practica,REWRITE,,4.7-translation,high,0-prelaunch-noGSC
/d/12975-la-guia-definitiva-de-estilos-de-cabello,REWRITE,,4.7-translation,high,0-prelaunch-noGSC
/d/12978-la-unica-guia-de-cabello-que-vas-a-necesitar-en-tu-vida-garantizado,REWRITE,,4.7-translation,high,0-prelaunch-noGSC
/d/12985-aclarado-de-piel-un-enfoque-cientifico-para-lograr-los-resultados-deseados,REWRITE,,4.7-translation,high,0-prelaunch-noGSC
/d/12993-guia-roidmaxx-manten-tu-cabello,REMOVE_URGENT,/t/anabolicos,4.5-sourcing-controlled-substance,high,0-prelaunch-noGSC
/d/13013-tabla-de-altura-precisa,REWRITE,,4.7-translation,high,0-prelaunch-noGSC
/d/13040-looksmax-subestimado-jewelrymaxxing,REWRITE,,4.7-translation,high,0-prelaunch-noGSC
/d/13057-la-chinpill-y-el-perfil-lateral-hundido,REWRITE,,4.7-translation,high,0-prelaunch-noGSC
/d/13060-como-hacer-framemaxx-legitimamente-guia-mega-thread,REMOVE_URGENT,/t/looksmaxing,4.5-sourcing-controlled-substance,high,0-prelaunch-noGSC
/d/13071-como-deshinchar-tu-cara-muy-rapido-guia-rapida,REWRITE,,4.7-translation,high,0-prelaunch-noGSC
/d/13075-el-mewing-es-legitimo-con-pruebas-puberty-cels-gtfih,REWRITE,,4.7-translation,high,0-prelaunch-noGSC
/d/13096-la-guia-definitiva-de-tanmaxxing,REWRITE,,4.7-translation,high,0-prelaunch-noGSC
/d/13112-looksmaxxing-en-el-gym-101-todo-lo-que-necesitas-saber-sobre-el-desarrollo-de-la-figura,REWRITE,,4.7-translation,high,0-prelaunch-noGSC
/d/13117-2023-guia-mas-reciente-de-sarms,REWRITE,,4.5-dosing-strip+4.7-translation,med,0-prelaunch-noGSC
/d/13129-come-como-un-cavernicola-para-la-estetica-guia-de-dieta,REMOVE_URGENT,/t/looksmaxing,4.5-sourcing-controlled-substance,high,0-prelaunch-noGSC
/d/13144-como-hacer-mewing-correctamente-la-mejor-guia-de-mewing-del-internet,REWRITE,,4.7-translation,high,0-prelaunch-noGSC
/d/13168-la-unica-guia-de-cuidado-de-piel-que-jamas-necesitaras,REWRITE,,4.7-translation,high,0-prelaunch-noGSC
/d/13173-la-guia-definitiva-de-bronceado-para-un-tono-de-piel-mas-calido-y-deseable,REWRITE,,4.5-dosing-strip+4.7-translation,med,0-prelaunch-noGSC
/d/13175-hardmaxxes-del-area-de-los-ojos-con-ejemplos,REWRITE,,4.7-translation,high,0-prelaunch-noGSC
/d/13177-el-costo-de-arreglar-un-tercio-medio-largo-y-estrecho-es-200000,REWRITE,,4.7-translation,high,0-prelaunch-noGSC
/d/13194-como-leanmaxxing-rapido-legit-debes-verlo,REWRITE,,4.7-translation,high,0-prelaunch-noGSC
/d/13202-guia-de-ropemaxxing-heightmaxxing,REMOVE_URGENT,/t/looksmaxing,4.5-safety,high,0-prelaunch-noGSC
/d/13214-consigue-ipl-para-una-piel-eternamente-perfecta,REWRITE,,4.7-translation,high,0-prelaunch-noGSC
/d/13232-como-usar-el-porno-para-ascender,REWRITE,,4.7-translation,high,0-prelaunch-noGSC
/d/13241-simples-cosas-que-hacer-y-no-hacer-en-los-mensajes,REWRITE,,4.7-translation,high,0-prelaunch-noGSC
/d/13244-alto-esfuerzo-guia-sobre-los-lunares-por-que-existen-y-como-prevenirlosquitarlos-looksmax-quirurgico-barato,REWRITE,,4.5-dosing-strip+4.7-translation,med,0-prelaunch-noGSC
/d/13254-por-que-vitamina-d-y-magnesio-son-esenciales-y-los-has-estado-usando-mal,REMOVE_URGENT,/t/looksmaxing,4.5-sourcing-controlled-substance,high,0-prelaunch-noGSC
/d/13265-ntmaxxing-estrategias-para-parecer-mas-neurotipico-una-guia-completa,REWRITE,,4.7-translation,high,0-prelaunch-noGSC
/d/13282-una-revision-de-que-hace-que-una-cara-sea-femenina-y-que-no,REWRITE,,4.7-translation,high,0-prelaunch-noGSC
/d/13286-nsfw-deja-tu-adiccion-a-la-pornografia-y-asciende-gtfih,REWRITE,,4.7-translation,high,0-prelaunch-noGSC
/d/13305-como-textear-a-las-mujeres-verdad-de-alto-iqblackpill,REWRITE,,4.7-translation,high,0-prelaunch-noGSC
/d/13319-retinol-vs-tretinoina-guia-completa-y-comparacion,REWRITE,,4.7-translation,high,0-prelaunch-noGSC
/d/13355-leanmaxxing-extremo-metodo-de-sangria,REWRITE,,4.7-translation,high,0-prelaunch-noGSC
/d/13369-guia-definitiva-sin-mamadas-de-mejillas-hundidas-newcomers-gtfih,REWRITE,,4.5-dosing-strip+4.7-translation,med,0-prelaunch-noGSC
/d/13378-la-mejor-forma-de-crecer-mas-alto-cualquier-edad-guia-para-nuevos,REWRITE,,4.7-translation,high,0-prelaunch-noGSC
/d/13391-drenar-sangre-para-desintoxicar-tu-cuerpo,REWRITE,,4.5-DIY-reframe+4.7-translation,med,0-prelaunch-noGSC
/d/13401-guia-de-bonesmashing,CONSOLIDATE,/d/17376-la-guia-definitiva-de-bonesmashing,4.6-duplicate,high,0-prelaunch-noGSC
/d/13403-la-tretinoina-es-un-meme-mejor-dermarolea-2mm-y-exfolia-justo-despues,REMOVE_URGENT,/t/softmaxing,4.5-safety,high,0-prelaunch-noGSC
/d/13405-guia-de-universidades-de-eu-con-las-chicas-mas-facilesputas-y-mas-buenas-de-un-slayer-changlite-local,REMOVE_URGENT,/t/looksmaxing,4.5-safety,high,0-prelaunch-noGSC
/d/13407-2023-guia-secreta-de-hairmaxxing-por-arditi-miembros-nuevos-venganse-para-aca,REWRITE,,4.7-translation,high,0-prelaunch-noGSC
/d/13455-guia-definitiva-como-volverte-low-inhib-usando-drogas-legales-mi-experiencia-y-consejos,REMOVE_URGENT,/t/looksmaxing,4.5-safety,high,0-prelaunch-noGSC
/d/13477-la-leche-y-las-hormonas,REMOVE_URGENT,/t/looksmaxing,4.5-safety,high,0-prelaunch-noGSC
/d/13483-como-manipular-a-las-mujeres-usando-su-ciclo-menstrual-bien-facil,REWRITE,,4.5-dosing-strip+4.7-translation,med,0-prelaunch-noGSC
/d/13488-si-sufres-de-trastorno-de-atm-acufenos-y-dolor-nervioso-en-el-cuello-junto-con-sfs-lee-este-articulo,REWRITE,,4.7-translation,high,0-prelaunch-noGSC
/d/13501-recuerda-siempre-ocultar-tus-esfuerzos,REWRITE,,4.7-translation,high,0-prelaunch-noGSC
/d/13508-testmaxx-definitivo-enfoques-poco-comunes-para-amplificar-niveles-de-t-gtfih-megahilo,REWRITE,,4.5-dosing-strip+4.7-translation,med,0-prelaunch-noGSC
/d/13510-edicion-fashionmaxxing-de-presupuesto-gtfih,REWRITE,,4.7-translation,high,0-prelaunch-noGSC
/d/13518-gymmax-actualizado,REWRITE,,4.5-dosing-strip+4.7-translation,med,0-prelaunch-noGSC
/d/13527-como-edgarmaxxear-latinocels-gtfih,REWRITE,,4.7-translation,high,0-prelaunch-noGSC
/d/13558-metodo-natural-de-buen-sueno,REWRITE,,4.7-translation,high,0-prelaunch-noGSC
/d/13577-guia-basica-para-trasplantes-de-cabello,REWRITE,,4.7-translation,high,0-prelaunch-noGSC
/d/13580-deepvoice-max-definitivo,REWRITE,,4.7-translation,high,0-prelaunch-noGSC
/d/13611-la-mejor-guia-de-softmaxxing,REWRITE,,4.7-translation,high,0-prelaunch-noGSC
/d/13622-chat-gpt-confirma-el-bonesmashing,REWRITE,,4.5-DIY-reframe+4.7-translation,med,0-prelaunch-noGSC
/d/13624-aumenta-tu-testosterona-a-traves-de-este-plan-de-entrenamiento-basado-en-ciencia,REWRITE,,4.5-dosing-strip+4.7-translation,med,0-prelaunch-noGSC
/d/13631-si-tienes-cabello-negro-natural-debes-aclararlo-a-castano-inmediatamente-ethnics-gtfih,REWRITE,,4.5-DIY-reframe+4.7-translation,med,0-prelaunch-noGSC
/d/13664-miniguia-como-pasar-de-semi-hooded-a-fully-hooded-metodo-nunca-antes-mostrado,REWRITE,,4.7-translation,high,0-prelaunch-noGSC
/d/13731-guia-de-calistenia-con-rutinas-para-brokecels,REWRITE,,4.7-translation,high,0-prelaunch-noGSC
/d/13752-el-metodo-del-ballooning-peneano-mina-de-oro-perdida-de-lookism-metanse-aqui,REWRITE,,4.5-dosing-strip+4.7-translation,med,0-prelaunch-noGSC
/d/13765-como-cambiar-tu-mandibula-por-completo-en-9-meses-softmaxx-con-fotos,REWRITE,,4.7-translation,high,0-prelaunch-noGSC
/d/13770-como-ser-low-inhib-inhibcels-altos-metanse-aqui,REMOVE_URGENT,/t/looksmaxing,4.5-sourcing-controlled-substance,high,0-prelaunch-noGSC
/d/13788-guia-para-la-buena-salud-healthmaxxing,REWRITE,,4.5-dosing-strip+4.7-translation,med,0-prelaunch-noGSC
/d/13794-por-esto-no-tienes-las-mejillas-hundidas,REWRITE,,4.7-translation,high,0-prelaunch-noGSC
/d/13811-solucion-final-como-deshacerte-de-los-granitos-de-la-rasurada-para-siempre,REWRITE,,4.7-translation,high,0-prelaunch-noGSC
/d/13836-deberiamos-aspirar-a-la-armonia-como-normie,REWRITE,,4.7-translation,high,0-prelaunch-noGSC
/d/13851-disminuyendo-prolactina-aumentando-dopamina-naturalmente-high-inhibcells-gtfi,REMOVE_URGENT,/t/looksmaxing,4.5-sourcing-controlled-substance,high,0-prelaunch-noGSC
/d/13864-como-curar-el-autismo-mega-hilo-lee-o-eres-gay-botb,REWRITE,,4.7-translation,high,0-prelaunch-noGSC
/d/13866-guia-de-skinmaxxing-sin-mamadas-efectiva-simple-y-respaldada-por-la-ciencia,REWRITE,,4.7-translation,high,0-prelaunch-noGSC
/d/13868-guia-definitiva-de-werewolfmaxxing,REWRITE,,4.5-dosing-strip+4.7-translation,med,0-prelaunch-noGSC
/d/13871-la-guia-de-3-pasos-de-mixedmogger-muy-simple-muy-facil-muy-efectiva-para-slayear-en-la-prepa,REWRITE,,4.7-translation,high,0-prelaunch-noGSC
/d/13888-nuevo-peptido-cosmetico-para-colagenopiel-perfecta,REWRITE,,4.5-dosing-strip+4.7-translation,med,0-prelaunch-noGSC
/d/13910-mejor-stack-para-heightmaxxing-cubriendo-todo,REWRITE,,4.5-dosing-strip+4.7-translation,med,0-prelaunch-noGSC
/d/13920-soluciones-de-softmaxxing-para-cara-de-caballocara-angosta,REWRITE,,4.7-translation,high,0-prelaunch-noGSC
/d/13922-la-proyeccion-maxilar-superior-es-la-clave-de-la-estetica,REWRITE,,4.7-translation,high,0-prelaunch-noGSC
/d/13926-guia-de-scleramaxxing-de-dannydipss,REWRITE,,4.7-translation,high,0-prelaunch-noGSC
/d/13979-regimen-de-softmaxx-que-me-ascendio-de-mejor-amigo-a-novio,REWRITE,,4.7-translation,high,0-prelaunch-noGSC
/d/13981-como-conseguir-fotos-desnudas-de-chicas,REWRITE,,4.7-translation,high,0-prelaunch-noGSC
/d/13992-el-tipo-de-cuerpo-masculino-ideal-segun-las-mujeresbonytobeastly,REWRITE,,4.7-translation,high,0-prelaunch-noGSC
/d/14018-como-aprovechar-mse-y-face-mask,REMOVE_URGENT,/t/hardmaxing,4.5-sourcing-controlled-substance,high,0-prelaunch-noGSC
/d/14028-referencia-rapida-de-sarms-para-gymcels-novatos-retrasados,REMOVE_URGENT,/t/anabolicos,4.5-sourcing-controlled-substance,high,0-prelaunch-noGSC
/d/14029-crecimiento-milagroso-de-cabello-en-solo-un-periodo-de-38-dias-de-nofap-explicado-resultados-fotos,REWRITE,,4.5-dosing-strip+4.7-translation,med,0-prelaunch-noGSC
/d/14033-como-vivir-lo-mas-posible-thread,REWRITE,,4.7-translation,high,0-prelaunch-noGSC
/d/14047-nombres-para-cambiar-tu-nombre-legal-que-te-hacen-instantaneamente-mas-atractivo,REWRITE,,4.7-translation,high,0-prelaunch-noGSC
/d/14050-plan-de-ascension,REWRITE,,4.5-DIY-reframe+4.7-translation,med,0-prelaunch-noGSC
/d/14052-el-perfume-masculino-mas-sexy-2023,REWRITE,,4.5-DIY-reframe+4.7-translation,med,0-prelaunch-noGSC
/d/14054-encontre-una-forma-de-desinflar,REWRITE,,4.7-translation,high,0-prelaunch-noGSC
/d/14057-la-guia-definitiva-de-vampiremaxxing,REWRITE,,4.7-translation,high,0-prelaunch-noGSC
/d/14068-como-ascender-con-la-ayuda-de-aparatos-de-ortodoncia,REWRITE,,4.5-DIY-reframe+4.7-translation,med,0-prelaunch-noGSC
/d/14085-escala-de-psl-para-la-preparatoria,REWRITE,,4.7-translation,high,0-prelaunch-noGSC
/d/14093-guia-de-fragrance-maxing-las-mejores-fragancias-y-punto-elecciones-obvias,REWRITE,,4.7-translation,high,0-prelaunch-noGSC
/d/14105-guia-completa-de-suplementos-diseno-simple,REWRITE,,4.5-DIY-reframe+4.7-translation,med,0-prelaunch-noGSC
/d/14107-mixedmogger-filtra-el-curso-de-mewingworld,REWRITE,,4.7-translation,high,0-prelaunch-noGSC
/d/14112-considera-los-suplementos-de-colageno-el-mejor-y-mas-barato-es-la-grenetina,REWRITE,,4.7-translation,high,0-prelaunch-noGSC
/d/14117-desbloqueando-el-poder-de-los-huevos-tu-guia-definitiva-para-la-salud-y-el-bienestar,REMOVE_URGENT,/t/looksmaxing,4.5-sourcing-controlled-substance,high,0-prelaunch-noGSC
/d/14118-como-conquistar-a-las-morras-en-los-clubs-del-uk,REWRITE,,4.7-translation,high,0-prelaunch-noGSC
/d/14120-como-arreglar-tus-dientes-y-por-lo-tanto-tu-mandibula,REWRITE,,4.5-DIY-reframe+4.7-translation,med,0-prelaunch-noGSC
/d/14138-hormonas-importantes-para-construir-musculo-y-tips-sobre-como-mejorarlas,REWRITE,,4.5-dosing-strip+4.7-translation,med,0-prelaunch-noGSC
/d/14141-guia-loca-de-instagram-maxing-la-mejor-jamas-escrita-entrevista-con-mark-zuckerberg,REWRITE,,4.7-translation,high,0-prelaunch-noGSC
/d/14167-como-volverte-low-inhib-de-forma-natural,REWRITE,,4.7-translation,high,0-prelaunch-noGSC
/d/14170-megaguia-para-reducir-uee,REWRITE,,4.7-translation,high,0-prelaunch-noGSC
/d/14176-una-guia-completa-sobre-la-hidroquinona-blanqueamiento-de-la-piel,REWRITE,,4.5-dosing-strip+4.7-translation,med,0-prelaunch-noGSC
/d/14195-como-lograr-el-arquetipo-del-antiheroe,REWRITE,,4.7-translation,high,0-prelaunch-noGSC
/d/14205-la-formula-para-la-ascension,REWRITE,,4.7-translation,high,0-prelaunch-noGSC
/d/14215-haz-que-tus-niveles-de-hgh-e-igf-1-se-disparen-naturalmente-con-poco-esfuerzo,REWRITE,,4.5-dosing-strip+4.7-translation,med,0-prelaunch-noGSC
/d/14242-como-cagar-una-guia-detallada,REWRITE,,4.7-translation,high,0-prelaunch-noGSC
/d/14247-guia-completa-de-rad-140-gymcels-entren-aqui,REWRITE,,4.5-dosing-strip+4.7-translation,med,0-prelaunch-noGSC
/d/14258-guia-de-personalitymaxxing-botb-celebracion-del-post-numero-100,REWRITE,,4.7-translation,high,0-prelaunch-noGSC
/d/14261-lista-de-rangos-de-alimentos,REWRITE,,4.7-translation,high,0-prelaunch-noGSC
/d/14284-como-mejorar-tu-pensamiento-cognitivo,REMOVE_URGENT,/t/looksmaxing,4.5-sourcing-controlled-substance,high,0-prelaunch-noGSC
/d/14308-7-aromas-que-te-hacen-mas-atractivo-segun-la-ciencia,REMOVE_URGENT,/t/softmaxing,4.5-sourcing-controlled-substance,high,0-prelaunch-noGSC
/d/14320-15-mejores-alimentos-para-potenciar-los-niveles-de-dht-gtfih,REMOVE_URGENT,/t/anabolicos,4.5-sourcing-controlled-substance,high,0-prelaunch-noGSC
/d/14322-como-manipular-y-coger-con-cualquier-chava-usando-su-ciclo-menstrual-y-la-ciencia-bien-facil,REWRITE,,4.5-dosing-strip+4.7-translation,med,0-prelaunch-noGSC
/d/14329-dark-triad-explicado,REWRITE,,4.5-dosing-strip+4.7-translation,med,0-prelaunch-noGSC
/d/14330-guia-definitiva-de-kpopmaxxing-de-un-gookologo-util-hasta-para-no-gooks-entren-aqui,REWRITE,,4.7-translation,high,0-prelaunch-noGSC
/d/14334-mejores-ejercicios-para-desarrollar-brazos-de-superheroe-nuevo-metodo,REWRITE,,4.7-translation,high,0-prelaunch-noGSC
/d/14336-los-graycelis-necesitan-darse-cuenta-de-que-significa-realmente-la-triada-oscura,REWRITE,,4.7-translation,high,0-prelaunch-noGSC
/d/14340-accutane-para-principiantes,REMOVE_URGENT,/t/looksmaxing,4.5-sourcing-controlled-substance,high,0-prelaunch-noGSC
/d/14344-ustedes-cabrones-no-saben-como-funciona-un-trasplante-de-cabello,REWRITE,,4.7-translation,high,0-prelaunch-noGSC
/d/14354-como-aprender-y-usar-la-mirada-femenina,REWRITE,,4.7-translation,high,0-prelaunch-noGSC
/d/14356-como-calificar-tu-atraccion-facial,REWRITE,,4.7-translation,high,0-prelaunch-noGSC
/d/14357-manten-bajo-tu-nivel-de-cortisol,REWRITE,,4.7-translation,high,0-prelaunch-noGSC
/d/14359-una-guia-para-manejar-la-ginecomastia-con-farmacos,REWRITE,,4.5-dosing-strip+4.7-translation,med,0-prelaunch-noGSC
/d/14362-como-esto-todos-los-dias,REWRITE,,4.5-dosing-strip+4.7-translation,med,0-prelaunch-noGSC
/d/14387-guia-para-dejar-de-desarrollar-oneitis-y-ser-autentico-y-tener-abundancia,REWRITE,,4.7-translation,high,0-prelaunch-noGSC
/d/14388-los-softmaxxes-mas-efectivos-a-disposicion-de-un-incel,REWRITE,,4.5-DIY-reframe+4.7-translation,med,0-prelaunch-noGSC
/d/14394-la-guia-definitiva-de-manipulacionpsicologia-oscura-parte-1,REWRITE,,4.7-translation,high,0-prelaunch-noGSC
/d/14395-la-guia-definitiva-para-hacerte-una-chaqueta,REWRITE,,4.7-translation,high,0-prelaunch-noGSC
/d/14402-los-mejores-aromas-para-atraer-mujeres,REWRITE,,4.7-translation,high,0-prelaunch-noGSC
/d/14410-,REWRITE,,4.7-translation,high,0-prelaunch-noGSC
/d/14413-la-guia-definitiva-natural-para-un-buen-tamano-de-v,REMOVE_URGENT,/t/looksmaxing,4.5-sourcing-controlled-substance,high,0-prelaunch-noGSC
/d/14428-como-profundizar-tu-voz-mediante-el-canto,REWRITE,,4.7-translation,high,0-prelaunch-noGSC
/d/14456-lo-unico-en-lo-que-los-chavos-deben-enfocarse-durante-sus-anos-de-desarrollo-youngcels-gtfih,REMOVE_URGENT,/t/looksmaxing,4.5-sourcing-controlled-substance,high,0-prelaunch-noGSC
/d/14466-la-guia-realmente-simplificada-para-eliminar-las-ojeras,REWRITE,,4.5-dosing-strip+4.7-translation,med,0-prelaunch-noGSC
/d/14468-booty-maxing-101-guia-completa-para-construir-un-culo-de-slayer,REWRITE,,4.5-dosing-strip+4.7-translation,med,0-prelaunch-noGSC
/d/14472-metete-aqui-ya-si-tienes-nariz-de-judio,REWRITE,,4.7-translation,high,0-prelaunch-noGSC
/d/14478-guia-de-semenmaxxing-y-spermaxxing-una-guia-para-mejorar-la-fertilidad-masculina-y-eyacular-mas,REWRITE,,4.5-dosing-strip+4.7-translation,med,0-prelaunch-noGSC
/d/14499-guia-completa-de-looksmaxxing,CONSOLIDATE,/d/9837-guia-completa-de-looksmaxxing,4.6-duplicate,high,0-prelaunch-noGSC
/d/14516-como-ser-un-macho-alfa-guia-oficial-betas-vayanse,REWRITE,,4.7-translation,high,0-prelaunch-noGSC
/d/14541-looksmaxxing-presupuestado-guia-definitiva-para-pobretones-entren-pelados,REWRITE,,4.7-translation,high,0-prelaunch-noGSC
/d/14542-como-replicar-la-luz-solar-de-espectro-completo-en-interiores-la-prueba-definitiva-de-focos-con-datos,REMOVE_URGENT,/t/softmaxing,4.5-sourcing-controlled-substance,high,0-prelaunch-noGSC
/d/14548-mi-plan-para-ligar-con-chicas-altemoartsy-en-mi-ciudad,REWRITE,,4.7-translation,high,0-prelaunch-noGSC
/d/14550-como-cualquiera-puede-conseguir-mejillas-hundidas-por-menos-de-100-no-en-serio,REMOVE_URGENT,/t/softmaxing,4.5-sourcing-controlled-substance,high,0-prelaunch-noGSC
/d/14580-el-eyelid-pulling-funciona-para-reducir-la-exposicion-del-parpado-superior,REWRITE,,4.7-translation,high,0-prelaunch-noGSC
/d/14598-todos-los-que-les-cuesta-conciliar-el-sueno-metanse-mini-guia,REWRITE,,4.7-translation,high,0-prelaunch-noGSC
/d/14604-la-guia-definitiva-para-un-digital-detox,REWRITE,,4.7-translation,high,0-prelaunch-noGSC
/d/14609-optimizando-la-produccion-natural-de-testosterona,REWRITE,,4.5-dosing-strip+4.7-translation,med,0-prelaunch-noGSC
/d/14616-guia-mas-basada-para-estar-jacked-dejar-de-escuchar-homosexuales,REWRITE,,4.5-dosing-strip+4.7-translation,med,0-prelaunch-noGSC
/d/14617-como-conseguir-bitches-edicion-bbc,REWRITE,,4.7-translation,high,0-prelaunch-noGSC
/d/14621-el-jugo-de-naranja-deshincha-tu-cara,REWRITE,,4.5-dosing-strip+4.7-translation,med,0-prelaunch-noGSC
/d/14636-explicacion-completa-sobre-la-ley-de-wolff,REWRITE,,4.7-translation,high,0-prelaunch-noGSC
/d/14639-evita-los-efectos-secundarios-del-minoxidil-colageno,REWRITE,,4.7-translation,high,0-prelaunch-noGSC
/d/14668-como-medir-tu-ratio-con-el-escalado-de-pixeles,REWRITE,,4.7-translation,high,0-prelaunch-noGSC
/d/14670-consejos-para-selfies-del-goat,REWRITE,,4.7-translation,high,0-prelaunch-noGSC
/d/14702-guia-a-prueba-de-todo-para-ser-un-slayer-en-30-dias-lifefuel-nt,REWRITE,,4.7-translation,high,0-prelaunch-noGSC
/d/14706-una-guia-de-softmaxxing-para-ipdcels-bajos-olvidate-de-tu-sueno-guajiro-de-las-obo,REWRITE,,4.7-translation,high,0-prelaunch-noGSC
/d/14737-lo-que-necesitas-para-triunfar-en-2023,REWRITE,,4.7-translation,high,0-prelaunch-noGSC
/d/14746-mi-primer-analisis-facial,REWRITE,,4.7-translation,high,0-prelaunch-noGSC
/d/14772-guia-completa-sobre-la-tretinoina-como-usarla-de-la-mejor-forma,REWRITE,,4.7-translation,high,0-prelaunch-noGSC
/d/14812-lista-de-dificultad-de-feature-maxxing,REWRITE,,4.7-translation,high,0-prelaunch-noGSC
/d/14824-fraudear-estatura-101-manlets-entren-ya,REWRITE,,4.7-translation,high,0-prelaunch-noGSC
/d/14828-guia-de-calificacion-para-subhumano-ltnb-mtnb-htnb-chadstacylite-chadstacy-gigachadgigastacy,REWRITE,,4.5-dosing-strip+4.7-translation,med,0-prelaunch-noGSC
/d/14829-este-hilo-va-a-cambiar-tu-viaje-de-looksmaxxing-se-que-estara-en-la-junta-botb,REWRITE,,4.7-translation,high,0-prelaunch-noGSC
/d/14836-guia-como-reducir-las-ojeras-bajo-los-ojos-version-de-bajo-costo,REWRITE,,4.7-translation,high,0-prelaunch-noGSC
/d/14851-la-mejor-escala-de-rating-por-aspiringchanglite,REWRITE,,4.7-translation,high,0-prelaunch-noGSC
/d/14861-reduciendo-arrugas-con-la-edad,REWRITE,,4.5-DIY-reframe+4.7-translation,med,0-prelaunch-noGSC
/d/14862-todo-en-uno-guia-de-hookupnoviasocialcirclemaxxing-para-mtn,REWRITE,,4.7-translation,high,0-prelaunch-noGSC
/d/14867-guia-basica-de-cuidado-de-la-piel-para-principiantes,REWRITE,,4.5-dosing-strip+4.7-translation,med,0-prelaunch-noGSC
/d/14892-nuevo-metodo-de-thumb-pulling,REWRITE,,4.7-translation,high,0-prelaunch-noGSC
/d/14911-como-saber-realmente-como-te-ves-distorsioncels-de-lente-larguense-a-la-verga,REWRITE,,4.7-translation,high,0-prelaunch-noGSC
/d/14926-guia-detallada-de-estiramientos-para-una-mejor-postura,REWRITE,,4.7-translation,high,0-prelaunch-noGSC
/d/15039-como-conquistar-chicas-segun-un-tipo-con-2500-matches-en-hinge,REWRITE,,4.7-translation,high,0-prelaunch-noGSC
/d/15047-dejar-la-pornografia-es-facil-de-verdad,REWRITE,,4.7-translation,high,0-prelaunch-noGSC
/d/15049-guia-para-ligar-con-viejas,REWRITE,,4.7-translation,high,0-prelaunch-noGSC
/d/15056-guia-de-terapia-post-ciclo,REWRITE,,4.5-dosing-strip+4.7-translation,med,0-prelaunch-noGSC
/d/15071-impacto-del-igf-1-testosterona-en-estructura-osea-y-desarrollo-consejo-extra,REWRITE,,4.5-dosing-strip+4.7-translation,med,0-prelaunch-noGSC
/d/15074-por-que-la-dht-no-causa-caida-de-cabello,REWRITE,,4.5-dosing-strip+4.7-translation,med,0-prelaunch-noGSC
/d/15088-vitaminmaxing-como-las-vitaminas-pueden-cambiar-tu-vida,REMOVE_URGENT,/t/softmaxing,4.5-sourcing-controlled-substance,high,0-prelaunch-noGSC
/d/15147-como-conseguir-dreads-tipo-tiktok-que-de-verdad-se-vean-bien-blackcels-gtfih,REWRITE,,4.7-translation,high,0-prelaunch-noGSC
/d/15169-guia-definitiva-de-cejas-sin-mamadas,REWRITE,,4.7-translation,high,0-prelaunch-noGSC
/d/15177-9-cosas-que-las-mujeres-notan-primero,REWRITE,,4.7-translation,high,0-prelaunch-noGSC
/d/15202-como-realmente-deshacerse-del-acne-de-una-vez-por-todas-sin-accutane-sin-giladas-que-alguien-entre,REMOVE_URGENT,/t/softmaxing,4.5-sourcing-controlled-substance,high,0-prelaunch-noGSC
/d/15218-calificaciones-psl-objetivas-para-los-mas-extremos,REWRITE,,4.7-translation,high,0-prelaunch-noGSC
/d/15222-como-conseguir-una-mejor-maxila,REWRITE,,4.5-dosing-strip+4.7-translation,med,0-prelaunch-noGSC
/d/15225-elimina-el-acne-acne-quistico-en-semanas-con-poco-dinero,REWRITE,,4.7-translation,high,0-prelaunch-noGSC
/d/15257-guia-completa-de-cuidado-de-la-piel-aprobada-por-desviados-sexuales-de-sephoramaxxing,REWRITE,,4.7-translation,high,0-prelaunch-noGSC
/d/15261-rutina-postural-de-5-minutos-perfecta-arregla-tu-postura-subhumana,REWRITE,,4.7-translation,high,0-prelaunch-noGSC
/d/15284-rasgos-de-la-triada-oscura-que-hacen-que-las-mujeres-se-vengan-guia-completa-de-looksmaxxing-de-la-triada-oscura-fisico-y-no-fisico,REWRITE,,4.7-translation,high,0-prelaunch-noGSC
/d/15301-jerarquia-de-estetica-breve-y-actualizada-ideal-para-principiantes,REWRITE,,4.7-translation,high,0-prelaunch-noGSC
/d/15313-guia-cientifica-sobre-somatostatina-e-importancia-en-heightmaxxing-alto-esfuerzo,REWRITE,,4.5-dosing-strip+4.7-translation,med,0-prelaunch-noGSC
/d/15344-como-heightfraudear-obligatorio-si-mides-menos-de-6,REWRITE,,4.7-translation,high,0-prelaunch-noGSC
/d/15356-el-sodio-bajo-es-peor-para-la-retencion-de-agua-debloaters-metanse-aqui,REWRITE,,4.7-translation,high,0-prelaunch-noGSC
/d/15360-aprovecha-la-ventaja-de-la-pubertad-los-factores-mas-importantes-durante-la-pubertad,REWRITE,,4.7-translation,high,0-prelaunch-noGSC
/d/15375-rutinas-de-entrenamiento-de-jeff-seid-consigue-el-cuerpo-de-tus-suenos-en-2024,REWRITE,,4.7-translation,high,0-prelaunch-noGSC
/d/15425-fragancias-para-hombres-la-unica-guia-que-necesitaras,REWRITE,,4.7-translation,high,0-prelaunch-noGSC
/d/15480-caida-de-cabello-masculina-ciencia-tratamiento-efectos-secundarios-futuro,REWRITE,,4.5-dosing-strip+4.7-translation,med,0-prelaunch-noGSC
/d/15495-la-mirada-femenina-esta-malentendida,REWRITE,,4.7-translation,high,0-prelaunch-noGSC
/d/15513-los-looks-masculinos-mas-atractivos-para-mujeres-por-rango-de-edad-guia-completa,REWRITE,,4.7-translation,high,0-prelaunch-noGSC
/d/15516-masticar-para-una-mejor-estetica-facial,REWRITE,,4.5-dosing-strip+4.7-translation,med,0-prelaunch-noGSC
/d/15519-los-incels-a-menudo-me-preguntan-como-acercarse-a-las-mujeres,REWRITE,,4.7-translation,high,0-prelaunch-noGSC
/d/15524-escenarios-de-fraude-con-lentes-de-contacto,REWRITE,,4.7-translation,high,0-prelaunch-noGSC
/d/15548-como-conseguir-un-craneo-blanco-siendo-etnico-parte-1-asiatico,REWRITE,,4.5-DIY-reframe+4.7-translation,med,0-prelaunch-noGSC
/d/15561-como-crecer-13cm-en-6-meses-sin-cirugia-con-placas-de-crecimiento-cerradas,REWRITE,,4.5-DIY-reframe+4.7-translation,med,0-prelaunch-noGSC
/d/15601-guia-para-arreglar-la-asimetria-de-cejas-guia-completa-de-looksmaxx,REWRITE,,4.7-translation,high,0-prelaunch-noGSC
/d/15625-tu-altura-es-buena-entra-aqui-para-descubrirlo,REWRITE,,4.7-translation,high,0-prelaunch-noGSC
/d/15638-como-estoy-venciendo-el-acne-y-como-podrias-hacerlo-tu-tambien,REMOVE_URGENT,/t/softmaxing,4.5-safety,high,0-prelaunch-noGSC
/d/15649-alto-esfuerzo-ranking-de-estilos-de-fitness-fatcels-y-framecells-gtfih-softmaxxing,REWRITE,,4.7-translation,high,0-prelaunch-noGSC
/d/15670-como-fraudo-72-cm-viendome-nt-sin-riesgo-de-que-me-atrapen,REWRITE,,4.7-translation,high,0-prelaunch-noGSC
/d/15689-califica-mi-esteticacomo-ponerse-bien-jodidamente-grande-para-mojar-a-las-mujeres,REWRITE,,4.7-translation,high,0-prelaunch-noGSC
/d/15693-es-seguro-tomar-minoxidil-topico-aqui-esta-el-porque,REWRITE,,4.5-dosing-strip+4.7-translation,med,0-prelaunch-noGSC
/d/15727-antienvejecimiento-una-guia-para-combatir-la-indefectable-pildora-de-la-edad,REWRITE,,4.7-translation,high,0-prelaunch-noGSC
/d/15764-puedes-saber-si-una-foid-va-a-estar-atraida-a-ti-o-no-solo-por-como-se-ve,REWRITE,,4.5-dosing-strip+4.7-translation,med,0-prelaunch-noGSC
/d/15765-tomate-la-pildora-del-colesterol-testmaxxers-metanse-aqui-ya-carajo,REWRITE,,4.7-translation,high,0-prelaunch-noGSC
/d/15787-dopamina-la-hormona-de-los-superhombres,REWRITE,,4.5-dosing-strip+4.7-translation,med,0-prelaunch-noGSC
/d/15799-metodo-probado-para-elevar-el-hueso-hioides-parte-2,REWRITE,,4.7-translation,high,0-prelaunch-noGSC
/d/15815-patrones-de-masticacion-modificados,REWRITE,,4.5-dosing-strip+4.7-translation,med,0-prelaunch-noGSC
/d/15836-importante-balance-de-aminoacidos,REMOVE_URGENT,/t/looksmaxing,4.5-sourcing-controlled-substance,high,0-prelaunch-noGSC
/d/15865-guia-para-corregir-la-asimetria-facial,REWRITE,,4.7-translation,high,0-prelaunch-noGSC
/d/15867-roidmaxxing-sin-roids-t-maxxing-leer-ahora-obligatorio,REWRITE,,4.5-dosing-strip+4.7-translation,med,0-prelaunch-noGSC
/d/15900-forma-infalible-de-saber-si-tu-oneitis-te-gusta,REWRITE,,4.7-translation,high,0-prelaunch-noGSC
/d/15903-mi-ciclo-de-esteroides-favorito-para-principiantes-de-un-roidcel-con-experiencia-con-fotos,REMOVE_URGENT,/t/anabolicos,4.5-sourcing-controlled-substance,high,0-prelaunch-noGSC
/d/15939-lo-que-dice-la-ciencia-sobre-aumentar-la-testosterona-con-ejercicio,REWRITE,,4.5-dosing-strip+4.7-translation,med,0-prelaunch-noGSC
/d/15953-bloodmaxxing-una-guia-profunda-sobre-la-circulacion-sanguinea,REWRITE,,4.5-dosing-strip+4.7-translation,med,0-prelaunch-noGSC
/d/15980-como-sanar-la-piel-sin-productos-ni-accutane-con-fotos,REWRITE,,4.7-translation,high,0-prelaunch-noGSC
/d/15983-el-tutorial-de-makeupmaxxing-para-hombres-mas-completo-de-todo-el-internet-version-completa,REWRITE,,4.7-translation,high,0-prelaunch-noGSC
/d/15994-guia-de-looksmaxxing-para-low-ipd-cels-alto-iq,REWRITE,,4.7-translation,high,0-prelaunch-noGSC
/d/16008-como-hacer-semenesperma-maxx-para-el-maximo-placer-eyaculatorio,REWRITE,,4.7-translation,high,0-prelaunch-noGSC
/d/16048-la-fibra-dietetica-esta-muy-subestimada-y-deberia-aumentarse-significativamente-en-la-dieta,REMOVE_URGENT,/t/looksmaxing,4.5-sourcing-controlled-substance,high,0-prelaunch-noGSC
/d/16069-las-caras-masculinas-feminizadas-son-las-mas-atractivas-para-caucasicos-japoneses,REWRITE,,4.7-translation,high,0-prelaunch-noGSC
/d/16071-vestirse-para-el-maximo-female-gaze,REWRITE,,4.7-translation,high,0-prelaunch-noGSC
/d/16082-mi-guia-para-levantadores-naturales-sobre-ponerse-aesthetic-hilo-gymcel,REWRITE,,4.5-dosing-strip+4.7-translation,med,0-prelaunch-noGSC
/d/16087-teoria-nt-looks-por-que-chico-es-atractivo-para-las-mujeres-mientras-que-opry-es-mirada-masculina,REWRITE,,4.7-translation,high,0-prelaunch-noGSC
/d/16091-comparacion-y-analisis-del-craneo-de-un-hombre-caucasico-promedio-al-de-un-chad-de-frente-y-de-perfil,REWRITE,,4.7-translation,high,0-prelaunch-noGSC
/d/16104-la-hiperdolicocefalia-es-la-forma-de-craneo-ideal,REWRITE,,4.7-translation,high,0-prelaunch-noGSC
/d/16105-los-38-ratios-faciales-mas-importantes-y-las-medidas-ideales-alto-esfuerzo,REWRITE,,4.7-translation,high,0-prelaunch-noGSC
/d/16109-healthmaxxing-contra-judios-esquizo,REMOVE_URGENT,/t/looksmaxing,4.5-sourcing-controlled-substance,high,0-prelaunch-noGSC
/d/16114-mi-rutina-diaria-de-skincare-de-un-ex-skincel-con-fotos-de-la-ascension,REMOVE_URGENT,/t/softmaxing,4.5-safety,high,0-prelaunch-noGSC
/d/16130-mejor-manera-de-copear-con-un-midface-largo,REWRITE,,4.7-translation,high,0-prelaunch-noGSC
/d/16151-guia-de-fiestas-de-fraternidad-universitarios-entren-ya,REWRITE,,4.7-translation,high,0-prelaunch-noGSC
/d/16162-un-consejo-muy-niche-para-los-que-practican-mouthtape,REWRITE,,4.7-translation,high,0-prelaunch-noGSC
/d/16193-usa-este-consejo-para-convertir-una-aproximacion-fria-en-un-polvo-htn-min,REWRITE,,4.7-translation,high,0-prelaunch-noGSC
/d/16214-dick-ups-para-girthmaxxing,REWRITE,,4.5-dosing-strip+4.7-translation,med,0-prelaunch-noGSC
/d/16234-bonesmashing-arco-cigomatico-para-proyeccion-lateral,REWRITE,,4.5-DIY-reframe+4.7-translation,med,0-prelaunch-noGSC
/d/16243-escortmaxxing-guia-de-sexo,REWRITE,,4.7-translation,high,0-prelaunch-noGSC
/d/16297-6-formas-principales-para-aumentar-testosterona-esfuerzo-moderado,REWRITE,,4.5-dosing-strip+4.7-translation,med,0-prelaunch-noGSC
/d/16305-softmaxxes-minimos-para-perder-tu-virginidad-en-2024-khhvcels-gtfih,REWRITE,,4.7-translation,high,0-prelaunch-noGSC
/d/16345-cosas-que-no-debes-hacer-al-pedir-que-califiquen-tu-frame,REWRITE,,4.7-translation,high,0-prelaunch-noGSC
/d/16389-un-buen-contexto-sobre-los-aceites-de-semillas-sinteticos-por-que-los-de-18-anos-parecen-de-13-y-por-que-nuestros-organos-estan-jodidos,REWRITE,,4.7-translation,high,0-prelaunch-noGSC
/d/16397-como-mejore-mi-zona-de-los-ojos-en-4-puntos-softmaxxing-con-fotos,REWRITE,,4.7-translation,high,0-prelaunch-noGSC
/d/16434-las-comidas-de-healthmaxxing-mas-dormidas,REWRITE,,4.5-DIY-reframe+4.7-translation,med,0-prelaunch-noGSC
/d/16437-mi-plan-de-ejercicio-de-altura-fotos-incluidas-4lt,REWRITE,,4.7-translation,high,0-prelaunch-noGSC
/d/16446-hilos-pdo-para-corregir-la-asimetria-del-labio-superior-e-aumentar-el-ancho-percibido-de-la-boca,REWRITE,,4.7-translation,high,0-prelaunch-noGSC
/d/16447-guia-de-sarms-definicion-y-volumen-alto-esfuerzo,REWRITE,,4.5-dosing-strip+4.7-translation,med,0-prelaunch-noGSC
/d/16449-la-importancia-de-la-moda-y-como-vestirse,REWRITE,,4.7-translation,high,0-prelaunch-noGSC
/d/16456-stack-de-heightmaxxing-natty-ultimo-y-efectivo-ia-natural-que-rivaliza-con-aromasin-gtfih,REWRITE,,4.5-dosing-strip+4.7-translation,med,0-prelaunch-noGSC
/d/16484-guia-para-corridas-de-nivel-dios,REWRITE,,4.5-dosing-strip+4.7-translation,med,0-prelaunch-noGSC
/d/16486-guia-para-construir-una-verga-de-pornstar-y-mejores-erecciones-y-mejores-eyaculaciones-y-sensibilizar-tu-verga-y-aumentar-la-testosterona,REWRITE,,4.5-dosing-strip+4.7-translation,med,0-prelaunch-noGSC
/d/16537-como-arreglar-los-musculos-maseteros-grandes,REWRITE,,4.5-DIY-reframe+4.7-translation,med,0-prelaunch-noGSC
/d/16540-lista-de-tiers-y-stacks-para-sarms-esfuerzo-medio,REWRITE,,4.5-dosing-strip+4.7-translation,med,0-prelaunch-noGSC
/d/16555-como-ir-al-gym-si-eres-chaparrito-shortcels-gtfih,REWRITE,,4.7-translation,high,0-prelaunch-noGSC
/d/16573-dominando-el-dimorfismo-para-ultimate-looksmaxxing,REWRITE,,4.7-translation,high,0-prelaunch-noGSC
/d/16582-caseina-suero-90-del-tiempo,REWRITE,,4.5-dosing-strip+4.7-translation,med,0-prelaunch-noGSC
/d/16588-la-mejor-ensalada-que-vas-a-probar-saladcels-gtfih,REWRITE,,4.7-translation,high,0-prelaunch-noGSC
/d/16656-metodo-para-tratar-el-acne-y-las-cicatrices-de-acne-lectura-obligatoria,REWRITE,,4.7-translation,high,0-prelaunch-noGSC
/d/16659-como-elevar-tu-altura-naturalmente,REMOVE_URGENT,/t/looksmaxing,4.5-safety,high,0-prelaunch-noGSC
/d/16662-como-subir-la-testosterona-como-nunca-antes-lo-que-no-te-dicen,REWRITE,,4.5-dosing-strip+4.7-translation,med,0-prelaunch-noGSC
/d/16685-plasma-fibroblast-mogs-microneedling,REWRITE,,4.5-DIY-reframe+4.7-translation,med,0-prelaunch-noGSC
/d/16693-habilidades-sociales-y-estrategias-sociales,REWRITE,,4.7-translation,high,0-prelaunch-noGSC
/d/16710-la-mejor-guia-de-moda-del-youngcel,REWRITE,,4.7-translation,high,0-prelaunch-noGSC
/d/16712-como-ganar-musculo-con-esteroides-de-forma-segura,REWRITE,,4.5-dosing-strip+4.7-translation,med,0-prelaunch-noGSC
/d/16715-tipos-de-amigos-que-deberias-evitar,REWRITE,,4.7-translation,high,0-prelaunch-noGSC
/d/16727-como-obtener-una-mandibula-definida,REWRITE,,4.7-translation,high,0-prelaunch-noGSC
/d/16758-guia-para-grises-greycels-y-retrasados-entren-ya,REWRITE,,4.5-dosing-strip+4.7-translation,med,0-prelaunch-noGSC
/d/16768-guia-de-colageno-de-bloomdoom,REWRITE,,4.7-translation,high,0-prelaunch-noGSC
/d/16802-verteporfina-elimina-cicatrices-de-acne-trasplantes-de-pelo-infinitos-y-cirugia-estetica-sin-cicatrices,REWRITE,,4.5-dosing-strip+4.7-translation,med,0-prelaunch-noGSC
/d/16819-rasgos-nasales-ideales-botb,REWRITE,,4.7-translation,high,0-prelaunch-noGSC
/d/16832-notas-de-softmaxxing,REMOVE_URGENT,/t/softmaxing,4.5-safety,high,0-prelaunch-noGSC
/d/16848-los-unicos-5-suplementos-que-necesitas,REWRITE,,4.5-dosing-strip+4.7-translation,med,0-prelaunch-noGSC
/d/16872-rutina-de-6-dias-ppl-por-coolcicada-en-el-foro-de-culturismo,REWRITE,,4.7-translation,high,0-prelaunch-noGSC
/d/16874-dieta-ideal-y-suplementos,REWRITE,,4.7-translation,high,0-prelaunch-noGSC
/d/16877-parte-1-guia-nt-lenguaje-corporal-y-la-teoria-del-perro-maltratado,REWRITE,,4.7-translation,high,0-prelaunch-noGSC
/d/16899-mi-guia-de-softmaxing,REWRITE,,4.7-translation,high,0-prelaunch-noGSC
/d/16934-una-guia-a-fondo-sobre-la-anatomia-de-la-cara,REWRITE,,4.7-translation,high,0-prelaunch-noGSC
/d/16966-guia-definitiva-de-perdida-de-grasa-con-quimicos-low-inhib-gtfih,REMOVE_URGENT,/t/looksmaxing,4.5-safety,high,0-prelaunch-noGSC
/d/16989-fingir-que-la-gente-no-existe-alrededor-tuyo-es-la-mejor-pildora-que-les-podrias-dar,REWRITE,,4.7-translation,high,0-prelaunch-noGSC
/d/16993-guia-de-alargamiento-del-pene,REWRITE,,4.7-translation,high,0-prelaunch-noGSC
/d/17013-resumen-del-arte-de-la-seduccion-de-robert-greene,REWRITE,,4.7-translation,high,0-prelaunch-noGSC
/d/17027-usa-desviaciones-estandar-para-estimar-facilmente-el-puntaje-smv-la-rarezapercentil-entre-variables-y-comparar-cara-vs-estatura-de-forma-justa-slayers-entre-2-8sd,REWRITE,,4.7-translation,high,0-prelaunch-noGSC
/d/17052-triada-clara-vs-triada-oscura-simplificado,REWRITE,,4.7-translation,high,0-prelaunch-noGSC
/d/17078-guia-completa-de-gymcelling-para-principiantes,REWRITE,,4.5-DIY-reframe+4.7-translation,med,0-prelaunch-noGSC
/d/17079-como-hacerte-una-extraccion-de-bolas-de-bichat-en-casa-low-inhib-bloatcels-gtfih,REWRITE,,4.5-DIY-reframe+4.7-translation,med,0-prelaunch-noGSC
/d/17081-haz-que-alguien-se-enamore-de-ti,REMOVE_URGENT,/t/looksmaxing,4.5-sourcing-controlled-substance,high,0-prelaunch-noGSC
/d/17121-guia-anabolica-definitiva-megathread,REWRITE,,4.5-dosing-strip+4.7-translation,med,0-prelaunch-noGSC
/d/17122-truco-garantizado-para-subtonos-rojos,REWRITE,,4.5-dosing-strip+4.7-translation,med,0-prelaunch-noGSC
/d/17131-una-introduccion-al-sympeptide-usuarios-de-minox-gtfih,REWRITE,,4.7-translation,high,0-prelaunch-noGSC
/d/17143-guia-definitiva-del-gymcel,REWRITE,,4.5-dosing-strip+4.7-translation,med,0-prelaunch-noGSC
/d/17153-ejercicio-legitimo-para-hollow-cheeks-hilo-de-lookism,REWRITE,,4.7-translation,high,0-prelaunch-noGSC
/d/17160-guia-sobre-formas-de-atraer-mujeres,REWRITE,,4.7-translation,high,0-prelaunch-noGSC
/d/17161-iguala-su-gusto-musical-perfectamente-una-guia-rapida-para-fraudear-gusto-musical,REWRITE,,4.7-translation,high,0-prelaunch-noGSC
/d/17167-cortes-de-pelo-meta-actualizacion-2024,REWRITE,,4.7-translation,high,0-prelaunch-noGSC
/d/17180-sobre-el-ayuno-para-el-crecimiento-de-altura-water,REWRITE,,4.5-dosing-strip+4.7-translation,med,0-prelaunch-noGSC
/d/17184-curar-el-dolor-de-espalda-con-ejercicios,REWRITE,,4.7-translation,high,0-prelaunch-noGSC
/d/17203-como-oler-bien-de-la-chingada-gtfih-ya,REWRITE,,4.7-translation,high,0-prelaunch-noGSC
/d/17215-stack-para-aclarar-la-piel-que-de-verdad-funciona,REWRITE,,4.5-dosing-strip+4.7-translation,med,0-prelaunch-noGSC
/d/17219-heightmaxxing-hgh-inhibicion-de-aromatasa-e-inhibicion-de-somatostatina,REWRITE,,4.5-dosing-strip+4.7-translation,med,0-prelaunch-noGSC
/d/17221-neckmaxxing,KEEP,,4.6-canonical-winner,high,0-prelaunch-noGSC
/d/17227-socialmaxx-y-mindsetmaxx,REWRITE,,4.7-translation,high,0-prelaunch-noGSC
/d/17245-reino-desconocido-introduccion-a-los-peptidos,REWRITE,,4.7-translation,high,0-prelaunch-noGSC
/d/17272-guia-para-la-salud-intestinal,REWRITE,,4.7-translation,high,0-prelaunch-noGSC
/d/17283-guia-completa-de-fragrancemaxxing-metodo-de-5-pasos,REWRITE,,4.7-translation,high,0-prelaunch-noGSC
/d/17313-guia-de-inhibicion-sin-drogas-de-mierda,REWRITE,,4.7-translation,high,0-prelaunch-noGSC
/d/17323-revelando-secretos-de-hollywood-microdosis-de-accutane-para-una-piel-sin-edad-por-themilkman,REWRITE,,4.5-dosing-strip+4.7-translation,med,0-prelaunch-noGSC
/d/17338-reestructuracion-craneal-neuro-guia-completa,REWRITE,,4.7-translation,high,0-prelaunch-noGSC
/d/17340-consigue-el-look-y-fisico-de-superheroe-de-dc-lo-antes-posible-no-para-usuarios-flojos,REWRITE,,4.5-DIY-reframe+4.7-translation,med,0-prelaunch-noGSC
/d/17347-mi-arnold-split-consejos-de-entrenamiento,REWRITE,,4.7-translation,high,0-prelaunch-noGSC
/d/17349-como-arreglar-el-dolor-de-espalda-por-levantamiento-de-pesas,REWRITE,,4.7-translation,high,0-prelaunch-noGSC
/d/17351-socialmaxxingntmaxxing-aprende-a-volverte-mas-social,REWRITE,,4.7-translation,high,0-prelaunch-noGSC
/d/17367-gt20029-potenciador-de-pelo-high-iq-esfuerzo-medio-gtfih,REWRITE,,4.5-dosing-strip+4.7-translation,med,0-prelaunch-noGSC
/d/17376-la-guia-definitiva-de-bonesmashing,KEEP,,4.6-canonical-winner,high,0-prelaunch-noGSC
/d/17386-algoritmo-para-de-verdad-hacer-looksmaxxing,REWRITE,,4.7-translation,high,0-prelaunch-noGSC
/d/17393-rutina-anti-envejecimiento,REWRITE,,4.7-translation,high,0-prelaunch-noGSC
/d/17422-lo-que-nt-realmente-significa-gtfih-la-ntpill-resuelta-high-iq,REWRITE,,4.7-translation,high,0-prelaunch-noGSC
/d/17425-guia-definitiva-de-fenotipos-hay-que-leerla-al-menos-una-vez,REWRITE,,4.7-translation,high,0-prelaunch-noGSC
/d/17441-como-matar-la-inhibicion-alta-sanando-el-trauma-para-volverte-autentico-y-socialmente-dominante,REWRITE,,4.7-translation,high,0-prelaunch-noGSC
/d/17450-mi-plan-para-ntmaxxear-en-la-universidad-hilo-serio,REWRITE,,4.7-translation,high,0-prelaunch-noGSC
/d/17467-como-usar-hilos-pdo-para-quitar-las-arrugas-de-la-frente,REMOVE_URGENT,/t/hardmaxing,4.5-sourcing-controlled-substance,high,0-prelaunch-noGSC
/d/17490-como-convertirte-en-un-chad-del-futbol-americano-um,REWRITE,,4.7-translation,high,0-prelaunch-noGSC
/d/17501-guia-de-cada-vitamina-explicada-megathread,REMOVE_URGENT,/t/looksmaxing,4.5-sourcing-controlled-substance,high,0-prelaunch-noGSC
/d/17503-visionmaxxing,REWRITE,,4.7-translation,high,0-prelaunch-noGSC
/d/17505-perder-grasa-facial-enfocandote-en-el-interior,REWRITE,,4.5-dosing-strip+4.7-translation,med,0-prelaunch-noGSC
/d/17518-aclarando-la-desinformacion-sobre-hgh,REMOVE_URGENT,/t/anabolicos,4.5-sourcing-controlled-substance,high,0-prelaunch-noGSC
/d/17535-mejor-rutina-para-un-cuerpo-estetico,REWRITE,,4.5-dosing-strip+4.7-translation,med,0-prelaunch-noGSC
/d/17621-sarms-un-analisis-simplificado-todos-los-sarms-incluidos-lectura-obligada,REWRITE,,4.5-dosing-strip+4.7-translation,med,0-prelaunch-noGSC
/d/17642-guia-para-adelgazar-la-nariz,REWRITE,,4.7-translation,high,0-prelaunch-noGSC
/d/17647-guia-completa-de-trucos-para-examenes-gtfih,REWRITE,,4.7-translation,high,0-prelaunch-noGSC
/d/17657-una-guia-para-entender-las-calificaciones-de-las-mujeres,REWRITE,,4.7-translation,high,0-prelaunch-noGSC
/d/17667-7-comidas-comunes-destruyendo-tu-salud,REWRITE,,4.5-dosing-strip+4.7-translation,med,0-prelaunch-noGSC
/d/17668-como-eliminar-la-joroba-de-la-nariz-guia-high-iq,REWRITE,,4.7-translation,high,0-prelaunch-noGSC
/d/17703-formas-actualizadas-de-tratarprevenir-acne,REWRITE,,4.5-dosing-strip+4.7-translation,med,0-prelaunch-noGSC
/d/17704-beneficios-de-la-eyaculacion-para-el-looksmax,REMOVE_URGENT,/t/looksmaxing,4.5-sourcing-controlled-substance,high,0-prelaunch-noGSC
/d/17711-la-guia-de-microdosis-de-dannydipss,REWRITE,,4.5-dosing-strip+4.7-translation,med,0-prelaunch-noGSC
/d/17712-guia-de-simetria-facial-2024,REMOVE_URGENT,/t/looksmaxing,4.5-safety,high,0-prelaunch-noGSC
/d/17724-seguimiento-de-mis-hilos-pdo-nasolabiales,REWRITE,,4.7-translation,high,0-prelaunch-noGSC
/d/17732-como-pedir-esteroides-y-peptidos-si-vives-con-tus-padres,REWRITE,,4.5-DIY-reframe+4.7-translation,med,0-prelaunch-noGSC
/d/17742-una-intro-rapida-a-los-clones-de-fragancias-huele-bien-barato,REWRITE,,4.7-translation,high,0-prelaunch-noGSC
/d/17759-nueva-tecnica-de-ligue,REWRITE,,4.7-translation,high,0-prelaunch-noGSC
/d/17765-me-voy-de-vacaciones-con-mis-amigos-lo-que-estoy-haciendo-para-prepararme-softmaxxers-gtfih,REWRITE,,4.5-dosing-strip+4.7-translation,med,0-prelaunch-noGSC
/d/17767-guia-aromasin-es-la-clave-para-evitar-los-venenos-judios-todos-entren-ya,REMOVE_URGENT,/t/anabolicos,4.5-safety,high,0-prelaunch-noGSC
/d/17773-como-conseguir-un-colageno-demencial-en-la-cara,REWRITE,,4.7-translation,high,0-prelaunch-noGSC
/d/17787-guia-cosmetica-basica-anti-envejecimiento-verse-bien-cuando-seas-mayor-porque-el-smv-de-los-hombres-aumenta-con-la-edad,REWRITE,,4.7-translation,high,0-prelaunch-noGSC
/d/17793-mi-guia-de-bonemass-comenta-si-falta-algo,REWRITE,,4.5-DIY-reframe+4.7-translation,med,0-prelaunch-noGSC
/d/17796-la-natacion-es-el-mejor-deporte-para-los-looksmaxxers-y-aqui-te-digo-por-que,REMOVE_URGENT,/t/looksmaxing,4.5-sourcing-controlled-substance,high,0-prelaunch-noGSC
/d/17831-como-friendmaxxear-y-como-afecta-tu-vida-amorosa-no-lifers-gtfih,REWRITE,,4.7-translation,high,0-prelaunch-noGSC
/d/17835-rasgos-neotenicos-para-balancear-el-dimorfismo,REWRITE,,4.5-dosing-strip+4.7-translation,med,0-prelaunch-noGSC
/d/17847-morder-mejillas-acelera-el-desarrollo-de-mejillas-huecas,REWRITE,,4.7-translation,high,0-prelaunch-noGSC
/d/17850-fraudear-una-cara-mejor-con-metodos-de-sfx-guia-sin-rodeos,REWRITE,,4.7-translation,high,0-prelaunch-noGSC
/d/17855-guia-definitiva-de-la-luz-nunca-antes-vista,REMOVE_URGENT,/t/looksmaxing,4.5-sourcing-controlled-substance,high,0-prelaunch-noGSC
/d/17874-el-posible-uso-de-la-terapia-de-vibracion-de-cuerpo-completo-para-ayudar-al-crecimiento-de-estatura-y-desarrollo-oseo-evidencia-de-bone-mashing,REWRITE,,4.7-translation,high,0-prelaunch-noGSC
/d/17876-pluma-de-plasma-como-conseguir-piel-de-bebe-mejor-area-ocular-y-mas,REWRITE,,4.7-translation,high,0-prelaunch-noGSC
/d/17930-deje-el-minox-oral-despues-de-un-ano-se-me-quedaron-las-ganancias-de-pestanas-y-cejas,REWRITE,,4.5-dosing-strip+4.7-translation,med,0-prelaunch-noGSC
/d/17940-cinco-tips-para-aclarar-la-piel,REWRITE,,4.5-dosing-strip+4.7-translation,med,0-prelaunch-noGSC
/d/17941-guia-de-ncr-como-arreglar-la-asimetria-y-mejorar-tu-estructura-craneofacial,REWRITE,,4.7-translation,high,0-prelaunch-noGSC
/d/17942-el-test-de-un-ojo-de-separacion-otra-forma-de-medir-el-pfl,REWRITE,,4.7-translation,high,0-prelaunch-noGSC
/d/17947-colageno-grasa-musculo-y-hueso-cuatro-cosas-que-necesitas-para-una-zona-ocular-de-chad,REWRITE,,4.5-dosing-strip+4.7-translation,med,0-prelaunch-noGSC
/d/17950-longevidad-y-salud-en-el-gym-gymcels-entren-aqui,REWRITE,,4.5-dosing-strip+4.7-translation,med,0-prelaunch-noGSC
/d/17963-guia-para-el-neckmaxxing,CONSOLIDATE,/d/17221-neckmaxxing,4.6-duplicate,high,0-prelaunch-noGSC
/d/17967-guia-completa-de-dickmaxingpe-entiendanlo-pequenoceles,REWRITE,,4.7-translation,high,0-prelaunch-noGSC
/d/17974-procedimiento-correcto-de-crecimiento-oseo-guia-paso-a-paso-y-consejos,REWRITE,,4.5-DIY-reframe+4.7-translation,med,0-prelaunch-noGSC
/d/18049-guia-basica-de-mk677,REWRITE,,4.5-dosing-strip+4.7-translation,med,0-prelaunch-noGSC
/d/18057-guia-definitiva-de-eyemaxxing-sin-cirugia,REWRITE,,4.7-translation,high,0-prelaunch-noGSC
/d/18066-como-ocultar-tus-cirugias,REMOVE_URGENT,/t/hardmaxing,4.5-safety,high,0-prelaunch-noGSC
/d/18115-neckmaxxing-la-mejor-forma-de-optimizar-las-ganancias-de-cuello-hilo-corto,REWRITE,,4.5-DIY-reframe+4.7-translation,med,0-prelaunch-noGSC
/d/18123-construye-musculo-con-esteroides-a-presupuesto-sin-paja,REWRITE,,4.5-dosing-strip+4.7-translation,med,0-prelaunch-noGSC
/d/18139-como-convertirte-en-un-curry-chad-ininin-como-conseguir-novia-siendo-curry-ininin,REWRITE,,4.7-translation,high,0-prelaunch-noGSC
/d/18176-la-forma-mas-simple-de-introducir-mas-calcio-a-tu-dieta,REMOVE_URGENT,/t/looksmaxing,4.5-sourcing-controlled-substance,high,0-prelaunch-noGSC
/d/18199-una-guia-del-estilo-de-moda-que-le-atrae-a-la-mayoria-de-las-viejas,REWRITE,,4.7-translation,high,0-prelaunch-noGSC
/d/18220-como-duplicar-tus-flexiones,REWRITE,,4.7-translation,high,0-prelaunch-noGSC
/d/18225-aclarado-de-ojos-parte-2,REWRITE,,4.5-DIY-reframe+4.7-translation,med,0-prelaunch-noGSC
/d/18238-mejor-metodo-fucking-para-perder-peso,REMOVE_URGENT,/t/looksmaxing,4.5-sourcing-controlled-substance,high,0-prelaunch-noGSC
/d/18272-si-eres-un-subhumano-y-horrendo-aqui-esta-lo-que-debes-hacer,REWRITE,,4.7-translation,high,0-prelaunch-noGSC
/d/18298-guia-de-sleepmaxxing,KEEP,,4.6-canonical-winner,high,0-prelaunch-noGSC
/d/18317-guia-de-crecimiento-hacia-adelante,REWRITE,,4.7-translation,high,0-prelaunch-noGSC
/d/18321-como-aumentar-la-densidad-osea-guia-completa-bonecells-gtfih,REWRITE,,4.7-translation,high,0-prelaunch-noGSC
/d/18358-encontre-una-manera-de-eliminar-todos-los-puntos-negrosfilamentos-sebaceos-en-5-minutos,REWRITE,,4.7-translation,high,0-prelaunch-noGSC
/d/18384-una-guia-para-tomar-furosemida-la-pildora-de-pomulos-huecos,REWRITE,,4.7-translation,high,0-prelaunch-noGSC
/d/18402-como-aumentar-la-testosterona-pasos-basicos,REWRITE,,4.5-dosing-strip+4.7-translation,med,0-prelaunch-noGSC
/d/18419-todo-se-trata-de-las-cejas-contemplaciones-del-softmax,REWRITE,,4.7-translation,high,0-prelaunch-noGSC
/d/18420-no-te-hagas-cuernudo-tomando-drogas-recetadas-excepto-trt,REWRITE,,4.5-dosing-strip+4.7-translation,med,0-prelaunch-noGSC
/d/18442-como-arreglar-los-ojos-vagosasimetricos,REWRITE,,4.7-translation,high,0-prelaunch-noGSC
/d/18509-guia-de-gyatt-desbloquea-tu-maximo-potencial-de-gyatt-gyattcels-gtfih,REWRITE,,4.7-translation,high,0-prelaunch-noGSC
/d/18513-la-guia-definitiva-para-psicopatassociopatas-para-pasar-desapercibidos,REWRITE,,4.7-translation,high,0-prelaunch-noGSC
/d/18514-guia-de-hgh-maxxing-natural,REWRITE,,4.5-dosing-strip+4.7-translation,med,0-prelaunch-noGSC
/d/18518-guia-de-thyroid-maxxing,REWRITE,,4.7-translation,high,0-prelaunch-noGSC
/d/18528-por-que-y-como-tomarte-autorretratos-diarios-todos-entren-aqui-botb-hilo-de-envio-vip,REWRITE,,4.5-DIY-reframe+4.7-translation,med,0-prelaunch-noGSC
/d/18529-como-cambiar-tu-canthal-tilt-uue-y-pfl-botb-hilo-de-envio-vip,REWRITE,,4.7-translation,high,0-prelaunch-noGSC
/d/18538-aumenta-tu-aura-en-10000-dejando-menos-huella-digital-publica,REWRITE,,4.7-translation,high,0-prelaunch-noGSC
/d/18541-deshincha-rapido-con-cloruro-de-potasio,REWRITE,,4.5-dosing-strip+4.7-translation,med,0-prelaunch-noGSC
/d/18543-la-guia-definitiva-de-proteinas-de-crecimiento-esta-guia-te-ensenara-lo-que-necesitas-para-crecer-mas-alto,REWRITE,,4.5-dosing-strip+4.7-translation,med,0-prelaunch-noGSC
/d/18545-un-cambio-de-juego-para-liftcels,REWRITE,,4.7-translation,high,0-prelaunch-noGSC
/d/18557-gtfih-como-ascender-para-los-curry-bhais-parte-2,REMOVE_URGENT,/t/looksmaxing,4.5-sourcing-controlled-substance,high,0-prelaunch-noGSC
/d/18566-la-herramienta-antienvejecimiento-mas-barata-con-resultados-de-nivel-clinico-microneedling-la-mejor-guia-para-la-piel-a-fondo-con-prueba-cientifica,REWRITE,,4.5-DIY-reframe+4.7-translation,med,0-prelaunch-noGSC
/d/18607-como-aumentar-la-tasa-metabolica-basal-con-chalecos-de-peso,REWRITE,,4.7-translation,high,0-prelaunch-noGSC
/d/18640-como-un-habitante-del-sotano-puede-vivir-una-vida-de-mogger,REWRITE,,4.5-dosing-strip+4.7-translation,med,0-prelaunch-noGSC
/d/18658-como-perder-grasa-peso-segun-el-enfoque-pro-metabolico-de-ray-peat,REMOVE_URGENT,/t/looksmaxing,4.5-sourcing-controlled-substance,high,0-prelaunch-noGSC
/d/18661-optimizando-la-parte-mentalsocial-de-las-citas-no-desperdices-tu-prime-lanzate-guia-por-manana,REWRITE,,4.7-translation,high,0-prelaunch-noGSC
/d/18749-como-hacer-auramaxx,REWRITE,,4.7-translation,high,0-prelaunch-noGSC
/d/18782-mi-teoria-sobre-la-correlacion-del-sprint-con-el-crecimiento-de-la-mandibula-investigacion-adicional,REWRITE,,4.7-translation,high,0-prelaunch-noGSC
/d/18872-como-no-crecer-mas-alto,REWRITE,,4.5-dosing-strip+4.7-translation,med,0-prelaunch-noGSC
/d/18884-como-y-por-que-el-crecimiento-aumenta-durante-la-pubertad,REWRITE,,4.7-translation,high,0-prelaunch-noGSC
/d/18897-puedes-hacer-alargamiento-de-piernas-por-menos-de-5000-gtfih,REWRITE,,4.7-translation,high,0-prelaunch-noGSC
/d/18930-crece-tus-cejas-naturalmente,REWRITE,,4.7-translation,high,0-prelaunch-noGSC
/d/18954-todos-los-softmaxxes-para-los-ojos-gtfih,REWRITE,,4.7-translation,high,0-prelaunch-noGSC
/d/18963-la-guia-definitiva-de-seis-personalidades-masculinas-de-hombres-modernos-explicadas-lo-que-cada-tipo-aporta-a-la-mesa,REWRITE,,4.7-translation,high,0-prelaunch-noGSC
/d/18965-cual-es-tu-valor-como-ser-humano-como-saber-de-verdad-si-ya-se-acabo,REWRITE,,4.7-translation,high,0-prelaunch-noGSC
/d/18984-como-coger-sin-dejarla-embarazada-a-prueba-de-errores,REWRITE,,4.7-translation,high,0-prelaunch-noGSC
/d/19008-exito-en-hinge-consejos,REWRITE,,4.7-translation,high,0-prelaunch-noGSC
/d/19017-dominando-el-cortisol-la-hormona-del-estres-del-cuerpo,REWRITE,,4.5-dosing-strip+4.7-translation,med,0-prelaunch-noGSC
/d/19032-bodyfat-grafico-definitivo-de-porcentaje-de-grasa-corporal-hilo-cortogymcels-gtfih,REWRITE,,4.7-translation,high,0-prelaunch-noGSC
/d/19046-escala-de-calificacion-mas-precisa-2024-looksmax,REWRITE,,4.7-translation,high,0-prelaunch-noGSC
/d/19110-cuidado-de-la-piel-sin-joder-tus-hormonas,REMOVE_URGENT,/t/softmaxing,4.5-sourcing-controlled-substance,high,0-prelaunch-noGSC
/d/19127-el-mejor-y-mas-facil-softmax-que-arregla-tus-mandibulas-guia-de-masticacion-correcta-como-ninguna-otra,REWRITE,,4.7-translation,high,0-prelaunch-noGSC
/d/19162-guia-para-roidmaxxers-para-ascender-duro,REWRITE,,4.5-dosing-strip+4.7-translation,med,0-prelaunch-noGSC
/d/19164-pdrn-guia-anti-envejecimiento-gtfih,REWRITE,,4.5-dosing-strip+4.7-translation,med,0-prelaunch-noGSC
/d/19166-deja-el-porno-y-la-chaqueta-en-2-semanas-facil-nofap,REWRITE,,4.5-DIY-reframe+4.7-translation,med,0-prelaunch-noGSC
/d/19176-exosomas-guia-anti-edad-gtfih,REWRITE,,4.5-dosing-strip+4.7-translation,med,0-prelaunch-noGSC
/d/19184-creando-un-marco-de-trabajo-para-la-ascension,REWRITE,,4.7-translation,high,0-prelaunch-noGSC
/d/19210-ayuno-seco-maximiza-tu-perdida-de-grasa,REWRITE,,4.5-dosing-strip+4.7-translation,med,0-prelaunch-noGSC
/d/19211-rutina-coreana-de-piel-de-cristal-en-9-pasos,REWRITE,,4.7-translation,high,0-prelaunch-noGSC
/d/19225-bronceado-101,REWRITE,,4.5-DIY-reframe+4.7-translation,med,0-prelaunch-noGSC
/d/19268-crudo-vs-pasteurizado,REMOVE_URGENT,/t/looksmaxing,4.5-sourcing-controlled-substance,high,0-prelaunch-noGSC
/d/19278-como-convertirse-en-un-eunuco,REMOVE_URGENT,/t/hardmaxing,4.5-safety,high,0-prelaunch-noGSC
/d/19317-hilo-completo-sobre-la-importancia-del-area-ocular,REWRITE,,4.7-translation,high,0-prelaunch-noGSC
/d/19326-como-hacer-barras-de-proteina,REWRITE,,4.7-translation,high,0-prelaunch-noGSC
/d/19336-guia-de-como-peinar-cabello-lacio-asiatico-1ahaircels-gtfih,REWRITE,,4.7-translation,high,0-prelaunch-noGSC
/d/19347-guia-de-fashionmaxxing-de-atractivo-sexual,REWRITE,,4.7-translation,high,0-prelaunch-noGSC
/d/19438-explicando-la-importancia-de-la-juventud-y-el-colageno-y-como-maximizar-la-juventud-con-chat-gpt,REWRITE,,4.7-translation,high,0-prelaunch-noGSC
/d/19578-como-creci-3-pulgadas-mas-de-mi-estatura-predicha-con-una-condicion-autoinmune,REWRITE,,4.5-dosing-strip+4.7-translation,med,0-prelaunch-noGSC
/d/19587-que-tan-raro-es-cada-rating-de-looks-usando-matematicas-para-determinar-cuanto-mogueas-parte-1,REMOVE_URGENT,/t/looksmaxing,4.5-sourcing-controlled-substance,high,0-prelaunch-noGSC
/d/19611-como-determinar-la-posicion-de-tus-pomulos-y-por-que-el-concepto-de-pomulos-altos-es-estupido,REWRITE,,4.7-translation,high,0-prelaunch-noGSC
/d/19616-guia-completa-y-rutina-de-entrenamiento-hibrido-incluyendo-zonas-de-frecuencia-cardiaca-y-notas-del-coach,REWRITE,,4.7-translation,high,0-prelaunch-noGSC
/d/19656-guia-de-fraude-de-altura-imo,REWRITE,,4.7-translation,high,0-prelaunch-noGSC
/d/19679-como-garantizar-dormir-boca-arriba-asymetricels-gtfih,REWRITE,,4.7-translation,high,0-prelaunch-noGSC
/d/19686-el-gran-reinicio-intestinal-guia-de-salud-intestinal,REWRITE,,4.7-translation,high,0-prelaunch-noGSC
/d/19727-guia-definitiva-de-altura-para-adolescentes,REWRITE,,4.7-translation,high,0-prelaunch-noGSC
/d/19760-guia-definitiva-de-relojes,REWRITE,,4.7-translation,high,0-prelaunch-noGSC
/d/19763-bodypill-se-trata-de-esos-3-parametros,REWRITE,,4.7-translation,high,0-prelaunch-noGSC
/d/19766-guia-de-aromasin-guia-de-inhibidores-de-aromatasa,REMOVE_URGENT,/t/anabolicos,4.5-safety,high,0-prelaunch-noGSC
/d/19804-mejores-paises-para-geomaxxing,REWRITE,,4.7-translation,high,0-prelaunch-noGSC
/d/19836-la-verdad-sobre-el-fashionmaxxing,REWRITE,,4.7-translation,high,0-prelaunch-noGSC
/d/19856-como-ser-gracioso-guia-unfunnycels-vengan-o-algo,REWRITE,,4.7-translation,high,0-prelaunch-noGSC
/d/19858-el-crecimiento-de-la-clavicula-explicado,REWRITE,,4.7-translation,high,0-prelaunch-noGSC
/d/19915-como-tener-rizz-la-primera-vez-que-le-escribes-a-una-chica,REWRITE,,4.7-translation,high,0-prelaunch-noGSC
/d/19926-bb-cream-maxxing,REWRITE,,4.7-translation,high,0-prelaunch-noGSC
/d/19928-como-ganar-15kg-33lb-de-masa-de-calidad-en-8-semanas,REMOVE_URGENT,/t/looksmaxing,4.5-sourcing-controlled-substance,high,0-prelaunch-noGSC
/d/19971-como-coger-siendo-un-normie-parte-1,REWRITE,,4.7-translation,high,0-prelaunch-noGSC
/d/20020-entrena-como-mentzer-una-guia-completa-de-gymmaxxing-sin-demasiado-esfuerzo,REWRITE,,4.5-dosing-strip+4.7-translation,med,0-prelaunch-noGSC
/d/20026-como-me-deshice-de-mi-psoriasis-psoriasis-cels-entren-aqui,REWRITE,,4.7-translation,high,0-prelaunch-noGSC
/d/20084-metodo-insano-para-bajar-cortisol-y-aumentar-testosterona-gtfih-boneless-ethnics-manlets-sub6s-framelets-y-rotters,REWRITE,,4.5-dosing-strip+4.7-translation,med,0-prelaunch-noGSC
/d/20088-guia-definitiva-para-una-coloracion-optima-de-piel-y-cabello,REWRITE,,4.5-dosing-strip+4.7-translation,med,0-prelaunch-noGSC
/d/20112-como-arreglar-los-remolinos,REWRITE,,4.7-translation,high,0-prelaunch-noGSC
/d/20118-por-que-el-philips-oneblade-mogs-guia-de-como-usarlo,REWRITE,,4.7-translation,high,0-prelaunch-noGSC
/d/20173-estetica-masculina-ideal-para-el-appeal,REWRITE,,4.7-translation,high,0-prelaunch-noGSC
/d/20177-utilizando-farmacos-otc-1-meclozinameclizina,REWRITE,,4.7-translation,high,0-prelaunch-noGSC
/d/20239-la-guia-definitiva-de-nosemaxxing,REWRITE,,4.5-dosing-strip+4.7-translation,med,0-prelaunch-noGSC
/d/20247-como-hacer-aceite-de-dht-cruza-la-barrera-hematoencefalica,REWRITE,,4.5-dosing-strip+4.7-translation,med,0-prelaunch-noGSC
/d/20272-analizando-por-que-la-cara-de-at-albinomaxxer-es-ltn-en-video-y-tutorial-sobre-como-analizar-pomulos,REWRITE,,4.7-translation,high,0-prelaunch-noGSC
/d/20273-guia-de-bass-revelada-thread-ultra-gtfih,REWRITE,,4.7-translation,high,0-prelaunch-noGSC
/d/20294-tier-list-de-musculos,REWRITE,,4.7-translation,high,0-prelaunch-noGSC
/d/20315-metodo-jawad-mega-guia-completa-de-looksmaxxing,REWRITE,,4.5-dosing-strip+4.7-translation,med,0-prelaunch-noGSC
/d/20319-guia-de-heightmaxxing-para-richcells,REWRITE,,4.5-dosing-strip+4.7-translation,med,0-prelaunch-noGSC
/d/20358-como-lograr-un-afeitado-suave-como-trasero-de-bebe-bbs-a-la-primera-cada-vez-guia-suprema,REWRITE,,4.5-dosing-strip+4.7-translation,med,0-prelaunch-noGSC
/d/20371-guia-simple-de-heightfraud-manlets-gtfih-tallcels-gtfo,REWRITE,,4.7-translation,high,0-prelaunch-noGSC
/d/20434-guia-de-jelqing,REWRITE,,4.7-translation,high,0-prelaunch-noGSC
/d/20493-todo-lo-que-necesitas-saber-sobre-la-isotretinoina-lo-mas-corto-posible,REMOVE_URGENT,/t/softmaxing,4.5-sourcing-controlled-substance,high,0-prelaunch-noGSC
/d/20545-rutina-pre-evento-deshinchazon-demencial,REWRITE,,4.7-translation,high,0-prelaunch-noGSC
/d/20571-guia-de-higiene-y-anti-estrogenos,REWRITE,,4.7-translation,high,0-prelaunch-noGSC
/d/20578-como-realmente-conseguir-follarla,REWRITE,,4.5-DIY-reframe+4.7-translation,med,0-prelaunch-noGSC
/d/20646-como-acumular-100-slaycount-siendo-htn-en-la-vida-real,REWRITE,,4.7-translation,high,0-prelaunch-noGSC
/d/20651-por-que-tu-cara-se-ve-tan-triste-decaida-retardada-simplemente-y-como-arreglarlo-con-higiene-basica-a-menos-que-estes-geneticamente-jodido,REMOVE_URGENT,/t/softmaxing,4.5-safety,high,0-prelaunch-noGSC
/d/20700-revierte-por-completo-la-asimetria-extrema-de-la-mandibula-en-menos-de-1-mes-con-pruebas,REWRITE,,4.7-translation,high,0-prelaunch-noGSC
/d/20710-construyendo-un-perfil-de-instagram-atractivo-guia-de-instagrammaxxing,REWRITE,,4.7-translation,high,0-prelaunch-noGSC
/d/20717-aumentar-la-estatura-despues-de-los-18-21-analisis,REWRITE,,4.5-DIY-reframe+4.7-translation,med,0-prelaunch-noGSC
/d/20753-guia-definitiva-de-voicemaxxing-todos-entren-aqui,REWRITE,,4.5-dosing-strip+4.7-translation,med,0-prelaunch-noGSC
/d/20767-como-ser-un-influencer-fake-natty,REWRITE,,4.5-dosing-strip+4.7-translation,med,0-prelaunch-noGSC
/d/20781-un-estudio-dice-que-las-personas-que-siguen-una-dieta-a-base-de-plantas-tienen-mas-testosterona-que-los-comedores-de-carne-guia-de-testosterone-maxxing-a-base-de-plantas,REWRITE,,4.5-dosing-strip+4.7-translation,med,0-prelaunch-noGSC
/d/20791-la-santa-triada-para-conseguir-sexo-y-relaciones,REWRITE,,4.7-translation,high,0-prelaunch-noGSC
/d/20821-el-metodo-igf-1-como-maximizar-tu-igf-1-de-forma-natural-para-crecer-mas-alto,REMOVE_URGENT,/t/anabolicos,4.5-sourcing-controlled-substance,high,0-prelaunch-noGSC
/d/20842-como-conseguir-las-mejores-ganancias-de-tu-vida-lo-antes-posible-guia,REWRITE,,4.5-dosing-strip+4.7-translation,med,0-prelaunch-noGSC
/d/20856-guia-completa-del-cuidado-de-la-piel-coreano,REWRITE,,4.7-translation,high,0-prelaunch-noGSC
/d/20861-como-microdosificar-finasterida-con-dosificacion-liquida-volumetrica-es-muy-facil,REMOVE_URGENT,/t/looksmaxing,4.5-safety,high,0-prelaunch-noGSC
/d/20866-reinicio-de-salud-intestinal,REWRITE,,4.5-dosing-strip+4.7-translation,med,0-prelaunch-noGSC
/d/20889-guia-facil-de-ligues-rectos-en-grindr,REWRITE,,4.7-translation,high,0-prelaunch-noGSC
/d/20912-como-medir-correctamente-las-proporciones-faciales-en-mm,REWRITE,,4.7-translation,high,0-prelaunch-noGSC
/d/20944-como-calcular-tu-estatura-final-sin-hacerte-radiografias-de-las-placas-de-crecimiento,REWRITE,,4.5-dosing-strip+4.7-translation,med,0-prelaunch-noGSC
/d/20956-lista-de-cosas-que-aumentan-el-cortisol,REWRITE,,4.7-translation,high,0-prelaunch-noGSC
/d/20961-puta-madre-la-mejor-forma-de-reducir-el-tamano-de-tu-nariz-sin-cirugia,REWRITE,,4.5-dosing-strip+4.7-translation,med,0-prelaunch-noGSC
/d/20979-como-ascendi-guia-de-pubertymaxxing,REWRITE,,4.5-dosing-strip+4.7-translation,med,0-prelaunch-noGSC
/d/20980-el-puente-nasal-es-la-clave-de-la-estetica-nasal-nosecels-gtfih,REWRITE,,4.5-DIY-reframe+4.7-translation,med,0-prelaunch-noGSC
/d/20996-por-que-no-estas-cholesterol-maxxing,REWRITE,,4.5-dosing-strip+4.7-translation,med,0-prelaunch-noGSC
/d/21027-aspectos-claveimportantes-para-heightfraudear-con-alzas-correctamente,REWRITE,,4.7-translation,high,0-prelaunch-noGSC
/d/21066-guia-de-gymcelling,REWRITE,,4.7-translation,high,0-prelaunch-noGSC
/d/21096-guia-de-maxxing-de-ereccion-del-pene-como-nunca-lidiar-con-sintomas-de-disfuncion-erectil-y-potencialmente-ganar-tamano,REMOVE_URGENT,/t/looksmaxing,4.5-sourcing-controlled-substance,high,0-prelaunch-noGSC
/d/21119-pestanas-largas-y-su-importancia-en-el-atractivo-del-area-ocular,REWRITE,,4.7-translation,high,0-prelaunch-noGSC
/d/21122-haz-tu-propia-feruladispositivo-para-ensanchar-la-boca,REWRITE,,4.7-translation,high,0-prelaunch-noGSC
/d/21167-muelas-del-juicio-todo-lo-que-necesitas-saber,REWRITE,,4.7-translation,high,0-prelaunch-noGSC
/d/21177-guia-definitiva-de-simetria-como-arreglar-la-asimetria-y-por-que-es-esencial-para-el-looksmaxing,REWRITE,,4.7-translation,high,0-prelaunch-noGSC
/d/21182-guia-sobre-como-mitigar-riesgos-cardiacos-con-aas-esteroides,REWRITE,,4.5-dosing-strip+4.7-translation,med,0-prelaunch-noGSC
/d/21200-guia-definitiva-para-aclarar-los-ojos-como-aclarar-el-color-de-ojos-por-que-es-esencial-para-el-looksmaxing,REWRITE,,4.7-translation,high,0-prelaunch-noGSC
/d/21208-confidencemaxxing-guia-para-vencer-la-ansiedad-socialtimidezalta-inhibicion,REWRITE,,4.5-dosing-strip+4.7-translation,med,0-prelaunch-noGSC
/d/21225-deshincharse-rapido,REWRITE,,4.7-translation,high,0-prelaunch-noGSC
/d/21272-revelando-tu-estructura-osea-la-guia-definitiva-para-superar-la-hinchazon,REWRITE,,4.7-translation,high,0-prelaunch-noGSC
/d/21300-por-que-envejeces-glicosilacion-y-ages-asesinos-insidiosos-de-tu-cuerpo,REMOVE_URGENT,/t/looksmaxing,4.5-sourcing-controlled-substance,high,0-prelaunch-noGSC
/d/21320-como-mejorar-la-forma-de-tu-nariz-sin-una-cirugia,REWRITE,,4.5-DIY-reframe+4.7-translation,med,0-prelaunch-noGSC
/d/21347-subir-de-peso-la-manera-facil,REWRITE,,4.5-dosing-strip+4.7-translation,med,0-prelaunch-noGSC
/d/21374-guia-para-entender-mejor-a-las-mujeres-como-tus-relaciones-interpersonales-influyen-en-la-atraccion,REWRITE,,4.7-translation,high,0-prelaunch-noGSC
/d/21408-por-que-importa-la-pigmentacion-como-optimizar-tu-coloracion,REWRITE,,4.7-translation,high,0-prelaunch-noGSC
/d/21431-deja-de-ciclar-esteroides-blast-cruise,REWRITE,,4.5-dosing-strip+4.7-translation,med,0-prelaunch-noGSC
/d/21434-como-realmente-aumentar-tu-testosterona-de-forma-natural,REMOVE_URGENT,/t/anabolicos,4.5-sourcing-controlled-substance,high,0-prelaunch-noGSC
/d/21439-guia-de-melanotan-2-para-maxear-tu-coloracion-palecels-gtfih,REWRITE,,4.5-dosing-strip+4.7-translation,med,0-prelaunch-noGSC
/d/21473-piel-impecable-la-guia-definitiva-para-un-cutis-saludable,REWRITE,,4.7-translation,high,0-prelaunch-noGSC
/d/21482-guia-de-squintmaxxing,REWRITE,,4.7-translation,high,0-prelaunch-noGSC
/d/21484-los-mejores-entrenamientos-de-antebrazos,NOINDEX,,4.1-thin+4.7-translation,high,0-prelaunch-noGSC
/d/21486-guia-de-entrenamiento-del-cuello,REWRITE,,4.7-translation,high,0-prelaunch-noGSC
/d/21490-guia-para-deshinchar,REWRITE,,4.7-translation,high,0-prelaunch-noGSC
/d/21491-guia-completa-de-como-salir-de-la-vida-incel-y-ser-mejor-que-un-chad-100-garantizado,REWRITE,,4.5-DIY-reframe+4.7-translation,med,0-prelaunch-noGSC
/d/21540-mini-guia-de-diureticosdesinflamarse,REWRITE,,4.7-translation,high,0-prelaunch-noGSC
/d/21546-regulacion-epigenetica-dirigida-a-la-osteogenesis-controlar-el-crecimiento-del-craneo,REWRITE,,4.5-dosing-strip+4.7-translation,med,0-prelaunch-noGSC
/d/21547-la-conexion-entre-salud-y-belleza-una-guia-completa,REWRITE,,4.7-translation,high,0-prelaunch-noGSC
/d/21549-mi-rutina-basica-para-los-labios-delgadolabios-gtfih,REMOVE_URGENT,/t/softmaxing,4.5-safety,high,0-prelaunch-noGSC
/d/21552-descubre-cuanta-t-tienes-sin-un-analisis-de-sangreguia-completa,REWRITE,,4.5-dosing-strip+4.7-translation,med,0-prelaunch-noGSC
/d/21571-megathread-definitivo-con-la-lista-de-cada-metodo-hormonal-fisico-y-psicologico-de-testosteronemaxxing-que-funciona-sigo-agregando,REWRITE,,4.5-dosing-strip+4.7-translation,med,0-prelaunch-noGSC
/d/21623-riesgo-de-usar-hgh,REWRITE,,4.5-dosing-strip+4.7-translation,med,0-prelaunch-noGSC
/d/21629-lista-de-excusas-que-puedes-usar-para-explicar-cirugias-fraudes,REWRITE,,4.7-translation,high,0-prelaunch-noGSC
/d/21635-elasticos-con-brackets,REWRITE,,4.7-translation,high,0-prelaunch-noGSC
/d/21668-metodo-super-asesino-de-poros-como-deshacerte-de-los-filamentos-sebaceos-viejo-metodo-de-lookism,REWRITE,,4.7-translation,high,0-prelaunch-noGSC
/d/21674-una-guia-sobre-el-ojo-vago-por-que-es-crucial-para-el-looksmax-y-como-arreglarlo,REWRITE,,4.7-translation,high,0-prelaunch-noGSC
/d/21741-forma-facil-y-precisa-de-predecir-la-altura-en-la-edad-adulta-menores-de-16cels-gtfih,REWRITE,,4.7-translation,high,0-prelaunch-noGSC
/d/21843-como-el-ayuno-aumentara-la-hormona-del-crecimiento,REMOVE_URGENT,/t/looksmaxing,4.5-sourcing-controlled-substance,high,0-prelaunch-noGSC
/d/21845-por-el-amor-de-dios-no-comas-comida-grasosa-antes-de-tu-entrenamiento-la-razon-cientifica,REWRITE,,4.7-translation,high,0-prelaunch-noGSC
/d/21880-guia-pequena-y-rapida-de-como-hacer-una-subcision-en-casa,REWRITE,,4.5-DIY-reframe+4.7-translation,med,0-prelaunch-noGSC
/d/21891-guia-completa-de-ascension-estudios-pronto,REWRITE,,4.5-dosing-strip+4.7-translation,med,0-prelaunch-noGSC
/d/21907-senales-de-que-eres-un-gymcel,REWRITE,,4.5-dosing-strip+4.7-translation,med,0-prelaunch-noGSC
/d/21911-5x-mas-hgh-sin-inyecciones,REWRITE,,4.5-dosing-strip+4.7-translation,med,0-prelaunch-noGSC
/d/21934-heightmaxxing,REWRITE,,4.5-dosing-strip+4.7-translation,med,0-prelaunch-noGSC
/d/21947-guia-para-ser-estoico-para-personas-que-se-pudren-en-los-foros,REWRITE,,4.7-translation,high,0-prelaunch-noGSC
/d/21952-como-convertirse-en-un-chad-guia-completa-de-looksmaxxing,REMOVE_URGENT,/t/looksmaxing,4.5-safety,high,0-prelaunch-noGSC
/d/22000-guia-de-afeitado-en-humedo-sin-irritacion-sin-foliculitis-y-un-afeitado-al-ras,REWRITE,,4.7-translation,high,0-prelaunch-noGSC
/d/22006-mi-metodo-para-desinflamar-no-solo-evitar-el-agua,REWRITE,,4.5-dosing-strip+4.7-translation,med,0-prelaunch-noGSC
/d/22015-como-y-cuando-fraudear-altura-a-estas-alturas,REWRITE,,4.7-translation,high,0-prelaunch-noGSC
/d/22021-secreto-hilo-de-guia-de-altura,REWRITE,,4.7-translation,high,0-prelaunch-noGSC
/d/22032-guia-de-como-administrar-esteroidespeds-orales-te-garantizo-que-lo-estas-haciendo-mal,REWRITE,,4.5-dosing-strip+4.7-translation,med,0-prelaunch-noGSC
/d/22071-como-reconocer-la-laxitud-del-parpado-inferior,REWRITE,,4.7-translation,high,0-prelaunch-noGSC
/d/22162-como-arreglar-el-scleral-show-inferior,REWRITE,,4.7-translation,high,0-prelaunch-noGSC
/d/22176-lo-basico-para-adolescentes-teencels-aspies-entren-ya,REWRITE,,4.7-translation,high,0-prelaunch-noGSC
/d/22212-guia-de-verdad-de-cold-approachpua-ama,REWRITE,,4.7-translation,high,0-prelaunch-noGSC
/d/22228-bueno-voy-a-publicar-la-rutina-para-desinflamarme-que-me-llevan-pidiendo,REWRITE,,4.5-dosing-strip+4.7-translation,med,0-prelaunch-noGSC
/d/22231-como-arreglar-los-hombros-desiguales,REWRITE,,4.7-translation,high,0-prelaunch-noGSC
/d/22232-asi-es-como-coges-mujeres-si-tienes-una-pija-grande-pero-cara-fea-y-no-eres-de-59,REWRITE,,4.7-translation,high,0-prelaunch-noGSC
/d/22234-como-volverte-extremadamente-popular-y-querido,REWRITE,,4.7-translation,high,0-prelaunch-noGSC
/d/22290-como-conseguir-heterocromia,REWRITE,,4.7-translation,high,0-prelaunch-noGSC
/d/22314-la-guia-oficial-de-las-unas-y-la-glandula-tiroides-trastornos-de-la-tiroides-y-cambios-en-las-unas,REWRITE,,4.7-translation,high,0-prelaunch-noGSC
/d/22399-plan-de-comidas-bulking-de-6000-calorias-diarias-como-htn-de-67,REWRITE,,4.7-translation,high,0-prelaunch-noGSC
/d/22453-las-cirugias-son-bien-faciles-de-conseguir-como-conseguir-bimax-o-rhino-gratis-birdcels-gtfih,REWRITE,,4.7-translation,high,0-prelaunch-noGSC
/d/22575-proporciones-ideales-para-hombres-gtfih-greycels,REWRITE,,4.7-translation,high,0-prelaunch-noGSC
/d/22616-rutina-de-cuidado-de-piel-para-mantener-piel-clara-y-evitar-brotes-cara,REWRITE,,4.7-translation,high,0-prelaunch-noGSC
/d/22637-como-realmente-hablarle-al-sexo-opuesto-guia-definitiva-ropecels-gtfih,REWRITE,,4.7-translation,high,0-prelaunch-noGSC
/d/22711-guia-de-como-curar-o-reducir-significativamente-la-intolerancia-a-la-lactosa,REWRITE,,4.7-translation,high,0-prelaunch-noGSC
/d/22715-plan-de-entrenamiento-por-cada-musculo-con-peso-corporal-mancuerna-y-barra-de-dominadas-calistenia-y-mancuerna,REWRITE,,4.5-DIY-reframe+4.7-translation,med,0-prelaunch-noGSC
/d/22716-como-potencialmente-conseguir-ojos-mas-hundidos,REWRITE,,4.5-DIY-reframe+4.7-translation,med,0-prelaunch-noGSC
/d/22772-construye-un-tremendo-culote-jugoso,REWRITE,,4.7-translation,high,0-prelaunch-noGSC
/d/22778-guia-de-chatgpt-para-la-protrusion-bimaxilar-en-hombres-del-este-de-asia-bimax-protrusioncels-gtfih,REWRITE,,4.7-translation,high,0-prelaunch-noGSC
/d/22785-como-salir-del-estatus-khhv-si-tienes-20-25-anos-siendo-ltnmtn-estes-en-la-universidad-o-no,REWRITE,,4.7-translation,high,0-prelaunch-noGSC
/d/22789-no-hagas-recomposicion-corporal-y-que-hacer-en-su-lugar,REWRITE,,4.5-dosing-strip+4.7-translation,med,0-prelaunch-noGSC
/d/22828-guia-mk677,REWRITE,,4.5-dosing-strip+4.7-translation,med,0-prelaunch-noGSC
/d/22830-maxxing-basico-de-nt-en-redes-sociales,REWRITE,,4.7-translation,high,0-prelaunch-noGSC
/d/22978-guia-definitiva-de-mascarilla-para-el-cabello,REWRITE,,4.5-DIY-reframe+4.7-translation,med,0-prelaunch-noGSC
/d/23000-desbloqueando-tu-sonrisa-nunca-mas-tengas-una-caries,REWRITE,,4.7-translation,high,0-prelaunch-noGSC
/d/23006-guia-de-anatomia-entiende-como-funciona-cada-musculo,REWRITE,,4.7-translation,high,0-prelaunch-noGSC
/d/23049-hack-de-approach-de-frio-a-calido,REWRITE,,4.7-translation,high,0-prelaunch-noGSC
/d/23090-mi-rutina-de-hamzamaxxing-parte-1,REWRITE,,4.7-translation,high,0-prelaunch-noGSC
/d/23098-guia-sobre-como-hacer-tus-comidas-goyslop-favoritas-saludables-en-casa-bbc,REWRITE,,4.5-DIY-reframe+4.7-translation,med,0-prelaunch-noGSC
/d/23229-guia-de-looksmaxing-para-blancos-con-ojos-cafes-y-pelo-cafe-gtfih,REWRITE,,4.7-translation,high,0-prelaunch-noGSC
/d/23230-como-hacer-softmaxx-basicos,REWRITE,,4.5-DIY-reframe+4.7-translation,med,0-prelaunch-noGSC
/d/23232-cirugias-y-que-hacen,REWRITE,,4.7-translation,high,0-prelaunch-noGSC
/d/23248-como-hablar-con-chicas-funciona-con-autistas-tambien,REWRITE,,4.7-translation,high,0-prelaunch-noGSC
/d/23252-anquiloglosia-causa-del-crecimiento-hacia-abajo-y-la-falta-de-angularidad,REWRITE,,4.7-translation,high,0-prelaunch-noGSC
/d/23289-hilo-muy-raro-sub5incel125-highiq-gymmaxxing-101,REMOVE_URGENT,/t/looksmaxing,4.5-safety,high,0-prelaunch-noGSC
/d/23321-la-importancia-de-finalizar-planes-quirurgicos-rapidamente,REWRITE,,4.7-translation,high,0-prelaunch-noGSC
/d/23374-como-aumentar-el-apetito-a-traves-de-isrs-e-antihistaminicos,REWRITE,,4.7-translation,high,0-prelaunch-noGSC
/d/23387-hilo-de-agua-de-soft-maxes-sin-cope,REMOVE_URGENT,/t/softmaxing,4.5-sourcing-controlled-substance,high,0-prelaunch-noGSC
/d/23456-guia-de-armonia-angular,REWRITE,,4.7-translation,high,0-prelaunch-noGSC
/d/23516-complicaciones-de-bimax-trimax,REWRITE,,4.5-dosing-strip+4.7-translation,med,0-prelaunch-noGSC
/d/23527-metodo-de-pe-brutal-inhibcels-bajos-venganse-paca,REWRITE,,4.5-dosing-strip+4.7-translation,med,0-prelaunch-noGSC
/d/23531-manipular-el-cabello-y-el-vello-facial-para-mejorar-failos,REWRITE,,4.7-translation,high,0-prelaunch-noGSC
/d/23538-la-mejor-forma-de-desinflar-rapido,REWRITE,,4.5-dosing-strip+4.7-translation,med,0-prelaunch-noGSC
/d/23573-el-rol-de-la-fascia-en-la-estetica-facial-y-por-que-es-importante-aflojarla,REWRITE,,4.5-DIY-reframe+4.7-translation,med,0-prelaunch-noGSC
/d/23612-como-hacer-medmaxx-para-el-verano-del-proximo-ano-guia-completa-etnicos-gtfih,REWRITE,,4.7-translation,high,0-prelaunch-noGSC
/d/23618-deberian-probar-esta-app-gratuita-para-editar-el-rostro,REWRITE,,4.7-translation,high,0-prelaunch-noGSC
/d/23621-que-carajos-es-el-sindrome-de-marfans,REWRITE,,4.7-translation,high,0-prelaunch-noGSC
/d/23656-los-mejores-productos-de-cuidado-de-la-piel,REWRITE,,4.7-translation,high,0-prelaunch-noGSC
/d/23761-como-bajar-tu-inhib-de-forma-natural,REWRITE,,4.7-translation,high,0-prelaunch-noGSC
/d/23777-guia-del-calostro-los-beneficios-del-oro-liquido,REMOVE_URGENT,/t/looksmaxing,4.5-sourcing-controlled-substance,high,0-prelaunch-noGSC
/d/23807-como-no-arruinar-tu-vida-mientras-estes-en-pubertad-gtfih,REWRITE,,4.7-translation,high,0-prelaunch-noGSC
/d/23819-como-usar-hidrocortisona-para-que-tu-distancia-ocular-se-vea-mas-pequena-gente-de-ojos-separados-gtfih-bajo-ci-amigable,REWRITE,,4.7-translation,high,0-prelaunch-noGSC
/d/23821-guia-definitiva-de-muscle-maxxing,REWRITE,,4.5-dosing-strip+4.7-translation,med,0-prelaunch-noGSC
/d/23867-nt-como-actuar-completamente-como-un-normie,REWRITE,,4.7-translation,high,0-prelaunch-noGSC
/d/23912-guia-de-ll-enanos-entren,REWRITE,,4.7-translation,high,0-prelaunch-noGSC
/d/23946-como-aumentar-tu-peso-de-bench-en-20lbs-en-3-semanasprograma-smolov-jr-bench,REWRITE,,4.7-translation,high,0-prelaunch-noGSC
/d/23961-el-unico-consejo-verdadero-de-looksmaxxing-despues-de-5-anos-de-looksmaxxing,REWRITE,,4.5-DIY-reframe+4.7-translation,med,0-prelaunch-noGSC
/d/24056-todo-lo-que-aprendi-en-este-sitio-parte-2,REWRITE,,4.7-translation,high,0-prelaunch-noGSC
/d/24079-todo-lo-que-aprendi-en-este-sitio-parte-1-actualizado,REWRITE,,4.7-translation,high,0-prelaunch-noGSC
/d/24120-inhibmaxx-subestimado,REWRITE,,4.7-translation,high,0-prelaunch-noGSC
/d/24133-como-medir-el-crecimiento-anterior-de-la-maxila,REWRITE,,4.7-translation,high,0-prelaunch-noGSC
/d/24153-consejo-nt-camina-y-habla-lentamente,REWRITE,,4.7-translation,high,0-prelaunch-noGSC
/d/24158-como-exigir-respeto-de-mujeres-y-otros-hombres-guia-alfa,REWRITE,,4.7-translation,high,0-prelaunch-noGSC
/d/24195-todos-los-softmax-que-existen-entren-ya-antes-de-la-cirugia,REWRITE,,4.5-DIY-reframe+4.7-translation,med,0-prelaunch-noGSC
/d/24207-si-eres-etnico-en-occidente-esconde-tu-origen-procedencia-lo-mas-posible-con-las-mujeres,REWRITE,,4.7-translation,high,0-prelaunch-noGSC
/d/24216-la-guia-completa-de-looksmaxxing-para-el-normalfag-4-7,REWRITE,,4.7-translation,high,0-prelaunch-noGSC
/d/24235-como-eliminar-la-hinchazon-facial-3-horas-antes-de-la-escuela-mejor-guia,REWRITE,,4.5-dosing-strip+4.7-translation,med,0-prelaunch-noGSC
/d/24287-guia-definitiva-sobre-como-tu-dieta-afecta-tu-crecimiento,REMOVE_URGENT,/t/looksmaxing,4.5-sourcing-controlled-substance,high,0-prelaunch-noGSC
/d/24310-como-empezar-a-slayear-siendo-un-mentalcel,REWRITE,,4.5-DIY-reframe+4.7-translation,med,0-prelaunch-noGSC
/d/24311-algunos-beneficios-del-sol,REWRITE,,4.5-dosing-strip+4.7-translation,med,0-prelaunch-noGSC
/d/24326-guia-rapida-de-nofap,REWRITE,,4.7-translation,high,0-prelaunch-noGSC
/d/24335-el-metodo-de-snapchat-para-ligar-chicas-con-fotos,REWRITE,,4.7-translation,high,0-prelaunch-noGSC
/d/24420-fraudmaxxing-tu-altura-alcanzando-tu-maximo-potencial,REWRITE,,4.7-translation,high,0-prelaunch-noGSC
/d/24434-todos-los-beneficios-del-nofap-que-puedo-pensar,REWRITE,,4.5-dosing-strip+4.7-translation,med,0-prelaunch-noGSC
/d/24503-guia-definitiva-de-prettyboy-maxxing-appealmaxxing,REWRITE,,4.5-dosing-strip+4.7-translation,med,0-prelaunch-noGSC
/d/24525-todos-los-metodos-para-escapar-del-inceldom,REWRITE,,4.7-translation,high,0-prelaunch-noGSC
/d/24540-una-guia-sobre-pied-ed-flatline-y-tips-de-como-arreglarlo,REWRITE,,4.5-dosing-strip+4.7-translation,med,0-prelaunch-noGSC
/d/24633-guia-definitiva-para-tener-una-idea-de-como-entrenar-sin-perder-el-tiempo-basada-en-la-ciencia,REWRITE,,4.5-dosing-strip+4.7-translation,med,0-prelaunch-noGSC
/d/24641-guia-framemax-high-iq,REWRITE,,4.7-translation,high,0-prelaunch-noGSC
/d/24694-celulas-nasales-gtfih-pequeno-consejo-para-una-nariz-mas-definida,REWRITE,,4.5-dosing-strip+4.7-translation,med,0-prelaunch-noGSC
/d/24703-softmaxxing-guia-para-el-desarrollo-mandibular,REWRITE,,4.5-dosing-strip+4.7-translation,med,0-prelaunch-noGSC
/d/24777-manipula-perras-convierte-putas-o-chicas-normales-en-amas-de-casa,REWRITE,,4.7-translation,high,0-prelaunch-noGSC
/d/24790-asi-es-como-programaria-un-ul-split-solo-con-mancuernas,REWRITE,,4.7-translation,high,0-prelaunch-noGSC
/d/24791-la-guia-definitiva-de-dream-maxxing-y-evitando-pesadillas,REWRITE,,4.5-dosing-strip+4.7-translation,med,0-prelaunch-noGSC
/d/24798-guia-de-dickmaxxing-excluyendo-clamping-y-bombas,REWRITE,,4.7-translation,high,0-prelaunch-noGSC
/d/24818-la-unica-guia-de-dickmax-que-necesitas,REWRITE,,4.7-translation,high,0-prelaunch-noGSC
/d/24825-rutina-de-movilidad-personal,REWRITE,,4.5-dosing-strip+4.7-translation,med,0-prelaunch-noGSC
/d/24900-rutina-full-body-optima,REWRITE,,4.5-dosing-strip+4.7-translation,med,0-prelaunch-noGSC
/d/24925-como-mantener-una-dieta-y-no-fallar-esta-vez,REWRITE,,4.7-translation,high,0-prelaunch-noGSC
/d/25015-el-hilo-definitivo-de-softmax-gtfihhh,REMOVE_URGENT,/t/softmaxing,4.5-safety,high,0-prelaunch-noGSC
/d/25054-guia-practica-de-greypillers-para-fraudear-el-craneo-de-cacahuate,REWRITE,,4.7-translation,high,0-prelaunch-noGSC
/d/25063-como-ligar,REWRITE,,4.7-translation,high,0-prelaunch-noGSC
/d/25065-como-ser-un-bad-boy,REWRITE,,4.7-translation,high,0-prelaunch-noGSC
/d/25111-megathread-de-skincare-lookism,REWRITE,,4.5-dosing-strip+4.7-translation,med,0-prelaunch-noGSC
/d/25149-voicemaxxing-guia-a-fondo-para-alcanzar-97-hz,REMOVE_URGENT,/t/looksmaxing,4.5-sourcing-controlled-substance,high,0-prelaunch-noGSC
/d/25232-la-hidrocortisona-para-la-nariz-si-funciona,REWRITE,,4.7-translation,high,0-prelaunch-noGSC
/d/25254-guia-facil-de-colageno,REMOVE_URGENT,/t/looksmaxing,4.5-sourcing-controlled-substance,high,0-prelaunch-noGSC
/d/25261-desglose-completo-de-indicadores-de-interes-ioi-estas-alucinando-o-en-contacto-con-la-realidad,REWRITE,,4.7-translation,high,0-prelaunch-noGSC
/d/25358-como-no-ser-odiado,REWRITE,,4.7-translation,high,0-prelaunch-noGSC
/d/25366-nueva-tecnica-de-looksmax-zygomaxx,REWRITE,,4.7-translation,high,0-prelaunch-noGSC
/d/25378-como-prevenir-hinchazon-mientras-haces-bulkingen-un-ciclo-aas-acuoso-las-mejores-y-las-mas-faciles-y-las-formas-mas-efectivas,REWRITE,,4.5-dosing-strip+4.7-translation,med,0-prelaunch-noGSC
/d/25389-bueno-voy-a-publicar-mi-rutina-natural-para-profundizar-la-voz-que-me-han-estado-pidiendo,REWRITE,,4.5-dosing-strip+4.7-translation,med,0-prelaunch-noGSC
/d/25403-crees-que-tienes-lineas-de-sonrisa-piensalo-de-nuevo,REWRITE,,4.7-translation,high,0-prelaunch-noGSC
/d/25466-todo-sobre-los-procedimientos-para-cambiar-el-color-de-ojos,REWRITE,,4.5-dosing-strip+4.7-translation,med,0-prelaunch-noGSC
/d/25508-como-aniquilar-la-ansiedad-social-con-imaos-una-guia-practica,REMOVE_URGENT,/t/looksmaxing,4.5-sourcing-controlled-substance,high,0-prelaunch-noGSC
/d/25555-una-lista-completa-de-tips-y-trucos-sociales,REWRITE,,4.7-translation,high,0-prelaunch-noGSC
/d/25561-como-lidiar-con-mujeres-que-hacen-catfish,REWRITE,,4.7-translation,high,0-prelaunch-noGSC
/d/25562-la-guia-de-heightmaxxing-mas-corta-sin-cope,REMOVE_URGENT,/t/anabolicos,4.5-safety,high,0-prelaunch-noGSC
/d/25624-botb-como-mantenerse-delgado-todo-el-ano-con-superavit-calorico,REWRITE,,4.5-dosing-strip+4.7-translation,med,0-prelaunch-noGSC
/d/25634-guia-para-arreglar-tu-horario-de-sueno,REWRITE,,4.5-dosing-strip+4.7-translation,med,0-prelaunch-noGSC
/d/25760-guia-de-mewing-2024-para-miembros-nuevos,REWRITE,,4.7-translation,high,0-prelaunch-noGSC
/d/25806-guia-de-muy-bajo-esfuerzo-para-maximizar-gh,REWRITE,,4.7-translation,high,0-prelaunch-noGSC
/d/25823-guia-de-fotos-para-apps-de-citas,REWRITE,,4.7-translation,high,0-prelaunch-noGSC
/d/25846-caracteristicas-de-modelos-hombres-de-moda-de-alto-nivel,REWRITE,,4.7-translation,high,0-prelaunch-noGSC
/d/25857-zapatos-de-heightfraud-de-elite-para-el-invierno,REWRITE,,4.7-translation,high,0-prelaunch-noGSC
/d/25866-optimizacion-del-sueno-sueno-lucido-simplificado,REWRITE,,4.7-translation,high,0-prelaunch-noGSC
/d/26007-guia-de-iluminacion-de-ojos-de-nuttheb,REWRITE,,4.5-dosing-strip+4.7-translation,med,0-prelaunch-noGSC
/d/26033-como-conseguir-hunter-eyes,REWRITE,,4.7-translation,high,0-prelaunch-noGSC
/d/26068-la-guia-perfecta-de-sleepmaxxing,REWRITE,,4.7-translation,high,0-prelaunch-noGSC
/d/26078-guia-completa-del-permanente-ondulado-haircels-de-cabello-lacio-entren-aqui,REWRITE,,4.7-translation,high,0-prelaunch-noGSC
/d/26139-nuevo-metodo-de-desbloating-marcado-por-ubermog,REWRITE,,4.7-translation,high,0-prelaunch-noGSC
/d/26217-como-fraudear-con-maquillaje-correctamente,REWRITE,,4.7-translation,high,0-prelaunch-noGSC
/d/26238-longevidad-vive-mas-de-120-anos-todo-lo-que-necesitas-saber-gtfhi,REWRITE,,4.7-translation,high,0-prelaunch-noGSC
/d/26255-como-limpiar-instantaneamente-tu-nariz-para-evitar-la-respiracion-bucal,REWRITE,,4.7-translation,high,0-prelaunch-noGSC
/d/26268-como-actuar-ante-los-iois,REWRITE,,4.7-translation,high,0-prelaunch-noGSC
/d/26276-mejor-martillo-para-bonesmashing,REWRITE,,4.5-DIY-reframe+4.7-translation,med,0-prelaunch-noGSC
/d/26303-mi-bro-split-poco-ortodoxo-de-10-dias-que-te-ayudara-a-poner-40-libras-de-masa-muscular-en-los-proximos-6-mesessin-mamads-framecels-gtfih,REWRITE,,4.7-translation,high,0-prelaunch-noGSC
/d/26407-fallas-esteticas-del-area-de-ojos-insuficiencias-de-tejido-blando-y-subhumanidades-oseas-infraorbitales,REWRITE,,4.7-translation,high,0-prelaunch-noGSC
/d/26412-guia-experimental-para-arreglar-la-asimetria-facial-la-inclinacion-de-la-mandibula-la-desalineacion-de-la-barbilla-y-la-rotacion-del-esfenoides,REWRITE,,4.7-translation,high,0-prelaunch-noGSC
/d/26442-forma-simple-de-reducir-la-inflamacion,REMOVE_URGENT,/t/looksmaxing,4.5-sourcing-controlled-substance,high,0-prelaunch-noGSC
/d/26478-acelera-tu-metabolismo-para-quemar-grasa-mas-rapido-ponerte-delgado-para-principiantes-potenciar-hgh,REWRITE,,4.5-dosing-strip+4.7-translation,med,0-prelaunch-noGSC
/d/26480-acelera-tu-metabolismo-para-quemar-grasa-mas-rapido-aumenta-tu-hgh,REWRITE,,4.5-dosing-strip+4.7-translation,med,0-prelaunch-noGSC
/d/26481-como-lograr-un-cuerpo-atractivo-top-facilmente,REWRITE,,4.5-dosing-strip+4.7-translation,med,0-prelaunch-noGSC
/d/26486-guia-de-pomada-para-cejas-soy-nuevo-aqui-asi-que-no-me-quemen-por-el-formato,REWRITE,,4.7-translation,high,0-prelaunch-noGSC
/d/26515-como-aumentar-tu-hormona-de-crecimiento-con-suplementos,REWRITE,,4.5-dosing-strip+4.7-translation,med,0-prelaunch-noGSC
/d/26556-disolviendo-la-grasa-submental,REWRITE,,4.5-dosing-strip+4.7-translation,med,0-prelaunch-noGSC
/d/26561-mi-experiencia-con-80mg-de-lasix-y-400mg-de-pregabalina,REMOVE_URGENT,/t/anabolicos,4.5-safety,high,0-prelaunch-noGSC
/d/26598-como-reducir-el-uee-mas-hooding,REWRITE,,4.7-translation,high,0-prelaunch-noGSC
/d/26626-como-manipular-a-una-chica,REWRITE,,4.7-translation,high,0-prelaunch-noGSC
/d/26663-como-jugar-el-juego-de-las-citas-te-va-a-ahorrar-tanto-dolor-tiempo-y-energia,REWRITE,,4.7-translation,high,0-prelaunch-noGSC
/d/26702-nueva-guia-gymcel-actualizada-diciembre-2024-sin-mamadas-basada-en-evidencia,REWRITE,,4.7-translation,high,0-prelaunch-noGSC
/d/26727-tips-de-entrenamiento-de-hombros-para-novatos,REWRITE,,4.7-translation,high,0-prelaunch-noGSC
/d/26731-probe-si-las-ganancias-de-minoxidil-en-cejas-y-pestanas-son-permanentes-despues-de-15-anos,REWRITE,,4.5-dosing-strip+4.7-translation,med,0-prelaunch-noGSC
/d/26762-10-pasos-para-la-vida-perfecta-disenada-para-tu-adn-y-como-la-vida-moderna-gira-inconscientemente-en-torno-a-replicar-la-naturaleza,REWRITE,,4.7-translation,high,0-prelaunch-noGSC
/d/26891-como-crecer-mas-alto-durante-la-pubertad-pubertycels-gtfih,REWRITE,,4.5-dosing-strip+4.7-translation,med,0-prelaunch-noGSC
/d/26899-la-droga-definitiva-modo-dios-de-baja-inhib-guia-completa-de-baclofeno,REWRITE,,4.5-dosing-strip+4.7-translation,med,0-prelaunch-noGSC
/d/26903-guia-completa-para-el-uso-de-esteroides-anabolicos-sin-efectos-secundarios,REWRITE,,4.5-dosing-strip+4.7-translation,med,0-prelaunch-noGSC
/d/26914-cuando-te-acercas-deberias-tener-una-plantilla-a-la-que-recurres-cada-vez-para-estandarizar,REWRITE,,4.5-dosing-strip+4.7-translation,med,0-prelaunch-noGSC
/d/26933-guia-de-crecimiento-oseo-dirigido,REWRITE,,4.5-DIY-reframe+4.7-translation,med,0-prelaunch-noGSC
/d/26937-el-perfecto-dia-de-comida,REMOVE_URGENT,/t/looksmaxing,4.5-sourcing-controlled-substance,high,0-prelaunch-noGSC
/d/26960-snacks-y-comidas-de-cuttingleanmaxxing-que-disfruto,REWRITE,,4.7-translation,high,0-prelaunch-noGSC
/d/26997-guia-como-ocultar-peptidos-de-los-papas-en-un-refrigerador,REWRITE,,4.5-dosing-strip+4.7-translation,med,0-prelaunch-noGSC
/d/27066-como-sacarle-el-maximo-provecho-a-la-blackpill-y-a-este-sitioshizorambling-nuclearbluepillwhitepillntpillcope-entrante,REWRITE,,4.7-translation,high,0-prelaunch-noGSC
/d/27071-como-beber-minoxidil-topico-100-seguro,REWRITE,,4.7-translation,high,0-prelaunch-noGSC
/d/27155-fraudmaxxing-de-59-a-60-con-plantillas-de-altura-improvisadas-gratis-no-se-ve-sperg-ni-non-nt,REWRITE,,4.7-translation,high,0-prelaunch-noGSC
/d/27162-la-guia-definitiva-de-peptidos-para-el-crecimiento-oseo,REWRITE,,4.5-dosing-strip+4.7-translation,med,0-prelaunch-noGSC
/d/27182-el-truco-del-bicarbonato-de-sodio-pre-entrenamiento-una-guia-breve,REMOVE_URGENT,/t/looksmaxing,4.5-sourcing-controlled-substance,high,0-prelaunch-noGSC
/d/27199-como-arregle-mis-dientes-amarillos-permanentemente-en-dos-horas,REWRITE,,4.7-translation,high,0-prelaunch-noGSC
/d/27209-la-unica-guia-de-testosterona-que-vas-a-necesitar-natural-nada-de-roids-sorry,REWRITE,,4.5-dosing-strip+4.7-translation,med,0-prelaunch-noGSC
/d/27226-10-consejos-de-texto-para-coger-esa-chica-con-la-que-estas-hablando-una-guia-para-arrasar-para-gen-zs-i,REWRITE,,4.7-translation,high,0-prelaunch-noGSC
/d/27266-informacion-sobre-mk-667-para-principiantes-facil-de-entender,REWRITE,,4.5-dosing-strip+4.7-translation,med,0-prelaunch-noGSC
/d/27280-he-dominado-el-arte-de-friendmaxxing-en-linea,REWRITE,,4.7-translation,high,0-prelaunch-noGSC
/d/27315-como-thugmaxx-gtifh,REWRITE,,4.7-translation,high,0-prelaunch-noGSC
/d/27326-si-no-estas-usando-la-musica-a-tu-favor-con-las-chicas-que-chingados-estas-haciendo,REWRITE,,4.7-translation,high,0-prelaunch-noGSC
/d/27332-no-bebas-aceites-de-semilla-come-carne-cruda,REWRITE,,4.7-translation,high,0-prelaunch-noGSC
/d/27367-guia-definitiva-de-t3t4-para-leanmaxxing-fatcels-entrenle-ya,REWRITE,,4.5-dosing-strip+4.7-translation,med,0-prelaunch-noGSC
/d/27556-para-paladar-estrecho-mse-vs-leforte-segmentario-arco-estrecho-nose-breathingcels-etc-gtfih-alto-esfuerzo,REWRITE,,4.7-translation,high,0-prelaunch-noGSC
/d/27648-aumenta-la-densidad-osea,REWRITE,,4.7-translation,high,0-prelaunch-noGSC
/d/27689-marcar-la-linea-de-la-mandibula-megathread,REWRITE,,4.7-translation,high,0-prelaunch-noGSC
/d/27772-celguia-completa-de-remodelacion-del-craneo,REWRITE,,4.7-translation,high,0-prelaunch-noGSC
/d/27819-desgatekeepeando-conocimiento-esoterico-de-looksmaxxing-de-alto-ci,REWRITE,,4.7-translation,high,0-prelaunch-noGSC
/d/27840-el-split-mas-eficiente-para-lazy-gymcels,REWRITE,,4.7-translation,high,0-prelaunch-noGSC
/d/27889-guia-de-claviclemaxxing-gtfih,REWRITE,,4.5-dosing-strip+4.7-translation,med,0-prelaunch-noGSC
/d/27919-este-es-el-camino-este-es-el-sistema-esta-es-tu-oportunidad-esto-es-todo,REWRITE,,4.7-translation,high,0-prelaunch-noGSC
/d/27977-diferencia-entre-feo-y-poco-atractivo,REWRITE,,4.7-translation,high,0-prelaunch-noGSC
/d/27993-la-guia-definitiva-de-approachmaxxing,REWRITE,,4.7-translation,high,0-prelaunch-noGSC
/d/28018-tabla-de-estatura-no-retrasada,REWRITE,,4.7-translation,high,0-prelaunch-noGSC
/d/28034-desarrollo-del-musculo-temporal,REWRITE,,4.7-translation,high,0-prelaunch-noGSC
/d/28091-mi-rutina-para-deshinchar,REWRITE,,4.5-dosing-strip+4.7-translation,med,0-prelaunch-noGSC
/d/28095-alimentos-que-suben-la-testo,REMOVE_URGENT,/t/looksmaxing,4.5-sourcing-controlled-substance,high,0-prelaunch-noGSC
/d/28101-la-pastilla-anti-acne-una-guia-sobre-la-isotretinoina,REWRITE,,4.5-dosing-strip+4.7-translation,med,0-prelaunch-noGSC
/d/28106-como-subir-la-hgh,REWRITE,,4.5-dosing-strip+4.7-translation,med,0-prelaunch-noGSC
/d/28113-masticacion-basada-en-el-temporal-vs-el-masetero-high-iq,REWRITE,,4.7-translation,high,0-prelaunch-noGSC
/d/28136-esteroides-para-conseguir-mas-masa-osea,REWRITE,,4.5-dosing-strip+4.7-translation,med,0-prelaunch-noGSC
/d/28138-guia-final-de-formas-de-soft-y-hardmaxing-megahilo,REWRITE,,4.5-DIY-reframe+4.7-translation,med,0-prelaunch-noGSC
/d/28147-formas-de-framemax-softhardaxing-megahilo,REWRITE,,4.5-dosing-strip+4.7-translation,med,0-prelaunch-noGSC
/d/28166-3-formas-de-cambiar-completamente-tu-area-de-ojos-garantizado-que-aprenderas-al-menos-1-metodo-nuevo,REWRITE,,4.7-translation,high,0-prelaunch-noGSC
/d/28193-megathread-como-ascender-solo-en-la-pubertad,REWRITE,,4.7-translation,high,0-prelaunch-noGSC
/d/28211-como-obtener-un-estiramiento-facial-usando-el-musculo-alrededor-de-tu-oido,REWRITE,,4.7-translation,high,0-prelaunch-noGSC
/d/28292-mega-guia-para-deshincharte-greycels-gtifh,REWRITE,,4.5-dosing-strip+4.7-translation,med,0-prelaunch-noGSC
/d/28315-como-arregle-mi-acne,REMOVE_URGENT,/t/softmaxing,4.5-safety,high,0-prelaunch-noGSC
/d/28326-tutorial-para-greycels-greycels-gtfih,REMOVE_URGENT,/t/looksmaxing,4.5-sourcing-controlled-substance,high,0-prelaunch-noGSC
/d/28387-guia-youngcel,REWRITE,,4.5-DIY-reframe+4.7-translation,med,0-prelaunch-noGSC
/d/28388-guia-completa-de-thugmaxxing-guia-para-volverte-terranigger,REWRITE,,4.7-translation,high,0-prelaunch-noGSC
/d/28416-una-guia-de-heightmaxxing-me-ayudo-a-aumentar-3-cm,REWRITE,,4.7-translation,high,0-prelaunch-noGSC
/d/28460-tu-altura-y-tus-fortalezas-y-debilidades,REWRITE,,4.7-translation,high,0-prelaunch-noGSC
/d/28500-personalitymaxing-sin-mamadas,REWRITE,,4.5-dosing-strip+4.7-translation,med,0-prelaunch-noGSC
/d/28509-expansor-palatino-complicaciones-y-riesgos-potenciales-leelo-antes-de-instalarlo-gtfih,REMOVE_URGENT,/t/hardmaxing,4.5-sourcing-controlled-substance,high,0-prelaunch-noGSC
/d/28521-iqmaxxing-la-unica-guia-que-necesitas-para-potenciar-tu-inteligencia-post-mega-alto-iq,REWRITE,,4.7-translation,high,0-prelaunch-noGSC
/d/28530-como-ponerte-grande-siendo-adolescente,REWRITE,,4.7-translation,high,0-prelaunch-noGSC
/d/28565-iqmaxxing-por-que-el-libro-de-la-inteligencia-esta-mal-y-como-realmente-lograr-un-alto-iq,REWRITE,,4.7-translation,high,0-prelaunch-noGSC
/d/28621-una-guia-de-donde-conseguir-hormonas-inaccesibles-hghhcg-sin-receta,REMOVE_URGENT,/t/anabolicos,4.5-sourcing-controlled-substance,high,0-prelaunch-noGSC
/d/28631-guia-de-lazymaxxing-vol-01-looksmaxxea-siendo-huevon,REMOVE_URGENT,/t/looksmaxing,4.5-safety,high,0-prelaunch-noGSC
/d/28658-como-arreglar-la-sobremordida,REWRITE,,4.7-translation,high,0-prelaunch-noGSC
/d/28661-guia-de-color-de-ojos-de-nutthebs-2,REWRITE,,4.7-translation,high,0-prelaunch-noGSC
/d/28692-mega-guia-del-protocolo-de-melanotan-ii-para-cumskins-gtifh,REWRITE,,4.5-dosing-strip+4.7-translation,med,0-prelaunch-noGSC
/d/28695-guia-sin-pendejadas-para-arreglar-las-inhibiciones-altas,REWRITE,,4.5-dosing-strip+4.7-translation,med,0-prelaunch-noGSC
/d/28710-por-que-la-metilacion-del-adn-es-mas-importante-que-el-estrogeno-bajo-para-el-heightmaxxing-lectura-obligatoria,REWRITE,,4.5-dosing-strip+4.7-translation,med,0-prelaunch-noGSC
/d/28747-guia-de-voicemaxxing-como-desarrollar-una-voz-poderosa-y-fluida,REWRITE,,4.7-translation,high,0-prelaunch-noGSC
/d/28750-deep-voicemaxx-guia-directa-para-una-voz-mas-grave,REWRITE,,4.7-translation,high,0-prelaunch-noGSC
/d/28770-la-unica-guia-de-heightmaxx-que-funciona-botb,REWRITE,,4.5-dosing-strip+4.7-translation,med,0-prelaunch-noGSC
/d/28782-mi-hijo-va-a-ser-chad-aqui-te-digo-como,REWRITE,,4.5-dosing-strip+4.7-translation,med,0-prelaunch-noGSC
/d/28799-como-tener-buen-opsec-en-org-una-guia-por-greypiller,REWRITE,,4.7-translation,high,0-prelaunch-noGSC
/d/28901-clase-magistral-de-relaciones,REWRITE,,4.7-translation,high,0-prelaunch-noGSC
/d/28933-senales-tempranas-de-que-te-va-a-enganar-bajo-valor-mala-eleccion-sin-interes,REWRITE,,4.7-translation,high,0-prelaunch-noGSC
/d/28938-guia-de-tattoomaxxing-el-softmax-mas-subestimado,REWRITE,,4.5-dosing-strip+4.7-translation,med,0-prelaunch-noGSC
/d/28945-collagenmaxxing-la-farmacopea-epidermica,REWRITE,,4.5-dosing-strip+4.7-translation,med,0-prelaunch-noGSC
/d/28971-lista-de-rangos-de-altura-practica-no-autismo-como-muh-8-pies-de-alto-60-maquina-mog-bideltoid,REWRITE,,4.7-translation,high,0-prelaunch-noGSC
/d/28974-sleepmaxxing-guia-definitiva,CONSOLIDATE,/d/18298-guia-de-sleepmaxxing,4.6-duplicate,high,0-prelaunch-noGSC
/d/28977-ser-bajo-inhibido-es-simple-la-verdad,REWRITE,,4.7-translation,high,0-prelaunch-noGSC
/d/28981-como-entrenar-inteligente-y-no-como-un-gymcel-gtfih,REWRITE,,4.7-translation,high,0-prelaunch-noGSC
/d/29002-psicologia-femenina-ii-fantasias-sexuales-y-romanticas,REWRITE,,4.7-translation,high,0-prelaunch-noGSC
/d/29139-la-guia-definitiva-de-facepullingpushing-para-ascender-metodos-desconocidos-tienes-que-verla,REWRITE,,4.7-translation,high,0-prelaunch-noGSC
/d/29147-como-saber-si-alguien-esta-chupando-sus-mejillas-en-una-foto-y-no-ser-estafado-gtfih,REWRITE,,4.5-DIY-reframe+4.7-translation,med,0-prelaunch-noGSC
/d/29243-como-crecer-mas-alto-despues-de-que-se-cierran-las-placas,REWRITE,,4.5-DIY-reframe+4.7-translation,med,0-prelaunch-noGSC
/d/29299-guia-completa-de-high-iq-sobre-edging-para-aumentar-t-y-drive,REWRITE,,4.7-translation,high,0-prelaunch-noGSC
/d/29314-como-crecer-mas-alto-incluso-con-las-placas-de-crecimiento-cerradas-crecimiento-cartilaginoso,REWRITE,,4.5-dosing-strip+4.7-translation,med,0-prelaunch-noGSC
/d/29324-como-descongestionar-la-nariz-rapido-af,REWRITE,,4.7-translation,high,0-prelaunch-noGSC
/d/29369-tiers-de-estatura-para-foids-blancas-ricas-nt-en-sus-ultimos-anos-de-adolescencia-a-los-20s,REWRITE,,4.7-translation,high,0-prelaunch-noGSC
/d/29379-guia-de-sungazing-y-moongazing-entrenle,REWRITE,,4.5-dosing-strip+4.7-translation,med,0-prelaunch-noGSC
/d/29385-la-nicotina-es-un-inhibidor-de-la-aromatasa-heightcels-y-pubertcels-gtfih,REWRITE,,4.7-translation,high,0-prelaunch-noGSC
/d/29396-como-hacer-looksmaxxingascender-sin-esfuerzo,REMOVE_URGENT,/t/looksmaxing,4.5-safety,high,0-prelaunch-noGSC
/d/29410-tabla-objetiva-de-altura-para-hombres,REWRITE,,4.7-translation,high,0-prelaunch-noGSC
/d/29463-tutorial-de-ramus-pushing-no-permanente-y-muy-doloroso,REWRITE,,4.7-translation,high,0-prelaunch-noGSC
/d/29474-informacion-basica-sobre-como-aumentar-la-sensibilidad-de-los-receptores-de-androgenos-ar,REWRITE,,4.5-dosing-strip+4.7-translation,med,0-prelaunch-noGSC
/d/29508-guias-de-looksmax-para-asiaticos-metanse-aqui,REWRITE,,4.7-translation,high,0-prelaunch-noGSC
/d/29584-guia-para-chavos-jovenes-sobre-como-no-arruinar-tu-vida,REWRITE,,4.5-dosing-strip+4.7-translation,med,0-prelaunch-noGSC
/d/29622-guia-de-asimetria-facial,REMOVE_URGENT,/t/looksmaxing,4.5-sourcing-controlled-substance,high,0-prelaunch-noGSC
/d/29625-dieta-vegana-para-alto-test,REWRITE,,4.5-dosing-strip+4.7-translation,med,0-prelaunch-noGSC
/d/29640-nunca-esta-jodidamente-terminado-looksmaxxing-completo-hgh-y-testosterona-100-natural-todos-gtfih,REMOVE_URGENT,/t/anabolicos,4.5-safety,high,0-prelaunch-noGSC
/d/29669-el-pe-tradicional-es-basura-el-metodo-angion-es-el-futuro,REWRITE,,4.7-translation,high,0-prelaunch-noGSC
/d/29689-la-guia-definitiva-de-oofydoofymaxxing-como-ganar-siendo-un-payaso-adorable-botb,REWRITE,,4.7-translation,high,0-prelaunch-noGSC
/d/29691-la-verdad-detras-de-dark-triad-vs-light-triad,REWRITE,,4.5-DIY-reframe+4.7-translation,med,0-prelaunch-noGSC
/d/29746-estudios-judios-y-companias-farmaceuticas-recomiendan-dosis-de-finasterida-demasiado-altas,REWRITE,,4.5-dosing-strip+4.7-translation,med,0-prelaunch-noGSC
/d/29750-sin-bullshit-looksmaxxes-actuales-que-deberias-considerar-en-2025,REWRITE,,4.5-dosing-strip+4.7-translation,med,0-prelaunch-noGSC
/d/29756-12-grasa-corporal-o-muerte-ponerse-delgado-y-mantenerse-delgado-el-mejor-thread-en-org,REMOVE_URGENT,/t/looksmaxing,4.5-sourcing-controlled-substance,high,0-prelaunch-noGSC
/d/29776-guia-de-masticacion-recomendada-para-menores-de-20,REWRITE,,4.7-translation,high,0-prelaunch-noGSC
/d/29786-la-causa-oculta-de-la-hinchazon-facial-y-como-arreglarlo,REWRITE,,4.5-dosing-strip+4.7-translation,med,0-prelaunch-noGSC
/d/29800-como-falsificar-tu-estudio-del-sueno-para-obtener-seguro-para-bimax,REWRITE,,4.5-DIY-reframe+4.7-translation,med,0-prelaunch-noGSC
/d/29835-guia-para-la-nariz,REMOVE_URGENT,/t/softmaxing,4.5-sourcing-controlled-substance,high,0-prelaunch-noGSC
/d/29839-el-espectro-de-maxila-de-asia-oriental,REWRITE,,4.7-translation,high,0-prelaunch-noGSC
/d/29879-repost-guia-de-oldcel-para-heightmaxxing,REWRITE,,4.5-DIY-reframe+4.7-translation,med,0-prelaunch-noGSC
/d/29901-quieres-crecer-mas-de-altura-y-tienes-16-o-menos-gtfih-ahora,REWRITE,,4.5-dosing-strip+4.7-translation,med,0-prelaunch-noGSC
/d/29909-high-iq-como-vencer-la-vidacomo-ponerse-flacocomo-detener-el-sufrimiento,REMOVE_URGENT,/t/looksmaxing,4.5-safety,high,0-prelaunch-noGSC
/d/29913-guia-detan-para-indios,REWRITE,,4.7-translation,high,0-prelaunch-noGSC
/d/29929-el-jutsu-prohibido-para-arreglar-uee,REWRITE,,4.7-translation,high,0-prelaunch-noGSC
/d/29942-mega-guia-tabla-completa-de-estatura,REWRITE,,4.7-translation,high,0-prelaunch-noGSC
/d/30002-distancia-zygonasal-la-medida-mas-importante-para-maxila-forward-grown-de-nivel-modelo,REWRITE,,4.7-translation,high,0-prelaunch-noGSC
/d/30033-retatrutida-la-droga-definitiva-para-perder-grasa-gtfih-viene-el-verano,REWRITE,,4.5-dosing-strip+4.7-translation,med,0-prelaunch-noGSC
/d/30037-high-iq-las-claves-principales-del-exito-segun-ivantheterrible,REWRITE,,4.5-dosing-strip+4.7-translation,med,0-prelaunch-noGSC
/d/30039-gymmaxxing-guia-definitiva-completamente-natural,REWRITE,,4.5-dosing-strip+4.7-translation,med,0-prelaunch-noGSC
/d/30059-tu-primer-ciclomega-hilo,REWRITE,,4.5-dosing-strip+4.7-translation,med,0-prelaunch-noGSC
/d/30152-la-guia-definitiva-para-ntmaxxear-botb,REWRITE,,4.5-DIY-reframe+4.7-translation,med,0-prelaunch-noGSC
/d/30169-el-manual-de-becky-como-te-manipula-subconscientemente,REWRITE,,4.7-translation,high,0-prelaunch-noGSC
/d/30190-arregla-la-ansiedad-de-las-presentaciones-anxietycels-gtfih-ansiedad-de-rendimiento,REWRITE,,4.7-translation,high,0-prelaunch-noGSC
/d/30199-cirugias-de-tercio-inferiormandibula-segun-tu-failo-jawcells-gtfih,REWRITE,,4.5-DIY-reframe+4.7-translation,med,0-prelaunch-noGSC
/d/30204-mi-protocolo-de-bronceado-como-subhumano-nordico,REMOVE_URGENT,/t/softmaxing,4.5-sourcing-controlled-substance,high,0-prelaunch-noGSC
/d/30205-no-te-acerques-a-la-chica-que-quieres-sin-saber-esto-guia-funciona-al-100-historia-de-slay,REWRITE,,4.7-translation,high,0-prelaunch-noGSC
/d/30215-guia-completa-de-nichemaxxing,REWRITE,,4.7-translation,high,0-prelaunch-noGSC
/d/30239-la-ciencia-de-la-depresion-necesitas-una-razon-para-estar-deprimido,REWRITE,,4.7-translation,high,0-prelaunch-noGSC
/d/30269-epigenetica-la-conexion-entre-belleza-y-salud,REWRITE,,4.7-translation,high,0-prelaunch-noGSC
/d/30280-guia-de-cejas-alternativa-al-prp,REWRITE,,4.5-DIY-reframe+4.7-translation,med,0-prelaunch-noGSC
/d/30487-por-que-el-hcg-es-obligatorio-para-el-uso-prolongado-de-testosterona-hilo-de-high-iq,REWRITE,,4.5-dosing-strip+4.7-translation,med,0-prelaunch-noGSC
/d/30512-guia-de-drogas-baratas-para-tontos-simplificada,REWRITE,,4.7-translation,high,0-prelaunch-noGSC
/d/30525-el-metodo-definitivo-de-saltar-la-cuerda-bfr-descompresion-para-crecer-de-estatura,REWRITE,,4.7-translation,high,0-prelaunch-noGSC
/d/30538-hilo-de-alto-esfuerzo-guia-de-fotos-para-tinder,REWRITE,,4.7-translation,high,0-prelaunch-noGSC
/d/30546-mi-plan-de-ascension,REWRITE,,4.5-dosing-strip+4.7-translation,med,0-prelaunch-noGSC
/d/30578-programa-superior-inferior-de-alta-fuerzabajo-volumen-basado-en-evidencia-para-hipertrofia,REWRITE,,4.7-translation,high,0-prelaunch-noGSC
/d/30661-aspirina-vitamina-k2-para-sleepmaxxing-looksmax-subestimada,REWRITE,,4.7-translation,high,0-prelaunch-noGSC
/d/30679-espironolactona-topica-para-roidcels-acnecels,REWRITE,,4.5-dosing-strip+4.7-translation,med,0-prelaunch-noGSC
/d/30708-maxximus-como-conseguir-bone-gainz-insanos-parte-1,REWRITE,,4.7-translation,high,0-prelaunch-noGSC
/d/30733-para-dejar-de-ser-non-nt-o-si-eres-high-inhib-corre-de-casa,REWRITE,,4.7-translation,high,0-prelaunch-noGSC
/d/30827-guia-de-calificaciones-org-para-irl-con-celebridades-como-ejemplos,REWRITE,,4.7-translation,high,0-prelaunch-noGSC
/d/30830-clasificacion-de-mujeres-con-actricesmodelosinfluencers-como-ejemplos,REWRITE,,4.7-translation,high,0-prelaunch-noGSC
/d/30916-etapa-de-tanner-y-potencial-de-crecimiento,REWRITE,,4.7-translation,high,0-prelaunch-noGSC
/d/30993-hilo-de-alto-iq-protocolo-de-deficiencia-de-calcio-para-reabrirse-las-placas-de-crecimiento-cerradas-para-explotar-hgh-durante-una-ventana-de-tiempo,REWRITE,,4.5-dosing-strip+4.7-translation,med,0-prelaunch-noGSC
/d/30994-investigacion-revolucionaria-de-perdida-de-cabello-el-estradiol-alto-protege-los-foliculos-de-cabello-no-el-dht-bajo-la-finasterida-funciona-diferente-a-lo-que-pensamos,REWRITE,,4.5-dosing-strip+4.7-translation,med,0-prelaunch-noGSC
/d/31000-guia-para-facetimear-foids-y-tener-el-angulo-de-camara-perfecto-para-minimizar-falios-y-resaltar-halos,REWRITE,,4.7-translation,high,0-prelaunch-noGSC
/d/31096-heightmaxing-para-retrasados-guia-2025,REWRITE,,4.5-dosing-strip+4.7-translation,med,0-prelaunch-noGSC
/d/31123-como-aumente-mi-longitud-5-in-y-circunferencia-75-in-usando-crema-dht,REMOVE_URGENT,/t/looksmaxing,4.5-sourcing-controlled-substance,high,0-prelaunch-noGSC
/d/31126-guia-completa-de-vascularidad-guia-de-veinmaxxing,REWRITE,,4.5-dosing-strip+4.7-translation,med,0-prelaunch-noGSC
/d/31145-como-saber-si-las-chicas-te-encuentran-gl,REWRITE,,4.7-translation,high,0-prelaunch-noGSC
/d/31250-el-metodo-kanye-guia-de-voicemaxxing,REWRITE,,4.7-translation,high,0-prelaunch-noGSC
/d/31259-la-rutina-matutina-que-cambia-la-vida-de-aston-hall-la-mejor-rutina-diaria,REWRITE,,4.7-translation,high,0-prelaunch-noGSC
/d/31345-mayor-sensibilidad-mayor-aguante-como-sacarle-el-maximo-provecho-al-sexo,REWRITE,,4.7-translation,high,0-prelaunch-noGSC
/d/31353-lista-de-compras-de-dieta-primal,REMOVE_URGENT,/t/looksmaxing,4.5-sourcing-controlled-substance,high,0-prelaunch-noGSC
/d/31358-los-niveles-de-inhibicion-de-mayor-a-menor,REWRITE,,4.7-translation,high,0-prelaunch-noGSC
/d/31391-el-aceite-de-coco-es-la-mejor-forma-de-leanmaxear-gtfih,REWRITE,,4.7-translation,high,0-prelaunch-noGSC
/d/31404-por-que-deberias-hacer-un-test-de-iq-antes-de-looksmaxxing-primero-necesitas-brainmaxxear,REWRITE,,4.7-translation,high,0-prelaunch-noGSC
/d/31408-escapando-de-la-blackpill-por-que-la-bluepill-en-realidad-tiene-razon,REWRITE,,4.7-translation,high,0-prelaunch-noGSC
/d/31447-encontrar-el-esfuerzo-de-entrenamiento-optimo-para-el-crecimiento-muscular-sin-envejecimiento-facial-prematuro,REWRITE,,4.7-translation,high,0-prelaunch-noGSC
/d/31486-analisis-psicopatas-y-como-reconocerlos-la-triada-oscura,REWRITE,,4.7-translation,high,0-prelaunch-noGSC
/d/31507-usa-formula-humectante-comida-y-manten-la-juventud-del-rostro-para-siempre-lubricacion-del-cabello-piel-y-tejidos-internos-desde-adentro,REWRITE,,4.5-DIY-reframe+4.7-translation,med,0-prelaunch-noGSC
/d/31523-fragrancemaxxing-economico-la-guia-definitiva-para-oler-increible-sin-gastar-mucho-clonemaxxing,REWRITE,,4.7-translation,high,0-prelaunch-noGSC
/d/31627-una-guia-poco-comun-y-no-tan-retardada,REWRITE,,4.5-DIY-reframe+4.7-translation,med,0-prelaunch-noGSC
/d/31643-regalando-el-rey-definitivo-del-desinflamado,REWRITE,,4.5-dosing-strip+4.7-translation,med,0-prelaunch-noGSC
/d/31645-sleepmaxxing-el-sueno-es-mas-importante-que-cualquier-suplemento-protocolo-o-cirugia,REWRITE,,4.5-dosing-strip+4.7-translation,med,0-prelaunch-noGSC
/d/31712-la-leche-cruda-es-segura-para-tomar-y-es-la-unica-leche-que-deberias-tomar-jamas,REMOVE_URGENT,/t/looksmaxing,4.5-sourcing-controlled-substance,high,0-prelaunch-noGSC
/d/31727-inserciones-musculares-y-estetica-una-guia-visual-corta-para-el-gymcel,REWRITE,,4.7-translation,high,0-prelaunch-noGSC
/d/31729-ultimate-maxxing-megathread-para-ethnics-y-cumskins,REWRITE,,4.5-DIY-reframe+4.7-translation,med,0-prelaunch-noGSC
/d/31797-una-referencia-visual-corta-de-las-proporciones-y-huesos-del-cuerpo-para-la-estetica,REWRITE,,4.7-translation,high,0-prelaunch-noGSC
/d/31828-metodo-positive-canthal-tilt-soft-max,REWRITE,,4.7-translation,high,0-prelaunch-noGSC
/d/31842-guia-definitiva-de-peptidos-y-nootropicos,REWRITE,,4.7-translation,high,0-prelaunch-noGSC
/d/31852-ostarine-cardarine,REWRITE,,4.5-dosing-strip+4.7-translation,med,0-prelaunch-noGSC
/d/31870-desarrollo-oseo-y-la-unica-forma-de-hacerlo,REWRITE,,4.5-dosing-strip+4.7-translation,med,0-prelaunch-noGSC
/d/31871-precio-de-implantes-de-mandibula-en-brasil,REWRITE,,4.7-translation,high,0-prelaunch-noGSC
/d/31894-como-prevenir-o-al-menos-frenar-la-locura-mental-completa,REWRITE,,4.7-translation,high,0-prelaunch-noGSC
/d/31905-sdip-protocolo-de-inyeccion-derivado-del-semen,REWRITE,,4.5-dosing-strip+4.7-translation,med,0-prelaunch-noGSC
/d/31976-mi-guia-para-acabar-con-la-masturbacion-para-siempre,REWRITE,,4.7-translation,high,0-prelaunch-noGSC
/d/31985-chingaderas-que-comer-actualizado,REMOVE_URGENT,/t/looksmaxing,4.5-sourcing-controlled-substance,high,0-prelaunch-noGSC
/d/32020-guia-carnivora-para-bloatcels,REWRITE,,4.5-DIY-reframe+4.7-translation,med,0-prelaunch-noGSC
/d/32026-referencia-actualizada-sobre-los-huesos-y-las-proporciones-del-cuerpo,REWRITE,,4.7-translation,high,0-prelaunch-noGSC
/d/32059-la-guia-de-noc-kent,REMOVE_URGENT,/t/softmaxing,4.5-sourcing-controlled-substance,high,0-prelaunch-noGSC
/d/32086-mi-guia-de-skincare,REMOVE_URGENT,/t/softmaxing,4.5-sourcing-controlled-substance,high,0-prelaunch-noGSC
/d/32097-como-crear-un-guardarropa-apropiado,REWRITE,,4.7-translation,high,0-prelaunch-noGSC
/d/32130-collagenmaxxing-desvanecer-cicatrices-y-pih,REMOVE_URGENT,/t/softmaxing,4.5-sourcing-controlled-substance,high,0-prelaunch-noGSC
/d/32134-como-obtener-un-escaneo-ct-gratis-mi-experiencia-personal,REWRITE,,4.7-translation,high,0-prelaunch-noGSC
/d/32250-como-predecir-si-tendras-crecimiento-de-altura-semi-exacto,REWRITE,,4.7-translation,high,0-prelaunch-noGSC
/d/32261-charismamaxxing-para-retrasados-sociales-atraccion-general-y-exito,REWRITE,,4.5-dosing-strip+4.7-translation,med,0-prelaunch-noGSC
/d/32289-rotacion-ccw-insana-por-masticar-con-los-dientes-frontales-comparado-con-las-muelas,REMOVE_URGENT,/t/looksmaxing,4.5-sourcing-controlled-substance,high,0-prelaunch-noGSC
/d/32292-como-derrote-el-acne-y-estoy-haciendo-progreso-masivo-hacia-la-piel-de-cristal-mi-historia-mis-lecciones-mis-consejos,REWRITE,,4.5-dosing-strip+4.7-translation,med,0-prelaunch-noGSC
/d/32328-como-volverse-chad-guia-completa-de-looksmaxxing,REWRITE,,4.7-translation,high,0-prelaunch-noGSC
/d/32350-guia-de-felicidadagua,REMOVE_URGENT,/t/looksmaxing,4.5-safety,high,0-prelaunch-noGSC
/d/32393-dormir-con-bandas-ll-en-casa-mis-opiniones-y-una-guia,REWRITE,,4.5-DIY-reframe+4.7-translation,med,0-prelaunch-noGSC
/d/32395-rutina-de-mantenimiento-de-cuidado-de-la-piel-prevencion-de-envejecimiento-y-acne,REWRITE,,4.5-dosing-strip+4.7-translation,med,0-prelaunch-noGSC
/d/32453-leanmaxxing-legitimo-como-bajar-de-peso-de-forma-consistente-y-rapida,REMOVE_URGENT,/t/looksmaxing,4.5-safety,high,0-prelaunch-noGSC
/d/32475-como-maximizar-la-dht-igf-1-para-la-densidad-osea-y-una-estructura-osea-de-mogger-cientifico-practico,REWRITE,,4.5-dosing-strip+4.7-translation,med,0-prelaunch-noGSC
/d/32481-mega-hilo-la-blackpill-final-todos-los-metodos-para-maximizar-la-prominencia-de-tus-pomulos-y-arco-superciliar,REWRITE,,4.5-DIY-reframe+4.7-translation,med,0-prelaunch-noGSC
/d/32482-mega-hilo-de-height-maxing-mk2,REWRITE,,4.5-dosing-strip+4.7-translation,med,0-prelaunch-noGSC
/d/32487-encontre-la-cura-para-la-alta-inhibicion,REWRITE,,4.7-translation,high,0-prelaunch-noGSC
/d/32589-circulacion-sanguinea,REMOVE_URGENT,/t/looksmaxing,4.5-sourcing-controlled-substance,high,0-prelaunch-noGSC
/d/32596-mi-plan-de-ciclo-de-ascension-tier-chad,REWRITE,,4.5-dosing-strip+4.7-translation,med,0-prelaunch-noGSC
/d/32599-arrugas-y-guia-de-volufiline-porque-nadie-la-menciona-softmaxxing,REWRITE,,4.5-dosing-strip+4.7-translation,med,0-prelaunch-noGSC
/d/32609-la-forma-correcta-de-corregir-la-deficiencia-de-vitamina-d,REWRITE,,4.7-translation,high,0-prelaunch-noGSC
/d/32624-como-duermo-como-un-tigre,REWRITE,,4.5-dosing-strip+4.7-translation,med,0-prelaunch-noGSC
/d/32625-peligro-de-tomar-test-durante-la-pubertad,REWRITE,,4.5-dosing-strip+4.7-translation,med,0-prelaunch-noGSC
/d/32631-les-comparto-mi-rutina-detallada-de-calistenia,REWRITE,,4.5-dosing-strip+4.7-translation,med,0-prelaunch-noGSC
/d/32662-guia-definitiva-para-aclarar-la-piel-metodos-sin-cope,REWRITE,,4.5-DIY-reframe+4.7-translation,med,0-prelaunch-noGSC
/d/32671-heightmaxxing-sin-agujas-cope-leve,REWRITE,,4.5-dosing-strip+4.7-translation,med,0-prelaunch-noGSC
/d/32684-las-redes-son-el-metodo-real-tienes-que-ser-nt,REWRITE,,4.7-translation,high,0-prelaunch-noGSC
/d/32708-crecimiento-de-altura-y-grosor-de-huesos,REWRITE,,4.5-dosing-strip+4.7-translation,med,0-prelaunch-noGSC
/d/32713-iqmaxxing-para-smartcels,REWRITE,,4.7-translation,high,0-prelaunch-noGSC
/d/32735-la-guia-definitiva-metodos-quirurgicos-para-el-crecimiento-hacia-adelante-del-maxilar-y-la-mandibula,REWRITE,,4.7-translation,high,0-prelaunch-noGSC
/d/32758-como-aliviar-y-detener-el-tmjd-temprano-para-prevenir-mas-resorcion-de-la-articulacion-condilar,REWRITE,,4.7-translation,high,0-prelaunch-noGSC
/d/32764-ganancias-de-cuello-101-el-enfoque-basado-en-investigacion,REWRITE,,4.7-translation,high,0-prelaunch-noGSC
/d/32767-neopeptina-para-la-salud-intestinal-y-la-hinchazon,REWRITE,,4.5-dosing-strip+4.7-translation,med,0-prelaunch-noGSC
/d/32779-guia-de-perdida-de-cabello,REWRITE,,4.5-dosing-strip+4.7-translation,med,0-prelaunch-noGSC
/d/32799-para-aquellos-con-los-ojos-muy-juntos,REWRITE,,4.7-translation,high,0-prelaunch-noGSC
/d/32801-guia-sobre-como-vivir-siendo-visualmente-o-mentalmente-feo,REWRITE,,4.7-translation,high,0-prelaunch-noGSC
/d/32832-estrategia-de-boost-de-testosterona-y-carga-y-suplementos,REMOVE_URGENT,/t/anabolicos,4.5-safety,high,0-prelaunch-noGSC
/d/32860-coloracion-ideal-para-hombres-de-cada-raza,REWRITE,,4.7-translation,high,0-prelaunch-noGSC
/d/32870-testosterona-accutane-kisspeptin-10,REWRITE,,4.5-dosing-strip+4.7-translation,med,0-prelaunch-noGSC
/d/32875-la-mayoria-de-ustedes-no-son-feos-solo-estan-bioquimicamente-castrados-metanse-aqui,REMOVE_URGENT,/t/anabolicos,4.5-safety,high,0-prelaunch-noGSC
/d/32945-suplementos-alternativos-a-adderall-para-aprobar-examenes,REMOVE_URGENT,/t/looksmaxing,4.5-sourcing-controlled-substance,high,0-prelaunch-noGSC
/d/32946-protocolo-de-cuidado-de-piel-y-perdida-de-cabello-de-dankforce1,REWRITE,,4.5-dosing-strip+4.7-translation,med,0-prelaunch-noGSC
/d/32954-guia-de-ropa-replica-como-fashionmaxxear-siendo-pobre,REWRITE,,4.7-translation,high,0-prelaunch-noGSC
/d/32957-tu-pereza-es-biologica-no-es-tu-culpa-pero-sigue-siendo-tu-responsabilidad,REWRITE,,4.7-translation,high,0-prelaunch-noGSC
/d/32980-guia-de-socialmaxxing-como-hacer-amigos-en-la-escuela,REWRITE,,4.7-translation,high,0-prelaunch-noGSC
/d/32988-guia-de-terminologia-de-estetica-facial-blackpill,REWRITE,,4.7-translation,high,0-prelaunch-noGSC
/d/33059-como-brillar-este-verano-gtfih,REWRITE,,4.5-dosing-strip+4.7-translation,med,0-prelaunch-noGSC
/d/33061-guia-de-moda,REWRITE,,4.7-translation,high,0-prelaunch-noGSC
/d/33063-stack-pequeno-para-ascender-a-los-16,REWRITE,,4.5-dosing-strip+4.7-translation,med,0-prelaunch-noGSC
/d/33097-testosterona-guia-rapida,REWRITE,,4.5-dosing-strip+4.7-translation,med,0-prelaunch-noGSC
/d/33106-guia-de-eyebrowmaxxing,REMOVE_URGENT,/t/softmaxing,4.5-sourcing-controlled-substance,high,0-prelaunch-noGSC
/d/33108-postura-de-cabeza-adelantada-fhp-la-guia-definitiva-para-looksmaxxear-tu-cuello-y-perfil-lateral,REWRITE,,4.7-translation,high,0-prelaunch-noGSC
/d/33113-guia-definitiva-de-hygienemaxxing,REWRITE,,4.7-translation,high,0-prelaunch-noGSC
/d/33122-rangos-de-edad-de-maximo-atractivo-para-todos-los-arquetipos-masculinos,REWRITE,,4.7-translation,high,0-prelaunch-noGSC
/d/33124-como-dejar-de-que-te-hagan-ghostingte-bloqueente-ignoren,REWRITE,,4.7-translation,high,0-prelaunch-noGSC
/d/33129-gymceando-mi-1-ano-de-exp-skinnycels-gtfih,REMOVE_URGENT,/t/looksmaxing,4.5-safety,high,0-prelaunch-noGSC
/d/33133-como-ganar-aura-en-la-escuela-statusmaxx-al-instante,REWRITE,,4.7-translation,high,0-prelaunch-noGSC
/d/33145-hgh-guia-casi-completa,REMOVE_URGENT,/t/anabolicos,4.5-sourcing-controlled-substance,high,0-prelaunch-noGSC
/d/33147-testosterona-guia-casi-completa,REWRITE,,4.5-dosing-strip+4.7-translation,med,0-prelaunch-noGSC
/d/33148-guia-definitiva-para-lipmaxxing,REWRITE,,4.7-translation,high,0-prelaunch-noGSC
/d/33197-el-tamano-ideal-del-pene-para-diferentes-arquetipos,REWRITE,,4.7-translation,high,0-prelaunch-noGSC
/d/33216-guia-para-mejorar-el-area-de-los-ojos-del-cuidado-de-la-piel-a-la-cirugia,REWRITE,,4.7-translation,high,0-prelaunch-noGSC
/d/33241-es-facil-fraudar-un-monton-loco-de-altura,REWRITE,,4.5-DIY-reframe+4.7-translation,med,0-prelaunch-noGSC
/d/33259-guia-para-greycels-como-no-ser-un-retrasado,REMOVE_URGENT,/t/looksmaxing,4.5-sourcing-controlled-substance,high,0-prelaunch-noGSC
/d/33275-el-mejor-protocolo-de-melanotan-2,REWRITE,,4.5-dosing-strip+4.7-translation,med,0-prelaunch-noGSC
/d/33314-mi-plan-para-arrasar-este-verano-y-ntmaxxear-tu-tambien-deberias,REWRITE,,4.7-translation,high,0-prelaunch-noGSC
/d/33319-leche-cruda-util-o-cope,REWRITE,,4.7-translation,high,0-prelaunch-noGSC
/d/33363-crudo,REMOVE_URGENT,/t/looksmaxing,4.5-sourcing-controlled-substance,high,0-prelaunch-noGSC
/d/33423-ascension-de-verano-entrenle-o-desperdicia-otro-verano,REWRITE,,4.5-DIY-reframe+4.7-translation,med,0-prelaunch-noGSC
/d/33497-dejame-presentarte-una-nueva-dieta,REWRITE,,4.7-translation,high,0-prelaunch-noGSC
/d/33543-como-triunfar-en-tokio-weeaboos-y-animecels-larguense-de-aqui,REWRITE,,4.7-translation,high,0-prelaunch-noGSC
/d/33573-el-reset-definitivo-de-la-piel,REMOVE_URGENT,/t/softmaxing,4.5-sourcing-controlled-substance,high,0-prelaunch-noGSC
/d/33622-la-unica-guia-de-looksmaxxing-facial-que-necesitaras-softmaxxing-y-hardmaxxing-incluidos,REWRITE,,4.7-translation,high,0-prelaunch-noGSC
/d/33633-ligo-mujeres-solo-con-mi-olor-digno-de-botb,REMOVE_URGENT,/t/looksmaxing,4.5-safety,high,0-prelaunch-noGSC
/d/33644-la-guia-definitiva-para-dormir-gtfih,REWRITE,,4.7-translation,high,0-prelaunch-noGSC
/d/33687-guia-sin-esfuerzo-de-leanmaxxingperdida-de-peso-100-de-exito-revierte-la-obesidad,REWRITE,,4.5-dosing-strip+4.7-translation,med,0-prelaunch-noGSC
/d/33703-como-criar-hijos-moggear,REWRITE,,4.7-translation,high,0-prelaunch-noGSC
/d/33756-como-realizar-analisis-de-investigacion-competitiva-de-smv-en-citas-para-ver-que-smv-necesitas-adquirir-para-conseguir-a-la-chica-que-deseas,REWRITE,,4.7-translation,high,0-prelaunch-noGSC
/d/33791-guia-de-aromatizacion,REWRITE,,4.7-translation,high,0-prelaunch-noGSC
/d/33817-beneficios-para-la-salud-del-adderall,REWRITE,,4.5-dosing-strip+4.7-translation,med,0-prelaunch-noGSC
/d/33839-el-game-no-es-ley-pero-ser-htncl-no-te-va-a-salvar-de-un-game-de-mierda,REWRITE,,4.7-translation,high,0-prelaunch-noGSC
/d/33856-como-realmente-medir-tu-altura-lifefuel-para-algunos-de-ustedes,REWRITE,,4.5-DIY-reframe+4.7-translation,med,0-prelaunch-noGSC
/d/33915-guia-de-esteroides-para-gymcels,REMOVE_URGENT,/t/anabolicos,4.5-safety,high,0-prelaunch-noGSC
/d/33939-la-unica-guia-de-skincare,REWRITE,,4.5-dosing-strip+4.7-translation,med,0-prelaunch-noGSC
/d/33961-escala-de-atractivo-para-hombres-asiaticos,REWRITE,,4.7-translation,high,0-prelaunch-noGSC
/d/33973-color-frauding-101,REWRITE,,4.7-translation,high,0-prelaunch-noGSC
/d/33999-por-que-el-psl-siempre-sera-el-estandar-de-oro-sobre-todo-para-los-greys,REWRITE,,4.7-translation,high,0-prelaunch-noGSC
/d/34006-la-razon-mas-simple-de-por-que-no-necesitas-hacer-12-repeticiones,REWRITE,,4.7-translation,high,0-prelaunch-noGSC
/d/34090-postura-facil-y-rapida-para-los-labios,REWRITE,,4.7-translation,high,0-prelaunch-noGSC
/d/34107-guia-profunda-de-acido-hialuronico-solo-para-los-inteligentes,REWRITE,,4.7-translation,high,0-prelaunch-noGSC
/d/34109-la-verdad-sobre-los-injertos-capilares,REWRITE,,4.7-translation,high,0-prelaunch-noGSC
/d/34120-guia-completa-de-looksmaxing-lectura-obligatoria-para-todos-compatible-con-mujeres-guia-extendida-archivo-looksmaxnet-de-2017,REWRITE,,4.5-dosing-strip+4.7-translation,med,0-prelaunch-noGSC
/d/34121-no-tienes-6-pies-de-alto-no-se-acabo-la-verdad-como-conquistar-mujeres-cuando-no-eres-alto,REWRITE,,4.7-translation,high,0-prelaunch-noGSC
/d/34123-como-arreglar-tu-maxilar-retruido-para-todos-los-molestos-chavos-de-13-anos-que-preguntan,REWRITE,,4.7-translation,high,0-prelaunch-noGSC
/d/34163-narizmaxxing-definitivo-sin-cirugia-ni-maquillaje,REWRITE,,4.7-translation,high,0-prelaunch-noGSC
/d/34220-guia-definitiva-de-jawmaxxing-fundamentos-de-postura-lingual-avanzada,REWRITE,,4.7-translation,high,0-prelaunch-noGSC
/d/34272-la-biblia-del-eyemaxxing-la-guia-definitiva-para-eye-maxxing-mal-ingles,REWRITE,,4.7-translation,high,0-prelaunch-noGSC
/d/34291-profilaxis-de-toxicidad-por-accutaneisotretinoina,REWRITE,,4.5-dosing-strip+4.7-translation,med,0-prelaunch-noGSC
/d/34302-megathread-arregla-tu-menton-retraido-antes-de-ir-a-llorarle-a-tu-mama-por-una-cirugia,REWRITE,,4.7-translation,high,0-prelaunch-noGSC
/d/34304-secreto-del-area-de-ojos-perfectaguia-definitivamaximizacion-de-pestanasingles-malo,REWRITE,,4.5-dosing-strip+4.7-translation,med,0-prelaunch-noGSC
/d/34351-la-guia-definitiva-de-fashion-y-style-maxxing-incluye-fotos,REWRITE,,4.7-translation,high,0-prelaunch-noGSC
/d/34353-como-creci-de-53-a-66-en-un-ano-y-como-tu-tambien-puedes-sin-larp-salio-mal-se-puso-sexual,REWRITE,,4.5-dosing-strip+4.7-translation,med,0-prelaunch-noGSC
/d/34362-biblia-de-esteroides-la-guia-de-framemaxxing-con-esteroides-ingles-deficiente,REWRITE,,4.5-dosing-strip+4.7-translation,med,0-prelaunch-noGSC
/d/34383-como-crear-un-blueprintestrategia-de-looksmaxxing,REWRITE,,4.7-translation,high,0-prelaunch-noGSC
/d/34385-fundamentos-del-cuidado-de-la-piel,REWRITE,,4.5-dosing-strip+4.7-translation,med,0-prelaunch-noGSC
/d/34392-aumentar-el-grosor-de-la-muneca,REWRITE,,4.5-dosing-strip+4.7-translation,med,0-prelaunch-noGSC
/d/34396-niveles-de-crecimiento-facial-descendente-en-cual-estas-tu,REWRITE,,4.7-translation,high,0-prelaunch-noGSC
/d/34407-grasa-corporal-al-9-en-un-puto-mes,REWRITE,,4.5-dosing-strip+4.7-translation,med,0-prelaunch-noGSC
/d/34411-bam15-version-mas-segura-del-dnp,REWRITE,,4.5-dosing-strip+4.7-translation,med,0-prelaunch-noGSC
/d/34427-atractivo,REWRITE,,4.7-translation,high,0-prelaunch-noGSC
/d/34429-guia-de-masa-osea-solo-drogas,REWRITE,,4.5-dosing-strip+4.7-translation,med,0-prelaunch-noGSC
/d/34442-este-es-un-pinche-looksmax-enorme-que-cualquiera-puede-hacer,REWRITE,,4.7-translation,high,0-prelaunch-noGSC
/d/34473-como-destruir-tu-apetito-si-estas-quebrado-gtfih,REWRITE,,4.5-dosing-strip+4.7-translation,med,0-prelaunch-noGSC
/d/34482-guia-de-crecimiento-oseo-post-pubertad-teriparatida,REWRITE,,4.5-dosing-strip+4.7-translation,med,0-prelaunch-noGSC
/d/34493-la-forma-mas-barata-y-facil-de-desincharte-potassiumaxx,REMOVE_URGENT,/t/softmaxing,4.5-sourcing-controlled-substance,high,0-prelaunch-noGSC
/d/34508-como-conseguir-una-piel-cristalina,REWRITE,,4.7-translation,high,0-prelaunch-noGSC
/d/34521-elimina-el-acne-y-cicatrices-en-un-pinche-mes,REWRITE,,4.5-dosing-strip+4.7-translation,med,0-prelaunch-noGSC
/d/34540-la-verdad-que-necesitas-escuchar-sobre-ser-atractivo,REWRITE,,4.7-translation,high,0-prelaunch-noGSC
/d/34558-la-verdad-de-la-ascension-dieta-cruda-primitiva,REWRITE,,4.7-translation,high,0-prelaunch-noGSC
/d/34614-megathread-definitivo-de-looksmaxing-2025-hablando-principalmente-de-correccion-osea-y-soluciones,REWRITE,,4.5-DIY-reframe+4.7-translation,med,0-prelaunch-noGSC
/d/34615-mega-hilo-de-skincare,REWRITE,,4.7-translation,high,0-prelaunch-noGSC
/d/34617-megathread-definitivo-del-area-de-los-ojos,REWRITE,,4.7-translation,high,0-prelaunch-noGSC
/d/34644-el-potencial-humano-y-la-neuroplasticidad,REWRITE,,4.5-dosing-strip+4.7-translation,med,0-prelaunch-noGSC
/d/34661-protocolo-definitivo-de-heightmaxing-66,REMOVE_URGENT,/t/looksmaxing,4.5-sourcing-controlled-substance,high,0-prelaunch-noGSC
/d/34678-kneesmashing-explicado,REWRITE,,4.5-DIY-reframe+4.7-translation,med,0-prelaunch-noGSC
/d/34692-la-megaguia-final-de-fragancias,REWRITE,,4.7-translation,high,0-prelaunch-noGSC
/d/34718-guia-sobre-los-ideales-del-tren-superior-masculino-segun-las-mujeres-y-como-calcularlos,REWRITE,,4.5-dosing-strip+4.7-translation,med,0-prelaunch-noGSC
/d/34730-informacion-extremadamente-valiosa-sobre-que-hacer-y-que-no-hacer-siendo-un-adolescente-que-atraviesa-los-primeros-anos-de-la-pubertad-14-anos-o-menos,REWRITE,,4.5-dosing-strip+4.7-translation,med,0-prelaunch-noGSC
/d/34735-anglemaxxing-guia-lo-que-los-raters-no-entienden,REWRITE,,4.7-translation,high,0-prelaunch-noGSC
/d/34775-guia-definitiva-de-heightmaxxing-hgh-ai,REWRITE,,4.5-dosing-strip+4.7-translation,med,0-prelaunch-noGSC
/d/34784-por-que-las-verduras-te-estan-frenando,REWRITE,,4.7-translation,high,0-prelaunch-noGSC
/d/34785-la-guia-de-nichemaxxing-gtfih,REWRITE,,4.7-translation,high,0-prelaunch-noGSC
/d/34795-la-ciencia-del-softmaxxing-todos-los-softmax-que-existen-para-looksmaxing-ciencia-especulativo,REWRITE,,4.7-translation,high,0-prelaunch-noGSC
/d/34815-mi-guia-completa-y-personal-de-como-volverte-nt-hilo-de-alto-esfuerzo-siguiendo-el-hilo-de-at-gaygymmax,REWRITE,,4.7-translation,high,0-prelaunch-noGSC
/d/34819-lemonmaxxing-para-el-color-de-ojos,REWRITE,,4.7-translation,high,0-prelaunch-noGSC
/d/34823-las-mejores-y-peores-drogas-low-inhib-segun-mi-experiencia-personal,REMOVE_URGENT,/t/looksmaxing,4.5-sourcing-controlled-substance,high,0-prelaunch-noGSC
/d/34840-la-unica-guia-de-heightmaxxing-que-necesitas-sin-mamadas-gtfih,REMOVE_URGENT,/t/looksmaxing,4.5-sourcing-controlled-substance,high,0-prelaunch-noGSC
/d/34861-el-pelo-es-ley-megahilo,REWRITE,,4.7-translation,high,0-prelaunch-noGSC
/d/34886-la-unica-forma-de-subir-la-testo-desmintiendo-todos-los-copes-iqlets-y-comedores-de-carne-cruda-metanse-aqui,REWRITE,,4.5-dosing-strip+4.7-translation,med,0-prelaunch-noGSC
/d/34897-medidas-faciales-ideales-deja-de-depender-de-ratios-medidas-blancas,REWRITE,,4.7-translation,high,0-prelaunch-noGSC
/d/34910-alternativa-facil-de-eyelashmaxxing-a-latisse,REWRITE,,4.5-dosing-strip+4.7-translation,med,0-prelaunch-noGSC
/d/34945-como-usar-sarms-para-ascender-facilmente,REWRITE,,4.5-dosing-strip+4.7-translation,med,0-prelaunch-noGSC
/d/34946-como-ascender-con-sarms-actualizado,REWRITE,,4.5-dosing-strip+4.7-translation,med,0-prelaunch-noGSC
/d/34961-guia-definitiva-para-adolescentes-sobre-como-conseguir-chicas-maximizar-tu-apariencia-y-socializar,REWRITE,,4.7-translation,high,0-prelaunch-noGSC
/d/34978-megaguia-definitiva-de-rizos,REWRITE,,4.7-translation,high,0-prelaunch-noGSC
/d/34991-guia-del-maxilar,REWRITE,,4.7-translation,high,0-prelaunch-noGSC
/d/35006-frame-101-como-maximizar-tu-frame-sin-importar-el-tipo,REWRITE,,4.5-DIY-reframe+4.7-translation,med,0-prelaunch-noGSC
/d/35024-guia-para-aumentar-la-masa-muscular-del-tren-superior-y-la-explosividad-para-adolescentes-jovenes-y-principiantes,REWRITE,,4.5-dosing-strip+4.7-translation,med,0-prelaunch-noGSC
/d/35056-como-comprar-y-esconder-gearcompuestos-hilo-de-esfuerzo-medio,REMOVE_URGENT,/t/anabolicos,4.5-sourcing-controlled-substance,high,0-prelaunch-noGSC
/d/35092-guia-de-collagen-maxxing-basada-en-evidencia,CONSOLIDATE,/d/900-collagen-maxxing-la-guia-basada-en-evidencia,4.6-duplicate,high,0-prelaunch-noGSC
/d/35145-curso-jawad-filtrado,REWRITE,,4.5-dosing-strip+4.7-translation,med,0-prelaunch-noGSC
/d/35149-interaccion-social-mi-historia-y-guia,REWRITE,,4.7-translation,high,0-prelaunch-noGSC
/d/35160-framecels-finalmente-salvados-alarga-el-hueso-clavicular-ahora,REWRITE,,4.7-translation,high,0-prelaunch-noGSC
/d/35161-mordida-profunda-dental-vs-esqueletica,REWRITE,,4.7-translation,high,0-prelaunch-noGSC
/d/35179-altura,REWRITE,,4.5-dosing-strip+4.7-translation,med,0-prelaunch-noGSC
/d/35230-fuga-de-guia-clavicular-reposteada,REWRITE,,4.7-translation,high,0-prelaunch-noGSC
/d/35231-guia-para-normies-cirugia,REWRITE,,4.7-translation,high,0-prelaunch-noGSC
/d/35243-la-guia-definitiva-de-nootropicos-ten-motivacion-y-estamina-infinitaestudiar-hacer-dinero,REMOVE_URGENT,/t/looksmaxing,4.5-sourcing-controlled-substance,high,0-prelaunch-noGSC
/d/35295-lo-que-estoy-haciendo-para-maximizar-la-pubertad-y-lo-que-deberias-hacer-tu-youngcels-gtfih,REWRITE,,4.5-dosing-strip+4.7-translation,med,0-prelaunch-noGSC
/d/35301-alto-iq-respaldado-con-fuentes-arregla-tu-mandibula-recesiva-con-softmaxing,REMOVE_URGENT,/t/looksmaxing,4.5-sourcing-controlled-substance,high,0-prelaunch-noGSC
/d/35311-como-deshincharte-por-completoverte-lo-mas-grande-posible-antes-de-un-evento-importante-como-lo-hacen-los-fisicoculturistas-antes-de-una-competencia-alto-esfuerzo,REMOVE_URGENT,/t/looksmaxing,4.5-sourcing-controlled-substance,high,0-prelaunch-noGSC
/d/35318-guia-stack-experimental-para-aclarar-los-ojos-reprogramacion-del-iris-potenciada-con-exosomas-y-por-que-ningun-otro-stack-funciona,REWRITE,,4.5-dosing-strip+4.7-translation,med,0-prelaunch-noGSC
/d/35333-mi-guia-de-softmaxxing,REWRITE,,4.5-dosing-strip+4.7-translation,med,0-prelaunch-noGSC
/d/35355-la-recesion-del-menton-quizas-tenga-arreglo,REWRITE,,4.7-translation,high,0-prelaunch-noGSC
/d/35490-como-deshincharte-y-que-causa-la-hinchazon-en-si,REWRITE,,4.7-translation,high,0-prelaunch-noGSC
/d/35495-guia-la-unica-forma-de-aclarar-tu-color-de-ojos-y-la-cosa-que-falta-en-cada-stack,REWRITE,,4.5-dosing-strip+4.7-translation,med,0-prelaunch-noGSC
/d/35509-por-que-el-corte-agresivo-no-funciona-la-forma-correcta-de-cortar-fatcels-larguense-de-aqui,REWRITE,,4.7-translation,high,0-prelaunch-noGSC
/d/35519-el-stack-1-para-principiantes-sin-inyecciones-sin-refri-sin-androgenos-guia-completa-y-detallada,REWRITE,,4.5-dosing-strip+4.7-translation,med,0-prelaunch-noGSC
/d/35534-guia-basica-para-aumentar-altura-naturalmente,REWRITE,,4.5-dosing-strip+4.7-translation,med,0-prelaunch-noGSC
/d/35566-guia-sobre-ho-optimizacion-hormonal,REMOVE_URGENT,/t/anabolicos,4.5-sourcing-controlled-substance,high,0-prelaunch-noGSC
/d/35581-guia-sobre-aclaramiento-de-piel,REWRITE,,4.5-dosing-strip+4.7-translation,med,0-prelaunch-noGSC
/d/35582-pubertymaxxing-la-guia-oculta-de-softmaxxing-la-proxima-guia-es-la-de-los-que-se-desarrollan-tarde,REMOVE_URGENT,/t/looksmaxing,4.5-sourcing-controlled-substance,high,0-prelaunch-noGSC
/d/35593-como-no-te-agarren-con-cirugia,REWRITE,,4.7-translation,high,0-prelaunch-noGSC
/d/35597-bone-smashing,REWRITE,,4.5-DIY-reframe+4.7-translation,med,0-prelaunch-noGSC
/d/35600-como-maximizar-el-potencial-de-tomar-el-sol-en-verano-sube-tu-juventud-testosterona-motivacion-y-cada-stat-biologico,REWRITE,,4.5-DIY-reframe+4.7-translation,med,0-prelaunch-noGSC
/d/35675-alturmaxxing-por-farmacologia-la-redpilla-final-la-genetica-carga-la-pistola-la-endocrinologia-jala-el-gatillo,REWRITE,,4.5-dosing-strip+4.7-translation,med,0-prelaunch-noGSC
/d/35695-guia-completa-de-looksmaxxing-para-lurkers,REWRITE,,4.5-dosing-strip+4.7-translation,med,0-prelaunch-noGSC
/d/35732-guia-de-voice-maxxing,REWRITE,,4.5-dosing-strip+4.7-translation,med,0-prelaunch-noGSC
/d/35760-guias-faciles-para-ustedes-idiotas-sin-cerebro-entren-aqui-putos-ignorantes,REWRITE,,4.7-translation,high,0-prelaunch-noGSC
/d/35802-megahilo-completo-de-appeal-para-negros-con-aliento-a-pito,REWRITE,,4.5-dosing-strip+4.7-translation,med,0-prelaunch-noGSC
/d/35806-retatrutide-la-triple-g-para-perdida-de-peso-y-salud-metabolica,REWRITE,,4.5-dosing-strip+4.7-translation,med,0-prelaunch-noGSC
/d/35814-deberias-practicar-la-exposicion-al-frio-por-sus-efectos-brutales-de-anti-envejecimiento-aumento-de-hormonas-y-mejor-animo-para-superarte,REMOVE_URGENT,/t/looksmaxing,4.5-sourcing-controlled-substance,high,0-prelaunch-noGSC
/d/35826-guia-de-thumbpulling-lo-que-me-funciono-a-mi,REWRITE,,4.7-translation,high,0-prelaunch-noGSC
/d/35862-alfa-gratis-para-mis-milfmaxxers,REWRITE,,4.7-translation,high,0-prelaunch-noGSC
/d/35887-levantamiento-basado-en-ciencia,REWRITE,,4.5-dosing-strip+4.7-translation,med,0-prelaunch-noGSC
/d/35940-fenomeno-de-la-teoria-del-twinkmaxxing-por-que-los-flacos-son-altos-y-terminan-creciendo,REWRITE,,4.5-dosing-strip+4.7-translation,med,0-prelaunch-noGSC
/d/35967-dht-maxxing-celulas-subdesarrolladas-gtifh,REWRITE,,4.5-dosing-strip+4.7-translation,med,0-prelaunch-noGSC
/d/35983-para-adolescentes-y-greys-como-superar-tu-miedo-a-las-agujas-para-que-puedas-pincharte,REWRITE,,4.5-DIY-reframe+4.7-translation,med,0-prelaunch-noGSC
/d/36015-heightmaxxing-101-para-manlets-pubertarios,REWRITE,,4.5-dosing-strip+4.7-translation,med,0-prelaunch-noGSC
/d/36033-como-alterarias-geneticamente-el-color-de-tus-ojos,REWRITE,,4.5-DIY-reframe+4.7-translation,med,0-prelaunch-noGSC
/d/36045-guia-sobre-pubertymaxing,REWRITE,,4.5-dosing-strip+4.7-translation,med,0-prelaunch-noGSC
/d/36120-como-alterarias-geneticamente-tu-estatura,REWRITE,,4.5-DIY-reframe+4.7-translation,med,0-prelaunch-noGSC
/d/36157-stack-duro-teorico-para-altura,REMOVE_URGENT,/t/anabolicos,4.5-sourcing-controlled-substance,high,0-prelaunch-noGSC
/d/36179-reporte-mi-experiencia-negativa-con-terapia-de-orina-nunca-bebas-orina-envejecida-es-danina,REMOVE_URGENT,/t/looksmaxing,4.5-safety,high,0-prelaunch-noGSC
/d/36221-reducir-indice-graso,REWRITE,,4.7-translation,high,0-prelaunch-noGSC
/d/36226-como-la-personalidad-puede-brillar-mas-que-la-apariencia-una-guia-corta-a-la-ascension,REWRITE,,4.7-translation,high,0-prelaunch-noGSC
/d/36269-la-guia-definitiva-para-convertirse-en-un-nerd,REWRITE,,4.7-translation,high,0-prelaunch-noGSC
/d/36282-mi-guia-de-cold-approach-ansiedad-social-cels-entren-aqui,REWRITE,,4.5-dosing-strip+4.7-translation,med,0-prelaunch-noGSC
/d/36414-drenaje-del-sistema-linfatico-fuga-de-primalrevolution,REMOVE_URGENT,/t/looksmaxing,4.5-safety,high,0-prelaunch-noGSC
/d/36433-guia-de-ntmaxxing-se-acabo-para-los-autismcels,REWRITE,,4.5-dosing-strip+4.7-translation,med,0-prelaunch-noGSC
/d/36464-el-blueprint-definitivo-para-el-looksmaxing-real-solo-para-usuarios-nuevos-o-greycels,REWRITE,,4.5-dosing-strip+4.7-translation,med,0-prelaunch-noGSC
/d/36515-peptidos-de-hormona-de-crecimiento-desglose-completo,REWRITE,,4.5-dosing-strip+4.7-translation,med,0-prelaunch-noGSC
/d/36546-como-comer-pez-pequeno-crudo,REWRITE,,4.7-translation,high,0-prelaunch-noGSC
/d/36563-como-sacarle-el-maximo-provecho-al-accutane-deten-los-efectos-secundarios,REMOVE_URGENT,/t/anabolicos,4.5-safety,high,0-prelaunch-noGSC
/d/36570-como-mantener-tus-indicadores-de-juventud,REWRITE,,4.7-translation,high,0-prelaunch-noGSC
/d/36618-suplementa-creatina-para-aumentar-la-hormona-masculina-principal-los-huesos-faciales-la-fuerza-para-evitar-el-envejecimiento-por-trabajos-de-mierda-y-rejuvenecimiento-por-el-funcionamiento-celular,REWRITE,,4.5-dosing-strip+4.7-translation,med,0-prelaunch-noGSC
/d/36627-dieta-primal-por-que-es-mejor-y-desmintiendo-un-mito-de-la-nutricion,REWRITE,,4.7-translation,high,0-prelaunch-noGSC
/d/36644-como-lograr-glass-skin-guia,REWRITE,,4.7-translation,high,0-prelaunch-noGSC
/d/36686-como-falsificar-tu-estudio-de-sueno-cirugia-de-mandibula-gratis,REWRITE,,4.5-dosing-strip+4.7-translation,med,0-prelaunch-noGSC
/d/36697-protocolo-de-ciclo-de-cjc-1295-no-dac-e-ipamorelina,REWRITE,,4.5-dosing-strip+4.7-translation,med,0-prelaunch-noGSC
/d/36784-falla-asquerosa-de-nariz-ubicacion-retraida-de-las-fosas-nasales-estetica-de-la-base-de-las-fosas,REWRITE,,4.7-translation,high,0-prelaunch-noGSC
/d/36787-mentalidad-general-para-sub5s-el-unico-consejo-util-que-veras-aqui-excepto-surgerymaxxing,REWRITE,,4.7-translation,high,0-prelaunch-noGSC
/d/36788-guia-de-skincare-minimalista-solo-necesitas-3-productos,REWRITE,,4.7-translation,high,0-prelaunch-noGSC
/d/36820-guia-paso-a-paso-2025-sobre-como-dominar-fisicamente-a-todos-los-hombres-en-tu-area-local,REWRITE,,4.7-translation,high,0-prelaunch-noGSC
/d/36891-las-unicas-softmaxxes-legitimas,REWRITE,,4.7-translation,high,0-prelaunch-noGSC
/d/36897-controlando-los-musculos-faciales-para-cambiar-las-cejas-la-nariz-etc,REWRITE,,4.7-translation,high,0-prelaunch-noGSC
/d/36931-suplementos-para-tomar-indefinidamente-si-estas-usando-gear,REWRITE,,4.5-dosing-strip+4.7-translation,med,0-prelaunch-noGSC
/d/37120-como-perder-peso-rapido-para-hombres-adolescentes-obesos-para-evitar-detener-el-crecimiento-exceso-de-piel-ademas-gana-crecimiento-de-huesos-y-looks,REWRITE,,4.7-translation,high,0-prelaunch-noGSC
/d/37144-cura-tdah-y-mejora-el-desempeno-estudiantil-con-pescado-crudo-alto-en-omega-3,REMOVE_URGENT,/t/looksmaxing,4.5-sourcing-controlled-substance,high,0-prelaunch-noGSC
/d/37198-dominando-el-sueno-y-la-vigilia-estrategias-basadas-en-la-ciencia-para-la-salud-mental-y-fisica,REWRITE,,4.7-translation,high,0-prelaunch-noGSC
/d/37199-la-unica-formula-de-dht-maximo-que-jamas-necesitaras,REMOVE_URGENT,/t/anabolicos,4.5-sourcing-controlled-substance,high,0-prelaunch-noGSC
/d/37210-como-aumentar-iq-y-diligencia-que-son-los-mejores-predictores-del-exito,REMOVE_URGENT,/t/looksmaxing,4.5-sourcing-controlled-substance,high,0-prelaunch-noGSC
/d/37231-una-guia-para-el-uso-de-inhibidores-de-hdac,REMOVE_URGENT,/t/anabolicos,4.5-sourcing-controlled-substance,high,0-prelaunch-noGSC
/d/37259-mi-guia-para-crecer-de-51-currycel-a-63-chadpreet-en-menos-de-2-anos-creeme-saar,REMOVE_URGENT,/t/looksmaxing,4.5-sourcing-controlled-substance,high,0-prelaunch-noGSC
/d/37320-como-saber-si-ella-es-una-bop,REWRITE,,4.7-translation,high,0-prelaunch-noGSC
/d/37328-que-es-dht-y-como-lo-aumentamos-naturalmente,REWRITE,,4.5-dosing-strip+4.7-translation,med,0-prelaunch-noGSC
/d/37346-el-stack-de-iqmaxxing-nootropicos,REWRITE,,4.5-dosing-strip+4.7-translation,med,0-prelaunch-noGSC
/d/37381-como-hacer-iqmax,REWRITE,,4.7-translation,high,0-prelaunch-noGSC
/d/37435-guia-universal-de-peptidos-como-usar-peptidos,REWRITE,,4.5-dosing-strip+4.7-translation,med,0-prelaunch-noGSC
/d/37450-mi-stack-de-looksmaxxing-no-larp-realmente-bueno,REWRITE,,4.5-dosing-strip+4.7-translation,med,0-prelaunch-noGSC
/d/37530-reescribiendo-el-iris-el-plano-genetico-para-alterar-el-color-de-ojos-a-traves-de-edicion-genica-somatica-remasterizado,REWRITE,,4.7-translation,high,0-prelaunch-noGSC
/d/37652-guia-completa-para-mantener-la-fertilidad-durantedespues-de-ciclos-de-testosterona,REWRITE,,4.5-dosing-strip+4.7-translation,med,0-prelaunch-noGSC
/d/37657-el-metodo-mas-facil-para-slayear-garantizado,REWRITE,,4.7-translation,high,0-prelaunch-noGSC
/d/37676-freak-physique-maxxing-atrae-todas-las-miradas,REWRITE,,4.7-translation,high,0-prelaunch-noGSC
/d/37686-looksmaxxing-de-color-de-cabello-que-color-de-cabello-deberias-tener,REWRITE,,4.7-translation,high,0-prelaunch-noGSC
/d/37701-introduccion-al-mk-677,REWRITE,,4.5-dosing-strip+4.7-translation,med,0-prelaunch-noGSC
/d/37721-nueva-informacion-sobre-como-comer-pescado-crudo-gtfih,REWRITE,,4.7-translation,high,0-prelaunch-noGSC
/d/37729-droga-para-ntmaxxing,REWRITE,,4.7-translation,high,0-prelaunch-noGSC
/d/37755-como-lidiar-con-una-sobremordida,REMOVE_URGENT,/t/hardmaxing,4.5-sourcing-controlled-substance,high,0-prelaunch-noGSC
/d/37758-forma-instantanea-de-dormirse-peligrosa,REWRITE,,4.7-translation,high,0-prelaunch-noGSC
/d/37777-gb-115-el-peptido-anti-ansiedad-que-mogea-benzos-y-alcohol-al-olvido,REWRITE,,4.5-dosing-strip+4.7-translation,med,0-prelaunch-noGSC
/d/37806-la-mejor-forma-de-hacer-cold-approach-a-chicas,REWRITE,,4.7-translation,high,0-prelaunch-noGSC
/d/37812-personalitymaxxing-como-atraer-a-una-foid-lectura-obligada,REWRITE,,4.7-translation,high,0-prelaunch-noGSC
/d/37902-la-guia-completa-de-peptidos-para-la-piel-acnecielos-gtfih,REWRITE,,4.5-dosing-strip+4.7-translation,med,0-prelaunch-noGSC
/d/37916-como-reducir-la-ansiedad-y-el-estres-en-segundos,REWRITE,,4.7-translation,high,0-prelaunch-noGSC
/d/37933-como-encoger-tus-maseteros,REWRITE,,4.7-translation,high,0-prelaunch-noGSC
/d/37934-como-deshacerse-de-todos-los-tipos-de-olor-corporal-bajo-esfuerzo-hygienecels-gtfih,REWRITE,,4.5-dosing-strip+4.7-translation,med,0-prelaunch-noGSC
/d/37951-maximizando-el-potencial-del-bone-smashing-pomulos,REWRITE,,4.5-DIY-reframe+4.7-translation,med,0-prelaunch-noGSC
/d/37956-guia-para-el-uso-de-cjc-1295-no-dac-e-ipamorelina-dacgrf,REWRITE,,4.5-dosing-strip+4.7-translation,med,0-prelaunch-noGSC
/d/37962-como-esconder-esteroides-de-tus-padres,REWRITE,,4.7-translation,high,0-prelaunch-noGSC
/d/37976-guia-simple-de-fiend-sobre-eritema-post-inflamatorio,REWRITE,,4.5-dosing-strip+4.7-translation,med,0-prelaunch-noGSC
/d/38008-higado-de-res-el-alimento-mas-poderoso-de-la-tierra,REWRITE,,4.7-translation,high,0-prelaunch-noGSC
/d/38027-mejor-peinado-fraud-para-linea-recesiva-gtfih,REWRITE,,4.7-translation,high,0-prelaunch-noGSC
/d/38067-guia-basica-de-ascension-para-greys,REWRITE,,4.5-DIY-reframe+4.7-translation,med,0-prelaunch-noGSC
/d/38088-planes-de-ciclo-y-looksmaxxing-siendo-un-chavo-de-16,REWRITE,,4.5-DIY-reframe+4.7-translation,med,0-prelaunch-noGSC
/d/38124-guia-anti-caida-de-cabello,REWRITE,,4.5-dosing-strip+4.7-translation,med,0-prelaunch-noGSC
/d/38130-las-unicas-formas-reales-de-hacer-dinero-en-este-foro-no-cope,REWRITE,,4.7-translation,high,0-prelaunch-noGSC
/d/38149-todo-lo-que-necesitas-saber-sobre-el-sixpack-guia-completa-para-obtenerlos-consejos-y-trucos,REWRITE,,4.7-translation,high,0-prelaunch-noGSC
/d/38171-guia-de-cold-approach-para-ndcels-gtih-nds-80-de-exito,REWRITE,,4.7-translation,high,0-prelaunch-noGSC
/d/38186-potencia-tu-motivacion-de-esta-forma,REWRITE,,4.7-translation,high,0-prelaunch-noGSC
/d/38262-guia-definitiva-de-peptidos-para-principiantes,REWRITE,,4.5-dosing-strip+4.7-translation,med,0-prelaunch-noGSC
/d/38274-blueprint-para-looksmaxxing-en-la-infancia,REWRITE,,4.7-translation,high,0-prelaunch-noGSC
/d/38277-como-realmente-ntmax,REWRITE,,4.7-translation,high,0-prelaunch-noGSC
/d/38280-la-guia-definitiva-de-los-surcos-nasolabiales,REWRITE,,4.7-translation,high,0-prelaunch-noGSC
/d/38283-nueva-guia-definitiva-del-acne,REWRITE,,4.5-dosing-strip+4.7-translation,med,0-prelaunch-noGSC
/d/38307-guia-completa-para-bajar-hgh-y-limitar-tu-potencial-de-altura-tallcels-gtfih-o-sigue-siendo-alto-digno-de-botb,REWRITE,,4.5-dosing-strip+4.7-translation,med,0-prelaunch-noGSC
/d/38371-como-fraudear-tu-area-ocular-con-lentes-de-sol-desglose-completo-por-forma-de-cara,REWRITE,,4.7-translation,high,0-prelaunch-noGSC
/d/38398-lee-este-hilo-antes-de-hacerte-una-transferencia-de-grasa-facial,REWRITE,,4.7-translation,high,0-prelaunch-noGSC
/d/38403-una-guia-para-mejorar-la-vision,REWRITE,,4.7-translation,high,0-prelaunch-noGSC
/d/38418-mi-idea-de-heightmax-precio-incluido,REWRITE,,4.5-dosing-strip+4.7-translation,med,0-prelaunch-noGSC
/d/38431-como-hacer-una-bomba-de-pene-casera-alta-calidad,REWRITE,,4.5-DIY-reframe+4.7-translation,med,0-prelaunch-noGSC
/d/38455-plan-de-comidas-para-volumen-con-perfil-de-micronutrientes-perfecto,REWRITE,,4.5-DIY-reframe+4.7-translation,med,0-prelaunch-noGSC
/d/38478-tienes-scleral-show-lee-esto-para-arreglarlo-sin-cirugia,REWRITE,,4.7-translation,high,0-prelaunch-noGSC
/d/38526-guia-de-coloracion,REWRITE,,4.5-dosing-strip+4.7-translation,med,0-prelaunch-noGSC
/d/38559-como-medir-correctamente-la-envergadura,REWRITE,,4.7-translation,high,0-prelaunch-noGSC
/d/38560-guia-de-maxxing-de-cejas-y-pestanas,REWRITE,,4.7-translation,high,0-prelaunch-noGSC
/d/38628-mewing-avanzado-altura-de-maxila-y-rama,REWRITE,,4.7-translation,high,0-prelaunch-noGSC
/d/38644-teriparatida-vs-abaloparatida-cual-analogo-de-pth-es-mejor,REWRITE,,4.5-dosing-strip+4.7-translation,med,0-prelaunch-noGSC
/d/38662-como-arregle-la-mala-textura-de-la-piel-de-mi-frente,REWRITE,,4.5-dosing-strip+4.7-translation,med,0-prelaunch-noGSC
/d/38739-guia-sobre-como-crecer-tu-arco-superciliar,REWRITE,,4.5-dosing-strip+4.7-translation,med,0-prelaunch-noGSC
/d/38765-la-proporcion-oculta-que-determina-tus-labios-la-proporcion-del-aspecto-de-la-boca-ft-at-proex,REWRITE,,4.7-translation,high,0-prelaunch-noGSC
/d/38772-24-tips-para-greys,REWRITE,,4.5-DIY-reframe+4.7-translation,med,0-prelaunch-noGSC
/d/38789-el-secreto-para-una-nariz-mas-pequena-compresion-nasal,REWRITE,,4.7-translation,high,0-prelaunch-noGSC
/d/38799-como-sentirse-mas-feliz,REWRITE,,4.7-translation,high,0-prelaunch-noGSC
/d/38850-hongospsilocibina-para-potencialmente-lifemaxxbajar-la-inhib-guia-de-conocimiento-basico-sobre-hongos,REWRITE,,4.5-dosing-strip+4.7-translation,med,0-prelaunch-noGSC
/d/38896-como-ponerte-mamado-y-seguir-mamado-guia-de-physiquemaxxing-de-un-nerd-de-la-kinesiologia,REWRITE,,4.7-translation,high,0-prelaunch-noGSC
/d/38925-la-importancia-del-gusto-musical,REWRITE,,4.7-translation,high,0-prelaunch-noGSC
/d/39008-dormir-invertido-para-crecimiento-maxilar-anterior,REWRITE,,4.7-translation,high,0-prelaunch-noGSC
/d/39043-area-ocular-para-atractivo,REWRITE,,4.7-translation,high,0-prelaunch-noGSC
/d/39057-guia-ok-de-como-tener-mejor-piel,REWRITE,,4.5-dosing-strip+4.7-translation,med,0-prelaunch-noGSC
/d/39092-guia-de-stylemaxing,REWRITE,,4.7-translation,high,0-prelaunch-noGSC
/d/39156-los-inhibidores-de-aromatasa-pueden-no-ser-tan-efectivos-como-piensas,REWRITE,,4.5-dosing-strip+4.7-translation,med,0-prelaunch-noGSC
/d/39166-la-biblia-del-acne-guia-completa-para-una-piel-limpia,REWRITE,,4.7-translation,high,0-prelaunch-noGSC
/d/39188-guia-completa-para-el-overbite-sobremordida,REWRITE,,4.5-DIY-reframe+4.7-translation,med,0-prelaunch-noGSC
/d/39211-como-descalcificar-la-glandula-pineal-y-ascender,REWRITE,,4.5-dosing-strip+4.7-translation,med,0-prelaunch-noGSC
/d/39233-como-hacer-leche-agriafilviili-leche-fermentada,REWRITE,,4.7-translation,high,0-prelaunch-noGSC
/d/39284-esta-pildora-aumentara-tu-testosterona-total-y-libre,REMOVE_URGENT,/t/anabolicos,4.5-sourcing-controlled-substance,high,0-prelaunch-noGSC
/d/39290-6ft6-elevate-bamboo-wolf-brutal-20-metodos-filtrados,REWRITE,,4.7-translation,high,0-prelaunch-noGSC
/d/39308-sube-de-nivel-tus-dead-hangs,REWRITE,,4.7-translation,high,0-prelaunch-noGSC
/d/39325-guia-de-como-conseguir-novia,REWRITE,,4.7-translation,high,0-prelaunch-noGSC
/d/39419-mk677-y-que-es,REWRITE,,4.5-dosing-strip+4.7-translation,med,0-prelaunch-noGSC
/d/39486-lista-de-peores-a-mejores-esteroides-lista-de-peptidos-pronto,REWRITE,,4.5-dosing-strip+4.7-translation,med,0-prelaunch-noGSC
/d/39495-plan-de-ascenso-farmacologico,REWRITE,,4.5-dosing-strip+4.7-translation,med,0-prelaunch-noGSC
/d/39542-todo-lo-que-necesitas-sobre-la-higiene-bucal,REWRITE,,4.7-translation,high,0-prelaunch-noGSC
/d/39572-caninoscolmillos-sus-efectos-en-el-atractivo,REWRITE,,4.7-translation,high,0-prelaunch-noGSC
/d/39588-guia-mogger-de-microneedling-en-casa,REWRITE,,4.5-DIY-reframe+4.7-translation,med,0-prelaunch-noGSC
/d/39595-alternativa-natural-a-minoxidil-y-lociones-faciales,REWRITE,,4.7-translation,high,0-prelaunch-noGSC
/d/39665-rutina-para-cabello-rizado,REWRITE,,4.7-translation,high,0-prelaunch-noGSC
/d/39797-guia-rapida-de-frauding-para-looksmaxxers-adolescentes-con-problemas-de-padres-como-esconder-agujas-pedir-peptidos-etc,REMOVE_URGENT,/t/looksmaxing,4.5-sourcing-controlled-substance,high,0-prelaunch-noGSC
/d/39825-accutane-que-es-dosificacion-y-mas,REWRITE,,4.7-translation,high,0-prelaunch-noGSC
/d/39865-todos-deberian-circadianrythmaxear,NOINDEX,,4.1-thin+4.7-translation,high,0-prelaunch-noGSC
/d/39889-como-ponerse-mamado-asap-segun-la-ciencia,REWRITE,,4.7-translation,high,0-prelaunch-noGSC
/d/39891-el-compuesto-del-que-nadie-habla-nr-para-la-calidad-de-la-piel-y-el-antienvejecimiento,REWRITE,,4.5-dosing-strip+4.7-translation,med,0-prelaunch-noGSC
/d/39939-la-guia-definitiva-del-trasplante-capilar,REWRITE,,4.7-translation,high,0-prelaunch-noGSC
/d/40018-fuga-de-la-guia-de-imad-skywalker,REWRITE,,4.7-translation,high,0-prelaunch-noGSC
/d/40122-por-que-nunca-deberias-comer-carbohidratos-y-verduras-objetivo,REWRITE,,4.7-translation,high,0-prelaunch-noGSC
/d/40212-como-usar-aceite-de-ricino-y-sus-beneficios-para-el-cabello,REWRITE,,4.7-translation,high,0-prelaunch-noGSC
/d/40247-consejos-y-reglas-para-incels-y-sub5s-santo-grial-para-incels,REMOVE_URGENT,/t/looksmaxing,4.5-safety,high,0-prelaunch-noGSC
/d/40345-guia-para-los-raros-de-la-prepa,REWRITE,,4.7-translation,high,0-prelaunch-noGSC
/d/40454-salud-intestinal-101-indicadores-clave-y-como-optimizarlos,REWRITE,,4.7-translation,high,0-prelaunch-noGSC
/d/40472-para-nuevos-usuarios-de-org-que-no-tienen-desventaja-genetica,REWRITE,,4.5-dosing-strip+4.7-translation,med,0-prelaunch-noGSC
/d/40485-como-nuestras-mentes-pueden-cambiarnos,REWRITE,,4.7-translation,high,0-prelaunch-noGSC
/d/40563-como-pasar-de-blanco-a-moreno-gtfih,REWRITE,,4.5-dosing-strip+4.7-translation,med,0-prelaunch-noGSC
/d/40590-guia-completa-del-entrenamiento-craneal-integrado-ict,REWRITE,,4.5-dosing-strip+4.7-translation,med,0-prelaunch-noGSC
/d/40634-arreglar-los-pies-planos-mas-altura-oldcels-entren-aqui,REWRITE,,4.7-translation,high,0-prelaunch-noGSC
/d/40651-como-hice-whitemaxxing,REWRITE,,4.7-translation,high,0-prelaunch-noGSC
/d/40665-languagemaxxing-como-aprender-un-nuevo-idioma-puede-cambiarlo-todo,REWRITE,,4.7-translation,high,0-prelaunch-noGSC
/d/40671-guia-legit-de-monoparpados-a-parpados-dobles-ricecels-gtfih,REWRITE,,4.5-DIY-reframe+4.7-translation,med,0-prelaunch-noGSC
/d/40675-como-suplementarse-para-potenciar-gh,REWRITE,,4.5-dosing-strip+4.7-translation,med,0-prelaunch-noGSC
/d/40706-plan-de-escape-para-manlets-alargamiento-de-piernas-o-implantes-de-talon,REWRITE,,4.7-translation,high,0-prelaunch-noGSC
/d/40762-como-no-terminar-como-yo,REWRITE,,4.7-translation,high,0-prelaunch-noGSC
/d/40764-ducha-max-tomando-la-mejor-ducha,REWRITE,,4.7-translation,high,0-prelaunch-noGSC
/d/40783-coloracion-contraste-que-es-y-como-puedes-optimizarlo,REWRITE,,4.7-translation,high,0-prelaunch-noGSC
/d/40787-cafeina-la-droga-subestimada-y-por-que-deberias-usarla,REWRITE,,4.7-translation,high,0-prelaunch-noGSC
/d/40789-cascarones-de-huevo-calcio-gratis-que-ustedes-npcs-tiran-a-la-basura,REMOVE_URGENT,/t/looksmaxing,4.5-sourcing-controlled-substance,high,0-prelaunch-noGSC
/d/40794-bloqueador-androgenico-topico-para-la-piel,REWRITE,,4.7-translation,high,0-prelaunch-noGSC
/d/40877-el-mejor-fraud-del-que-tu-no-has-oido-hablar,REWRITE,,4.7-translation,high,0-prelaunch-noGSC
/d/40896-secretos-de-looksmax-que-nadie-habla-aqui-botb,REWRITE,,4.7-translation,high,0-prelaunch-noGSC
/d/40903-guia-para-principiantes-zigomaticos-maxilar-gonios-etc,REWRITE,,4.7-translation,high,0-prelaunch-noGSC
/d/40914-cirugia-maxxing-desglose-completo-de-procedimientos-faciales-maxila-menton-cigomaticos-paladar-etc,REWRITE,,4.7-translation,high,0-prelaunch-noGSC
/d/40939-eres-mas-atractivo-que-la-persona-promedio-una-introduccion-a-la-terminologia-del-looksmaxxing,REWRITE,,4.7-translation,high,0-prelaunch-noGSC
/d/40982-nootropicos-que-vale-la-pena-considerar,REWRITE,,4.7-translation,high,0-prelaunch-noGSC
/d/41002-guia-paso-a-paso-como-pedir-almacenar-y-esconder-esteroidespeptidos-como-adolescente,REMOVE_URGENT,/t/anabolicos,4.5-sourcing-controlled-substance,high,0-prelaunch-noGSC
/d/41007-guia-para-la-felicidad,REWRITE,,4.5-dosing-strip+4.7-translation,med,0-prelaunch-noGSC
/d/41071-como-medir-todos-los-ratios-faciales-solo-perfil-frontal,REWRITE,,4.7-translation,high,0-prelaunch-noGSC
/d/41124-como-encontrar-tu-estilo-de-moda,REWRITE,,4.7-translation,high,0-prelaunch-noGSC
/d/41144-side-effect-cells-y-pubertycels-gtfih-como-hacer-cualquier-concentracion-de-finasterida-topica-ridiculamente-barata,REWRITE,,4.5-dosing-strip+4.7-translation,med,0-prelaunch-noGSC
/d/41166-como-tener-la-piel-perfecta-todo-lo-que-necesitas-saber,REWRITE,,4.7-translation,high,0-prelaunch-noGSC
/d/41215-accutane,REMOVE_URGENT,/t/anabolicos,4.5-safety,high,0-prelaunch-noGSC
/d/41264-reversion-pre-caries-cachando-las-caries-antes-de-que-pasen,REWRITE,,4.7-translation,high,0-prelaunch-noGSC
/d/41355-guia-definitiva-de-la-piel,REWRITE,,4.5-dosing-strip+4.7-translation,med,0-prelaunch-noGSC
/d/41418-drogas-dignas-de-mejorar-tu-apariencia,REMOVE_URGENT,/t/anabolicos,4.5-safety,high,0-prelaunch-noGSC
/d/41474-como-oler-bien,REWRITE,,4.7-translation,high,0-prelaunch-noGSC
/d/41478-que-es-la-rosacea-y-como-se-trata,REWRITE,,4.7-translation,high,0-prelaunch-noGSC
/d/41503-manual-de-finasterida-oral-minoxidil-topico-todo-lo-que-necesitas-saber,REWRITE,,4.5-dosing-strip+4.7-translation,med,0-prelaunch-noGSC
/d/41524-formula-para-conquistar-en-la-vida-nocturna-thread-de-alto-esfuerzo,REWRITE,,4.5-DIY-reframe+4.7-translation,med,0-prelaunch-noGSC
/d/41570-insultos-comunes-de-foids-y-como-contrarrestarlos,REWRITE,,4.7-translation,high,0-prelaunch-noGSC
/d/41574-necesitas-esto-para-una-apariencia-insanamente-buena-ict,REWRITE,,4.7-translation,high,0-prelaunch-noGSC
/d/41575-como-saber-si-eres-mtn-basado-en-la-vida-real,REWRITE,,4.7-translation,high,0-prelaunch-noGSC
/d/41621-la-presencia-es-como-la-apariencia-se-convierte-en-atraccion,REWRITE,,4.7-translation,high,0-prelaunch-noGSC
/d/41624-como-dejar-de-forma-efectiva-la-adiccion-a-la-nicotina-usando-farmacos-para-adictos,REWRITE,,4.5-dosing-strip+4.7-translation,med,0-prelaunch-noGSC
/d/41637-condense-toda-la-info-de-salud-de-bryan-johnson-en-una-lista-accionable-aqui-esta,REWRITE,,4.7-translation,high,0-prelaunch-noGSC
/d/41676-guia-de-mejora-de-habilidades-sociales-para-hmtn,REMOVE_URGENT,/t/looksmaxing,4.5-safety,high,0-prelaunch-noGSC
/d/41680-lo-que-todo-sub5-necesita-a-traves-de-hardmaxxing,REWRITE,,4.7-translation,high,0-prelaunch-noGSC
/d/41684-lo-que-alguien-necesita-hacer-para-ascender-siendo-menor-de-18,REWRITE,,4.7-translation,high,0-prelaunch-noGSC
/d/41710-la-guia-definitiva-del-urkcelmaxxing-botb,REWRITE,,4.7-translation,high,0-prelaunch-noGSC
/d/41866-rutina-de-pecho,REWRITE,,4.7-translation,high,0-prelaunch-noGSC
/d/41870-como-entrenar-la-espalda-efectivamente,REWRITE,,4.7-translation,high,0-prelaunch-noGSC
/d/41962-acabo-con-el-cope-la-unica-guia-de-estetica-facial-que-vas-a-necesitar,REWRITE,,4.7-translation,high,0-prelaunch-noGSC
/d/42021-la-verdad-sobre-accutane-un-medicamento-que-cambia-la-vida-o-una-moda-pasajera,REWRITE,,4.7-translation,high,0-prelaunch-noGSC
/d/42040-la-forma-facil-y-real-de-ascender-guia,REWRITE,,4.5-DIY-reframe+4.7-translation,med,0-prelaunch-noGSC
/d/42096-como-empezar-a-hacer-looksmaxxing,REWRITE,,4.5-dosing-strip+4.7-translation,med,0-prelaunch-noGSC
/d/42119-guia-de-dimorfismo-softmax,REMOVE_URGENT,/t/looksmaxing,4.5-sourcing-controlled-substance,high,0-prelaunch-noGSC
/d/42134-la-grasa-es-beneficiosa-durante-la-pubertad,REWRITE,,4.7-translation,high,0-prelaunch-noGSC
/d/42182-semax,REWRITE,,4.5-dosing-strip+4.7-translation,med,0-prelaunch-noGSC
/d/42221-plan-completo-de-looksmaxx-de-18-meses-de-incel-sub5-a-htn,REWRITE,,4.5-dosing-strip+4.7-translation,med,0-prelaunch-noGSC
/d/42298-como-ascender-de-ltn-a-chadlite,REWRITE,,4.5-dosing-strip+4.7-translation,med,0-prelaunch-noGSC
/d/42307-guia-verdadera-de-perdida-de-grasa,REWRITE,,4.7-translation,high,0-prelaunch-noGSC
/d/42321-la-droga-milagrosa-rapamicina,REWRITE,,4.7-translation,high,0-prelaunch-noGSC
/d/42339-guia-completa-de-gymmaxx-basada-en-ciencia,REWRITE,,4.5-dosing-strip+4.7-translation,med,0-prelaunch-noGSC
/d/42404-como-ascender-en-1-mes,REWRITE,,4.5-DIY-reframe+4.7-translation,med,0-prelaunch-noGSC
/d/42432-iqmaxxing-un-deep-dive-profundo-en-cerebrolysin,REWRITE,,4.7-translation,high,0-prelaunch-noGSC
/d/42440-piel-clara-es-una-mejora-estetica-de-alto-nivel-guia-completa-explicacion,REWRITE,,4.7-translation,high,0-prelaunch-noGSC
/d/42516-guia-corta-de-skincare,REWRITE,,4.7-translation,high,0-prelaunch-noGSC
/d/42527-como-deshacerte-de-las-lineas-de-expresion-y-arrugas-el-peptido-botox-snap-8-smilelinecels-gtfih,REWRITE,,4.7-translation,high,0-prelaunch-noGSC
/d/42535-guia-para-acercarte-a-las-mujeres-y-de-personalidad,REWRITE,,4.7-translation,high,0-prelaunch-noGSC
/d/42542-guia-de-skincare-de-rskincareaddiction,REWRITE,,4.7-translation,high,0-prelaunch-noGSC
/d/42564-todos-los-metodos-para-eliminar-cicatrices-de-acne-e-hiperpigmentacion,REWRITE,,4.7-translation,high,0-prelaunch-noGSC
/d/42608-guia-para-tener-piel-clara-con-esteroidesaltos-androgenos,REWRITE,,4.5-dosing-strip+4.7-translation,med,0-prelaunch-noGSC
/d/42649-como-ascendio-damian-kater-sus-cejas,REWRITE,,4.7-translation,high,0-prelaunch-noGSC
/d/42675-botox-uno-de-los-looksmaxxes-mas-subestimados,REWRITE,,4.5-dosing-strip+4.7-translation,med,0-prelaunch-noGSC
/d/42750-equivalentes-de-implantes-de-pecho-bbl-cirugias-de-alto-impacto-en-el-smv,REWRITE,,4.5-dosing-strip+4.7-translation,med,0-prelaunch-noGSC
/d/42792-guia-de-semax-pt2-213-de-aumento-despues-de-una-semana,REWRITE,,4.5-dosing-strip+4.7-translation,med,0-prelaunch-noGSC
/d/42797-como-puede-un-nigeriano-de-52-ascender-a-cl,REWRITE,,4.7-translation,high,0-prelaunch-noGSC
/d/42887-relleno-uno-de-los-looksmax-mas-subestimados,REWRITE,,4.7-translation,high,0-prelaunch-noGSC
/d/42958-como-medir-con-precision-la-recesion-facial,REWRITE,,4.7-translation,high,0-prelaunch-noGSC
/d/43003-como-abordar-a-una-mujer-101-por-ghostboyswag,REWRITE,,4.7-translation,high,0-prelaunch-noGSC
/d/43039-todos-los-androgenos-y-sus-roles-en-el-fisico,REWRITE,,4.5-dosing-strip+4.7-translation,med,0-prelaunch-noGSC
/d/43040-para-novatos-intermedios-y-usuarios-avanzados-guia-completa-de-perdida-de-grasa,REWRITE,,4.7-translation,high,0-prelaunch-noGSC
/d/43058-guia-simple-para-dormir-bien,REWRITE,,4.5-dosing-strip+4.7-translation,med,0-prelaunch-noGSC
/d/43067-corrige-tu-asimetria-amplia-tu-mandibula-y-proyecta-tu-cara-hacia-adelante-metodo-de-facepulling-de-mas-alto-iq,REWRITE,,4.7-translation,high,0-prelaunch-noGSC
/d/43106-guia-bpc-157-tb-500-para-remodelado-de-suturas-ganancias-cigomaticas-de-15mm,REWRITE,,4.5-dosing-strip+4.7-translation,med,0-prelaunch-noGSC
/d/43122-la-guia-completa-para-el-dominio-social,REWRITE,,4.7-translation,high,0-prelaunch-noGSC
/d/43148-estilizacion-al-maximo-spezzatura-atrayendo-chicas-de-calidad,REWRITE,,4.7-translation,high,0-prelaunch-noGSC
/d/43166-como-dejar-el-porno-de-verdad,REWRITE,,4.5-dosing-strip+4.7-translation,med,0-prelaunch-noGSC
/d/43188-la-guia-definitiva-de-softmax-todo-lo-que-necesitas-para-ascender,REWRITE,,4.5-dosing-strip+4.7-translation,med,0-prelaunch-noGSC
/d/43204-volufiline-funciona-aqui-esta-todo-lo-que-necesitas-saber,REWRITE,,4.7-translation,high,0-prelaunch-noGSC
/d/43261-por-que-la-mayoria-de-los-greys-la-cagan-con-las-valoraciones-de-cara,REWRITE,,4.7-translation,high,0-prelaunch-noGSC
/d/43302-por-que-tus-ancestros-solian-ser-mejores-que-tu-y-como-imitarlos,REMOVE_URGENT,/t/looksmaxing,4.5-sourcing-controlled-substance,high,0-prelaunch-noGSC
/d/43305-los-disruptores-endocrinos-estan-matando-tu-testosterona-aqui-te-muestro-como-mitigarlos,REWRITE,,4.5-dosing-strip+4.7-translation,med,0-prelaunch-noGSC
/d/43345-la-guia-basica-para-tiktokcels-grays-y-retardos-water,REWRITE,,4.5-DIY-reframe+4.7-translation,med,0-prelaunch-noGSC
/d/43346-el-santo-grialthumbpulling-bonesmashing,REWRITE,,4.5-DIY-reframe+4.7-translation,med,0-prelaunch-noGSC
/d/43398-como-entrenar-realmente-tu-musculo-masetero-y-no-es-mascando-chicle,REWRITE,,4.7-translation,high,0-prelaunch-noGSC
/d/43412-guia-de-horrormaxxing,REWRITE,,4.5-dosing-strip+4.7-translation,med,0-prelaunch-noGSC
/d/43413-guia-para-brain-maxxing-101sin-boludeces,REMOVE_URGENT,/t/looksmaxing,4.5-sourcing-controlled-substance,high,0-prelaunch-noGSC
/d/43454-botb-blackpill-todas-las-areas-de-la-vida-glosario,REWRITE,,4.5-dosing-strip+4.7-translation,med,0-prelaunch-noGSC
/d/43462-la-guia-definitiva-para-el-looksminning-como-hacer-looksmin,REWRITE,,4.7-translation,high,0-prelaunch-noGSC
/d/43468-guia-simple-de-ascension-general,REMOVE_URGENT,/t/looksmaxing,4.5-sourcing-controlled-substance,high,0-prelaunch-noGSC
/d/43469-por-que-la-personalidad-es-sin-ironia-mas-importante-que-el-fisico,REWRITE,,4.7-translation,high,0-prelaunch-noGSC
/d/43483-la-teoria-oofy-doofy-es-ley-y-la-conclusion-natural-para-personas-no-autistas-cualquiera-que-afirme-tener-blackpill-divina-es-1-retardado-2-maricon,REMOVE_URGENT,/t/looksmaxing,4.5-sourcing-controlled-substance,high,0-prelaunch-noGSC
/d/43487-guia-basica-de-hgh,REMOVE_URGENT,/t/anabolicos,4.5-sourcing-controlled-substance,high,0-prelaunch-noGSC
/d/43506-como-entrenar-para-el-smv,REWRITE,,4.7-translation,high,0-prelaunch-noGSC
/d/43521-guia-ultimate-de-crecimiento-oseo-para-incels-sin-plata-aumentar-masa-osea,REMOVE_URGENT,/t/looksmaxing,4.5-sourcing-controlled-substance,high,0-prelaunch-noGSC
/d/43538-la-guia-completa-de-la-triada-oscura,REWRITE,,4.7-translation,high,0-prelaunch-noGSC
/d/43584-gordos-metanse-aqui-ya,REWRITE,,4.7-translation,high,0-prelaunch-noGSC
/d/43590-el-bonesmashing-es-mas-complicado-de-lo-que-crees,REWRITE,,4.5-DIY-reframe+4.7-translation,med,0-prelaunch-noGSC
/d/43609-gtfih-evalua-tu-zona-de-la-boca,REWRITE,,4.7-translation,high,0-prelaunch-noGSC
/d/43616-guia-definitiva-de-softmaxxing-asciende-1psl-gtfih,REWRITE,,4.5-DIY-reframe+4.7-translation,med,0-prelaunch-noGSC
/d/43622-como-tener-el-area-de-ojos-de-un-chad,REMOVE_URGENT,/t/softmaxing,4.5-sourcing-controlled-substance,high,0-prelaunch-noGSC
/d/43640-adderallr-cii,REWRITE,,4.5-dosing-strip+4.7-translation,med,0-prelaunch-noGSC
/d/43688-ghk-cu-su-problema-de-perdida-de-potencia-y-como-arreglarlo,REWRITE,,4.7-translation,high,0-prelaunch-noGSC
/d/43708-como-verse-bien-en-videos-y-fotos-guia,REWRITE,,4.7-translation,high,0-prelaunch-noGSC
/d/43809-aqui-te-digo-por-que-eres-feo-guia-completa-de-como-saber-donde-tienes-recesion,REWRITE,,4.7-translation,high,0-prelaunch-noGSC
/d/43900-guia-de-heightmaxxing-2025-3-niveles,REWRITE,,4.5-dosing-strip+4.7-translation,med,0-prelaunch-noGSC
/d/43914-cual-estimulante-elegir-studycels-gtfih,REWRITE,,4.5-dosing-strip+4.7-translation,med,0-prelaunch-noGSC
/d/43932-como-ligar-mini-guia,REWRITE,,4.7-translation,high,0-prelaunch-noGSC
/d/43938-la-guia-de-softmaxx-mas-efectiva,REWRITE,,4.7-translation,high,0-prelaunch-noGSC
/d/43981-la-guia-definitiva-de-mt2-probada-personalmente,REWRITE,,4.5-dosing-strip+4.7-translation,med,0-prelaunch-noGSC
/d/44057-deberias-comer-cascaras-de-huevo,REMOVE_URGENT,/t/looksmaxing,4.5-sourcing-controlled-substance,high,0-prelaunch-noGSC
/d/44061-como-ascender-2-puntos-facialmente-si-eres-pobre,REWRITE,,4.7-translation,high,0-prelaunch-noGSC
/d/44068-como-aumentar-los-niveles-de-igf-1-tanto-de-forma-natural-como-con-peptidos,REWRITE,,4.5-dosing-strip+4.7-translation,med,0-prelaunch-noGSC
/d/44080-la-mejor-guia-de-maxxing-de-cejas,REWRITE,,4.7-translation,high,0-prelaunch-noGSC
/d/44254-un-analisis-a-fondo-de-la-testosterona-que-es-y-que-hace,REWRITE,,4.5-dosing-strip+4.7-translation,med,0-prelaunch-noGSC
/d/44264-por-que-cuando-y-como-gymcelear-correctamente,REWRITE,,4.7-translation,high,0-prelaunch-noGSC
/d/44326-guia-bronceado-todo-el-ano-rutina-de-protector-solar-en-invierno-gotas-de-bronceador-en-verano,REWRITE,,4.7-translation,high,0-prelaunch-noGSC
/d/44329-deja-la-adiccion-a-la-nicotina-y-mas-como-hacer-cleanmaxx-en-2025,REWRITE,,4.7-translation,high,0-prelaunch-noGSC
/d/44352-mi-experiencia-con-accutane,REMOVE_URGENT,/t/anabolicos,4.5-safety,high,0-prelaunch-noGSC
/d/44369-como-aumentar-los-globulos-rojos-de-forma-natural-para-dar-el-efecto-doping,REMOVE_URGENT,/t/anabolicos,4.5-sourcing-controlled-substance,high,0-prelaunch-noGSC
/d/44387-como-dejar-la-nicotina,REWRITE,,4.7-translation,high,0-prelaunch-noGSC
/d/44413-modo-mitigacion-la-ciencia-de-mantenerse-saludable-mientras-se-usan-esteroides,REMOVE_URGENT,/t/anabolicos,4.5-sourcing-controlled-substance,high,0-prelaunch-noGSC
/d/44446-por-que-necesitas-empezar-a-gymcelling-gtfih,REWRITE,,4.7-translation,high,0-prelaunch-noGSC
/d/44500-guia-completa-de-cirugia-de-mandibula-bimax,REWRITE,,4.7-translation,high,0-prelaunch-noGSC
/d/44504-tecnica-de-manipulacion-de-la-cia-parte-1-eres-de-tipo-significancia-aceptacion-o-aprobacion,REWRITE,,4.7-translation,high,0-prelaunch-noGSC
/d/44524-construyendo-mejor-los-huesos-una-guia-basada-en-evidencia,REWRITE,,4.5-dosing-strip+4.7-translation,med,0-prelaunch-noGSC
/d/44534-stack-duro-para-altura-se-busca-asesoramiento-para-mods-sin-analogos-de-pth,REWRITE,,4.5-dosing-strip+4.7-translation,med,0-prelaunch-noGSC
/d/44557-como-manipular-a-los-demas-para-conseguir-lo-que-quieres-guia-nd-para-arrasar,REWRITE,,4.7-translation,high,0-prelaunch-noGSC
/d/44574-la-revolucion-neuroplastica-mecanismos-y-metodos-para-reprogramar-el-cerebro,REWRITE,,4.5-dosing-strip+4.7-translation,med,0-prelaunch-noGSC
/d/44578-26-tips-mas-para-greys,REWRITE,,4.5-dosing-strip+4.7-translation,med,0-prelaunch-noGSC
/d/44580-mecanica-muscular-la-ciencia-de-la-hipertrofia-eficiente,REWRITE,,4.7-translation,high,0-prelaunch-noGSC
/d/44581-para-los-negros-de-zygos-planos,REWRITE,,4.5-dosing-strip+4.7-translation,med,0-prelaunch-noGSC
/d/44585-alimentando-el-crecimiento-el-rol-fisiologico-de-los-macronutrientes-en-la-hipertrofia-muscular-y-el-metabolismo-de-grasas,REMOVE_URGENT,/t/looksmaxing,4.5-sourcing-controlled-substance,high,0-prelaunch-noGSC
/d/44586-el-megathread-de-optimizacion-humana-entrenamiento-nutricion-desarrollo-oseo-estetica-mitigacion-de-riesgos-y-mejora-cognitiva,REWRITE,,4.7-translation,high,0-prelaunch-noGSC
/d/44602-el-metodo-de-skincare-desconocido-del-que-nadie-habla-para-hombres-todos-gftih,REWRITE,,4.5-dosing-strip+4.7-translation,med,0-prelaunch-noGSC
/d/44625-como-convertirte-en-un-hombre,REWRITE,,4.5-DIY-reframe+4.7-translation,med,0-prelaunch-noGSC
/d/44650-glow-stack-que-es-y-que-hace,REWRITE,,4.5-dosing-strip+4.7-translation,med,0-prelaunch-noGSC
/d/44665-en-serio-levanta-mas-minas-leyendo-ts,REWRITE,,4.7-translation,high,0-prelaunch-noGSC
/d/44721-como-arreglar-tu-resecion,REWRITE,,4.7-translation,high,0-prelaunch-noGSC
/d/44732-que-determina-objetivamente-el-atractivo-fisico-de-la-cara-de-un-hombre,REWRITE,,4.7-translation,high,0-prelaunch-noGSC
/d/44762-los-beneficios-fisicos-y-mentales-del-adderall-y-por-que-deberiasno-deberias-tomarlo,REWRITE,,4.7-translation,high,0-prelaunch-noGSC
/d/44793-guia-de-heightmaxxing-avanza-o-hazte-mas-alto-sin-importar-la-edad-sin-propaganda-de-drogas-chinas,REWRITE,,4.7-translation,high,0-prelaunch-noGSC
/d/44794-extraccion-de-bola-de-bichat-el-hardmaxx-perfecto-o-el-peor-error-que-puedes-cometer,REWRITE,,4.7-translation,high,0-prelaunch-noGSC
/d/44835-aburrimiento-mehathread-gtfih,REMOVE_URGENT,/t/looksmaxing,4.5-safety,high,0-prelaunch-noGSC
/d/44886-los-mejores-ejercicios-para-cada-grupo-muscular,REWRITE,,4.7-translation,high,0-prelaunch-noGSC
/d/44922-guia-definitiva-para-perder-peso,REWRITE,,4.7-translation,high,0-prelaunch-noGSC
/d/44945-guia-de-blanqueamiento-de-dientes-simplificada,REWRITE,,4.7-translation,high,0-prelaunch-noGSC
/d/44949-los-mejores-ejercicios-para-el-frame,REWRITE,,4.7-translation,high,0-prelaunch-noGSC
/d/44960-trembolona-recomposicion-de-proximo-nivel-pero-a-que-costo,REWRITE,,4.5-dosing-strip+4.7-translation,med,0-prelaunch-noGSC
/d/45000-el-cuerpo-femenino-ideal,REWRITE,,4.7-translation,high,0-prelaunch-noGSC
/d/45002-fightmaxxing-las-pautas-generales-del-combate-cuerpo-a-cuerpo,REWRITE,,4.7-translation,high,0-prelaunch-noGSC
/d/45008-como-sobrevivir-1g-dnp-lo-hice-yo-mismo,REWRITE,,4.5-dosing-strip+4.7-translation,med,0-prelaunch-noGSC
/d/45084-como-dejar-de-ser-timidoraro,REWRITE,,4.7-translation,high,0-prelaunch-noGSC
/d/45098-como-califico-opiniones,REWRITE,,4.7-translation,high,0-prelaunch-noGSC
/d/45135-consejos-para-colorear-cejas-rubio-fresa,REWRITE,,4.7-translation,high,0-prelaunch-noGSC
/d/45146-guia-completa-de-thugmax-deathnics-y-third-worldcels-gtfih,REWRITE,,4.7-translation,high,0-prelaunch-noGSC
/d/45148-como-maximizar-la-pubertad-de-forma-natural-explicacionguia,REWRITE,,4.7-translation,high,0-prelaunch-noGSC
/d/45202-guia-de-autobronceado,REWRITE,,4.7-translation,high,0-prelaunch-noGSC
/d/45221-como-verte-mas-atractivo-con-el-grooming-facial,REWRITE,,4.7-translation,high,0-prelaunch-noGSC
/d/45222-skinmaxxing-desde-piel-propensa-al-acne-edicion-pie-acne-quistico,REWRITE,,4.7-translation,high,0-prelaunch-noGSC
/d/45234-verdadero-eyemaxxing,REWRITE,,4.7-translation,high,0-prelaunch-noGSC
/d/45253-guia-completa-del-area-de-los-ojos,REMOVE_URGENT,/t/looksmaxing,4.5-sourcing-controlled-substance,high,0-prelaunch-noGSC
/d/45268-como-maximizar-igf-1,REWRITE,,4.5-dosing-strip+4.7-translation,med,0-prelaunch-noGSC
/d/45269-guia-fundamental-de-morph-con-gimp-alternativa-a-photoshop,REWRITE,,4.7-translation,high,0-prelaunch-noGSC
/d/45293-guia-dihh-max-gtfih-2026,REWRITE,,4.5-DIY-reframe+4.7-translation,med,0-prelaunch-noGSC
/d/45326-guia-nt-para-entornos-sociales,REMOVE_URGENT,/t/looksmaxing,4.5-safety,high,0-prelaunch-noGSC
/d/45477-solucion-casera-de-glutation-sublingual-basada-en-evidencia-para-aclarar-la-piel-guia-completa,REWRITE,,4.5-dosing-strip+4.7-translation,med,0-prelaunch-noGSC
/d/45518-guia-sobre-como-acercarse-a-las-mujeres,REWRITE,,4.7-translation,high,0-prelaunch-noGSC
/d/45526-como-usar-bpc157-para-ganancias-instantaneas,REWRITE,,4.5-dosing-strip+4.7-translation,med,0-prelaunch-noGSC
/d/45530-la-guia-definitiva-sobre-como-no-ser-un-completo-retardado-mientras-estes-en-org,REWRITE,,4.7-translation,high,0-prelaunch-noGSC
/d/45601-cascada-de-heightmaxxing,REMOVE_URGENT,/t/anabolicos,4.5-sourcing-controlled-substance,high,0-prelaunch-noGSC
/d/45653-tutorial-de-ejercicios-para-el-orbicularis-oculi,REWRITE,,4.7-translation,high,0-prelaunch-noGSC
/d/45726-como-me-roidmaxxee-a-los-17-para-ser-mas-gracioso-fotos-protocolo,REMOVE_URGENT,/t/anabolicos,4.5-sourcing-controlled-substance,high,0-prelaunch-noGSC
/d/45728-mi-experiencia-en-una-dieta-primal,REWRITE,,4.7-translation,high,0-prelaunch-noGSC
/d/45749-peptidos-por-que-los-peptidos-son-extremadamente-peligrosos-y-por-que-no-deberias-hacerlos,REWRITE,,4.5-dosing-strip+4.7-translation,med,0-prelaunch-noGSC
/d/45750-por-que-eres-un-cornudo,REWRITE,,4.7-translation,high,0-prelaunch-noGSC
/d/45818-el-plano-maestro-del-heightmaxxing,REWRITE,,4.5-DIY-reframe+4.7-translation,med,0-prelaunch-noGSC
/d/45825-cjc-vs-hgh-greys-gtfih,REWRITE,,4.5-dosing-strip+4.7-translation,med,0-prelaunch-noGSC
/d/45844-como-revisar-si-tus-placas-de-crecimiento-todavia-estan-abiertas-sin-radiografia,REWRITE,,4.7-translation,high,0-prelaunch-noGSC
/d/45846-como-saber-si-realmente-estas-fit-o-solo-delgado,REWRITE,,4.7-translation,high,0-prelaunch-noGSC
/d/45849-por-que-los-ejercicios-faciales-son-cope-y-que-hacer-en-su-lugar,REWRITE,,4.5-dosing-strip+4.7-translation,med,0-prelaunch-noGSC
/d/45872-como-saber-si-tienes-deficiencia-de-gh-sin-analisis-de-sangre,REWRITE,,4.7-translation,high,0-prelaunch-noGSC
/d/45888-guia-de-kitty-maxxing-como-conseguir-chicas-con-gatitos,REWRITE,,4.7-translation,high,0-prelaunch-noGSC
/d/45924-butirato-que-es-y-como-afecta-tu-estatura-salud-y-sensibilidad-a-los-androgenos,REMOVE_URGENT,/t/looksmaxing,4.5-sourcing-controlled-substance,high,0-prelaunch-noGSC
/d/45944-como-saber-si-tus-cigomaticos-estan-subdesarrollados-vs-escondidos-por-grasa,REWRITE,,4.7-translation,high,0-prelaunch-noGSC
/d/46006-guia-de-blanqueamiento-de-dientes,REWRITE,,4.5-DIY-reframe+4.7-translation,med,0-prelaunch-noGSC
/d/46047-guia-de-melanotan-2-inspirada-en-mpmd,KEEP,,4.6-canonical-winner,high,0-prelaunch-noGSC
/d/46094-anfetaminas-estimulantes-para-la-escuelatrabajo-mi-experiencia-mi-consejo-alto-esfuerzo,REWRITE,,4.5-dosing-strip+4.7-translation,med,0-prelaunch-noGSC
/d/46100-el-ciclo-de-randle-la-trampa-metabolica-oculta-que-destruye-tu-estetica,REWRITE,,4.5-dosing-strip+4.7-translation,med,0-prelaunch-noGSC
/d/46116-guia-completa-de-como-pase-de-sub5-a-mtn,REWRITE,,4.5-DIY-reframe+4.7-translation,med,0-prelaunch-noGSC
/d/46149-sintetizando-disolventes-de-grasa-en-casa,REWRITE,,4.5-DIY-reframe+4.7-translation,med,0-prelaunch-noGSC
/d/46207-guia-completa-de-fashionmaxxing,REWRITE,,4.7-translation,high,0-prelaunch-noGSC
/d/46234-como-oscurecer-temporalmente-las-cejas-en-solo-5-minutos-guia-super-facil,REWRITE,,4.7-translation,high,0-prelaunch-noGSC
/d/46284-guia-de-la-sonrisa,REWRITE,,4.7-translation,high,0-prelaunch-noGSC
/d/46293-guia-de-slaying-en-redes-sociales-para-adolescentes-como-aumentar-tus-probabilidades-de-ligar-explotando-las-redes-sociales,REWRITE,,4.7-translation,high,0-prelaunch-noGSC
/d/46312-guia-definitiva-de-bonesmashing-con-hgh,REWRITE,,4.5-DIY-reframe+4.7-translation,med,0-prelaunch-noGSC
/d/46319-cuidado-de-la-piel,REWRITE,,4.7-translation,high,0-prelaunch-noGSC
/d/46325-no-te-molestes-en-hacer-nada-si-no-tienes-una-buena-capacidad-de-atencion,REWRITE,,4.5-DIY-reframe+4.7-translation,med,0-prelaunch-noGSC
/d/46351-rutina-facil-de-softmaxxing-skincare-y-debloat-principiantes,REWRITE,,4.5-dosing-strip+4.7-translation,med,0-prelaunch-noGSC
/d/46399-plan-de-ascension-realista-mogear-para-el-1-de-julio-de-2026,REMOVE_URGENT,/t/looksmaxing,4.5-sourcing-controlled-substance,high,0-prelaunch-noGSC
/d/46416-como-tener-suenos-lucidos,REWRITE,,4.7-translation,high,0-prelaunch-noGSC
/d/46446-corte-de-pelo-verdad-nvke,REWRITE,,4.7-translation,high,0-prelaunch-noGSC
/d/46448-grasa-corporal-como-medir-de-verdad-tu-de-grasa-corporal-y-tu-progreso-para-looksmaxing-estetica-facial,REWRITE,,4.7-translation,high,0-prelaunch-noGSC
/d/46577-es-heightmaxxing-cope-guia,REWRITE,,4.5-dosing-strip+4.7-translation,med,0-prelaunch-noGSC
/d/46605-guia-corta-de-charisma-maxxing-primer-post-pero-gtfih,REWRITE,,4.7-translation,high,0-prelaunch-noGSC
/d/46631-otra-forma-de-averiguar-el-largo-de-tu-rama-mandibular,REWRITE,,4.7-translation,high,0-prelaunch-noGSC
/d/46700-aceite-de-ricino-ricinus-oil,REWRITE,,4.7-translation,high,0-prelaunch-noGSC
/d/46708-clasificacion-por-tiers-de-cirugias-y-procedimientos-segun-el-roi-potencial-retorno-de-inversion,REWRITE,,4.7-translation,high,0-prelaunch-noGSC
/d/46733-nunca-entrenes-tus-piernas,REWRITE,,4.7-translation,high,0-prelaunch-noGSC
/d/46741-wtf-gymcelling-bien-hecho,REWRITE,,4.5-dosing-strip+4.7-translation,med,0-prelaunch-noGSC
/d/46854-como-conseguir-un-lefort-barato-u-otras-cirugias-hecho-por-estudiantes-de-medicina-gtfih,REWRITE,,4.7-translation,high,0-prelaunch-noGSC
/d/46937-la-verdad-sobre-el-pillde-iq,REWRITE,,4.7-translation,high,0-prelaunch-noGSC
/d/46941-lo-que-aprendi-en-los-ultimos-dos-dias,REWRITE,,4.7-translation,high,0-prelaunch-noGSC
/d/46943-guia-completa-de-indicadores-de-salud,REWRITE,,4.7-translation,high,0-prelaunch-noGSC
/d/46990-la-guia-completa-de-nootropicos-o-como-alcanzar-el-zen-cognitivo,REWRITE,,4.7-translation,high,0-prelaunch-noGSC
/d/46999-como-defraudar-4-pulgadas,REWRITE,,4.7-translation,high,0-prelaunch-noGSC
/d/47100-guia-de-pestanas,REWRITE,,4.5-DIY-reframe+4.7-translation,med,0-prelaunch-noGSC
/d/47105-implantes-faciales-una-introduccion-simple,REWRITE,,4.7-translation,high,0-prelaunch-noGSC
/d/47120-guia-de-medicion-del-ancho-de-hombros-bidelt-acromial-como-medir-correctamente,REWRITE,,4.7-translation,high,0-prelaunch-noGSC
/d/47137-el-racepill-y-como-usarlo-para-looksmaxxing,REWRITE,,4.7-translation,high,0-prelaunch-noGSC
/d/47176-todas-las-cirugias-de-ojos-y-parpados-explicadas-guia-completa,REWRITE,,4.7-translation,high,0-prelaunch-noGSC
/d/47289-la-importancia-de-la-fortaleza-auricular-musculos-del-oido,REWRITE,,4.7-translation,high,0-prelaunch-noGSC
/d/47324-guia-de-cejas,REMOVE_URGENT,/t/softmaxing,4.5-sourcing-controlled-substance,high,0-prelaunch-noGSC
/d/47325-como-usar-estimulantes-de-forma-sostenible-para-la-vidaapariencia-sin-tolerancemaxxing,REWRITE,,4.5-dosing-strip+4.7-translation,med,0-prelaunch-noGSC
/d/47335-como-armar-correctamente-un-stack-de-heightmax,REWRITE,,4.5-dosing-strip+4.7-translation,med,0-prelaunch-noGSC
/d/47420-el-arte-de-la-fachada-ganarte-amigos-e-incrementar-tu-simpatia,REWRITE,,4.7-translation,high,0-prelaunch-noGSC
/d/47516-peptidos-que-son,REWRITE,,4.5-dosing-strip+4.7-translation,med,0-prelaunch-noGSC
/d/47517-puedes-fraudear-el-atractivo-si-estas-mamado-y-tienes-una-estatura-decente-por-que-necesitas-ir-al-gym,REWRITE,,4.7-translation,high,0-prelaunch-noGSC
/d/47553-la-guia-mas-facil-para-accutane,REWRITE,,4.5-dosing-strip+4.7-translation,med,0-prelaunch-noGSC
/d/47575-mega-guia-de-tretinoina-skincare-antiedad-high-iq,REMOVE_URGENT,/t/softmaxing,4.5-safety,high,0-prelaunch-noGSC
/d/47665-la-guia-definitiva-de-leanmaxxing-ponte-delgado-eficientemente,REWRITE,,4.7-translation,high,0-prelaunch-noGSC
/d/47676-guia-de-labios-softmax,REWRITE,,4.5-dosing-strip+4.7-translation,med,0-prelaunch-noGSC
/d/47815-guia-corta-para-incels-sobre-como-ser-feliz,REMOVE_URGENT,/t/looksmaxing,4.5-safety,high,0-prelaunch-noGSC
/d/47856-aumenta-la-testosterona-de-forma-natural,REWRITE,,4.5-dosing-strip+4.7-translation,med,0-prelaunch-noGSC
/d/47872-esconder-peptidos-y-mas-obvio-refrigerados-principiantes-deben-leer,REWRITE,,4.7-translation,high,0-prelaunch-noGSC
/d/47894-framemaxx,REWRITE,,4.5-dosing-strip+4.7-translation,med,0-prelaunch-noGSC
/d/47895-guia-de-slaymaxxing-para-hombres-bajitos-quizas-no-este-todo-perdido,REWRITE,,4.7-translation,high,0-prelaunch-noGSC
/d/47954-como-cure-mi-eczema-y-mis-experiencias-teniendolo,REWRITE,,4.5-dosing-strip+4.7-translation,med,0-prelaunch-noGSC
/d/47963-como-hago-fraude-de-59-a-60-pies-facilmente,REWRITE,,4.7-translation,high,0-prelaunch-noGSC
/d/47974-como-hacer-crecer-el-pelo-rapido-y-veloz,REWRITE,,4.5-dosing-strip+4.7-translation,med,0-prelaunch-noGSC
/d/47993-por-que-las-cejas-y-las-pestanas-son-uno-de-los-mejores-softmaxxes-mini-guia,REWRITE,,4.7-translation,high,0-prelaunch-noGSC
/d/48026-guia-actualizada-de-melanotan-2-inspirada-en-mpmd,CONSOLIDATE,/d/46047-guia-de-melanotan-2-inspirada-en-mpmd,4.6-duplicate,high,0-prelaunch-noGSC
/d/48028-guia-pre-pubertad-lee-esto-si-no-estas-en-la-pubertad,REWRITE,,4.7-translation,high,0-prelaunch-noGSC
/d/48038-guia-high-iq-de-como-me-cogi-a-mi-maestra-de-ingles-gtfih,REWRITE,,4.7-translation,high,0-prelaunch-noGSC
/d/48051-como-hipertrofiar-el-musculo-cigomatico-thread-de-iq-moderadamente-alto-hollowcheekcels-gtfih,REWRITE,,4.7-translation,high,0-prelaunch-noGSC
/d/48094-como-ocultar-la-caida-del-cabello-y-minimizar-su-apariencia-sin-implantes-durante-tu-adolescencia-y-principios-de-los-20-gtfih,REMOVE_URGENT,/t/softmaxing,4.5-sourcing-controlled-substance,high,0-prelaunch-noGSC
/d/48143-como-conquistar-mujeres-con-estilo-musica-y-siendo-gentil,REWRITE,,4.7-translation,high,0-prelaunch-noGSC
/d/48193-arrugas-del-sueno-y-envejecimiento-guia,REWRITE,,4.7-translation,high,0-prelaunch-noGSC
/d/48287-una-guia-para-la-autodisciplina,REWRITE,,4.7-translation,high,0-prelaunch-noGSC
/d/48303-guia-definitiva-de-perdida-de-peso-calorias-cardio-suplementos,REMOVE_URGENT,/t/looksmaxing,4.5-safety,high,0-prelaunch-noGSC
/d/48370-lista-de-rangos-de-peptidos-looksmaxing-sin-cope,REWRITE,,4.5-dosing-strip+4.7-translation,med,0-prelaunch-noGSC
/d/48390-como-construir-efectivamente-un-fisico-estetico-segun-la-ciencia,REWRITE,,4.5-dosing-strip+4.7-translation,med,0-prelaunch-noGSC
/d/48405-el-ciclo-de-randle-por-at-foidletslayer,KEEP,,4.6-canonical-winner,high,0-prelaunch-noGSC
/d/48413-ciclo-de-randle-por-at-foidletslayer,CONSOLIDATE,/d/48405-el-ciclo-de-randle-por-at-foidletslayer,4.6-duplicate,high,0-prelaunch-noGSC
/d/48429-como-superar-los-atracones,REWRITE,,4.7-translation,high,0-prelaunch-noGSC
/d/48435-verduras-plantas-son-inutiles-sacalas-de-tu-dieta-ahora-explicacion,REMOVE_URGENT,/t/looksmaxing,4.5-sourcing-controlled-substance,high,0-prelaunch-noGSC
/d/48479-por-que-funcionan-las-siestas-maximiza-la-recuperacion-el-rendimiento-y-la-estetica-explicacion-guia,REWRITE,,4.5-dosing-strip+4.7-translation,med,0-prelaunch-noGSC
/d/48518-coloracion-como-elegir-la-coloracion-ideal-segun-tu-color-de-ojos,REWRITE,,4.7-translation,high,0-prelaunch-noGSC
/d/48530-batido-de-chocolate-con-claras-de-huevo-receta-deliciosa,REWRITE,,4.5-dosing-strip+4.7-translation,med,0-prelaunch-noGSC
/d/48543-la-importancia-del-hueso-esfenoides-en-la-simetria-facial,REWRITE,,4.7-translation,high,0-prelaunch-noGSC
/d/48594-como-logras-follar-a-una-mujer,REWRITE,,4.7-translation,high,0-prelaunch-noGSC
/d/48699-biblia-completa-de-softmaxxing,REWRITE,,4.7-translation,high,0-prelaunch-noGSC
/d/48765-diy-de-shoelifts-extra-suma-media-pulgada-a-tu-fraude,REWRITE,,4.5-DIY-reframe+4.7-translation,med,0-prelaunch-noGSC
/d/48824-la-mejor-guia-sobre-expansion-palatina,REWRITE,,4.5-DIY-reframe+4.7-translation,med,0-prelaunch-noGSC
/d/48831-la-mejor-rutina-de-cuidado-de-la-piel-que-me-funciono-parte-1,REWRITE,,4.5-dosing-strip+4.7-translation,med,0-prelaunch-noGSC
/d/48855-sensibilidad-del-receptor-de-hormona-como-puede-afectar-tus-dosis,REWRITE,,4.5-dosing-strip+4.7-translation,med,0-prelaunch-noGSC
/d/48865-guia-de-bb-cream-para-retrasados,REWRITE,,4.7-translation,high,0-prelaunch-noGSC
/d/48922-solucion-de-dutasterida-25mg,REWRITE,,4.5-dosing-strip+4.7-translation,med,0-prelaunch-noGSC
/d/49033-la-guia-definitiva-de-mejillas-hundidas,REWRITE,,4.7-translation,high,0-prelaunch-noGSC
/d/49048-mayor-roi-todo-lo-que-hago-para-fraudear-1-3-puntos-durante-una-citaagarre,REWRITE,,4.5-DIY-reframe+4.7-translation,med,0-prelaunch-noGSC
/d/49126-guia-definitiva-para-perdida-de-grasa-sin-suplementosiq-alto,REWRITE,,4.7-translation,high,0-prelaunch-noGSC
/d/49207-dieta-definitiva-y-algunos-consejos-para-looksmaxxing-longevidad,REMOVE_URGENT,/t/looksmaxing,4.5-sourcing-controlled-substance,high,0-prelaunch-noGSC
/d/49316-como-conseguir-una-forma-de-cara-estetica-y-evitar-verte-hinchado-por-la-hipertrofia-del-masetero,REWRITE,,4.7-translation,high,0-prelaunch-noGSC
/d/49319-guia-profunda-de-gym-maxing-maximizando-la-hipertrofia,REWRITE,,4.5-dosing-strip+4.7-translation,med,0-prelaunch-noGSC
/d/49324-guia-de-gym-maxing,REWRITE,,4.5-dosing-strip+4.7-translation,med,0-prelaunch-noGSC
/d/49378-esclerotica-blanca-dientes-blancos-el-softmax-de-contraste-mas-facil,REWRITE,,4.7-translation,high,0-prelaunch-noGSC
/d/49386-contraste-que-es-por-que-importa-y-como-mejorarlo,REWRITE,,4.7-translation,high,0-prelaunch-noGSC
/d/49387-como-obtener-maxila-mas-alta-sin-cirugia-oro-para-sfscels,REWRITE,,4.7-translation,high,0-prelaunch-noGSC
/d/49441-lo-basico-de-habilidades-sociales-que-nadie-aqui-practica,REWRITE,,4.7-translation,high,0-prelaunch-noGSC
/d/49446-la-guia-completa-de-proporciones-y-angulos-faciales,REWRITE,,4.7-translation,high,0-prelaunch-noGSC
/d/50095-monticulos-periorales-un-failo-pasado-por-alto-que-podrias-tener,REWRITE,,4.7-translation,high,0-prelaunch-noGSC
/d/50160-ciclo-de-esteroides-en-invierno-para-explotar,REWRITE,,4.5-dosing-strip+4.7-translation,med,0-prelaunch-noGSC
/d/55590-buena-armonia-buena-nariz,REWRITE,,4.7-translation,high,0-prelaunch-noGSC
/d/56003-thugmaxxing-para-los-autistasmentalcels,REWRITE,,4.7-translation,high,0-prelaunch-noGSC
/d/56215-si-la-parca-de-norwood-te-visita,REWRITE,,4.7-translation,high,0-prelaunch-noGSC
/d/56718-guia-de-softmaxxingbatemanmaxxing-de-kade,REWRITE,,4.7-translation,high,0-prelaunch-noGSC
/d/57077-eye-maxxing-hack1-todos-gtfih-edit-hilo-copy-paste-de-kingkellzlooksmaxxingcom,REWRITE,,4.7-translation,high,0-prelaunch-noGSC
/d/57090-nunca-te-hagas-poner-expansores-palatales,REWRITE,,4.7-translation,high,0-prelaunch-noGSC
/d/57202-guia-para-los-que-tienen-cabello-rizado,REWRITE,,4.7-translation,high,0-prelaunch-noGSC
/d/57697-guia-de-clasificaciones-por-estatura,REWRITE,,4.7-translation,high,0-prelaunch-noGSC
/d/57728-como-ser-atractivo,REWRITE,,4.7-translation,high,0-prelaunch-noGSC
/d/57739-escala-1-5-de-sun,REWRITE,,4.7-translation,high,0-prelaunch-noGSC
/d/57850-guia-de-bodymaxing-para-el-skinnyfag-promedio,REMOVE_URGENT,/t/looksmaxing,4.5-safety,high,0-prelaunch-noGSC
/d/57864-el-megahilo-definitivo-de-boxeo,REWRITE,,4.5-DIY-reframe+4.7-translation,med,0-prelaunch-noGSC
/d/57955-mejora-del-sueno-reduciendo-emf,REWRITE,,4.5-DIY-reframe+4.7-translation,med,0-prelaunch-noGSC
/d/57969-camino-a-una-noche-saludable,REWRITE,,4.7-translation,high,0-prelaunch-noGSC
/d/57977-reglas-18-para-perder-la-virginidad,REWRITE,,4.7-translation,high,0-prelaunch-noGSC
/d/58161-los-looksmaxes-mas-baratos,REWRITE,,4.7-translation,high,0-prelaunch-noGSC
/d/58163-guia-completa-de-crecimiento-fraudward,REWRITE,,4.7-translation,high,0-prelaunch-noGSC
/d/58197-juego-de-textosdeslizandote-a-los-dm-101-tips,REWRITE,,4.7-translation,high,0-prelaunch-noGSC
/d/58201-unifice-toda-la-teoria-de-looks-en-una-calificacion-irl,REWRITE,,4.7-translation,high,0-prelaunch-noGSC
/d/58241-consejo-de-habilidades-sociales-la-gente-siempre-responde-mas-positivamente-cuando-tienes-sentido-del-humor,REWRITE,,4.7-translation,high,0-prelaunch-noGSC
/d/58291-caracteristicas-del-chico-malo-que-las-mujeres-desean,REMOVE_URGENT,/t/looksmaxing,4.5-sourcing-controlled-substance,high,0-prelaunch-noGSC
/d/58310-la-forma-mas-facil-de-dormir-boca-arriba,REWRITE,,4.7-translation,high,0-prelaunch-noGSC
/d/58312-guia-2020-como-mantener-a-la-mujer-en-linea,REWRITE,,4.7-translation,high,0-prelaunch-noGSC
/d/58324-guia-de-compra-de-face-pullers,REMOVE_URGENT,/t/softmaxing,4.5-sourcing-controlled-substance,high,0-prelaunch-noGSC
/d/58355-3-pruebas-rapidas-y-faciles-de-subhumanidad,REMOVE_URGENT,/t/looksmaxing,4.5-safety,high,0-prelaunch-noGSC
/d/58366-estirar-tu-columna-te-hace-mas-alto,REWRITE,,4.7-translation,high,0-prelaunch-noGSC
/d/58397-como-engendrar-hijos-slayer,REWRITE,,4.7-translation,high,0-prelaunch-noGSC
/d/58657-guia-para-destruir-completamente-los-centros-de-miedo-en-tu-cerebro,REWRITE,,4.7-translation,high,0-prelaunch-noGSC
/d/58670-la-base-de-datos-mas-grande-de-infografias-sobre-entrenamiento-de-fuerza-y-acondicionamiento-high-iq-gymcels-gtfih,REWRITE,,4.7-translation,high,0-prelaunch-noGSC
/d/58722-como-probar-tu-crecimiento-hacia-adelante-pics-inside-mira-como-se-vera-tu-cara-despues-de-hacer-facepull,REWRITE,,4.7-translation,high,0-prelaunch-noGSC
/d/58737-para-todos-los-curries-si-alguna-vez-quieren-una-calificacion-honesta-de-autistas-psl,REWRITE,,4.7-translation,high,0-prelaunch-noGSC
/d/58795-formas-en-que-te-estan-moggeando-sin-que-te-des-cuenta,REWRITE,,4.7-translation,high,0-prelaunch-noGSC
/d/58874-importancia-de-la-vitamina-k2-si-tomas-vitamina-d,REWRITE,,4.7-translation,high,0-prelaunch-noGSC
/d/58907-como-entrenar-tus-pantorrillas-en-un-gimnasio-casero,REWRITE,,4.5-DIY-reframe+4.7-translation,med,0-prelaunch-noGSC
/d/58915-como-lograr-que-tu-novia-se-quede-contigo-y-te-ame-mas,REWRITE,,4.7-translation,high,0-prelaunch-noGSC
/d/58929-mejillas-hundidas-un-arma-de-doble-filo,REWRITE,,4.7-translation,high,0-prelaunch-noGSC
/d/59095-el-cabello-debe-depender-de-la-formatamano-del-craneo,REWRITE,,4.7-translation,high,0-prelaunch-noGSC
/d/59149-respuestas-para-usar-contra-mujeres,REWRITE,,4.7-translation,high,0-prelaunch-noGSC
/d/59222-guia-de-lookmaxing-de-carnivorediet-lista-completa-15-metodos,REWRITE,,4.7-translation,high,0-prelaunch-noGSC
/d/59344-megahilo-de-gymcelling,REMOVE_URGENT,/t/looksmaxing,4.5-sourcing-controlled-substance,high,0-prelaunch-noGSC
/d/59432-mandibula-asimetrica-gtfih,NOINDEX,,4.1-thin+4.7-translation,high,0-prelaunch-noGSC
/d/59690-dejame-repetirme-una-vez-mas-no-vayas-por-pelo-corto-si-tu-craneo-es-estrecho,REWRITE,,4.7-translation,high,0-prelaunch-noGSC
/d/59745-cuanto-cuesta-el-heightmaxxing,REWRITE,,4.5-dosing-strip+4.7-translation,med,0-prelaunch-noGSC
/d/59797-una-guia-completa-del-ayuno-para-bajar-de-peso,REWRITE,,4.5-dosing-strip+4.7-translation,med,0-prelaunch-noGSC
/d/59821-recurso-base-de-datos-de-rostros-de-lookism,REWRITE,,4.7-translation,high,0-prelaunch-noGSC
/d/59829-como-solia-atraer-mujeres-en-ambientes-casuales-o-formales,REWRITE,,4.7-translation,high,0-prelaunch-noGSC
/d/59837-negacion-plausible-para-looksmaxxing-como-aplicar-fight-club,REWRITE,,4.7-translation,high,0-prelaunch-noGSC
/d/59884-guia-para-calificar-psl,REWRITE,,4.7-translation,high,0-prelaunch-noGSC
/d/60015-nsfw-miniguia-sobre-como-pleasuremaxear-y-orgasmax-para-circumcisedcels,REWRITE,,4.7-translation,high,0-prelaunch-noGSC
/d/60055-lista-de-suplementos-que-pueden-aumentar-tu-testosterona,REWRITE,,4.5-dosing-strip+4.7-translation,med,0-prelaunch-noGSC
/d/60183-la-armoniasimetria-esta-subestimada-aqui,REWRITE,,4.7-translation,high,0-prelaunch-noGSC
/d/60335-facil-maxing-para-celes-uk,REWRITE,,4.7-translation,high,0-prelaunch-noGSC
/d/60353-tostadas-francesas-anabolicas,REWRITE,,4.7-translation,high,0-prelaunch-noGSC
/d/60398-guia-de-nariz-podria-ser-cope,REWRITE,,4.7-translation,high,0-prelaunch-noGSC
/d/60426-como-dejar-de-masturbarse,REWRITE,,4.7-translation,high,0-prelaunch-noGSC
/d/60478-como-hacer-teethwhiteningmaxx,REWRITE,,4.7-translation,high,0-prelaunch-noGSC
/d/60590-plantillas-de-4cm-20,REWRITE,,4.7-translation,high,0-prelaunch-noGSC
/d/60609-mi-guia-gratis-y-facil-para-fatcels-para-bajar-de-peso,REMOVE_URGENT,/t/looksmaxing,4.5-safety,high,0-prelaunch-noGSC
/d/60647-como-medir-el-crecimiento-craneal-real-y-cientifico,REWRITE,,4.7-translation,high,0-prelaunch-noGSC
/d/60714-como-tomar-finasterida-sin-los-efectos-secundarios,REWRITE,,4.5-dosing-strip+4.7-translation,med,0-prelaunch-noGSC
/d/60759-como-quemar-grasa-corporal-rapido,REWRITE,,4.5-DIY-reframe+4.7-translation,med,0-prelaunch-noGSC
/d/61034-gtfih-bonecels-sonido-para-el-crecimiento-oseo,REMOVE_URGENT,/t/hardmaxing,4.5-sourcing-controlled-substance,high,0-prelaunch-noGSC
/d/61040-razones-por-las-que-de-verdad-deberias-tomar-suficiente-agua,REWRITE,,4.7-translation,high,0-prelaunch-noGSC
/d/61046-una-forma-interesante-de-potenciar-inmunidad-y-looksmax,REWRITE,,4.5-dosing-strip+4.7-translation,med,0-prelaunch-noGSC
/d/61161-como-verse-de-puta-madre,REWRITE,,4.7-translation,high,0-prelaunch-noGSC
/d/61206-ideas-creativas-para-coger-ademas-de-la-apariencia,REWRITE,,4.7-translation,high,0-prelaunch-noGSC
/d/61216-guias-practicas-para-el-tratamiento-hormonal-transgenero-ftm,REWRITE,,4.5-dosing-strip+4.7-translation,med,0-prelaunch-noGSC
/d/61220-como-fraudear-hasta-que-te-hagas-tus-cirugias,REWRITE,,4.7-translation,high,0-prelaunch-noGSC
/d/61253-guia-definitiva-de-la-altura-de-la-ceja-wip,REWRITE,,4.7-translation,high,0-prelaunch-noGSC
/d/61541-blanqueamiento-de-dientes-gtfh,REWRITE,,4.7-translation,high,0-prelaunch-noGSC
/d/61675-trucos-de-lipmaxing,REWRITE,,4.7-translation,high,0-prelaunch-noGSC
/d/61725-consejo-de-fashionmaxxing-para-manlets-adelanto-de-la-gran-guia-de-fashionmaxxing,REWRITE,,4.7-translation,high,0-prelaunch-noGSC
/d/61759-guia-definitiva-aceite-de-menta-solucion-para-la-caida-del-cabello,REWRITE,,4.5-dosing-strip+4.7-translation,med,0-prelaunch-noGSC
/d/61776-patillas-optimas,REWRITE,,4.7-translation,high,0-prelaunch-noGSC
/d/61858-que-es-el-sindrome-de-cara-larga-enfoques-para-diagnostico-quirurgico-y-tratamiento,REWRITE,,4.7-translation,high,0-prelaunch-noGSC
/d/62178-la-guia-heightmax-mas-facil-gtfih,REMOVE_URGENT,/t/looksmaxing,4.5-sourcing-controlled-substance,high,0-prelaunch-noGSC
/d/62351-el-whitemaxxing-es-posible-tutorial-para-etnicos,REWRITE,,4.7-translation,high,0-prelaunch-noGSC
/d/62353-microdosis-de-hormonas,REWRITE,,4.5-dosing-strip+4.7-translation,med,0-prelaunch-noGSC
/d/62374-que-es-exactamente-ep1-la-via-de-senalizacion-ampk-resumen-basico,REWRITE,,4.7-translation,high,0-prelaunch-noGSC
/d/62564-pelo-grueso-como-la-verga,REWRITE,,4.7-translation,high,0-prelaunch-noGSC
/d/62594-terapia-de-luz-roja-gratis,REWRITE,,4.5-dosing-strip+4.7-translation,med,0-prelaunch-noGSC
/d/62671-juego-de-nicho-una-alternativa-al-rtt,REWRITE,,4.7-translation,high,0-prelaunch-noGSC
/d/62777-una-guia-para-speakmaxxing,REWRITE,,4.7-translation,high,0-prelaunch-noGSC
/d/62949-hilo-y-discusion-definitivos-para-curar-la-oneitis,REWRITE,,4.7-translation,high,0-prelaunch-noGSC
/d/63000-identifica-ingredientes-de-productos-de-cuidado-de-piel-con-skincarisma,REWRITE,,4.7-translation,high,0-prelaunch-noGSC
/d/63106-guia-del-stack-eca,REWRITE,,4.5-dosing-strip+4.7-translation,med,0-prelaunch-noGSC
/d/63318-como-corregir-completamente-la-postura-de-espalda-y-cabeza,REWRITE,,4.7-translation,high,0-prelaunch-noGSC
/d/63328-baraja-de-cirugias,REWRITE,,4.7-translation,high,0-prelaunch-noGSC
/d/63336-hilo-real-de-iqmaxxing-para-gaslighting,REWRITE,,4.7-translation,high,0-prelaunch-noGSC
/d/63420-nacl-09-vs-agua-bac-para-inyecciones-de-hgh,REWRITE,,4.5-dosing-strip+4.7-translation,med,0-prelaunch-noGSC
/d/63423-un-recordatorio-sobre-como-tomar-medidas-faciales,REWRITE,,4.7-translation,high,0-prelaunch-noGSC
/d/63546-como-aumentar-el-tamano-de-la-mandibula-fwhr,REWRITE,,4.7-translation,high,0-prelaunch-noGSC
/d/63593-como-literalmente-la-mayoria-de-ustedes-pueden-tener-sexo-dejen-de-complicar-esta-mierda,REWRITE,,4.7-translation,high,0-prelaunch-noGSC
/d/63609-guia-de-face-pulling-100-funciona,REWRITE,,4.7-translation,high,0-prelaunch-noGSC
/d/63637-el-fraude-de-cabello-largo-a-fwhr-es-una-muy-mala-idea,REWRITE,,4.7-translation,high,0-prelaunch-noGSC
/d/63644-soft-maxes-para-tu-area-ocular,REWRITE,,4.7-translation,high,0-prelaunch-noGSC
/d/63717-consigue-una-voz-profunda-en-2-horas-parte-1,REWRITE,,4.7-translation,high,0-prelaunch-noGSC
/d/63790-por-que-el-ayuno-y-el-cardio-extremo-hiit-nunca-son-la-respuesta-para-una-cara-masculina-a-largo-plazo,REWRITE,,4.7-translation,high,0-prelaunch-noGSC
/d/63929-revisa-tus-vitaminasminerales-cronometercom,REWRITE,,4.7-translation,high,0-prelaunch-noGSC
/d/63994-voicemaxxing-instantaneo,REWRITE,,4.7-translation,high,0-prelaunch-noGSC
/d/64010-deepvoicemaxx,REWRITE,,4.7-translation,high,0-prelaunch-noGSC
/d/64066-el-mejor-estilo-de-cabello-y-barba-para-tu-forma-de-cara,REWRITE,,4.7-translation,high,0-prelaunch-noGSC
/d/64222-la-dieta-es-importante-incluso-si-no-estas-gordo,REWRITE,,4.7-translation,high,0-prelaunch-noGSC
/d/64227-intentando-armar-el-rompecabezas-del-voicemaxxing,REWRITE,,4.5-dosing-strip+4.7-translation,med,0-prelaunch-noGSC
/d/64275-como-saber-si-tienes-los-pomulos-altos,REWRITE,,4.7-translation,high,0-prelaunch-noGSC
/d/64277-estimulacion-por-presion-profunda-para-dormir,REWRITE,,4.7-translation,high,0-prelaunch-noGSC
/d/64480-la-guia-definitiva-de-que-comer-la-verdad,REWRITE,,4.5-DIY-reframe+4.7-translation,med,0-prelaunch-noGSC
/d/64562-lista-de-algunos-failos-no-faciales-menores-y-como-puedes-arreglartelos,REWRITE,,4.7-translation,high,0-prelaunch-noGSC
/d/64643-como-averiguar-donde-estas-con-una-persona-en-instagram,REWRITE,,4.7-translation,high,0-prelaunch-noGSC
/d/64687-como-bajar-tus-cejas-de-verdad-mi-guia,REWRITE,,4.5-DIY-reframe+4.7-translation,med,0-prelaunch-noGSC
/d/64737-inyecta-test,REWRITE,,4.5-dosing-strip+4.7-translation,med,0-prelaunch-noGSC
/d/64744-guia-completa-de-subcision-diy-acnescarcels-gftih-y-notas-muy-importantes-de-mi-propio-viaje,REWRITE,,4.5-DIY-reframe+4.7-translation,med,0-prelaunch-noGSC
/d/64778-tutorial-de-corte-del-canto-medial,REWRITE,,4.7-translation,high,0-prelaunch-noGSC
/d/64928-megathread-como-maximizar-la-pubertad-para-adolescentes,REWRITE,,4.5-dosing-strip+4.7-translation,med,0-prelaunch-noGSC
/d/64949-ensalada-facil-potenciadora-de-testosterona,REWRITE,,4.5-dosing-strip+4.7-translation,med,0-prelaunch-noGSC
/d/65062-que-deberias-comer,REWRITE,,4.5-DIY-reframe+4.7-translation,med,0-prelaunch-noGSC
/d/65140-como-dejar-de-respirar-por-la-boca-frente-a-la-computadora-o-durante-el-sueno,REWRITE,,4.7-translation,high,0-prelaunch-noGSC
/d/65300-que-hace-que-una-cara-se-vea-limpia,REWRITE,,4.7-translation,high,0-prelaunch-noGSC
/d/65351-caracteristicas-agresivas-vs-caracteristicas-masculinas,REWRITE,,4.5-dosing-strip+4.7-translation,med,0-prelaunch-noGSC
/d/65376-dieta-para-bajar-de-peso-rapido,REWRITE,,4.7-translation,high,0-prelaunch-noGSC
/d/65401-como-cepillarte-los-dientes-correctamente,REWRITE,,4.7-translation,high,0-prelaunch-noGSC
/d/65420-aclarado-de-labios-con-laser-lifefuel-para-etnicos,REWRITE,,4.7-translation,high,0-prelaunch-noGSC
/d/65559-alto-esfuerzo-recordatorio-narrow-mouthcel-gtfhi,REWRITE,,4.7-translation,high,0-prelaunch-noGSC
/d/65633-por-que-necesitas-hacer-dieta-inversa-despues-de-un-cut,REWRITE,,4.5-dosing-strip+4.7-translation,med,0-prelaunch-noGSC
/d/65638-eyebrow-maxxing-para-cels-de-baja-inhibicion,REWRITE,,4.7-translation,high,0-prelaunch-noGSC
/d/65682-como-asegurar-que-tu-hijo-se-convierta-en-un-chad,REWRITE,,4.5-dosing-strip+4.7-translation,med,0-prelaunch-noGSC
/d/65730-piel-como-collagenmaxx,REWRITE,,4.5-dosing-strip+4.7-translation,med,0-prelaunch-noGSC
/d/65837-guia-suprema-de-ascension-para-usuarios-de-it,REWRITE,,4.5-dosing-strip+4.7-translation,med,0-prelaunch-noGSC
/d/66094-consistencymaxxing-o-como-maximizar-tu-progreso,REWRITE,,4.7-translation,high,0-prelaunch-noGSC
/d/66173-libere-la-guia-de-peptidos-que-deberias-leer,REMOVE_URGENT,/t/peptides,4.5-sourcing-controlled-substance,high,0-prelaunch-noGSC
/d/66221-guia-ultimate-de-looksmaxxing-tbh,REWRITE,,4.5-dosing-strip+4.7-translation,med,0-prelaunch-noGSC
/d/66247-guia-para-deshincharse,REWRITE,,4.7-translation,high,0-prelaunch-noGSC
/d/66254-ejercicios-faciales-copecels-entren-aqui,REWRITE,,4.7-translation,high,0-prelaunch-noGSC
/d/66319-hazte-revisar-los-niveles-de-estrogeno-y-testosterona,REWRITE,,4.5-dosing-strip+4.7-translation,med,0-prelaunch-noGSC
/d/66334-ciclo-de-crecimiento-capilar-y-perdida-de-cabello-todo-lo-que-necesitas-saber,REWRITE,,4.5-dosing-strip+4.7-translation,med,0-prelaunch-noGSC
/d/66344-consigue-una-mandibula-de-adonis,REWRITE,,4.7-translation,high,0-prelaunch-noGSC
/d/66352-arreglar-el-sudor-de-las-axilas,REWRITE,,4.5-dosing-strip+4.7-translation,med,0-prelaunch-noGSC
/d/66369-entrenamiento-optimo-de-cuello-20,REWRITE,,4.7-translation,high,0-prelaunch-noGSC
/d/66459-sleepmaxxing,REMOVE_URGENT,/t/softmaxing,4.5-sourcing-controlled-substance,high,0-prelaunch-noGSC
/d/66624-como-arrasar-en-la-escuelaprepa,REWRITE,,4.7-translation,high,0-prelaunch-noGSC
/d/66744-harto-de-cicatrices-de-acne-asi-que-aqui-esta-mi-plan-para-piel-clara-por-septiembre,REWRITE,,4.7-translation,high,0-prelaunch-noGSC
/d/66772-rutina-de-entrenamiento-ideal-para-principiantes,REWRITE,,4.5-dosing-strip+4.7-translation,med,0-prelaunch-noGSC
/d/66835-gym-maxx-con-20-30-usd-minimo,REWRITE,,4.7-translation,high,0-prelaunch-noGSC
/d/66840-esteroides-vs-cierre-de-placas-de-crecimiento-gtfih-pubermaxxers,REWRITE,,4.5-dosing-strip+4.7-translation,med,0-prelaunch-noGSC
/d/66890-arregla-los-hombros-inclinados-minusvalia-enorme,REWRITE,,4.7-translation,high,0-prelaunch-noGSC
/d/66959-mesocefalico-y-chamae-ortocranico-cualquier-otra-cosa-es-subhumano,REWRITE,,4.7-translation,high,0-prelaunch-noGSC
/d/67015-piel-impecable-para-tontos-como-tu,REWRITE,,4.7-translation,high,0-prelaunch-noGSC
/d/67020-la-rutina-de-skincare-mas-barata-y-efectiva-para-piel-seca-o-normal,REWRITE,,4.7-translation,high,0-prelaunch-noGSC
/d/67060-como-localizar-la-parte-mas-prominente-de-tus-pomulos-es-decir-la-cigoma,REWRITE,,4.7-translation,high,0-prelaunch-noGSC
/d/67106-frame-maxxing-ponte-ancho,REWRITE,,4.5-dosing-strip+4.7-translation,med,0-prelaunch-noGSC
/d/67375-no-hagas-mewing-si-planeas-hacerte-mse,REWRITE,,4.7-translation,high,0-prelaunch-noGSC
/d/67455-guia-de-social-maxxing,REWRITE,,4.7-translation,high,0-prelaunch-noGSC
/d/67537-la-rutina-de-lavado-de-cabello-mas-efectiva-y-simple,REWRITE,,4.7-translation,high,0-prelaunch-noGSC
/d/67689-framemaxxing-101-o-por-que-nunca-mogearas,REWRITE,,4.5-dosing-strip+4.7-translation,med,0-prelaunch-noGSC
