url	thread_id	title	section	date_created	date_last_reply	word_count_op	word_count_total	reply_count	unique_posters	has_images	has_outbound_links	link_count	is_translation_of	dup_cluster_id	thin_41	ymyl_45_flags
/d/291-como-blanquee-mis-dientes-mejor-que-un-dentista-fotos	291	"Cómo BLANQUEÉ mis dientes MEJOR que un DENTISTA +*FOTOS*"	softmaxing	"2022-07-21 02:14:28"	"2022-07-21 13:09:12"	1373	3921	49	23	1	1	47	looksmax.org		0	sourcing
/d/294-guia-de-magic-mushroom-maxxing-como-matar-la-inhibicion-y-la-depresion	294	"Guía de Magic Mushroom Maxxing - Cómo Matar la Inhibición y la Depresión."	looksmaxing	"2021-02-24 21:54:22"	"2021-02-25 21:10:04"	1001	2954	49	18	1	1	59	looksmax.org		0	dosing/PED
/d/334-como-ducharte-a-fondo-guia-a-profundidad-especial-1k	334	"CÓMO DUCHARTE A FONDO (GUÍA A PROFUNDIDAD) ESPECIAL 1K"	softmaxing	"2026-08-12 18:09:53"	"2026-08-13 04:17:57"	392	2045	30	17	1	1	84	looksmax.org		0	
/d/350-guia-de-la-zona-de-los-ojos	350	"Guía de la zona de los ojos"	softmaxing	"2026-08-05 14:51:23"	"2026-08-12 22:15:48"	601	3945	24	10	1	1	51	looksmax.org		0	
/d/785-sexmaxing-tragate-la-sexpill-como-convertirte-en-un-dios-del-sexo-y-hacer-que-las-chicas-se-vuelvan-adictas-a-ti	785	"Sexmaxing: TRÁGATE LA SEXPILL: Cómo convertirte en un DIOS DEL SEXO y hacer que las chicas se vuelvan adictas a ti"	looksmaxing	"2020-07-13 17:23:37"	"2020-07-13 18:08:29"	3919	8852	49	25	1	1	73	looksmax.org		0	dosing/PED
/d/787-la-guia-definitiva-para-heightmaxxing-incluye-metodo-para-oldcels-con-placas-cerradas	787	"La Guía Definitiva para Heightmaxxing (Incluye Método para Oldcels con Placas Cerradas)"	peptides	"2019-03-31 11:35:28"	"2019-03-31 13:28:01"	1440	5533	49	18	1	1	28	looksmax.org		0	dosing/PED
/d/789-hoodingmaxxingctmaxxing-101	789	"Hoodingmaxxing/CTmaxxing 101"	softmaxing	"2020-03-28 09:04:11"	"2020-05-09 11:27:02"	652	4386	49	31	1	1	9	looksmax.org		0	
/d/795-sex-appeal-maxxing-guia-oficial	795	"SEX APPEAL MAXXING {Guía Oficial}"	looksmaxing	"2020-03-30 22:24:41"	"2020-03-30 22:49:21"	6011	10815	49	23	1	1	665	looksmax.org		0	dosing/PED
/d/824-aparatos-para-ensanchar-la-boca	824	"Aparatos para ensanchar la boca"	hardmaxing	"2020-04-28 17:57:30"	"2020-04-28 20:21:27"	81	1936	49	16	1	1	73	looksmax.org		0	
/d/865-guia-de-eyebrowmaxxing	865	"Guía de Eyebrowmaxxing"	softmaxing	"2018-12-31 16:30:32"	"2019-01-01 06:35:28"	1036	3403	49	20	1	1	144	looksmax.org	C10	0	
/d/868-la-guia-definitiva-de-framemaxxing-framecel-andate-o-pudrete-para-siempre	868	"LA GUÍA DEFINITIVA DE FRAMEMAXXING (FRAMECEL, ÁNDATE O PUDRETE PARA SIEMPRE)"	looksmaxing	"2022-08-21 12:17:04"	"2022-08-21 21:42:14"	6066	26593	49	20	1	1	368	looksmax.org		0	
/d/874-testosteronemaxxing-natural	874	"Testosteronemaxxing Natural"	anabolicos	"2019-01-16 19:49:32"	"2019-01-18 21:34:35"	1461	6179	49	21	1	1	284	looksmax.org		0	dosing/PED|self-harm/hopelessness
/d/875-el-megahilo-de-la-masticacion	875	"El Megahilo de la Masticación"	softmaxing	"2020-06-29 00:38:18"	"2020-06-29 02:51:56"	1055	5021	49	23	1	1	20	looksmax.org		0	dosing/PED
/d/891-todas-tus-preguntas-respondidas-maxima-atractabilidad	891	"TODAS TUS PREGUNTAS RESPONDIDAS, MÁXIMA ATRACTABILIDAD"	softmaxing	"2024-01-23 17:44:28"	"2024-01-24 09:56:35"	3970	10314	49	22	1	1	154	looksmax.org		0	dosing/PED
/d/897-guia-de-heightmaxxing-looksmaxing-este-stack-secreto-rival-hgh-de-grado-farmaceutico	897	"Guía de Heightmaxxing Looksmaxing: ¡Este Stack Secreto Rival HGH de Grado Farmacéutico!"	peptides	"2022-05-26 15:48:56"	"2022-05-26 23:07:35"	1501	4194	49	15	1	1	531	looksmax.org		0	dosing/PED|sourcing
/d/900-collagen-maxxing-la-guia-basada-en-evidencia	900	"Collagen Maxxing: La Guía Basada en Evidencia"	softmaxing	"2020-08-16 19:55:23"	"2020-08-17 01:27:46"	1152	3965	49	27	1	1	147	looksmax.org	C16	0	
/d/918-guia-de-looksmaxxing-por-fenotipo-el-fundamental-olvidado-del-looksmax	918	"Guía de Looksmaxxing por Fenotipo: El Fundamental Olvidado del Looksmax"	looksmaxing	"2022-05-27 17:41:48"	"2022-05-27 18:49:45"	1980	4929	49	16	1	1	486	looksmax.org		0	sourcing
/d/923-los-alimentos-mas-nutritivos-para-comer-si-andas-corto-de-dinero	923	"Los alimentos más nutritivos para comer si andas corto de dinero"	looksmaxing	"2022-07-29 22:53:05"	"2022-07-29 23:52:41"	1234	5579	49	17	1	1	191	looksmax.org		0	dosing/PED
/d/956-la-mejor-guia-sobre-como-usar-cavitacion-ultrasonica-para-mejillas-hundidas-videos-y-fotos-incluidos-instrucciones-detalladas	956	"LA MEJOR GUÍA SOBRE CÓMO USAR CAVITACIÓN ULTRASÓNICA PARA MEJILLAS HUNDIDAS - VIDEOS Y FOTOS INCLUIDOS + INSTRUCCIONES DETALLADAS"	softmaxing	"2026-04-16 00:12:07"	"2026-04-16 00:48:54"	583	7745	49	18	1	1	252	looksmax.org		0	
/d/1010-guia-de-ensanchamiento-bucal	1010	"Guía de ensanchamiento bucal"	hardmaxing	"2019-08-16 18:30:20"	"2019-10-19 20:51:52"	2613	5085	49	31	1	1	110	looksmax.org		0	
/d/1044-guia-la-solucion-a-la-caida-del-cabello-para-cualquiera-que-este-perdiendo-su-cabello	1044	"Guía: La solución a la caída del cabello - Para cualquiera que esté perdiendo su cabello"	softmaxing	"2019-10-14 12:32:32"	"2019-10-14 20:18:39"	385	5228	49	14	1	1	47	looksmax.org		0	
/d/1068-como-frenar-y-revertir-el-proceso-de-envejecimiento	1068	"Cómo frenar (y revertir) el proceso de envejecimiento"	softmaxing	"2019-10-31 00:57:01"	"2021-01-23 01:01:10"	1350	3920	45	27	1	1	1	looksmax.org		0	sourcing
/d/1072-mi-stack-de-longevidad-basado-en-ciencia-para-extender-tu-prime	1072	"Mi stack de longevidad basado en ciencia para extender tu prime"	softmaxing	"2019-11-07 14:09:46"	"2020-03-18 03:45:30"	764	6158	49	32	1	1	12	looksmax.org		0	dosing/PED
/d/1093-las-cejas-gruesas-son-un-meme	1093	"Las cejas GRUESAS SON UN MEME"	softmaxing	"2019-11-23 23:54:24"	"2019-11-24 15:33:53"	18	1459	49	20	1	1	39	looksmax.org		0	
/d/1106-el-ciclo-de-randle-posible-respuesta-a-problemas-hormonales-problemas-de-piel-problemas-de-animo	1106	"El Ciclo de Randle - Posible respuesta a Problemas Hormonales, Problemas de Piel, Problemas de Ánimo, ..."	looksmaxing	"2019-12-06 19:56:05"	"2019-12-07 08:08:31"	1079	6738	49	11	1	1	26	looksmax.org		0	dosing/PED|sourcing
/d/1129-mi-guia-de-expansion-maxilar-mediante-softmaxxing-depthcels-gtfih	1129	"Mi guía de expansión maxilar mediante softmaxxing (depthcels GTFIH)"	softmaxing	"2024-07-22 07:35:35"	"2024-07-30 21:12:44"	657	6103	49	26	1	1	168	looksmax.org		0	
/d/1131-como-construir-hueso-facial-guia-sobre-el-crecimiento-craneofacial-hacia-adelante-y-la-remodelacion-osea-mi-hipotesis	1131	"Cómo construir hueso facial, guía sobre el crecimiento craneofacial hacia adelante y la remodelación ósea. Mi hipótesis."	hardmaxing	"2020-02-22 00:03:13"	"2020-02-22 03:44:34"	1750	4627	49	23	1	1	16	looksmax.org		0	dosing/PED|sourcing
/d/1132-guia-de-geomaxxing-en-mena-parte-1-madztn-marruecos-argelia-tunez	1132	"Guía de geomaxxing en MENA parte 1: 🇲🇦🇩🇿🇹🇳 (Marruecos, Argelia, Túnez)"	looksmaxing	"2024-10-25 15:23:50"	"2024-10-25 16:13:02"	1176	8822	49	16	1	1	20	looksmax.org		0	
/d/1133-la-proyeccion-del-maxilar-superior-es-la-clave-de-la-estetica	1133	"La proyección del MAXILAR SUPERIOR es la clave de la estética"	hardmaxing	"2021-03-10 06:21:54"	"2021-03-10 21:19:30"	959	3599	49	23	1	1	184	looksmax.org		0	
/d/1147-maximizando-el-tamano-del-pito	1147	"Maximizando el tamaño del pito"	looksmaxing	"2020-04-27 11:50:42"	"2020-04-28 04:21:31"	610	2658	49	21	1	1	106	looksmax.org		0	dosing/PED
/d/1158-drogas-prosociales-una-guia-para-usar-sustancias-para-subir-la-escalera-social	1158	"Drogas prosociales: una guía para usar sustancias para subir la escalera social"	looksmaxing	"2020-06-02 15:25:19"	"2020-06-07 13:59:05"	1334	6785	49	31	1	1	308	looksmax.org		0	
/d/1173-como-logre-un-fisico-chad-de-forma-natural-mi-rutina-de-ejercicio-detallada	1173	"Cómo logré un físico Chad de forma natural (mi rutina de ejercicio detallada)"	looksmaxing	"2021-12-15 15:06:06"	"2021-12-15 21:07:29"	2790	9705	49	21	1	1	508	looksmax.org		0	dosing/PED
/d/1182-reduccion-del-tamano-de-la-nariz-via-softmaxing-o-por-que-quiza-no-necesites-una-rino	1182	"Reducción del tamaño de la nariz vía Softmaxing, o Por qué quizá NO necesites una Rino"	softmaxing	"2024-08-16 06:19:31"	"2024-08-16 21:29:58"	1083	6680	49	23	1	1	59	looksmax.org		0	
/d/1185-como-hacer-un-aparato-face-puller-para-el-face-puller-o-face-bow-de-at-copeandrope	1185	"Cómo hacer un aparato Face Puller para el Face Puller o Face Bow de @CopeAndRope"	hardmaxing	"2020-01-24 06:25:40"	"2020-01-25 00:03:58"	302	2204	49	23	1	1	195	looksmax.org		0	sourcing
/d/1191-guia-completa-de-la-dieta-primal	1191	"Guía completa de la dieta primal"	looksmaxing	"2025-12-07 17:49:50"	"2025-12-07 18:42:41"	1265	3702	49	10	1	1	48	looksmax.org		0	
/d/1194-como-blanquear-tu-piel-la-guia-oficial-la-verdad-sobre-el-blanqueamiento-de-piel	1194	"Cómo blanquear tu piel, la guía oficial (la verdad sobre el blanqueamiento de piel)"	softmaxing	"2025-10-20 19:32:21"	"2025-10-20 20:12:45"	598	8643	49	24	1	1	456	looksmax.org		0	
/d/1209-guia-para-lograr-piel-de-nivel-modelo	1209	"Guía para lograr piel de nivel modelo"	softmaxing	"2021-12-11 21:59:31"	"2021-12-12 15:24:25"	2856	13427	49	29	1	1	362	looksmax.org		0	
/d/1226-guia-cientifica-completa-de-whitemaxxing-para-quitar-el-bronceado-y-aclararblanquear-la-piel-para-curriesblackies-toda-la-informacion-vital-que-necesitas	1226	"Guía científica completa de whitemaxxing para quitar el bronceado y aclarar/blanquear la piel para curries/blackies (toda la información vital que necesitas)"	softmaxing	"2024-04-01 09:13:44"	"2024-04-27 06:14:31"	846	6733	49	27	1	1	77	looksmax.org		0	dosing/PED
/d/1232-la-biblia-de-los-pomulos-hundidos-y-la-curva-ogee-deshinchate-y-consigue-la-cara-mas-delgada-del-mundo-con-esta-guia-completa-de-estetica-craneofacial	1232	"La Biblia de los Pómulos Hundidos y la Curva Ogee: Deshinchate y consigue la cara más delgada del mundo con esta guía completa de estética craneofacial"	looksmaxing	"2023-04-23 01:38:07"	"2023-04-23 03:56:47"	8719	13386	49	31	1	1	55	looksmax.org		0	
/d/1256-introduccion-al-mayor-heightmaxx-jamas-descubierto-regeneracion-de-placas-de-crecimiento-mediante-factores-de-crecimiento-y-mscs	1256	"Introducción al mayor heightmaxx jamás descubierto: regeneración de placas de crecimiento mediante factores de crecimiento y MSCs"	peptides	"2024-09-03 14:00:09"	"2024-09-03 14:42:45"	6804	15040	49	22	1	1	149	looksmax.org		0	dosing/PED|DIY-procedure
/d/1262-guia-definitiva-para-conseguir-mujeres-en-instagram	1262	"Guía definitiva para conseguir mujeres en Instagram"	looksmaxing	"2023-04-02 19:32:03"	"2023-04-02 22:52:42"	2176	10292	49	30	1	1	42	looksmax.org		0	
/d/1267-como-alcanzar-6-placas-abiertas-o-no-microfracturacion-descompresion-crecimiento-natural-y-drogas	1267	"Cómo alcanzar 6', placas abiertas o no (MICROFRACTURACIÓN, DESCOMPRESIÓN, CRECIMIENTO NATURAL y DROGAS)"	looksmaxing	"2024-03-18 20:40:57"	"2024-03-19 01:32:19"	12767	76091	49	21	1	1	953	looksmax.org		0	dosing/PED
/d/1272-la-guia-definitiva-de-fragancias-y-feromonas	1272	"La Guía Definitiva de Fragancias y Feromonas"	softmaxing	"2021-11-18 19:14:27"	"2021-11-19 01:03:52"	4130	9724	49	26	1	1	91	looksmax.org		0	sourcing
/d/1281-lipovela-el-disolvente-de-grasa-todo-en-uno-moga-aqualyx-uc-es-mas-barato-que-ambos	1281	"LIPOVELA EL DISOLVENTE DE GRASA TODO EN UNO [Moga Aqualyx & UC] + es más barato que ambos"	hardmaxing	"2026-04-22 09:45:45"	"2026-04-22 17:10:13"	925	9019	49	26	1	1	134	looksmax.org		0	
/d/1288-la-biblia-del-sleepmaxxing-entiende-por-que-y-como-tener-el-mejor-descanso-nocturno-profundo-posible-con-esta-megaguia-de-sueno-llena-de-valor	1288	"La Biblia del Sleepmaxxing: entiende por qué y cómo tener el mejor descanso nocturno profundo posible con esta megaguía de sueño llena de valor"	softmaxing	"2023-05-09 23:49:16"	"2023-05-30 11:09:48"	3562	22315	49	35	1	1	636	looksmax.org		0	dosing/PED
/d/1293-como-salir-de-la-subhumanidad-por-klinefelter	1293	"Cómo salir de la subhumanidad por Klinefelter"	anabolicos	"2023-09-25 00:55:38"	"2023-09-25 01:15:04"	353	1313	49	14	1	1	6	looksmax.org		0	
/d/1298-guia-para-entender-comportamientos-percibidos-en-caras-heroicosegurobueno-vs-villanomisteriosomalo	1298	"Guía para Entender Comportamientos Percibidos en Caras - Heroico/Seguro/Bueno vs Villano/Misterioso/Malo"	looksmaxing	"2023-10-04 15:43:53"	"2023-10-04 17:37:55"	1437	7999	49	19	1	1	323	looksmax.org		0	
/d/1323-la-guia-mas-avanzada-de-facepulling-me-tomo-1-ano-perfeccionarla-f1-facepulling	1323	"LA GUÍA MÁS AVANZADA DE FACEPULLING (ME TOMÓ 1 AÑO PERFECCIONARLA) F1 FACEPULLING"	hardmaxing	"2025-01-05 19:43:37"	"2025-01-08 17:36:59"	501	3259	49	18	1	1	91	looksmax.org		0	
/d/1328-avance-de-cuero-cabelludo-la-unica-solucion-para-una-frente-grande	1328	"Avance de cuero cabelludo - La única solución para una frente grande"	hardmaxing	"2023-09-20 02:46:36"	"2023-09-22 02:00:31"	633	4391	49	23	1	1	74	looksmax.org		0	
/d/1331-la-guia-suprema-para-lipmaxing	1331	"LA GUÍA SUPREMA PARA LIPMAXING"	looksmaxing	"2023-06-20 13:52:28"	"2023-06-21 12:05:05"	1159	8150	49	18	1	1	292	looksmax.org		0	
/d/1333-elevando-el-hueso-hioides	1333	"Elevando el HUESO HIOIDES"	softmaxing	"2020-01-08 23:13:55"	"2020-01-29 18:35:14"	322	2979	49	29	1	1	151	looksmax.org		0	
/d/1343-guia-definitiva-para-maximizar-status	1343	"Guía DEFINITIVA para MAXIMIZAR STATUS"	looksmaxing	"2020-06-01 01:48:54"	"2020-06-07 12:53:17"	1366	4941	49	38	1	1	227	looksmax.org		0	
/d/1362-extracciones-dentales-por-que-deberias-evitarlas-con-datos-presentados	1362	"EXTRACCIONES DENTALES: POR QUÉ DEBERÍAS EVITARLAS CON DATOS PRESENTADOS"	hardmaxing	"2025-04-17 10:37:55"	"2025-04-17 11:05:43"	1508	5984	49	12	1	1	163	looksmax.org		0	
/d/1363-crecimiento-anterior-101	1363	"Crecimiento anterior - 101 ⍟"	looksmaxing	"2026-05-01 16:31:28"	"2026-05-02 09:10:17"	2797	31900	49	24	1	1	658	looksmax.org		0	
/d/1370-guia-definitiva-sobre-carbohidratos-ciclo-de-randle-calorias-peso-y-ciencia-nutricional-por-que-los-humanos-son-carnivoros-hipercarnivoros-obligados-alto-qi	1370	"Guía definitiva sobre carbohidratos, Ciclo de Randle, calorías, peso y ciencia nutricional | Por qué los humanos son carnívoros hipercarnívoros obligados | Alto QI"	looksmaxing	"2024-09-23 14:04:56"	"2024-09-23 15:30:30"	1060	2234	49	17	1	1	77	looksmax.org		0	dosing/PED
/d/1373-no-pierdas-tiempo-promoviendo-el-crecimiento-craniofacial-contra-reloj-en-la-adolescencia-tardia-tecnicas-naturales-y-evidencia-notas-laterales	1373	"(NO PIERDAS TIEMPO) Promoviendo el Crecimiento Craniofacial Contra-Reloj en la Adolescencia Tardía: Técnicas Naturales y Evidencia + Notas Laterales"	softmaxing	"2025-03-24 22:34:14"	"2025-03-28 10:31:46"	11221	52024	49	12	1	1	958	looksmax.org		0	sourcing
/d/1387-consejo-sobre-sarms-de-un-coach-con-5-anos-de-experiencia	1387	"Consejo sobre SARMs de un coach con 5+ años de experiencia"	anabolicos	"2019-12-18 06:37:43"	"2019-12-19 02:15:11"	1866	7599	49	25	1	1	116	looksmax.org		0	dosing/PED
/d/1395-como-ligar-siendo-adolescente-guia-de-instagram-maxxing	1395	"CÓMO LIGAR SIENDO ADOLESCENTE {GUÍA DE INSTAGRAM MAXXING}"	looksmaxing	"2020-11-28 18:31:09"	"2020-11-28 21:17:38"	495	2428	49	26	1	1	14	looksmax.org		0	dosing/PED
/d/1398-guia-de-looksmaxxing-de-cabello-cabello-bueno-equivale-a-vida-buena	1398	"Guía de Looksmaxxing de Cabello: Cabello Bueno EQUIVALE a Vida Buena"	softmaxing	"2022-05-23 00:31:50"	"2022-05-25 13:19:01"	5679	17545	49	19	1	1	425	looksmax.org		0	sourcing
/d/1413-guia-completa-sobre-como-creci-25-pulgadas-en-3-4-mesesspinecels-y-torsocels-gtfih	1413	"Guía completa sobre cómo crecí 2.5 pulgadas en 3-4 meses(Spinecels y torsocels GTFIH)"	looksmaxing	"2022-02-01 08:24:30"	"2022-02-01 23:15:50"	3886	9477	49	19	1	1	79	looksmax.org		0	dosing/PED
/d/1414-guia-de-aumento-de-altura-la-mejor-guia-sobre-como-crecer-mas-alto-en-internet-remasterizada	1414	"Guía de Aumento de Altura: La Mejor Guía Sobre Cómo Crecer Más Alto En Internet (Remasterizada)"	peptides	"2022-08-24 16:35:33"	"2022-08-27 16:00:30"	2497	4162	49	27	1	1	154	looksmax.org		0	dosing/PED
/d/1423-como-blanqueo-mi-piel	1423	"Cómo blanqueo mi piel"	softmaxing	"2025-09-03 01:34:26"	"2025-09-03 13:56:52"	312	2915	49	15	1	1	24	looksmax.org		0	
/d/1426-por-que-los-culturistas-tienen-mandibulas-tan-grandes-sin-siquiera-entrenarla-y-por-que-tu-tambien-puedes-hacer-crecer-tu-mandibula-como-ellos	1426	"Por qué los culturistas tienen mandíbulas tan grandes sin siquiera entrenarla, y por qué tú también puedes hacer crecer tu mandíbula como ellos."	hardmaxing	"2023-11-05 23:59:43"	"2023-11-06 00:44:19"	501	3454	49	11	1	1	190	looksmax.org		0	dosing/PED
/d/1431-la-radiologia-detras-del-desarrollo-facial-e-indicadores-del-crecimiento-corporal-como-saber-si-aun-estas-creciendo	1431	"La Radiología detrás del Desarrollo Facial e Indicadores del Crecimiento Corporal; Cómo saber si aún estás creciendo."	looksmaxing	"2025-11-07 11:54:11"	"2025-11-07 14:17:50"	2233	12067	49	22	1	1	295	looksmax.org		0	
/d/1434-la-guia-definitiva-para-encontrar-foids-nd-y-armar-tu-roster-para-todos-los-rankingsratings	1434	"LA guía definitiva para encontrar foids nd y armar tu roster (PARA TODOS los rankings/ratings)"	looksmaxing	"2025-11-18 12:33:55"	"2025-11-18 20:58:36"	485	2962	49	18	0	0	0	looksmax.org		0	
/d/1436-guia-definitiva-androgenmax-estrogenmin	1436	"GUÍA DEFINITIVA ANDROGENMAX ESTROGENMIN"	anabolicos	"2020-10-03 21:31:18"	"2020-10-04 13:54:06"	2292	13065	49	27	1	1	433	looksmax.org		0	dosing/PED
/d/1448-disolvi-mi-grasa-facial-una-introduccion-a-lemonbottle	1448	"DISOLVÍ MI GRASA FACIAL - UNA INTRODUCCIÓN A LEMONBOTTLE"	looksmaxing	"2024-02-21 23:11:23"	"2024-02-22 10:48:51"	1867	6843	49	36	1	1	145	looksmax.org		0	dosing/PED|sourcing
/d/1454-filtrando-el-metodo-og-de-debloat-100-cualquier-bf	1454	"FILTRANDO EL MÉTODO OG DE DEBLOAT 100% - CUALQUIER BF%"	looksmaxing	"2023-08-09 22:41:52"	"2023-08-10 11:53:10"	665	4418	49	33	1	1	121	looksmax.org		0	
/d/1461-megahilo-neuromaxxing	1461	"MEGAHILO NEUROMAXXING"	looksmaxing	"2026-05-24 18:07:58"	"2026-05-24 18:42:35"	6591	30432	49	16	1	1	328	looksmax.org		0	
/d/1466-joven-de-18-anos-mtn-guia-de-mi-plan-de-ascension	1466	"Joven de 18 Años MTN: Guía de Mi Plan de Ascensión"	looksmaxing	"2023-12-28 01:31:24"	"2023-12-28 02:40:44"	2241	3652	49	18	1	1	6	looksmax.org		0	
/d/1476-pelo-ser-guapo-es-como-el-70-de-tu-attractiveness-hacia-las-mujeres-prime-mi-experiencia-del-ultimo-ano-wfotos-clave-mayor-de-ascension-para-los-negros	1476	"PELO/ ser \"guapo\" es como el 70% de tu attractiveness hacia las mujeres prime: Mi Experiencia del Último Año w/fotos + Clave Mayor de Ascensión para los negros"	softmaxing	"2022-05-31 21:19:47"	"2022-05-31 21:57:40"	771	6716	49	19	1	1	259	looksmax.org		0	
/d/1482-guia-de-mewing-detallada	1482	"GUÍA DE MEWING (DETALLADA)"	softmaxing	"2020-09-21 15:42:18"	"2020-09-22 00:31:47"	2005	10671	49	23	1	1	400	looksmax.org		0	
/d/1486-osteotomia-le-fort-iii	1486	"Osteotomía Le Fort III"	hardmaxing	"2020-02-08 23:58:26"	"2020-02-12 00:14:11"	2287	8308	49	29	1	1	169	looksmax.org		0	
/d/1492-cambio-de-color-de-ojos-softmax-legitimo-gtfih	1492	"CAMBIO DE COLOR DE OJOS SOFTMAX LEGÍTIMO (GTFIH)"	softmaxing	"2026-02-18 17:30:55"	"2026-02-19 01:29:24"	1172	6685	49	18	1	1	124	looksmax.org		0	
/d/1498-mega-thread-de-disolucion-de-grasa	1498	"Mega-Thread de Disolución de Grasa"	looksmaxing	"2025-02-17 05:46:22"	"2025-02-18 01:27:37"	4581	32011	49	17	1	1	365	looksmax.org		0	dosing/PED|sourcing|DIY-procedure
/d/1507-guia-looksmaxxing-anti-envejecimiento-permanecer-un-chad-para-siempre	1507	"Guía Looksmaxxing Anti-Envejecimiento: ¿Permanecer un Chad para Siempre?"	looksmaxing	"2022-05-18 21:11:40"	"2022-05-18 23:33:21"	1709	4696	49	19	1	1	74	looksmax.org		0	
/d/1511-como-conseguir-tu-fisico-sonado-sin-efectos-secundarios	1511	"Cómo conseguir tu físico soñado sin efectos secundarios:"	peptides	"2025-01-06 18:53:52"	"2025-01-06 19:49:07"	768	4501	49	18	1	1	50	looksmax.org		0	dosing/PED|sourcing
/d/1522-haciendole-trampa-a-la-ansiedad-social-drogas-que-me-hicieron-dejar-de-valer-verga-y-por-que-la-mayoria-de-los-consejos-son-una-mierda	1522	"HACIÉNDOLE TRAMPA A LA ANSIEDAD SOCIAL: Drogas Que Me Hicieron Dejar de Valer Verga (Y Por Qué la Mayoría de los Consejos son una Mierda)"	looksmaxing	"2025-07-28 08:10:40"	"2025-07-28 18:54:01"	1284	9389	49	17	0	0	0	looksmax.org		0	
/d/1524-la-unica-guia-de-infraorbital-que-necesitaras	1524	"La Única Guía de Infraorbital que Necesitarás"	hardmaxing	"2026-05-15 10:27:59"	"2026-05-15 11:29:11"	9335	79286	49	18	1	1	1386	looksmax.org		0	
/d/1536-mi-regimen-actual-de-bonesmashing-guia	1536	"Mi Régimen Actual de Bonesmashing + Guía"	hardmaxing	"2024-04-26 01:29:19"	"2024-04-26 11:46:04"	1059	8162	49	25	1	1	446	looksmax.org		0	DIY-procedure
/d/1538-una-guia-sobre-los-fenotipos	1538	"Una Guía sobre los Fenotipos"	looksmaxing	"2020-04-21 07:46:38"	"2020-04-21 11:28:52"	1007	2284	49	29	1	1	82	looksmax.org		0	
/d/1544-por-que-la-dht-es-una-pendejada-inutil-y-deberia-ser-nukeada-hasta-el-suelo	1544	"Por qué la DHT es una pendejada inútil y debería ser NUKEADA HASTA EL SUELO"	anabolicos	"2024-12-30 11:30:54"	"2024-12-30 11:57:35"	397	1892	49	11	1	1	12	looksmax.org		0	dosing/PED
/d/1547-como-tomar-aromasin-para-heightmaxxing-dosis-metodo-de-ingesta-efectos-secundarios-y-como-prevenirlosminimizarlos-una-guia-detallada	1547	"Cómo tomar Aromasin para heightmaxxing-Dosis, Método de ingesta, Efectos secundarios y cómo prevenirlos/minimizarlos - Una Guía Detallada"	anabolicos	"2022-04-13 07:52:54"	"2022-04-13 19:37:50"	3573	15598	49	17	1	1	80	looksmax.org		0	dosing/PED
/d/1548-mi-transformacion-insana-a-los-18-fotos	1548	"MI TRANSFORMACIÓN INSANA A LOS 18 + FOTOS"	looksmaxing	"2022-10-26 23:18:31"	"2022-10-27 08:20:41"	1784	5706	49	20	1	1	13	looksmax.org		0	
/d/1553-guia-definitiva-sin-rodeos-de-cavitacion-ultrasonica-uc-para-la-cara-mi-experiencia-con-13-sesiones	1553	"Guía Definitiva Sin Rodeos de Cavitación Ultrasónica (UC) para la Cara – Mi Experiencia con 13 Sesiones"	looksmaxing	"2026-02-10 10:44:55"	"2026-02-14 14:41:08"	1337	8299	49	16	1	1	98	looksmax.org		0	
/d/1555-maxxing-del-area-bajo-los-ojos-y-bajo-el-menton	1555	"MAXXING del Área Bajo los Ojos y Bajo el Mentón"	looksmaxing	"2022-06-10 21:43:07"	"2022-06-16 14:27:53"	1497	7905	49	17	1	1	76	looksmax.org		0	
/d/1576-guia-de-esteroides-de-alto-ci-bajo-esfuerzo	1576	"Guía de esteroides de alto CI - Bajo Esfuerzo"	anabolicos	"2024-03-12 02:09:32"	"2024-03-29 22:24:03"	999	4926	49	12	1	1	69	looksmax.org		0	dosing/PED
/d/1579-mi-estrategia-para-conseguir-cientos-de-seguidores-en-ig-metodo-del-agujero-de-conejo	1579	"MI ESTRATEGIA PARA CONSEGUIR CIENTOS DE SEGUIDORES EN IG (MÉTODO DEL AGUJERO DE CONEJO)"	looksmaxing	"2025-08-13 19:53:00"	"2025-08-13 20:25:10"	709	6938	49	15	1	1	65	looksmax.org		0	
/d/1580-guia-para-bajar-la-inhibicion-thread-de-alta-calidad-gtfih-merecedor-de-botb	1580	"GUÍA PARA BAJAR LA INHIBICIÓN [THREAD DE ALTA CALIDAD GTFIH] ✅ [MERECEDOR DE BOTB🏆?]"	looksmaxing	"2026-04-04 18:53:20"	"2026-04-04 19:15:36"	1948	11483	49	18	1	1	17	looksmax.org		0	
/d/1591-como-juzgar-a-las-personas-por-su-apariencia-cientificamente-un-desglose-megaguia-completo-del-infame-libro-de-edward-dutton-sobre-la-apariencia-fisica	1591	"Cómo Juzgar a las Personas por su Apariencia CIENTÍFICAMENTE: un desglose megaguía completo del infame libro de Edward Dutton sobre la apariencia física"	looksmaxing	"2023-04-28 21:42:18"	"2023-04-29 01:15:17"	3908	18385	49	36	1	1	396	looksmax.org		0	
/d/1595-drugmaxxing-x-socialmaxxing-todo-lo-que-necesitas-saber-highiq	1595	"Drugmaxxing X Socialmaxxing - Todo Lo Que Necesitas Saber (HighIQ)"	looksmaxing	"2025-11-12 21:40:08"	"2025-11-12 22:14:58"	1043	9873	49	14	1	1	251	looksmax.org		0	dosing/PED
/d/1603-guia-de-hqnpmaxxing-adiccion-a-chad-y-como-buscar-mujeres-hqnp	1603	"Guía de HQNPmaxxing: Adicción a Chad y Cómo Buscar Mujeres HQNP."	looksmaxing	"2022-05-19 17:25:07"	"2022-05-19 18:09:07"	1525	4294	49	13	1	1	119	looksmax.org		0	
/d/1610-el-sebo-es-el-mejor-hidratante-que-la-madre-naturaleza-le-ha-dado-a-los-humanos	1610	"El sebo es el mejor hidratante que la madre naturaleza le ha dado a los humanos"	softmaxing	"2024-02-05 23:12:47"	"2024-02-12 14:20:11"	619	3226	49	17	1	1	39	looksmax.org		0	
/d/1619-guia-de-biotecnologia-la-frontera-final-del-looksmaxxing	1619	"Guía de Biotecnología: La Frontera Final del Looksmaxxing"	looksmaxing	"2022-05-21 01:35:48"	"2022-05-21 18:32:42"	2696	7172	49	13	1	1	357	looksmax.org		0	dosing/PED
/d/1622-guia-sobre-como-corregir-la-pseudo-ginecomastia-y-reducir-la-ginecomastia-real-permanentemente-sin-cirugia-y-practicamente-sin-tiempo-de-recuperacion	1622	"Guía sobre cómo corregir la pseudo-ginecomastia, y reducir la ginecomastia real permanentemente, sin cirugía, y prácticamente sin tiempo de recuperación."	looksmaxing	"2023-08-08 17:34:03"	"2023-08-08 19:46:19"	1072	3915	49	17	1	1	45	looksmax.org		0	dosing/PED|sourcing
/d/1633-guia-tinder-definitiva-de-niklaus-aun-en-progreso	1633	"Guía Tinder definitiva de Niklaus - AÚN EN PROGRESO"	looksmaxing	"2022-11-03 14:14:50"	"2022-11-03 16:23:23"	2292	12868	49	31	1	1	198	looksmax.org		0	
/d/1648-metodo-rascacielos	1648	"método rascacielos"	looksmaxing	"2024-11-10 00:32:34"	"2024-11-25 02:07:53"	10313	60473	49	30	1	1	94	looksmax.org		0	dosing/PED
/d/1658-como-creci-de-168m-a-190m-en-un-ano-y-medio-y-como-tu-tambien-puedes	1658	"Cómo crecí de 1.68m a 1.90m en un año y medio y cómo tú también puedes"	anabolicos	"2025-06-02 09:05:04"	"2025-06-02 13:48:50"	2184	14578	49	21	1	1	130	looksmax.org		0	dosing/PED
/d/1678-posible-cura-para-la-caida-de-cabello-por-que-las-hormonas-no-importan	1678	"Posible cura para la caída de cabello - por qué las hormonas no importan"	softmaxing	"2020-08-05 05:46:44"	"2020-08-06 07:00:56"	609	3844	49	26	1	1	17	looksmax.org		0	dosing/PED|sourcing
/d/1686-por-que-el-tamoxifeno-no-causa-retardo-del-crecimiento-y-es-realmente-benefico-para-la-altura-gtfih-guia-alto-iq	1686	"Por qué el Tamoxifeno no causa retardo del crecimiento y es realmente benéfico para la altura (GTFIH - GUÍA ALTO IQ)"	anabolicos	"2026-06-05 21:39:29"	"2026-06-05 22:12:49"	1966	4863	49	6	1	1	69	looksmax.org		0	
/d/1687-11-kdht-la-hormona-masculina-deportista-de-todas	1687	"11-KDHT - la hormona masculina deportista de todas"	anabolicos	"2019-12-22 17:18:43"	"2019-12-23 00:54:54"	1081	4153	49	20	1	1	132	looksmax.org		0	dosing/PED
/d/1690-la-guia-definitiva-sobre-cavitacion-por-ultrasonido-para-la-perdida-de-grasa-facial-respondiendo-preguntas-de-mi-guia-de-mejillas-hundidas	1690	"La guía DEFINITIVA sobre Cavitación por Ultrasonido para la pérdida de grasa facial. (Respondiendo preguntas de mi guía de mejillas hundidas)"	looksmaxing	"2025-12-15 13:04:42"	"2025-12-16 09:41:43"	1440	11897	49	20	1	1	101	looksmax.org		0	
/d/1698-metodo-para-aclarar-los-ojos-que-realmente-funciona	1698	"MÉTODO PARA ACLARAR LOS OJOS QUE REALMENTE FUNCIONA"	looksmaxing	"2024-04-24 02:10:15"	"2024-05-17 20:27:59"	1440	6834	49	20	1	1	410	looksmax.org		0	
/d/1727-expansion-osea-facial-via-estimulacion-piezoelectrica-alto-esfuerzo	1727	"Expansión Ósea Facial vía Estimulación Piezoeléctrica [ALTO ESFUERZO]"	hardmaxing	"2026-06-28 22:35:30"	"2026-07-09 01:01:11"	2432	19518	49	20	1	1	685	looksmax.org		0	dosing/PED|DIY-procedure
/d/1729-santa-mierda-hunter-eyes-sin-cirugia-gtfih	1729	"SANTA MIERDA HUNTER EYES SIN CIRUGÍA GTFIH"	looksmaxing	"2020-04-10 17:46:46"	"2020-04-10 18:56:25"	294	2097	49	21	1	1	16	looksmax.org		0	
/d/1736-mega-thread-de-maximizacion-de-altura	1736	"Mega Thread de Maximización de Altura"	anabolicos	"2024-12-13 04:01:16"	"2024-12-14 04:07:16"	2253	8476	49	10	1	1	80	looksmax.org		0	dosing/PED
/d/1740-mi-stack-actual	1740	"Mi stack actual."	peptides	"2023-01-15 21:13:31"	"2023-01-22 23:36:40"	84	1667	49	20	1	1	22	looksmax.org		0	dosing/PED
/d/1748-guia-completa-de-nootropicos-y-compuestos-quemadores-de-grasa	1748	"Guía Completa de Nootrópicos y Compuestos Quemadores de Grasa"	looksmaxing	"2020-10-31 17:33:15"	"2020-10-31 22:12:24"	1829	10035	49	23	1	1	346	looksmax.org		0	dosing/PED
/d/1749-todo-lo-que-necesitas-es-un-ciclo-solo-de-test	1749	"Todo lo que necesitas es un ciclo solo de Test"	anabolicos	"2022-10-22 15:33:48"	"2022-10-22 16:19:58"	625	2977	49	12	1	1	36	looksmax.org		0	dosing/PED
/d/1760-la-guia-definitiva-de-nt-para-hablar-con-normieshembras-como-hacer-que-los-normies-te-caigan-bien-y-por-que-es-importante	1760	"La guía DEFINITIVA de NT para hablar con normies/hembras- Cómo hacer que los normies te caigan bien y por qué es importante"	looksmaxing	"2024-01-08 22:47:15"	"2024-01-08 23:27:19"	3148	8738	49	21	1	1	126	looksmax.org		0	
/d/1767-iqmaxxing-y-skillmaxing	1767	"IQmaxxing y skillmaxing"	looksmaxing	"2020-05-12 19:51:40"	"2020-05-17 17:54:28"	388	2889	49	30	1	1	149	looksmax.org		0	
/d/1775-arquetipos-de-atraccion-sexual-sin-filtros-tu-guia-explicita-para-ser-irresistible	1775	"Arquetipos de Atracción Sexual Sin Filtros: Tu Guía Explícita para ser Irresistible"	looksmaxing	"2023-08-15 22:08:17"	"2023-08-15 22:47:21"	1595	5571	49	16	1	1	262	looksmax.org		0	
/d/1787-la-guia-definitiva-para-snus-mega-thread-de-snus	1787	"LA GUÍA DEFINITIVA PARA SNUS [MEGA THREAD DE SNUS]"	looksmaxing	"2023-11-06 11:34:42"	"2023-11-06 12:42:34"	1413	7025	49	14	1	1	239	looksmax.org		0	dosing/PED
/d/1789-crecimiento-de-cartilago-metodos-para-arreglar-lo-imposible-de-maximizar	1789	"Crecimiento de Cartílago: Métodos para Arreglar lo \"Imposible de Maximizar\"	hardmaxing	"2025-01-12 02:12:02"	"2025-02-12 04:17:07"	1859	9665	49	23	1	1	54	looksmax.org		0	
/d/1798-guia-a-la-pildora-de-la-mascara-el-arte-del-camuflaje-social-como-no-quemar-tu-disfraz-bluepill	1798	"GUÍA A LA PÍLDORA DE LA MÁSCARA: El Arte del Camuflaje Social - Cómo no quemar tu disfraz bluepill"	looksmaxing	"2023-09-13 04:18:37"	"2023-09-16 18:41:21"	2090	8468	49	26	1	1	46	looksmax.org		0	
/d/1802-lipmaxxing-version-editada-completa-todo-lo-que-necesitas-saber	1802	"LIPMAXXING VERSIÓN EDITADA COMPLETA TODO LO QUE NECESITAS SABER"	looksmaxing	"2026-05-13 15:04:43"	"2026-05-14 00:49:54"	5889	39043	49	18	1	1	929	looksmax.org		0	
/d/1813-la-guia-definitiva-del-pene	1813	"LA GUÍA DEFINITIVA DEL PENE"	looksmaxing	"2025-04-02 12:10:18"	"2025-04-02 12:32:56"	1014	6610	49	16	1	1	12	looksmax.org		0	
/d/1828-guia-completa-de-carne-cruda-alto-esfuerzo-ciencia	1828	"GUÍA COMPLETA DE CARNE CRUDA [ALTO ESFUERZO + CIENCIA]"	looksmaxing	"2026-05-07 13:52:58"	"2026-05-07 15:02:20"	1391	7681	49	12	1	1	212	looksmax.org		0	
/d/1837-guia-de-looksmaxxing-de-moda-fragancia-grooming-y-accesorios-la-cuaternidad-del-estilo	1837	"Guía de Looksmaxxing de Moda, Fragancia, Grooming y Accesorios: La Cuaternidad del Estilo"	softmaxing	"2022-06-04 16:35:53"	"2022-06-04 19:14:51"	5510	17332	49	16	1	1	2182	looksmax.org		0	
/d/1844-como-eliminar-el-surco-nasolabial-con-hilos-pdo	1844	"cómo eliminar el surco nasolabial con hilos PDO."	hardmaxing	"2024-02-18 15:22:18"	"2024-02-19 05:53:10"	999	5190	49	19	1	1	167	looksmax.org		0	dosing/PED|sourcing
/d/1862-la-low-inhib-pill-lo-que-realmente-importa-para-conseguir-mujeres-y-disfrutar-la-vida	1862	"LA LOW INHIB PILL: lo que realmente importa para conseguir mujeres y disfrutar la vida"	looksmaxing	"2024-08-23 18:09:39"	"2024-08-23 18:51:53"	837	6464	49	16	1	1	125	looksmax.org		0	dosing/PED
/d/1870-guia-ultimate-de-voicemaxxing	1870	"Guía Ultimate de Voicemaxxing"	softmaxing	"2021-03-06 07:34:16"	"2021-05-22 20:38:47"	3107	24088	49	39	1	1	925	looksmax.org		0	
/d/1871-las-48-leyes-del-poder-acortado	1871	"Las 48 Leyes del Poder (acortado)"	looksmaxing	"2021-05-02 14:51:36"	"2021-07-03 18:12:15"	6859	22346	49	22	1	1	15	looksmax.org		0	
/d/1892-el-funcionamiento-osteoanabolico-de-way316606	1892	"El funcionamiento osteoanabólico de WAY316606"	peptides	"2026-06-08 19:09:57"	"2026-06-09 08:09:31"	5781	37245	49	17	1	1	160	looksmax.org		0	
/d/1901-debloating-con-eplerenona	1901	"Debloating con eplerenona"	looksmaxing	"2026-02-20 14:54:01"	"2026-04-02 01:59:35"	457	3942	49	18	1	1	17	looksmax.org		0	dosing/PED
/d/1923-megaguia-la-unica-guia-de-microagujas-que-jamas-necesitaras	1923	"MEGAGUIA | La única guía de microagujas que jamás necesitarás."	softmaxing	"2025-05-31 02:03:18"	"2025-06-02 15:35:53"	7356	23835	49	15	1	1	296	looksmax.org		0	DIY-procedure
/d/1924-la-verdad-sobre-las-mujeres-por-que-probablemente-lo-estes-haciendo-mal-como-htnbajo-chadlite	1924	"La Verdad sobre las Mujeres. Por qué Probablemente lo Estés Haciendo Mal como HTN/Bajo Chadlite."	looksmaxing	"2025-07-18 01:34:38"	"2025-07-30 02:26:07"	6430	76835	49	41	1	1	55	looksmax.org		0	
/d/1935-guia-detallada-e-infalible-de-instagram-maxxing	1935	"Guía detallada e infalible de Instagram maxxing"	looksmaxing	"2022-03-03 00:04:18"	"2022-03-13 21:51:34"	1453	10236	49	25	1	1	22	looksmax.org		0	
/d/1943-libro-de-inteligencia-logra-el-iq-de-chang	1943	"Libro de Inteligencia - Logra el IQ de Chang"	looksmaxing	"2025-01-03 00:16:29"	"2025-01-09 11:52:47"	6796	20328	49	19	1	1	131	looksmax.org		0	
/d/1965-guia-para-entender-la-maloclusion-y-los-dientes-torcidos-conseguir-la-oclusion-correcta-detallado-causas-sintomas-soluciones-prevencion	1965	"Guía para Entender la Maloclusión y los Dientes Torcidos | Conseguir la Oclusión Correcta (DETALLADO) | Causas | Síntomas | Soluciones | Prevención |"	softmaxing	"2022-03-22 14:29:02"	"2022-07-18 04:11:54"	9760	38659	49	25	1	1	542	looksmax.org		0	
/d/1969-guia-de-belt-pulling-rotacion-ccw	1969	"GUÍA DE BELT PULLING (rotación CCW)"	softmaxing	"2024-04-10 21:32:57"	"2024-05-03 14:29:13"	461	4429	49	27	1	1	64	looksmax.org		0	
/d/1974-descripcion-general-de-aas-y-cambios-faciales	1974	"DESCRIPCIÓN GENERAL DE AAS Y CAMBIOS FACIALES"	anabolicos	"2026-06-14 10:59:38"	"2026-06-14 13:09:51"	2568	11832	49	15	1	1	390	looksmax.org		0	
/d/1982-la-separacion-ocular-esta-mal-entendida	1982	"La separación ocular está mal entendida"	looksmaxing	"2024-03-27 01:03:30"	"2024-03-28 02:46:57"	839	7537	49	18	1	1	342	looksmax.org		0	
/d/1987-guia-definitiva-de-brackets-mejores-opciones-y-que-saber-antes-de-ponertelos	1987	"Guía definitiva de brackets: mejores opciones y qué saber antes de ponértelos"	softmaxing	"2025-12-24 17:46:11"	"2025-12-24 20:22:18"	1065	5717	49	15	1	1	46	looksmax.org		0	
/d/1997-solo-desbloatea-tu-cara-con-3l-de-agua-bro-la-brutal-debloatpill	1997	"\"¡Solo Desbloatea Tu Cara Con 3L de Agua Bro!\" – La Brutal Debloatpill"	looksmaxing	"2025-05-15 22:20:20"	"2025-05-15 23:55:06"	734	3645	49	19	1	1	19	looksmax.org		0	dosing/PED
/d/1998-la-biblia-final-de-ll-procedimientos-proporciones-riesgos-y-recuperacion	1998	"La Biblia Final de LL – Procedimientos, Proporciones, Riesgos y Recuperación"	hardmaxing	"2025-08-12 13:05:44"	"2025-08-12 13:51:25"	3766	18175	49	14	1	1	113	looksmax.org		0	dosing/PED
/d/2016-como-ganar-una-buena-reputacion	2016	"Cómo ganar una buena reputación"	looksmaxing	"2024-10-05 10:47:18"	"2024-10-05 11:21:22"	445	3030	49	11	0	0	0	looksmax.org		0	
/d/2023-la-guia-definitiva-de-carillas-alto-esfuerzo	2023	"La guía definitiva de carillas [Alto esfuerzo]"	hardmaxing	"2023-03-15 14:05:22"	"2023-03-16 17:07:04"	1216	9666	49	19	1	1	137	looksmax.org		0	
/d/2038-guia-de-voicemaxxing-gtfih	2038	"GUÍA DE VOICEMAXXING GTFIH"	softmaxing	"2024-03-29 13:26:53"	"2024-03-29 14:40:22"	635	5493	49	12	1	1	150	looksmax.org		0	dosing/PED
/d/2051-como-usar-glutation-y-sus-beneficios	2051	"Cómo usar glutatión y sus beneficios"	peptides	"2025-03-28 20:53:08"	"2025-03-28 22:08:28"	229	3166	49	8	1	1	24	looksmax.org		0	dosing/PED|DIY-procedure
/d/2055-como-morphear-tu-cara-correctamente-y-hacer-fraude-en-las-fotos	2055	"Cómo morphear tu cara correctamente y hacer fraude en las fotos"	looksmaxing	"2025-08-01 16:42:35"	"2025-08-01 19:02:10"	232	2672	49	17	1	1	81	looksmax.org		0	
/d/2056-maxilar-diferencia-entre-recesivo-y-plano-explicado-con-animaciones-3d	2056	"💀 Maxilar: Diferencia entre Recesivo y Plano, Explicado con Animaciones 3D"	hardmaxing	"2025-10-11 22:42:41"	"2025-10-13 08:51:17"	322	3515	49	26	1	1	228	looksmax.org		0	
/d/2058-una-descripcion-general-de-aas-y-cambios-faciales-aumentar-huesos-faciales-con-aas-como-veamos-es-posible-hilo-antiguo-editado	2058	"UNA DESCRIPCIÓN GENERAL DE AAS Y CAMBIOS FACIALES + AUMENTAR HUESOS FACIALES CON AAS ? CÓMO VEAMOS . ¿ES POSIBLE ?+ HILO ANTIGUO EDITADO"	anabolicos	"2026-06-15 06:52:34"	"2026-06-15 14:04:27"	3225	9337	49	16	1	1	254	looksmax.org		0	dosing/PED
/d/2077-heromaxxing-extremadamente-alto-esfuerzo-lifefuel	2077	"HEROMAXXING [extremadamente alto esfuerzo lifefuel]"	looksmaxing	"2026-08-04 14:42:34"	"2026-08-04 16:24:30"	3971	16438	49	16	1	1	425	looksmax.org		0	
/d/2088-guia-legitima-de-caza-en-bares-todos-los-niveles-de-aspecto-incluidos-botb	2088	"Guía legítima de caza en bares (todos los niveles de aspecto incluidos) BOTB?"	looksmaxing	"2024-02-25 21:44:16"	"2024-02-25 22:11:45"	1802	9918	49	18	1	1	125	looksmax.org		0	
/d/2118-como-tener-citas-en-la-prepa-15-17-gtfih	2118	"¿Cómo tener citas en la prepa? (15-17 GTFIH)"	looksmaxing	"2025-04-28 16:45:09"	"2025-04-29 05:11:28"	1097	8080	49	19	1	1	121	looksmax.org		0	sourcing
/d/2133-informacionguia-de-hipertrofiagymcel-respaldada-cientificamente-deja-todas-las-otras-guias-de-gymcel-en-el-polvo	2133	"INFORMACIÓN/GUÍA DE HIPERTROFIA/GYMCEL RESPALDADA CIENTÍFICAMENTE (DEJA TODAS LAS OTRAS GUÍAS DE GYMCEL EN EL POLVO)"	looksmaxing	"2024-01-01 20:56:11"	"2024-01-08 00:46:17"	9489	20120	49	22	1	1	8	looksmax.org		0	
/d/2140-farma-capilar-abc-todo-lo-que-necesitas-saber	2140	"📖 Farma capilar ABC - Todo lo que necesitas saber 🧠"	softmaxing	"2026-04-12 19:20:23"	"2026-04-12 21:38:47"	2639	18989	49	15	1	1	161	looksmax.org		0	dosing/PED
/d/2163-guia-de-looksmaxxing-del-aliento-como-tener-un-aliento-divino-en-todo-momento	2163	"Guía de Looksmaxxing del Aliento: Cómo Tener un Aliento DIVINO En Todo Momento"	softmaxing	"2022-05-24 23:26:20"	"2022-05-25 13:15:00"	1248	7021	49	18	1	1	327	looksmax.org		0	
/d/2171-guia-maxima-definitiva-de-aclarado-de-pene-enrojecimiento-de-glande-mega-hilo-browncels-gtfih	2171	"GUÍA MÁXIMA DEFINITIVA DE ACLARADO DE PENE / ENROJECIMIENTO DE GLANDE [MEGA-HILO, BROWNCELS GTFIH]"	softmaxing	"2026-03-21 20:38:06"	"2026-03-21 20:58:06"	1487	12889	49	16	1	1	1273	looksmax.org		0	
/d/2192-guia-de-peleas-callejeras-el-rasgo-ntlow-inhib-mas-subestimado-solo-entran-hombres-de-alta-t	2192	"Guía de peleas callejeras - el rasgo NT/low inhib más subestimado (SOLO ENTRAN HOMBRES DE ALTA T)"	looksmaxing	"2022-07-27 21:03:39"	"2022-07-27 21:59:56"	667	4241	49	19	1	1	53	looksmax.org		0	
/d/2196-como-arregle-mi-perfil-lateral-subhumano-overbitecels-es-obligatorio-que-entren	2196	"CÓMO ARREGLÉ MI PERFIL LATERAL SUBHUMANO, OVERBITECELS ES OBLIGATORIO QUE ENTREN"	hardmaxing	"2023-12-04 03:08:32"	"2023-12-04 04:26:02"	639	3227	49	14	1	1	50	looksmax.org		0	
/d/2205-guia-completa-de-indiamart	2205	"GUÍA COMPLETA DE INDIAMART"	anabolicos	"2026-03-15 15:43:38"	"2026-03-26 15:29:39"	1505	16427	49	26	1	1	350	looksmax.org		0	dosing/PED
/d/2213-debloatea-instantaneamente-con-esta-comida-loca	2213	"DEBLOATEA INSTANTÁNEAMENTE CON ESTA COMIDA LOCA"	looksmaxing	"2023-04-24 04:38:21"	"2023-04-24 20:30:30"	297	1922	49	27	1	1	26	looksmax.org		0	dosing/PED
/d/2215-blackcels-vayan-a-rusia-ahora-guia-de-geomaxxing	2215	"BLACKCELS, VAYAN A RUSIA, AHORA (Guía de Geomaxxing)"	looksmaxing	"2023-12-22 18:00:34"	"2023-12-22 20:41:35"	238	2708	49	17	1	1	43	looksmax.org		0	
/d/2216-como-arregle-mi-coloracion-guia-de-softmax-gtifh	2216	"CÓMO ARREGLÉ MI COLORACIÓN (Guía de Softmax) -GTIFH"	softmaxing	"2024-05-20 00:11:31"	"2024-05-23 06:20:09"	1429	16738	49	37	1	1	1319	looksmax.org		0	dosing/PED
/d/2218-esto-es-lo-que-hago-yo-para-fraudear	2218	"Esto es lo que hago yo para fraudear"	softmaxing	"2025-02-10 17:27:47"	"2025-02-10 22:59:02"	255	3827	49	19	1	1	14	looksmax.org		0	DIY-procedure
/d/2232-por-esto-la-cirugia-te-va-a-destruir-el-cerebro-si-no-sigues-esta-guia-de-anestesia	2232	"Por esto la cirugía te VA A DESTRUIR EL CEREBRO si no sigues esta guía de anestesia"	hardmaxing	"2022-09-15 23:21:39"	"2023-01-03 01:39:37"	1515	6019	49	39	1	1	29	looksmax.org		0	
/d/2234-la-guia-practica-del-cabello-de-bucketcrab-entendiendo-el-cabello-y-como-tener-un-cabello-hermoso-lo-mas-rapido-posible	2234	"La Guía Práctica del Cabello de BucketCrab - Entendiendo el Cabello y Cómo Tener un Cabello Hermoso Lo Más Rápido Posible."	softmaxing	"2023-10-26 11:42:31"	"2023-11-02 00:27:09"	6714	34723	49	28	1	1	127	looksmax.org		0	
/d/2238-como-chupar-cono-como-un-dios	2238	"Cómo Chupar Coño Como Un Dios"	looksmaxing	"2024-10-12 11:04:57"	"2024-10-13 17:53:53"	6030	19891	49	29	1	1	339	looksmax.org		0	dosing/PED
/d/2242-guia-completa-de-indiamart-orales-al-precio-de-la-tierra	2242	"GUÍA COMPLETA DE INDIAMART (¡orales al precio de la tierra!)"	anabolicos	"2026-01-16 04:47:37"	"2026-01-20 21:40:34"	1268	20284	49	24	1	1	325	looksmax.org		0	dosing/PED
/d/2245-guia-definitiva-para-una-mandibula-masculina	2245	"GUÍA DEFINITIVA PARA UNA MANDÍBULA MASCULINA"	hardmaxing	"2020-02-15 10:33:54"	"2020-02-15 23:34:58"	432	4169	49	17	1	1	202	looksmax.org		0	
/d/2253-guia-de-looksmaxxing-del-area-de-ojos-como-tener-los-ojos-de-un-semidios	2253	"Guía de Looksmaxxing del Área de Ojos: ¡Cómo Tener los Ojos de un Semidios!"	looksmaxing	"2022-07-03 04:28:28"	"2022-07-05 09:58:35"	2192	11256	49	19	1	1	735	looksmax.org		0	
/d/2263-guia-de-blanqueamiento-de-sayori-guia-completa-desde-blanqueamiento-general-de-piel-hasta-tratamiento-de-melasma-no-necesitas-pensar-solo-lee-parte-1	2263	"GUÍA DE BLANQUEAMIENTO DE SAYORI - [Guía completa desde blanqueamiento general de piel hasta tratamiento de melasma] no necesitas pensar solo lee-Parte 1"	softmaxing	"2026-04-28 02:12:04"	"2026-04-28 20:24:28"	2199	13753	49	21	1	1	280	looksmax.org		0	
/d/2281-los-softmaxxes-que-hago-yo-y-tu-tambien-deberias-antes-de-salir-gtfih	2281	"Los SOFTMAXXES que hago yo (y tú también deberías) antes de salir. GTFIH!"	softmaxing	"2024-07-02 02:05:18"	"2024-07-02 19:30:39"	456	2033	49	17	1	1	38	looksmax.org		0	dosing/PED
/d/2292-guia-skinmax-definitiva-a-z-como-lograr-piel-de-nivel-thom-strijd-consejos-practicos-para-mejorar-coloracion-de-piel-brillo-colageno-y-prevenir-fotoenvejecimiento	2292	"[Guía Skinmax Definitiva] A-Z Cómo lograr piel de nivel Thom Strijd. Consejos prácticos para mejorar coloración de piel, brillo, colágeno y prevenir fotoenvejecimiento"	softmaxing	"2020-12-10 23:26:37"	"2020-12-15 13:01:59"	1516	6672	49	33	1	1	540	looksmax.org		0	
/d/2309-la-biblia-del-color	2309	"La Biblia del Color"	softmaxing	"2025-09-02 21:27:26"	"2025-09-02 22:24:33"	6257	38027	49	18	1	1	365	looksmax.org		0	
/d/2310-guia-de-networkmaxxing-alto-esfuerzo	2310	"GUÍA DE NETWORKMAXXING (alto esfuerzo)"	looksmaxing	"2026-02-07 08:32:02"	"2026-02-13 01:57:16"	395	6584	49	18	1	1	60	looksmax.org		0	
/d/2314-como-escapar-del-infame-currytax-alias-estereotipos-del-sur-de-asia-westernized-curries-gtfin	2314	"Cómo escapar DEL infame Currytax alias “estereotipos del sur de Asia” (Westernized CURRIES GTFIN):"	looksmaxing	"2021-08-02 20:05:06"	"2021-08-03 00:58:09"	1811	3956	49	7	1	1	56	looksmax.org		0	
/d/2320-pestanamaxxing-la-guia-definitiva-para-pestanas-exuberantes-y-voluminosas	2320	"Pestañamaxxing: La guía definitiva para pestañas exuberantes y voluminosas"	softmaxing	"2024-12-02 20:56:44"	"2025-04-04 14:01:01"	1495	20251	49	30	1	1	1035	looksmax.org		0	
/d/2340-como-ascender-hacer-preguntas	2340	"CÓMO ASCENDER + HACER PREGUNTAS"	softmaxing	"2024-06-15 01:17:40"	"2024-07-03 19:01:02"	10738	20778	49	29	1	1	293	looksmax.org		0	dosing/PED
/d/2351-megaguia-de-aumento-de-altura-de-altura-mogueado-a-mogueador-de-altura-los-mecanismos-impulsores-de-la-altura-y-como-mejorarlos	2351	"Megaguía de Aumento de Altura: De Altura Mogueado a Mogueador de Altura (Los Mecanismos Impulsores de la Altura y Cómo Mejorarlos)"	looksmaxing	"2023-09-09 03:10:32"	"2023-09-09 19:53:01"	3164	21916	49	22	1	1	141	looksmax.org		0	
/d/2366-guia-completa-de-anti-androgenos	2366	"GUÍA COMPLETA DE ANTI ANDRÓGENOS"	anabolicos	"2026-07-09 11:01:53"	"2026-07-09 15:40:52"	2621	15244	49	18	1	1	482	looksmax.org		0	
/d/2385-la-guia-definitiva-de-fraudmaxxing-alto-esfuerzo	2385	"La Guía Definitiva de Fraudmaxxing (alto esfuerzo)"	looksmaxing	"2025-08-16 08:45:15"	"2025-08-16 10:58:45"	2196	9073	49	20	1	1	216	looksmax.org		0	
/d/2390-ultimate-2026-guia-de-bonesmashing-sets-reps-ubicaciones-exactas-pomulos-barbilla-esquinas-de-mandibula-iqcels-destruidos	2390	"[ULTIMATE 2026] Guía de Bonesmashing: Sets, Reps & Ubicaciones Exactas Pómulos, Barbilla, Esquinas de Mandíbula (IQCELS DESTRUIDOS)"	hardmaxing	"2026-07-27 11:19:48"	"2026-07-28 12:19:22"	1902	9847	49	9	1	1	38	looksmax.org		0	dosing/PED|DIY-procedure
/d/2392-guia-oficial-sobre-la-distorsion-de-lente-y-sus-efectos-en-el-rostro	2392	"Guía oficial sobre la distorsión de lente y sus efectos en el rostro"	looksmaxing	"2020-09-13 03:31:28"	"2020-09-17 15:13:43"	675	2820	49	29	1	1	132	looksmax.org		0	
/d/2410-la-guia-definitiva-de-ojos-softmax-con-videos	2410	"LA GUÍA DEFINITIVA DE OJOS SOFTMAX (CON VIDEOS)"	softmaxing	"2026-04-05 19:55:11"	"2026-04-05 23:50:15"	502	6991	49	20	1	1	282	looksmax.org		0	DIY-procedure
/d/2414-como-medir-el-crecimiento-hacia-adelante-v3	2414	"Cómo medir el crecimiento hacia adelante v3"	looksmaxing	"2020-05-12 12:52:08"	"2021-05-03 11:46:57"	114	1576	49	26	1	1	103	looksmax.org		0	
/d/2420-que-tanto-skull-mogger-eres	2420	"¿qué tanto skull mogger eres?"	looksmaxing	"2022-07-17 15:14:29"	"2022-07-17 16:13:32"	282	1648	49	9	1	1	187	looksmax.org		0	
/d/2425-metodo-probado-para-levantar-el-hueso-hioides	2425	"MÉTODO PROBADO PARA LEVANTAR EL HUESO HIOIDES"	looksmaxing	"2023-12-23 02:13:05"	"2023-12-24 14:55:14"	263	3226	49	16	1	1	71	looksmax.org		0	
/d/2437-chinmaxxing-ideal-morfologia-y-que-puedes-hacer-para-maximizarla	2437	"CHINMAXXING: ideal, morfología y qué puedes hacer para maximizarla"	looksmaxing	"2026-05-02 09:12:51"	"2026-05-02 16:25:07"	164	2175	49	21	1	1	422	looksmax.org		0	
/d/2445-mi-dieta	2445	"Mi dieta"	looksmaxing	"2021-11-20 02:28:53"	"2021-12-25 23:57:20"	1017	8852	49	28	1	1	194	looksmax.org		0	DIY-procedure
/d/2451-conviertete-en-un-dios-vampiro-dark-triad-maxxeado-gana-un-atractivo-alt-girl-gigantesco	2451	"Conviértete en un dios vampiro dark triad maxxeado. Gana un atractivo alt girl gigantesco"	looksmaxing	"2023-02-15 00:23:38"	"2023-02-15 01:00:35"	343	1808	49	10	1	1	141	looksmax.org		0	
/d/2460-guia-sin-bullshit-curando-un-area-ocular-subhumana-perros-abusados-gtfih	2460	"GUÍA SIN BULLSHIT: curando un área ocular subhumana (perros abusados GTFIH)"	softmaxing	"2024-09-08 02:29:37"	"2024-09-09 08:03:47"	1575	7848	49	22	1	1	222	looksmax.org		0	
/d/2474-guia-de-enclomiphene-roids-para-quebrados	2474	"Guía de Enclomiphene: ¿Roids para quebrados?"	anabolicos	"2026-07-25 09:46:00"	"2026-07-25 11:13:19"	1097	5238	49	12	1	1	327	looksmax.org		0	
/d/2482-el-bonesmashing-puede-funcionar-pero-requiere-preparacion-guia-y-evidencia-cientifica-gtfih	2482	"El bonesmashing puede funcionar pero requiere preparación (guía y evidencia científica) GTFIH"	hardmaxing	"2024-05-27 02:55:20"	"2024-05-31 16:12:02"	1522	8073	49	22	1	1	102	looksmax.org		0	DIY-procedure
/d/2490-furosemida-y-adaptacion-diuretica-por-que-todavia-te-ves-como-un-chud-despues-de-80mg-de-furosemida	2490	"Furosemida y adaptación diurética- Por qué todavía te ves como un Chud después de 80mg de furosemida."	anabolicos	"2026-04-12 23:08:17"	"2026-04-13 02:59:45"	1271	12472	49	12	1	1	69	looksmax.org		0	dosing/PED
/d/2494-como-pasar-de-subhumano-a-un-89-sin-cirugia-guia-de-looksmaxxing	2494	"CÓMO PASAR DE SUBHUMANO A UN 8/9 SIN CIRUGÍA [Guía de LooksMaxxing]"	looksmaxing	"2021-07-12 21:24:19"	"2021-07-14 22:37:33"	2576	10410	49	27	1	1	31	looksmax.org		0	dosing/PED
/d/2511-nsfw-attractionmax-guia-posturemax-de-deliciadecu-2020	2511	"[NSFW] ATTRACTIONMAX: Guía POSTUREMAX de Deliciadecu 2020"	softmaxing	"2020-01-12 19:36:17"	"2020-01-14 13:27:15"	1704	6492	49	33	1	1	194	looksmax.org		0	
/d/2529-la-biblia-de-la-inclinacion-cantal	2529	"La Biblia de la Inclinación Cantal"	looksmaxing	"2026-05-18 06:17:49"	"2026-05-18 08:11:58"	7442	7883	49	11	1	1	155	looksmax.org		0	
/d/2544-el-cabello-es-ley-guia-definitiva-de-cabellocortepeinado-bug-arreglado	2544	"EL CABELLO ES LEY / GUÍA DEFINITIVA DE CABELLO/CORTE/PEINADO (BUG ARREGLADO)"	softmaxing	"2025-06-14 10:22:12"	"2025-06-14 12:55:33"	1751	5827	49	15	1	1	191	looksmax.org		0	
/d/2549-como-deshacerte-de-esas-arrugas-de-sonrisa-profundas-de-verdad	2549	"Cómo Deshacerte de Esas Arrugas de Sonrisa Profundas De Verdad"	softmaxing	"2026-05-10 03:08:14"	"2026-05-10 04:46:01"	1707	11024	49	17	1	1	259	looksmax.org		0	
/d/2551-la-mejor-forma-de-corregir-la-exposicion-del-parpado-superior	2551	"La mejor forma de corregir la exposición del párpado superior"	hardmaxing	"2020-04-17 00:30:47"	"2020-04-29 20:55:13"	422	2623	49	28	1	1	65	looksmax.org		0	dosing/PED
/d/2559-guia-de-conquistas-de-yolosweg-guia-de-mas-de-100-conquistas	2559	"Guía de conquistas de Yolosweg (guía de más de 100 conquistas)"	looksmaxing	"2022-02-27 15:08:25"	"2022-02-28 11:10:25"	2704	10553	49	18	1	1	72	looksmax.org		0	
/d/2562-como-ser-popular-y-lograr-que-las-chicas-amen-tu-personalidad	2562	"Cómo ser popular y lograr que las chicas amen tu personalidad"	looksmaxing	"2022-09-26 15:12:33"	"2022-09-27 07:20:36"	1036	9066	49	33	1	1	23	looksmax.org		0	
/d/2563-como-crecer-mas-alto-investigacion-respaldada-por-harvard-guia-definitiva-nuevo-2023-verificado-escrito-por-un-doctor-yo	2563	"Cómo crecer más alto - investigación respaldada por Harvard (GUÍA DEFINITIVA) NUEVO 2023 [VERIFICADO] (Escrito por un Doctor [yo])"	looksmaxing	"2023-06-01 02:35:52"	"2023-06-01 03:46:34"	838	4161	49	18	1	1	37	looksmax.org		0	dosing/PED
/d/2567-como-salir-afuera-podria-sin-ironia-mejorar-tu-cara-bug-eyedcels-recessedcels-y-todos-los-demas-gtfih-hilo-digno-de-botb	2567	"Cómo salir afuera podría sin ironía mejorar tu cara (BUG-EYEDCELS, RECESSEDCELS, Y TODOS LOS DEMÁS GTFIH) (¿Hilo Digno de BOTB?)"	looksmaxing	"2024-01-20 22:43:12"	"2024-01-25 00:41:45"	1333	11681	49	28	1	1	462	looksmax.org		0	
/d/2577-como-hacerlo-higiene-personal-2020	2577	"Cómo hacerlo: Higiene Personal 2020"	softmaxing	"2020-06-01 00:31:37"	"2020-06-03 19:18:55"	1811	10842	49	41	1	1	104	looksmax.org		0	
/d/2579-todo-lo-que-necesitas-saber-para-tener-un-cabello-sano-todos-gtfih-guia-definitiva-de-hairmaxxing	2579	"TODO LO QUE NECESITAS SABER PARA TENER UN CABELLO SANO (TODOS GTFIH) GUÍA DEFINITIVA DE HAIRMAXXING"	softmaxing	"2020-07-27 17:43:51"	"2020-07-27 23:17:39"	880	4053	49	26	1	1	63	looksmax.org		0	sourcing
/d/2580-guia-para-deshacerse-del-acne-y-cicatrices-de-acne	2580	"Guía para deshacerse del acné y cicatrices de acné"	softmaxing	"2020-09-04 23:19:47"	"2020-09-07 13:47:36"	1315	8427	49	16	1	1	317	looksmax.org		0	
/d/2599-skin-maxxing-v1-ft-proex-corp	2599	"SKIN MAXXING V1 FT PROEX CORP"	softmaxing	"2025-08-14 01:34:33"	"2025-08-14 02:25:16"	436	2897	49	13	1	1	153	looksmax.org		0	
/d/2604-como-deshacerse-de-las-arrugas-faciales-y-como-nunca-tenerlas-gtfih	2604	"CÓMO DESHACERSE DE LAS ARRUGAS FACIALES Y CÓMO NUNCA TENERLAS {GTFIH}"	softmaxing	"2026-06-02 05:08:15"	"2026-06-02 09:15:07"	2673	8265	49	15	1	1	590	looksmax.org		0	
/d/2618-guia-completa-de-lipmaxx	2618	"GUÍA COMPLETA DE LIPMAXX"	hardmaxing	"2022-10-04 19:14:09"	"2022-10-09 00:51:25"	204	2012	49	24	1	1	30	looksmax.org		0	
/d/2626-actualizado-metodo-de-jalado-con-pinzas-para-expansion-palatina-rapida-narrowcels-gtfih	2626	"*ACTUALIZADO* MÉTODO DE JALADO CON PINZAS PARA EXPANSIÓN PALATINA RÁPIDA (narrowcels gtfih)"	hardmaxing	"2024-07-30 00:47:05"	"2024-10-12 18:41:25"	290	2256	49	32	1	1	83	looksmax.org		0	DIY-procedure
/d/2631-una-guia-sobre-como-usar-bimatoprost-latisse-con-minimos-o-nulos-efectos-secundarios-gtfih-para-lashmaxxear	2631	"Una guía sobre cómo usar Bimatoprost (Latisse) con mínimos o nulos efectos secundarios GTFIH para lashmaxxear"	softmaxing	"2025-10-11 13:03:31"	"2025-10-17 15:17:56"	479	4090	49	13	1	1	32	looksmax.org		0	sourcing
/d/2654-lee-esto-antes-de-comprar-en-indiamart-para-paises-de-la-ue	2654	"Lee esto antes de comprar en Indiamart (para países de la UE)"	looksmaxing	"2025-11-24 21:24:15"	"2026-02-05 07:46:57"	350	4627	49	31	1	1	49	looksmax.org		0	sourcing
/d/2675-como-calificar-tu-cara-con-precision-usando-ia-aun-no-lo-han-parchado	2675	"Cómo CALIFICAR tu cara con PRECISIÓN usando IA - ¡AÚN NO LO HAN PARCHADO!"	looksmaxing	"2023-11-01 23:51:21"	"2023-11-02 09:25:01"	527	3829	49	21	1	1	134	looksmax.org		0	
/d/2681-una-guia-sobre-el-proviron-la-mejor-droga-de-looksmaxxing-en-mi-opinion	2681	"Una guía sobre el Proviron - La mejor droga de looksmaxxing, en mi opinión"	anabolicos	"2024-06-14 12:17:47"	"2024-06-14 13:53:38"	793	5417	49	15	1	1	65	looksmax.org		0	dosing/PED
/d/2682-como-quedarte-dormido-en-2-minutos	2682	"Cómo QUEDARTE DORMIDO en 2 MINUTOS"	softmaxing	"2024-08-10 00:55:49"	"2024-08-10 01:36:43"	933	7275	49	13	1	1	14	looksmax.org		0	dosing/PED
/d/2696-conocer-las-proporciones-adecuadas-para-la-cirugia-de-alargamiento-de-piernas	2696	"Conocer las proporciones adecuadas para la cirugía de alargamiento de piernas"	hardmaxing	"2020-07-12 12:05:21"	"2021-06-20 22:22:31"	200	3132	49	26	1	1	57	looksmax.org		0	
/d/2719-si-quieres-crecer-y-no-estas-tomando-un-inhibidor-de-aromatasa-realmente-que-estas-haciendo	2719	"SI QUIERES CRECER Y NO ESTÁS TOMANDO UN INHIBIDOR DE AROMATASA, ¿REALMENTE QUÉ ESTÁS HACIENDO?"	anabolicos	"2025-11-27 22:34:27"	"2025-11-27 23:17:18"	459	2884	49	11	1	1	30	looksmax.org		0	dosing/PED
/d/2720-el-manual-de-receptores-androgenos-faciales-maximizar-dimorfismo-facial-y-sensibilidad-de-ar-alto-iq-dimocels-gtfih	2720	"El Manual de Receptores Andrógenos Faciales – Maximizar Dimorfismo Facial y Sensibilidad de AR (Alto IQ) Dimocels GTFIH"	looksmaxing	"2026-05-27 20:26:19"	"2026-06-06 17:09:13"	1634	16324	49	16	1	1	312	looksmax.org		0	dosing/PED
/d/2738-stack-definitivo-para-optimizacion-cerebral-mi-propuesta-low-iq-gftih	2738	"Stack definitivo para Optimización Cerebral Mi propuesta (low iq Gftih) :"	looksmaxing	"2024-10-14 19:50:23"	"2024-10-19 11:09:11"	4593	21551	49	13	1	1	6	looksmax.org		0	dosing/PED
/d/2740-guia-para-tener-alta-masa-osea	2740	"Guía para tener alta masa ósea"	anabolicos	"2025-03-10 18:38:02"	"2025-04-09 18:39:50"	191	2289	49	22	1	1	4	looksmax.org		0	dosing/PED|DIY-procedure
/d/2755-estetica-dental-megahilo	2755	"Estética DENTAL - MEGAHILO"	softmaxing	"2022-03-18 09:30:09"	"2022-03-18 17:12:24"	1210	7736	49	15	1	1	291	looksmax.org		0	
/d/2770-la-guia-completa-para-tenir-las-cejas	2770	"LA GUÍA COMPLETA PARA TEÑIR LAS CEJAS"	softmaxing	"2025-04-11 22:16:59"	"2025-04-13 22:03:53"	540	5071	49	23	1	1	253	looksmax.org		0	
/d/2775-aqualyx-para-mejillas-paso-a-paso	2775	"Aqualyx para mejillas paso a paso"	hardmaxing	"2025-12-18 16:15:50"	"2025-12-31 23:07:47"	493	6221	49	22	1	1	228	looksmax.org		0	dosing/PED
/d/2776-la-mejor-guia-de-esteroides-auxiliares-soporte-que-jamas-vas-a-ver	2776	"LA MEJOR GUÍA DE ESTEROIDES AUXILIARES / SOPORTE QUE JAMÁS VAS A VER !!!"	anabolicos	"2025-12-22 20:20:45"	"2025-12-28 14:30:55"	3173	8599	49	17	1	1	224	looksmax.org		0	dosing/PED
/d/2786-manifiesto-tinder-acuestate-con-un-match-garantizado	2786	"MANIFIESTO TINDER: Acuéstate Con Un Match GARANTIZADO 🍑🍆"	looksmaxing	"2020-07-10 16:55:39"	"2020-07-10 19:14:13"	4827	15364	49	32	1	1	10	looksmax.org		0	
/d/2807-el-acne-solo-tiene-1-solucion	2807	"¡El acné SOLO tiene 1 solución!"	softmaxing	"2024-07-23 11:32:11"	"2024-07-23 20:00:36"	171	2607	49	22	0	0	0	looksmax.org		0	
/d/2813-una-guia-superior-para-tu-primer-ciclo-de-esteroides-todo-lo-que-necesitas-saber-sobre-tu-primer-ciclo-e-la-percepcion-femenina-del-cuerpo-masculino	2813	"Una Guía Superior para Tu Primer Ciclo de Esteroides - Todo Lo Que NECESITAS Saber Sobre tu Primer Ciclo e la Percepción Femenina del Cuerpo Masculino"	anabolicos	"2026-04-04 23:27:41"	"2026-04-14 19:05:50"	6029	36530	49	31	1	1	704	looksmax.org		0	dosing/PED
/d/2824-como-hacerle-faceappmaxx-a-tus-fotos-de-instagramtinderbumblehinge-sin-verte-demasiado-fraudeado-como-una-tipica-foid-gtfih-faceappcels	2824	"Cómo hacerle FaceAppmaxx a tus fotos de Instagram/Tinder/Bumble/Hinge sin verte demasiado fraudeado como una típica foid [GTFIH FACEAPPCELS]"	looksmaxing	"2022-02-28 01:26:52"	"2022-02-28 16:06:13"	753	2024	49	13	1	1	89	looksmax.org		0	
/d/2832-como-hacer-gymmax-correctamente	2832	"Cómo hacer gymmax correctamente"	looksmaxing	"2023-04-29 08:58:07"	"2023-04-29 17:43:29"	123	2768	49	15	1	1	6	looksmax.org		0	disordered-eating
/d/2841-guia-para-mantener-tus-unas-frescas-mas-importante-de-lo-que-podrias-pensar	2841	"Guía para mantener tus uñas frescas (MÁS IMPORTANTE DE LO QUE PODRÍAS PENSAR)"	softmaxing	"2025-04-26 15:47:42"	"2025-04-26 17:27:52"	1125	5616	49	18	1	1	80	looksmax.org		0	
/d/2858-mi-rutina-de-entrenamiento-del-tercio-inferior	2858	"Mi Rutina de Entrenamiento del Tercio Inferior"	looksmaxing	"2021-12-26 23:22:58"	"2022-10-04 00:02:34"	209	2566	49	37	1	1	372	looksmax.org		0	
/d/2865-introduccion-a-los-aceites-esenciales	2865	"Introducción a los aceites esenciales"	softmaxing	"2024-05-27 17:05:01"	"2024-05-27 18:19:35"	459	2381	49	12	1	1	32	looksmax.org		0	dosing/PED
/d/2875-la-mejor-guia-de-masa-osea-para-cada-edad-2026-gtfih	2875	"LA MEJOR GUÍA DE MASA ÓSEA PARA CADA EDAD (2026 GTFIH)"	peptides	"2025-10-14 03:41:22"	"2025-10-14 05:22:19"	1504	8022	49	16	1	1	34	looksmax.org		0	dosing/PED|DIY-procedure
/d/2876-maximizando-la-simpatia-y-haciendo-amigos-el-arte-de-la-fachada	2876	"Maximizando la simpatía y haciendo amigos - El Arte de la Fachada"	looksmaxing	"2025-11-12 17:08:10"	"2025-11-13 17:23:25"	3021	15079	49	16	1	1	1	looksmax.org		0	
/d/2880-el-cuidado-de-la-piel-es-mayormente-cope-guia-sobre-las-unicas-cosas-que-funcionan	2880	"El cuidado de la piel es mayormente cope / Guía sobre las únicas cosas que funcionan"	softmaxing	"2026-02-20 20:01:06"	"2026-03-08 17:50:34"	1647	10353	49	20	1	1	98	looksmax.org		0	
/d/2965-stack-de-heightmaxxing-algunos-consejos	2965	"Stack de Heightmaxxing + algunos consejos"	peptides	"2023-05-11 09:34:09"	"2023-05-22 15:39:49"	735	7377	49	17	1	1	84	looksmax.org		0	dosing/PED|DIY-procedure
/d/2970-hilo-de-alto-esfuerzo-sobre-todo-lo-que-he-ascendido-y-mas-greyfags-vayan	2970	"HILO DE ALTO ESFUERZO sobre todo lo que he ascendido y MÁS. GREYFAGS VAYAN"	looksmaxing	"2026-06-04 17:55:57"	"2026-06-04 19:37:47"	1413	12932	49	14	1	1	417	looksmax.org		0	
/d/3011-tips-para-aclarar-la-piel-legitimos	3011	"Tips para Aclarar la Piel (Legítimos)"	softmaxing	"2022-03-23 03:47:21"	"2022-03-23 20:50:00"	444	3979	49	10	1	1	47	looksmax.org		0	DIY-procedure
/d/3048-halos-que-pueden-compensar-una-cara-sub-chadlite	3048	"Halos que pueden compensar una cara sub chadlite"	looksmaxing	"2023-11-28 20:11:52"	"2023-11-29 14:07:04"	374	2766	49	17	1	1	2	looksmax.org		0	
/d/3125-por-que-la-proteina-es-tan-critica-como-hgh-para-crecer-si-no-mas	3125	"Por Qué la Proteína Es TAN Crítica Como HGH Para Crecer (Si No Más)"	peptides	"2022-08-19 19:39:07"	"2022-08-20 18:00:51"	954	3728	49	25	1	1	97	looksmax.org		0	dosing/PED
/d/3131-deshacerse-de-la-ansiedad-socialtorpezaaspieness	3131	"Deshacerse de la Ansiedad Social/Torpeza/Aspieness"	looksmaxing	"2019-12-16 01:51:02"	"2023-05-06 09:40:52"	995	3133	37	28	1	1	11	looksmax.org		0	
/d/3142-salvando-el-cabello-guia-completa-sobre-ru58841-minoxidil-dut-fin-y-otros-agentes	3142	"SALVANDO EL CABELLO: Guía completa sobre RU58841, minoxidil, dut, fin, y otros agentes"	softmaxing	"2019-12-19 06:12:58"	"2022-09-23 01:02:32"	2977	3180	9	9	1	1	28	looksmax.org		0	dosing/PED
/d/3151-como-restaurar-tu-prepucio	3151	"Cómo restaurar tu prepucio"	looksmaxing	"2019-12-21 04:03:43"	"2019-12-24 12:43:52"	390	4011	49	22	1	1	64	looksmax.org		0	
/d/3154-halos-y-failos	3154	"Halos y Failos"	looksmaxing	"2019-12-21 10:07:23"	"2024-03-02 12:22:00"	329	2331	36	17	1	1	10	looksmax.org		0	
/d/3158-lista-de-compras-de-looksmaxxing-para-navidad	3158	"Lista de compras de looksmaxxing para Navidad"	hardmaxing	"2019-12-21 16:27:08"	"2024-04-08 05:58:04"	107	2654	39	19	1	1	40	looksmax.org		0	dosing/PED
/d/3169-mega-thread-perdida-de-cabello-y-el-enfoque-saludable-sin-anti-androgenos	3169	"[Mega Thread] Pérdida de Cabello y el Enfoque Saludable (Sin Anti-Andrógenos)"	softmaxing	"2019-12-23 00:17:04"	"2021-01-05 16:33:41"	9412	10507	27	17	1	1	36	looksmax.org		0	dosing/PED
/d/3170-rasgos-de-la-triada-oscura-que-necesitas-en-2020	3170	"Rasgos de la Tríada Oscura que NECESITAS en 2020"	looksmaxing	"2019-12-23 04:35:13"	"2021-06-14 16:09:02"	1373	11325	31	22	1	1	21	looksmax.org		0	
/d/3182-los-mejores-tenis-y-botas-para-heightmaxing-calzado-para-aumentar-la-estatura-y-hacer-height-frauding	3182	"Los mejores tenis y botas para Heightmaxing - Calzado para aumentar la estatura y hacer height frauding"	softmaxing	"2019-12-25 07:01:02"	"2020-10-11 17:03:49"	310	2637	48	23	1	1	134	looksmax.org		0	
/d/3227-la-conexion-entre-los-androgenos-y-el-colageno	3227	"La conexión entre los Andrógenos y el Colágeno"	anabolicos	"2020-01-01 08:00:01"	"2020-03-16 10:41:51"	475	2874	49	22	1	1	26	looksmax.org		0	
/d/3248-como-y-por-que-el-gym-es-el-primer-looksmax-que-deberias-hacer-el-gymcelling-es-cope	3248	"¡Cómo y por qué el gym es el primer Looksmax que deberías hacer! (¡El gymcelling es COPE!)"	looksmaxing	"2020-01-04 14:28:33"	"2020-01-04 16:29:07"	318	1647	29	16	1	1	33	looksmax.org		0	
/d/3255-como-y-por-que-deberias-hacerle-gaslight-a-todos-los-que-conoces-en-la-vida-real	3255	"Cómo y por qué deberías hacerle Gaslight a todos los que conoces en la vida real"	looksmaxing	"2020-01-05 15:32:14"	"2020-01-06 00:35:10"	352	2759	49	28	1	1	34	looksmax.org		0	
/d/3274-unica-salvacion-para-facecels-con-base-osea-facial-mala-no-funcionara-en-manlets	3274	"Única salvación para facecels con base ósea facial mala (no funcionará en manlets)"	looksmaxing	"2020-01-07 11:04:21"	"2020-01-09 18:31:52"	186	1217	23	19	1	1	2	looksmax.org		0	
/d/3278-makeupmaxxing-parte-1-construyendo-una-buena-base	3278	"Makeupmaxxing Parte 1: Construyendo una buena Base"	softmaxing	"2020-01-08 05:43:03"	"2020-01-08 23:54:21"	683	3326	30	20	1	1	129	looksmax.org		0	DIY-procedure
/d/3313-base-de-datos-de-crecimiento-exitoso-con-peptidos	3313	"Base de datos de crecimiento exitoso con péptidos"	peptides	"2020-01-13 20:41:34"	"2020-05-09 01:26:54"	290	2305	37	13	1	1	22	looksmax.org		0	dosing/PED
/d/3316-gymmax-solo-principiantes	3316	"Gymmax [SOLO PRINCIPIANTES]"	looksmaxing	"2020-01-14 00:03:35"	"2022-09-17 23:32:52"	2125	4335	28	17	1	1	18	looksmax.org		0	sourcing
/d/3319-la-guia-de-recrecimiento-de-cabello-sin-riesgos	3319	"La guía de recrecimiento de cabello sin riesgos"	softmaxing	"2020-01-14 12:34:44"	"2020-09-05 07:59:38"	317	1520	20	14	1	1	56	looksmax.org		0	dosing/PED|DIY-procedure
/d/3322-maxila-4-posiciones	3322	"Maxila: 4 Posiciones"	looksmaxing	"2020-01-14 18:34:18"	"2021-03-06 23:38:50"	325	2050	46	14	1	1	38	looksmax.org		0	
/d/3323-para-quien-empiece-la-uni-o-tome-nuevas-clases-con-gente-diferente-socialmax	3323	"Para quien empiece la uni o tome nuevas clases con gente diferente [Socialmax]"	looksmaxing	"2020-01-14 20:57:46"	"2020-01-21 23:25:24"	339	3203	49	32	0	1	2	looksmax.org		0	dosing/PED
/d/3334-es-ratioipdpfl-maxxing	3334	"ES ratio/IPD/PFL maxxing"	looksmaxing	"2020-01-16 19:52:56"	"2023-02-18 18:35:09"	136	3420	48	16	1	1	25	looksmax.org		0	
/d/3335-como-realmente-obtener-un-buen-tercio-inferior	3335	"Cómo REALMENTE obtener un buen tercio inferior"	hardmaxing	"2020-01-16 20:49:41"	"2020-01-16 21:45:37"	122	1524	49	21	1	1	39	looksmax.org		0	
/d/3340-los-8-pilares-de-la-belleza	3340	"Los 8 Pilares de la Belleza"	looksmaxing	"2020-01-17 19:59:01"	"2020-01-18 01:32:52"	228	884	34	21	1	1	2	looksmax.org		0	dosing/PED
/d/3361-ratio-de-longitud-de-la-fisura-palpebral-respecto-al-ancho-facial-un-indicador-de-una-zona-ocular-armonica	3361	"Ratio de Longitud de la Fisura Palpebral respecto al Ancho Facial (Un Indicador de una Zona Ocular Armónica)"	looksmaxing	"2020-01-21 04:19:41"	"2020-03-29 12:47:19"	739	1437	33	15	1	1	64	looksmax.org		0	dosing/PED
/d/3366-la-guia-universal-de-looksmaxxing	3366	"La guía universal de looksmaxxing"	looksmaxing	"2020-01-21 17:59:01"	"2020-01-22 02:01:45"	284	1300	30	18	1	1	25	looksmax.org		0	dosing/PED
/d/3369-como-hacerse-framemaxx	3369	"Cómo hacerse framemaxx"	hardmaxing	"2020-01-21 22:59:36"	"2020-01-21 23:45:10"	132	870	25	10	1	1	14	looksmax.org		0	dosing/PED
/d/3374-como-elegir-el-procedimiento-correcto-de-levantamiento-o-aumento-de-labios	3374	"Cómo Elegir el Procedimiento Correcto de Levantamiento o Aumento de Labios"	hardmaxing	"2020-01-22 19:06:47"	"2026-07-31 05:03:55"	1193	2005	42	32	1	1	100	looksmax.org		0	sourcing
/d/3377-curso-expres-quien-va-a-ascender-con-cirugia-ortognatica-y-quien-probablemente-no	3377	"[Curso Exprés] Quién va a ascender con cirugía ortognática y quién probablemente no"	hardmaxing	"2020-01-22 22:19:55"	"2020-05-05 16:01:31"	531	2740	49	23	1	1	39	looksmax.org		0	sourcing
/d/3426-high-quadrangular-lefort-1-imm-implants-lefort-3-megathread	3426	"High \"Quadrangular\" Lefort 1 + IMM Implants = Lefort 3 MEGATHREAD"	hardmaxing	"2020-01-29 16:53:54"	"2020-03-13 17:04:04"	112	781	19	15	1	1	20	looksmax.org		0	
/d/3436-como-determinar-el-desarrollo-del-maxilar-por-la-sonrisa	3436	"Cómo determinar el desarrollo del maxilar por la sonrisa"	looksmaxing	"2020-01-31 11:50:15"	"2024-12-01 18:18:56"	289	843	27	19	1	1	44	looksmax.org		0	
/d/3440-como-comer-correctamente-para-maximizar-el-potencial-de-looksmax	3440	"¿Cómo comer correctamente para maximizar el potencial de looksmax?"	looksmaxing	"2020-02-01 00:20:09"	"2021-02-02 17:55:57"	911	4735	49	37	1	1	84	looksmax.org		0	
/d/3449-como-tener-sexo	3449	"Cómo tener sexo"	looksmaxing	"2020-02-02 17:04:59"	"2020-02-02 20:45:17"	272	1624	49	34	1	1	56	looksmax.org		0	
/d/3454-chico-maxxing	3454	"Chico Maxxing"	looksmaxing	"2020-02-03 01:34:18"	"2020-02-21 11:18:18"	61	632	26	21	1	1	18	looksmax.org		0	
/d/3456-guia-basica-de-cirugia-de-mandibula-para-principiantes	3456	"GUÍA BÁSICA DE CIRUGÍA DE MANDÍBULA PARA PRINCIPIANTES"	hardmaxing	"2020-02-03 04:42:25"	"2021-02-21 16:17:42"	484	1234	19	15	1	1	27	looksmax.org		0	
/d/3465-peptido-inductor-del-sueno-delta-dsip-como-aumentar-dramaticamente-tu-t-y-gh	3465	"Péptido Inductor del Sueño Delta (DSIP) cómo aumentar dramáticamente tu T y GH."	peptides	"2020-02-04 01:26:50"	"2020-02-05 02:58:25"	840	3210	49	18	1	1	22	looksmax.org		0	dosing/PED
/d/3485-la-rlt-terapia-de-luz-roja-es-tu-mejor-amiga-gtfih	3485	"La RLT (Terapia de Luz Roja) es tu mejor amiga GTFIH"	softmaxing	"2020-02-07 20:02:20"	"2022-11-28 18:13:56"	355	1665	31	17	1	1	52	looksmax.org		0	
/d/3488-el-anzuelo-oxidado	3488	"El anzuelo oxidado"	looksmaxing	"2020-02-07 23:16:36"	"2020-02-07 23:57:36"	104	236	6	3	1	1	15	looksmax.org		0	
/d/3495-guia-completa-para-mejorar-tus-conexiones-sociales-maximizar-el-ligue-en-el-antro-mientras-estas-en-la-universidad-hilo-muy-largo	3495	"Guía completa para mejorar tus conexiones sociales/ maximizar el ligue en el antro mientras estás en la universidad [HILO MUY LARGO]"	looksmaxing	"2020-02-08 20:15:44"	"2021-06-15 23:17:08"	2390	9822	47	22	1	1	11	looksmax.org		0	dosing/PED
/d/3497-como-fraude-en-instagram-en-30-dias	3497	"Cómo fraude en Instagram en 30 días"	looksmaxing	"2020-02-09 16:36:21"	"2020-02-09 18:53:01"	224	1495	29	13	0	1	2	looksmax.org		0	
/d/3515-lista-no-exhaustiva-de-defectos-y-formas-de-arreglarlos	3515	"Lista no exhaustiva de defectos y formas de arreglarlos"	looksmaxing	"2020-02-12 19:43:09"	"2020-02-15 12:26:04"	250	2641	43	25	1	1	12	looksmax.org		0	
/d/3525-como-arrasar-en-la-vida-social-16-18-anos	3525	"Cómo arrasar en la vida social (16-18 años)"	looksmaxing	"2020-02-14 01:07:30"	"2020-02-14 07:36:51"	999	3225	17	12	1	1	14	looksmax.org		0	dosing/PED
/d/3543-guia-de-skinmaxxing-al-maximo-historia-de-como-mejore-mi-piel-en-3-meses	3543	"Guía de skinmaxxing al máximo. Historia de cómo mejoré mi piel en 3 meses."	softmaxing	"2020-02-16 03:05:13"	"2020-02-16 18:48:52"	275	2079	25	15	1	1	25	looksmax.org		0	
/d/3545-looksmaxxing-edicion-negra	3545	"Looksmaxxing (Edición Negra)"	looksmaxing	"2020-02-16 15:38:17"	"2020-02-17 14:26:57"	584	918	12	11	1	1	60	looksmax.org		0	
/d/3553-guia-lipoescultura-de-alta-definicion-cirugia-para-el-six-pack-y-eliminacion-permanente-de-grasa	3553	"GUÍA: Lipoescultura de Alta Definición - Cirugía para el Six Pack y Eliminación Permanente de Grasa"	hardmaxing	"2020-02-18 14:34:19"	"2025-08-16 12:41:59"	638	6187	46	31	1	1	116	looksmax.org		0	dosing/PED
/d/3600-voicecells-gtfih-metodo-acv	3600	"VoiceCells GTFIH (método ACV)"	softmaxing	"2020-02-24 02:33:24"	"2020-10-14 19:22:55"	269	2067	49	26	1	1	10	looksmax.org		0	dosing/PED
/d/3616-guia-de-mental-health-maxx	3616	"Guía de Mental Health Maxx"	looksmaxing	"2020-02-26 15:44:47"	"2026-07-04 10:33:38"	278	3868	33	19	1	1	3	looksmax.org		0	dosing/PED
/d/3633-creacion-del-aparato-dowden-v1-jala-tu-maxilar-hacia-adelante	3633	"Creación del aparato Dowden V1 - Jala tu maxilar hacia adelante"	hardmaxing	"2020-02-29 05:06:26"	"2020-02-29 22:37:10"	128	2938	49	22	1	1	202	looksmax.org		0	sourcing
/d/3640-cosas-que-ya-deberias-estar-haciendo-como-looksmaxxer	3640	"Cosas que ya deberías estar haciendo como looksmaxxer."	looksmaxing	"2020-03-01 03:28:24"	"2020-03-01 10:49:17"	528	1672	29	14	1	1	19	looksmax.org		0	
/d/3642-la-ciencia-detras-del-no-fap-megahilo	3642	"La Ciencia Detrás del No-Fap [Megahilo]"	looksmaxing	"2020-03-01 12:59:18"	"2020-03-06 22:11:17"	1183	4174	49	34	1	1	169	looksmax.org		0	dosing/PED|sourcing
/d/3645-como-reducir-definitivamente-el-scleral-showaumentar-la-firmeza-del-parpado-inferior-sin-cirugia	3645	"Cómo reducir definitivamente el scleral show/aumentar la firmeza del párpado inferior sin cirugía"	looksmaxing	"2020-03-01 16:36:18"	"2024-05-27 15:17:42"	391	591	12	10	1	1	12	looksmax.org		0	
/d/3647-como-dormir-correctamente	3647	"Cómo dormir correctamente"	softmaxing	"2020-03-01 19:46:04"	"2026-01-02 02:09:59"	921	4989	34	21	1	1	123	looksmax.org		0	
/d/3652-importancia-de-la-proyeccion-de-la-nariz-y-el-grosor-del-cuello-de-perfil-con-mis-propias-fotos	3652	"importancia de la proyección de la nariz y el grosor del cuello de perfil, con mis propias fotos"	looksmaxing	"2020-03-02 02:02:18"	"2020-03-04 00:55:57"	370	2387	38	20	1	1	67	looksmax.org		0	
/d/3659-niveles-de-looksmaxxing	3659	"Niveles de Looksmaxxing"	looksmaxing	"2020-03-02 10:20:35"	"2020-03-09 00:57:57"	124	857	33	28	0	1	2	looksmax.org		0	dosing/PED
/d/3681-como-hacer-instagramsnapchat-max	3681	"Cómo Hacer Instagram/Snapchat Max"	looksmaxing	"2020-03-06 01:38:05"	"2020-05-04 06:21:07"	144	1758	35	18	1	1	3	looksmax.org		0	
/d/3686-delgado-pero-aun-hinchado-retienes-mucha-agua-gtfih	3686	"¿DELGADO PERO AÚN HINCHADO? ¿RETIENES MUCHA AGUA? GTFIH!"	looksmaxing	"2020-03-07 19:49:53"	"2020-04-07 15:08:03"	806	2279	18	17	0	0	0	looksmax.org		0	dosing/PED
/d/3690-rasgos-masculinos-descritos-en-las-partes-de-la-cara	3690	"rasgos masculinos descritos en las partes de la cara"	looksmaxing	"2020-03-08 00:54:19"	"2020-03-10 06:10:36"	1414	3456	31	16	1	1	17	looksmax.org		0	
/d/3715-como-saber-que-piensan-realmente-de-ti	3715	"Cómo saber qué piensan realmente de ti"	looksmaxing	"2020-03-12 01:21:42"	"2020-03-16 20:55:35"	142	2484	49	34	0	0	0	looksmax.org		0	
/d/3728-consejo-para-adelgazarse-con-esfuerzo-minimo	3728	"consejo para adelgazarse con esfuerzo mínimo"	looksmaxing	"2020-03-14 15:27:49"	"2020-03-16 01:13:12"	257	2463	46	18	1	1	1	looksmax.org		0	dosing/PED
/d/3748-como-ser-un-macho-alfa-como-un-hombre-negro	3748	"Cómo ser un macho alfa como un hombre negro"	looksmaxing	"2020-03-16 05:27:23"	"2020-03-16 16:46:35"	432	918	20	13	1	1	6	looksmax.org		0	dosing/PED|sourcing
/d/3749-gymcels-gtfih-entrenamiento-de-cuerpo-completo-en-casa-sin-equipo	3749	"Gymcels GTFIH - ENTRENAMIENTO DE CUERPO COMPLETO en casa sin equipo"	looksmaxing	"2020-03-16 11:01:29"	"2020-03-17 16:14:06"	103	923	28	14	1	1	34	looksmax.org		0	DIY-procedure
/d/3757-phenopill-nortico-atlantido	3757	"[PhenoPill] Nórtico-atlántido"	looksmaxing	"2020-03-17 03:49:55"	"2020-03-17 14:15:37"	248	1959	49	23	1	1	84	looksmax.org		0	sourcing
/d/3766-pasado-por-alto-pero-masivo-para-el-desarrollo	3766	"Pasado por alto pero MASIVO para el desarrollo"	anabolicos	"2020-03-18 12:08:20"	"2026-01-27 18:00:11"	264	1218	19	12	1	1	36	looksmax.org		0	dosing/PED
/d/3831-expansion-del-maxilarpaladar	3831	"Expansión del Maxilar/Paladar"	hardmaxing	"2020-03-25 15:44:53"	"2024-04-12 17:12:07"	1204	4376	29	19	1	1	47	looksmax.org		0	DIY-procedure
/d/3839-el-look-ardiente-y-como-lograrlo	3839	"El Look \"Ardiente\" Y Cómo Lograrlo"	looksmaxing	"2020-03-27 05:56:55"	"2020-03-27 07:14:32"	360	2114	49	16	1	1	72	looksmax.org		0	
/d/3845-el-stack-definitivo-para-mejorar-tu-vida	3845	"El stack definitivo para mejorar tu vida"	anabolicos	"2020-03-27 19:12:43"	"2023-05-31 15:27:49"	550	2887	25	18	1	1	19	looksmax.org		0	dosing/PED
/d/3858-dejando-las-adicciones-y-previniendo-la-resaca-con-n-acetilcisteina	3858	"dejando las adicciones y previniendo la resaca con N-Acetilcisteína"	looksmaxing	"2020-03-30 17:02:55"	"2020-03-30 23:55:44"	211	532	6	5	0	1	11	looksmax.org		0	
/d/3889-como-medir-un-maxilar-retraido	3889	"Cómo medir un maxilar retraído"	hardmaxing	"2020-04-03 10:54:55"	"2020-05-29 02:41:20"	120	1088	49	32	1	1	46	looksmax.org		0	
/d/3908-como-convertirse-en-low-inhib	3908	"Cómo convertirse en low inhib"	looksmaxing	"2020-04-05 17:39:52"	"2020-04-06 13:57:56"	111	1025	27	18	1	1	23	looksmax.org		0	
/d/3919-happiness-maxxing	3919	Happiness-Maxxing	looksmaxing	"2020-04-06 23:48:13"	"2025-02-09 02:32:15"	626	1250	17	14	0	0	0	looksmax.org		0	
/d/3921-ayuno-de-dopamina	3921	"Ayuno de dopamina"	looksmaxing	"2020-04-07 17:34:48"	"2020-04-08 07:29:30"	100	730	21	12	1	1	6	looksmax.org		0	
/d/3931-rutina-diaria-para-gente-que-se-siente-estancada-en-la-vida-post-largo	3931	"Rutina diaria para gente que se siente estancada en la vida [Post Largo]"	looksmaxing	"2020-04-09 00:46:48"	"2020-09-24 17:57:45"	906	5147	32	27	1	1	1	looksmax.org		0	
/d/3940-la-forma-mas-precisa-de-medir-el-midface	3940	"La forma más precisa de medir el midface"	looksmaxing	"2020-04-10 02:52:16"	"2025-08-09 09:58:32"	114	1112	21	13	1	1	38	looksmax.org		0	
/d/3947-forma-sugerida-de-estandarizar-el-ratio-del-tercio-medio-facial-y-el-fwhr-y-herramienta-util-para-medirlos	3947	"Forma sugerida de estandarizar el ratio del tercio medio facial y el FWHR, y herramienta útil para medirlos"	looksmaxing	"2020-04-10 10:28:05"	"2020-04-30 12:39:25"	1046	1567	24	17	1	1	62	looksmax.org		0	
/d/3955-que-significa-la-sentiencia	3955	"¿Qué significa la sentiencia?"	looksmaxing	"2020-04-11 08:04:05"	"2023-10-02 18:05:31"	1325	2942	43	24	1	1	85	looksmax.org		0	
/d/3961-como-seleccionar-dioses-psl	3961	"Cómo seleccionar Dioses PSL"	looksmaxing	"2020-04-11 20:30:41"	"2020-04-13 16:15:06"	102	668	36	22	1	1	141	looksmax.org		0	
/d/3968-como-hacer-looksmaxx-siendo-hombre-asiatico	3968	"Cómo hacer Looksmaxx siendo Hombre Asiático"	softmaxing	"2020-04-12 17:23:18"	"2020-04-13 10:08:07"	564	1802	33	18	1	1	51	looksmax.org		0	dosing/PED
/d/3970-tabla-y-guia-de-estatura	3970	"Tabla y guía de estatura"	looksmaxing	"2020-04-12 18:08:19"	"2023-08-18 09:18:40"	1328	8085	49	34	1	1	88	looksmax.org		0	
/d/3973-gtfih-forma-de-bajar-de-peso-mas-rapido-con-suplementos-orlistat-y-belviq-nunca-antes-presentado-en-psl	3973	"¡¡GTFIH!! Forma de bajar de peso MÁS RÁPIDO con suplementos (Orlistat y Belviq) [Nunca antes presentado en PSL]"	looksmaxing	"2020-04-12 21:09:33"	"2020-04-13 08:33:42"	635	2914	28	14	1	1	20	looksmax.org		0	dosing/PED
/d/3975-una-guia-realista-del-mewing-como-hacerlo-y-que-esperar	3975	"Una guía realista del mewing, cómo hacerlo, y qué esperar"	softmaxing	"2020-04-12 23:17:38"	"2020-04-13 02:20:44"	972	5410	49	19	1	1	45	looksmax.org		0	
/d/3977-como-ascender-el-fenotipo-pelirrojo-el-pelirrojo-es-la-mejor-base-para-el-looksmaxing-ascendi-exitosamente-a-chad-usando-estos-tips-mods-pin	3977	"¡CÓMO ASCENDER EL FENOTIPO PELIRROJO! EL PELIRROJO ES LA MEJOR BASE PARA EL LOOKSMAXING. ASCENDÍ EXITOSAMENTE A CHAD USANDO ESTOS TIPS. MODS PIN"	looksmaxing	"2020-04-13 14:56:18"	"2023-11-17 02:38:59"	1162	5246	36	26	1	1	181	looksmax.org		0	dosing/PED
/d/3980-la-formula-masculina	3980	"La fórmula masculina"	looksmaxing	"2020-04-13 19:54:29"	"2020-04-14 09:30:56"	984	6653	49	23	1	1	27	looksmax.org		0	
/d/4014-la-mejor-y-unica-guia-de-skincare-que-jamas-necesitaras	4014	"La mejor y única guía de skincare que jamás necesitarás"	softmaxing	"2020-04-18 16:53:02"	"2020-04-27 23:08:42"	9	1915	49	23	1	1	36	looksmax.org		0	
/d/4038-como-curar-la-depresion-expresion-1-video-y-tecnica-que-me-ha-ayudado-con-la-depresion-en-el-pasado	4038	"Cómo Curar la Depresión: Expresión... #1 Video y Técnica que me ha Ayudado con la Depresión en el Pasado"	looksmaxing	"2020-04-21 06:25:08"	"2020-05-24 13:15:16"	170	1059	16	10	1	1	78	looksmax.org		0	
/d/4053-ramadan-maxxing-como-bajar-de-peso-maximizar-tus-ganancias-y-minimizar-la-atrofia-en-el-mes-sagrado-muslimcels-gtfih	4053	"Ramadan Maxxing: Cómo bajar de peso, maximizar tus ganancias y minimizar la atrofia en el mes sagrado (Muslimcels GTFIH)"	looksmaxing	"2020-04-22 05:39:15"	"2020-04-23 09:24:05"	582	2219	37	12	1	1	35	looksmax.org		0	dosing/PED
/d/4057-ponte-mamado-o-muere-mirin	4057	"PONTE MAMADO O MUERE MIRIN"	looksmaxing	"2020-04-22 18:36:05"	"2020-05-19 21:28:37"	4559	5277	40	23	1	1	59	looksmax.org		0	
/d/4063-guia-definitiva-de-instagram-maxing	4063	"GUÍA DEFINITIVA DE INSTAGRAM MAXING"	looksmaxing	"2020-04-24 01:13:19"	"2021-09-22 00:55:48"	193	709	23	15	1	1	8	looksmax.org		0	
/d/4073-estiramiento-de-pene-1-pulgada-de-ganancias	4073	"Estiramiento de Pene (+1 pulgada de Ganancias)"	looksmaxing	"2020-04-24 19:41:07"	"2020-04-26 14:12:26"	238	1438	34	20	1	1	30	looksmax.org		0	
/d/4075-mejores-cortesestilos-de-cabello-para-diferentes-tipos-de-caras	4075	"MEJORES CORTES/ESTILOS DE CABELLO PARA DIFERENTES TIPOS DE CARAS"	softmaxing	"2020-04-24 20:33:22"	"2020-07-02 21:59:57"	1369	1687	20	19	1	1	135	looksmax.org		0	
/d/4081-tecnica-lifehack-facil-para-salir-de-la-cama-y-dejar-de-pudrirse	4081	"Técnica LifeHack Fácil Para Salir de la Cama y Dejar de Pudrirse"	looksmaxing	"2020-04-25 16:36:17"	"2020-04-27 14:03:37"	253	1199	25	14	1	1	55	looksmax.org		0	
/d/4082-guia-definitiva-para-el-cuidado-del-cabello-la-caida-del-cabello-y-la-prevencion-de-la-caida-del-cabello	4082	"GUÍA DEFINITIVA PARA EL CUIDADO DEL CABELLO, LA CAÍDA DEL CABELLO Y LA PREVENCIÓN DE LA CAÍDA DEL CABELLO"	softmaxing	"2020-04-25 18:42:45"	"2023-07-21 19:56:19"	8621	16682	15	14	1	1	20	looksmax.org		0	dosing/PED
/d/4087-como-tener-mejillas-hundidas-sin-cirugiatratamientos-poorcelsbloatcels-gtfih	4087	"Cómo tener mejillas hundidas (Sin cirugía/tratamientos) POORCELS/BLOATCELS GTFIH"	softmaxing	"2020-04-26 02:24:57"	"2024-04-11 20:22:03"	954	5246	32	30	1	1	104	looksmax.org		0	
/d/4094-maxeo-de-atractivo-sexual-looksmaxxes-practicos	4094	"Maxeo de Atractivo Sexual - Looksmaxxes Prácticos"	looksmaxing	"2020-04-26 17:00:12"	"2021-03-15 11:52:32"	1693	6903	27	22	1	1	117	looksmax.org		0	
/d/4115-como-mantener-a-una-chica-en-una-relacion-a-largo-plazo	4115	"Cómo mantener a una chica en una relación a largo plazo"	looksmaxing	"2020-04-29 15:54:50"	"2020-04-29 16:38:37"	442	2223	27	13	1	1	2	looksmax.org		0	
/d/4122-location-maxing-por-raza-gtfih	4122	"Location Maxing por Raza [GTFIH]"	looksmaxing	"2020-04-30 20:02:58"	"2020-04-30 23:54:07"	68	2542	49	24	1	1	15	looksmax.org		0	
/d/4150-el-mayor-quick-fix-para-looksmaxxing	4150	"El mayor quick fix para looksmaxxing"	looksmaxing	"2020-05-04 18:13:15"	"2020-05-05 15:21:48"	150	1052	21	11	1	1	35	looksmax.org		0	
/d/4154-conoce-la-diferencia-entre-hunter-eyes-y-hooded-eyes	4154	"CONOCE la diferencia entre hunter eyes y hooded eyes"	looksmaxing	"2020-05-04 20:46:14"	"2023-08-15 13:40:48"	89	1895	49	26	1	1	45	looksmax.org		0	
/d/4164-prettyboymaxxing-softmaxxing	4164	"Prettyboymaxxing softmaxxing"	softmaxing	"2020-05-05 23:38:12"	"2020-05-06 15:46:13"	107	662	25	11	1	1	7	looksmax.org		0	DIY-procedure
/d/4168-la-unica-guia-para-la-ascension-quirurgica	4168	"La única guía para la ascensión quirúrgica"	hardmaxing	"2020-05-06 15:45:37"	"2020-05-09 11:12:35"	569	3271	49	23	1	1	16	looksmax.org		0	dosing/PED
/d/4197-estetica-anabolica	4197	"Estética Anabólica"	anabolicos	"2020-05-09 12:30:42"	"2020-05-09 18:15:55"	1976	4961	24	7	1	1	29	looksmax.org		0	dosing/PED
/d/4241-guia-definitiva-de-dieta-para-looksmaxxers-jovenes	4241	"Guía Definitiva de Dieta para Looksmaxxers Jóvenes."	looksmaxing	"2020-05-18 10:13:48"	"2020-06-08 19:13:54"	836	1851	16	8	1	1	2	looksmax.org		0	
/d/4266-b-como-producir-mas-testosterona-y-hgh-de-forma-natural-b	4266	"[B] ¿Cómo producir más testosterona y HGH de forma natural? [/B]"	anabolicos	"2020-05-21 23:41:52"	"2020-05-22 00:25:40"	946	2117	22	7	1	1	26	looksmax.org		0	dosing/PED
/d/4267-guia-de-hairmaxxing-para-cabello-fino-y-grasoso	4267	"Guía de hairmaxxing para cabello fino y grasoso"	softmaxing	"2020-05-21 23:47:41"	"2022-09-26 10:25:55"	217	2233	36	12	1	1	66	looksmax.org		0	dosing/PED
/d/4274-guia-de-skincare-economica-mas-eficiente	4274	"¡¡GUÍA DE SKINCARE ECONÓMICA MÁS EFICIENTE!!"	softmaxing	"2020-05-22 18:42:08"	"2020-05-29 21:57:13"	172	1973	37	15	1	1	45	looksmax.org		0	
/d/4288-deja-de-hacer-sentadillas-y-peso-muerto-una-guia-gymcel-para-la-estetica-corporal	4288	"Deja de hacer sentadillas y peso muerto. Una guía gymcel para la estética corporal."	looksmaxing	"2020-05-25 09:41:11"	"2020-09-10 23:54:36"	665	3664	49	36	1	1	34	looksmax.org		0	dosing/PED
/d/4299-como-deshacerte-de-los-puntos-negros	4299	"Cómo deshacerte de los puntos negros"	softmaxing	"2020-05-26 04:57:18"	"2023-07-02 01:41:58"	605	1156	12	10	1	1	2	looksmax.org		0	dosing/PED
/d/4307-socialmaxxing-resumen-de-como-ganar-amigos-e-influir-sobre-las-personas	4307	"[Socialmaxxing] Resumen de Cómo ganar amigos e influir sobre las personas"	looksmaxing	"2020-05-26 23:14:38"	"2020-05-31 08:49:44"	1167	4893	35	32	1	1	39	looksmax.org		0	
/d/4317-sleepmaxxing	4317	Sleepmaxxing	softmaxing	"2020-05-28 10:04:31"	"2020-05-28 16:41:39"	181	1497	28	10	1	1	44	looksmax.org	C339	0	
/d/4343-manlets-fracasos-entra-carajo	4343	"Manlets fracasos entra carajo"	softmaxing	"2020-05-31 17:29:41"	"2020-07-01 16:50:21"	80	758	23	18	1	1	56	looksmax.org		0	
/d/4374-como-hacer-un-aparato-de-facepulling-actualizado	4374	"CÓMO HACER UN APARATO DE FACEPULLING (ACTUALIZADO)"	hardmaxing	"2020-06-04 02:24:24"	"2024-02-14 20:26:05"	913	1249	16	10	1	1	20	looksmax.org		0	
/d/4379-guia-de-vitamina-c	4379	"Guía de Vitamina C"	softmaxing	"2020-06-04 13:33:38"	"2023-02-05 02:49:27"	614	2214	31	20	0	0	0	looksmax.org		0	dosing/PED
/d/4381-consejos-de-pubertymaxx	4381	"Consejos de pubertymaxx"	looksmaxing	"2020-06-05 11:43:33"	"2020-06-06 21:58:22"	689	1542	33	20	1	1	2	looksmax.org		0	dosing/PED
/d/4386-aumentar-la-testosterona-naturalmente	4386	"Aumentar la Testosterona Naturalmente"	anabolicos	"2020-06-05 20:46:13"	"2020-06-06 07:07:08"	383	1121	23	18	1	1	23	looksmax.org		0	dosing/PED
/d/4393-la-unica-guia-de-moda-que-jamas-necesitaras	4393	"La única guía de moda que jamás necesitarás"	softmaxing	"2020-06-07 12:40:48"	"2020-12-06 02:40:11"	284	913	25	14	1	1	82	looksmax.org		0	
/d/4396-el-secreto-para-arrasar-es-combinar-la-pildora-roja-y-la-pildora-negra	4396	"El secreto para arrasar es combinar La Píldora Roja y La Píldora Negra"	looksmaxing	"2020-06-07 20:01:34"	"2020-06-12 19:42:27"	492	2915	46	31	0	0	0	looksmax.org		0	
/d/4407-ghcels-metanse-aqui	4407	"GHcels métanse aquí"	anabolicos	"2020-06-09 17:09:52"	"2020-06-09 21:15:40"	428	1937	35	14	1	1	29	looksmax.org		0	dosing/PED
/d/4410-psa-la-distorsion-de-lente-no-funciona-como-crees-que-funciona	4410	"PSA: La distorsión de lente no funciona como crees que funciona"	looksmaxing	"2020-06-10 02:51:56"	"2022-02-19 07:37:50"	460	810	15	11	1	1	22	looksmax.org		0	
/d/4426-la-dieta-carnivora-la-blackpill-perdida	4426	"~ La dieta carnívora ~ La blackpill perdida~"	looksmaxing	"2020-06-12 19:19:01"	"2020-06-13 17:44:15"	541	3138	42	30	1	1	58	looksmax.org		0	sourcing
/d/4445-voicemaxxing	4445	Voicemaxxing	softmaxing	"2020-06-14 18:54:24"	"2022-12-06 21:38:50"	529	1989	24	21	1	1	59	looksmax.org		0	
/d/4447-como-deshacerte-del-cuerpo-skinny-fat-y-transformarte	4447	"Cómo deshacerte del cuerpo skinny fat y transformarte"	looksmaxing	"2020-06-15 00:58:08"	"2020-08-22 21:54:26"	1031	1942	25	15	1	1	8	looksmax.org		0	dosing/PED
/d/4480-formas-posibles-de-reparar-parcialmente-failos-irreparables	4480	"Formas Posibles de Reparar Parcialmente \"FAILOS IRREPARABLES\"	hardmaxing	"2020-06-17 21:30:13"	"2021-03-11 18:25:25"	741	2137	23	19	1	1	101	looksmax.org		0	
/d/4486-la-guia-definitiva-para-bajar-de-peso	4486	"La Guía Definitiva para Bajar de Peso"	looksmaxing	"2020-06-21 11:31:32"	"2020-06-28 10:14:21"	940	5572	24	11	1	1	69	looksmax.org		0	
/d/4500-como-determinar-si-tienes-aplanamiento-paranasal-hundimiento-paranasal	4500	"Cómo determinar si tienes aplanamiento paranasal (hundimiento paranasal)"	looksmaxing	"2020-06-22 15:30:32"	"2025-02-06 22:44:01"	277	468	15	11	1	1	28	looksmax.org		0	
/d/4504-beardmaxing-guia-de-mandibula-y-barba	4504	"Beardmaxing: Guía de mandíbula y barba"	softmaxing	"2020-06-23 11:05:14"	"2026-07-04 14:16:17"	266	1502	22	9	1	1	77	looksmax.org		0	
/d/4540-lee-esto-antes-de-hacer-looksmaxing	4540	"Lee esto antes de hacer looksmaxing"	looksmaxing	"2020-06-28 11:17:31"	"2020-06-28 20:48:33"	918	4533	27	12	1	1	8	looksmax.org		0	
/d/4550-guia-de-frame-maxxing	4550	"Guía de Frame Maxxing"	looksmaxing	"2020-06-28 22:43:21"	"2024-06-22 03:22:30"	752	7150	49	37	1	1	256	looksmax.org		0	
/d/4568-la-guia-de-nichos-de-papabakvet	4568	"La guía de nichos de Papabakvet"	looksmaxing	"2020-06-30 12:19:22"	"2020-06-30 15:53:09"	565	2533	49	23	1	1	68	looksmax.org		0	
/d/4588-megathread-de-tmd	4588	"Megathread de TMD"	hardmaxing	"2020-07-01 22:42:05"	"2021-08-30 07:32:43"	1077	1947	18	10	1	1	61	looksmax.org		0	dosing/PED
/d/4593-guia-de-thugmaxxing	4593	"Guía de Thugmaxxing"	looksmaxing	"2020-07-02 20:21:53"	"2020-08-18 18:57:32"	1042	5355	49	24	1	1	17	looksmax.org		0	
/d/4601-el-deporte-amateur-mas-eficiente-para-ligar-irl	4601	"El Deporte Amateur Más Eficiente para Ligar IRL"	looksmaxing	"2020-07-03 16:50:36"	"2020-07-04 09:23:07"	640	3479	38	16	1	1	64	looksmax.org		0	dosing/PED
/d/4614-psa-los-tratamientos-ortodoncicos-no-son-tan-malos	4614	"PSA: Los Tratamientos Ortodóncicos No Son Tan Malos"	softmaxing	"2020-07-04 19:04:48"	"2022-11-13 06:22:52"	433	1252	31	21	1	1	40	looksmax.org		0	
/d/4620-el-puntaje-de-atractivo-en-la-vida-real	4620	"El puntaje de atractivo en la vida real"	looksmaxing	"2020-07-05 13:17:12"	"2020-07-06 17:29:37"	526	1711	31	23	1	1	65	looksmax.org		0	
/d/4621-como-hacer-un-extensor-estilo-phallosan-forte-por-110-del-precio	4621	"Cómo hacer un extensor estilo phallosan forte por 1/10 del precio"	looksmaxing	"2020-07-05 18:02:49"	"2021-04-24 17:09:09"	273	1466	19	10	1	1	36	looksmax.org		0	
/d/4644-la-guia-definitiva-de-eboymaxxing	4644	"La Guía Definitiva de Eboymaxxing"	softmaxing	"2020-07-08 00:59:12"	"2025-04-05 18:27:25"	1502	3271	49	24	1	1	68	looksmax.org		0	
/d/4651-todo-lo-que-necesitas-saber-sobre-la-caida-del-cabello-esta-en-este-hilo	4651	"TODO LO QUE NECESITAS SABER SOBRE LA CAÍDA DEL CABELLO ESTÁ EN ESTE HILO"	softmaxing	"2020-07-08 18:33:36"	"2020-07-12 10:25:23"	619	2189	49	21	1	1	4	looksmax.org		0	dosing/PED
/d/4681-como-triunfar-en-las-citas-en-linea-y-tinder	4681	"Cómo triunfar en las citas en línea y Tinder."	looksmaxing	"2020-07-12 15:26:53"	"2020-07-22 21:07:02"	94	1514	41	25	1	1	10	looksmax.org		0	
/d/4692-gestion-del-tiempologra-tus-metas-mas-rapido	4692	"GESTIÓN DEL TIEMPO/LOGRA TUS METAS MÁS RÁPIDO"	looksmaxing	"2020-07-14 01:10:42"	"2020-07-14 14:47:23"	621	1369	9	9	1	1	31	looksmax.org		0	
/d/4695-anavar-copia-y-pega-de-steroidcom	4695	"Anavar (Copia y Pega de steroid.com)"	anabolicos	"2020-07-14 05:46:29"	"2020-07-14 20:30:23"	3693	11785	49	23	1	1	6	looksmax.org		0	dosing/PED
/d/4702-como-mentir-efectivamente-y-conseguir-lo-que-quieres	4702	"Cómo Mentir Efectivamente y Conseguir Lo Que Quieres"	looksmaxing	"2020-07-14 22:48:41"	"2022-03-10 17:50:15"	938	2237	18	10	1	1	22	looksmax.org		0	
/d/4720-mata-tu-ansiedad-social-guia-completa-parte-0-aprendiendo-a-gatear	4720	"Mata tu ansiedad social (Guía completa) Parte 0 - Aprendiendo a gatear"	looksmaxing	"2020-07-16 16:17:25"	"2020-07-17 21:06:31"	1467	3269	49	25	1	1	43	looksmax.org		0	
/d/4723-como-lograr-una-cara-dismorfica	4723	"Cómo lograr una cara dismórfica"	looksmaxing	"2020-07-16 18:07:30"	"2022-01-24 04:20:43"	456	1226	39	9	1	1	51	looksmax.org		0	dosing/PED|sourcing
/d/4738-guia-completa-de-como-ascender-por-caracteristica-facial-individual	4738	"Guía completa de cómo ascender por característica facial individual"	looksmaxing	"2020-07-18 14:49:33"	"2025-08-28 19:03:47"	2520	10472	35	18	1	1	428	looksmax.org		0	
/d/4739-la-guia-definitiva-para-un-pene-saludable-y-duro-gtfih	4739	"La Guía Definitiva para un Pene Saludable y Duro GTFIH"	looksmaxing	"2020-07-18 15:54:53"	"2020-07-23 07:18:38"	5145	6261	49	22	1	1	55	looksmax.org		0	dosing/PED
/d/4749-la-guia-definitiva-de-hipertrofia-gymmaxxing	4749	"La guía definitiva de hipertrofia (Gymmaxxing)"	looksmaxing	"2020-07-19 19:16:02"	"2020-11-06 10:54:58"	1194	3515	38	12	1	1	6	looksmax.org		0	dosing/PED
/d/4750-como-arrasar-en-tinder	4750	"Cómo arrasar en Tinder"	looksmaxing	"2020-07-19 19:48:46"	"2020-07-19 20:28:50"	581	2154	35	19	1	1	7	looksmax.org		0	
/d/4757-masticacion-efectiva	4757	"Masticación efectiva"	looksmaxing	"2020-07-20 10:17:21"	"2020-09-02 09:27:29"	186	1568	33	14	0	1	4	looksmax.org		0	
/d/4760-mejor-vello-facial-para-cada-tipo-de-mandibula	4760	"Mejor vello facial para cada tipo de mandíbula"	softmaxing	"2020-07-20 17:13:48"	"2020-07-23 17:58:53"	144	721	23	15	1	1	8	looksmax.org		0	
/d/4776-formas-legitimas-de-aumentar-los-niveles-de-testosterona-naturalmente	4776	"Formas legítimas de aumentar los niveles de testosterona naturalmente."	anabolicos	"2020-07-21 22:13:41"	"2022-03-01 19:20:42"	322	1800	33	29	1	1	30	looksmax.org		0	dosing/PED
/d/4787-colagenocrecimiento-de-cabelloojeras-con-peptidos-gtfih	4787	"¡COLÁGENO/CRECIMIENTO DE CABELLO/OJERAS CON PÉPTIDOS! ¡GTFIH!!!"	peptides	"2020-07-22 22:03:33"	"2020-07-29 15:55:08"	536	2710	49	20	1	1	44	looksmax.org		0	
/d/4817-la-guia-definitiva-del-cuidado-de-la-piel	4817	"La guía definitiva del cuidado de la piel"	softmaxing	"2020-07-25 21:32:56"	"2023-12-17 15:12:16"	1708	2640	21	10	1	1	25	looksmax.org		0	
/d/4819-como-aumentar-el-grosor-del-pene	4819	"Cómo Aumentar el Grosor del Pene"	looksmaxing	"2020-07-26 00:57:24"	"2022-05-27 14:08:40"	1585	6481	49	31	1	1	109	looksmax.org		0	dosing/PED
/d/4822-calisthenicsmaxx-es-mejor-que-gymaxx	4822	"Calisthenicsmaxx es mejor que gymaxx"	looksmaxing	"2020-07-26 12:46:23"	"2023-04-22 21:49:39"	235	1998	35	22	1	1	2	looksmax.org		0	
/d/4826-guia-de-barrett-fringe-maxxing-corte-de-pelo-tier-dios-usuario-barrettmaxxeado-insano	4826	"GUÍA DE BARRETT FRINGE MAXXING (corte de pelo tier dios, usuario barrettmaxxeado insano)"	softmaxing	"2020-07-26 18:36:32"	"2020-08-04 22:24:19"	660	3311	49	24	1	1	70	looksmax.org		0	
/d/4851-el-futuro-es-brillante-guia-para-la-futura-ascension-brutal-de-un-chavo-de-16-anos	4851	"[EL FUTURO ES BRILLANTE] Guía Para la Futura Ascensión BRUTAL de un Chavo de 16 Años"	looksmaxing	"2020-07-29 13:29:11"	"2020-07-29 14:07:09"	291	2572	49	15	1	1	2	looksmax.org		0	
/d/4868-whitemaxxing-una-guia-para-etnicos-para-verte-mas-caucasico	4868	"Whitemaxxing, una guía para étnicos para verte más caucásico."	looksmaxing	"2020-07-30 21:55:03"	"2023-12-11 03:18:25"	1586	8401	49	42	1	1	208	looksmax.org		0	
/d/4869-guia-de-fraude-de-altura-zapatos-y-elevadores	4869	"Guía de Fraude de Altura: Zapatos y Elevadores"	softmaxing	"2020-07-30 22:07:24"	"2020-07-30 23:43:20"	1178	2632	49	16	1	1	46	looksmax.org		0	
/d/4871-fashion-maxxing-esenciales-de-verano	4871	"Fashion maxxing - Esenciales de Verano"	softmaxing	"2020-07-31 00:51:09"	"2020-08-02 06:03:18"	1777	3889	40	24	1	1	64	looksmax.org		0	
/d/4873-testosterone-maxxing-aumentar-la-testosterona-naturalmente	4873	"Testosterone maxxing - aumentar la testosterona naturalmente."	anabolicos	"2020-07-31 05:37:56"	"2020-08-05 07:44:33"	1887	3561	43	22	1	1	30	looksmax.org		0	dosing/PED
/d/4878-megahilo-de-penis-maxxing	4878	"Megahilo de Penis Maxxing"	looksmaxing	"2020-07-31 21:16:18"	"2020-10-03 06:32:12"	2040	6909	49	48	1	1	66	looksmax.org		0	
/d/4879-immunity-maxxing-como-mejorar-tu-inmunidad-y-convertirte-en-un-superhombre	4879	"Immunity maxxing - Cómo mejorar tu inmunidad y convertirte en un superhombre"	looksmaxing	"2020-07-31 23:54:34"	"2020-08-01 20:42:58"	3016	6267	35	33	1	1	51	looksmax.org		0	dosing/PED|sourcing
/d/4880-bimax-y-el-problema-del-tercio-medio	4880	"Bimax y el Problema del Tercio Medio"	hardmaxing	"2020-08-01 01:54:13"	"2025-09-11 15:31:54"	413	752	17	10	1	1	36	looksmax.org		0	
/d/4881-carreras-para-moneymaxxing	4881	"Carreras para MoneyMaxxing"	looksmaxing	"2020-08-01 04:10:09"	"2020-08-29 16:29:33"	517	4922	49	30	1	1	410	looksmax.org		0	
/d/4894-looksmaxxing-social-y-looksmaxxing-de-amigos	4894	"Looksmaxxing social y Looksmaxxing de amigos"	looksmaxing	"2020-08-02 08:08:45"	"2020-08-02 11:38:41"	209	964	17	9	1	1	4	looksmax.org		0	
/d/4896-la-unica-forma-correcta-de-medir-tu-ipd	4896	"La única forma correcta de medir tu IPD."	looksmaxing	"2020-08-02 09:24:16"	"2022-12-17 01:09:08"	375	1434	23	16	1	1	5	looksmax.org		0	DIY-procedure
/d/4908-como-estoy-ascendiendo-a-la-chadhood-guia-simple-parte-1	4908	"Cómo estoy ascendiendo a la Chadhood (Guía simple) Parte 1"	looksmaxing	"2020-08-03 19:19:31"	"2020-08-04 14:16:02"	588	4573	49	36	1	1	63	looksmax.org		0	
/d/4941-ayuno-de-agua-la-forma-mas-rapida-de-perder-peso	4941	"Ayuno de agua - La forma más rápida de perder peso."	looksmaxing	"2020-08-06 20:27:48"	"2020-10-02 01:26:48"	274	631	22	16	1	1	2	looksmax.org		0	
/d/4945-como-ser-un-hombre-atractivo-en-12-formas	4945	"Cómo ser un hombre atractivo en 12 formas"	looksmaxing	"2020-08-06 23:39:57"	"2020-08-11 03:07:36"	853	6431	23	19	1	1	10	looksmax.org		0	
/d/4949-protocolo-de-bewusst-contra-la-caida-del-cabello-dosis-e-instrucciones-detalladas	4949	"Protocolo de Bewusst contra la caída del cabello - dosis e instrucciones detalladas"	softmaxing	"2020-08-08 04:32:48"	"2023-05-31 20:03:01"	246	3513	49	28	1	1	75	looksmax.org		0	dosing/PED
/d/4950-aumento-facil-de-005-01psl-ojicels-de-cafe-oscuro-entren-aqui-a-la-verga	4950	"Aumento fácil de 0.05-0.1PSL (OJICELS DE CAFÉ OSCURO ENTREN AQUÍ A LA VERGA)"	softmaxing	"2020-08-08 08:45:10"	"2020-08-08 14:42:49"	313	2730	49	15	1	1	135	looksmax.org		0	sourcing
/d/4960-llevo-usando-esta-tecnica-rara	4960	"Llevo usando esta técnica rara"	looksmaxing	"2020-08-09 01:23:03"	"2020-08-18 08:39:46"	106	589	16	12	0	0	0	looksmax.org		0	
/d/4974-actualizacion-de-informacion-mse	4974	"Actualización de Información MSE"	hardmaxing	"2020-08-11 15:36:07"	"2020-09-04 03:01:41"	125	2344	49	20	1	1	24	looksmax.org		0	
/d/4978-como-ascender-si-tienes-una-mandibula-debil	4978	"Cómo ascender si tienes una mandíbula débil"	hardmaxing	"2020-08-12 06:33:52"	"2020-08-25 03:49:22"	75	1367	44	22	1	1	58	looksmax.org		0	
/d/4982-guia-de-yubomaxxing-youngcels-entren-aqui	4982	"Guía de Yubomaxxing. YOUNGCELS ENTREN AQUÍ"	softmaxing	"2020-08-12 15:50:17"	"2021-08-19 18:15:34"	527	2338	47	30	1	1	56	looksmax.org		0	
/d/4983-guia-de-calisthenicsmaxxing-todo-lo-que-necesitas-para-construir-un-buen-cuerpo	4983	"Guía de Calisthenicsmaxxing - ( todo lo que necesitas para construir un buen cuerpo)"	looksmaxing	"2020-08-12 16:08:55"	"2020-08-13 14:38:27"	886	2513	23	19	1	1	20	looksmax.org		0	
/d/4989-guia-completa-del-maxilardescubre-si-estas-recesivo-o-no-con-estos-testseres-un-maxillacel	4989	"GUÍA COMPLETA DEL MAXILAR!(DESCUBRE SI ESTÁS RECESIVO O NO CON ESTOS TESTS)eres un maxillacel"	hardmaxing	"2020-08-13 17:44:05"	"2020-08-13 18:37:11"	181	1444	49	9	1	1	29	looksmax.org		0	
/d/5012-como-saber-si-vas-a-envejecer-bien	5012	"Cómo saber si vas a envejecer bien"	looksmaxing	"2020-08-16 14:48:53"	"2020-09-25 22:17:48"	496	2198	37	16	1	1	53	looksmax.org		0	dosing/PED
/d/5047-guia-nt	5047	"Guía NT"	looksmaxing	"2020-08-19 18:29:47"	"2020-08-19 19:25:22"	424	947	23	10	0	0	0	looksmax.org		0	self-harm/hopelessness
/d/5054-la-mejor-guia-de-mewing-del-mundo	5054	"La Mejor Guía de Mewing del Mundo"	softmaxing	"2020-08-20 08:33:44"	"2021-01-13 09:23:23"	137	624	10	10	1	1	40	looksmax.org		0	
/d/5061-como-mejorar-tu-piel	5061	"Cómo mejorar tu piel"	softmaxing	"2020-08-20 22:13:19"	"2020-08-21 08:41:55"	508	1133	17	17	1	1	14	looksmax.org		0	dosing/PED
/d/5087-como-arregle-mi-sobremordida-sin-brackets-ni-cirugia-ortognatica-copers-de-mewing-y-masticacion-gtfih	5087	"Cómo arreglé mi sobremordida sin brackets ni cirugía ortognática [Copers de mewing y masticación GTFIH]"	softmaxing	"2020-08-24 12:51:26"	"2023-04-05 18:37:55"	1001	2440	32	17	1	1	12	looksmax.org		0	
/d/5101-riesgorecompensa-de-las-cirugias-de-looksmax-masculinas-mas-importantes	5101	"Riesgo/Recompensa de las cirugías de looksmax masculinas más importantes"	hardmaxing	"2020-08-26 18:52:00"	"2025-07-17 23:13:43"	686	3182	25	17	1	1	210	looksmax.org		0	
/d/5102-guia-de-como-fraudear-hasta-4-5-pulgadas-de-estatura-sin-que-se-note	5102	"GUÍA DE CÓMO FRAUDEAR HASTA 4 - 5+ PULGADAS DE ESTATURA SIN QUE SE NOTE"	softmaxing	"2020-08-26 19:47:43"	"2021-10-23 20:15:56"	326	1030	32	22	1	1	22	looksmax.org		0	dosing/PED
/d/5105-pretty-boy-maxxing-guia-oficial	5105	"¡Pretty Boy Maxxing! ¡Guía Oficial!"	looksmaxing	"2020-08-27 14:43:36"	"2023-05-10 03:18:10"	312	2048	28	14	1	1	18	looksmax.org		0	dosing/PED
/d/5106-drogas-sociales-comportamiento-social-aumentado	5106	"Drogas Sociales, ¡Comportamiento Social Aumentado!"	looksmaxing	"2020-08-27 15:12:50"	"2020-08-27 15:49:24"	184	1791	26	10	0	0	0	looksmax.org		0	
/d/5107-guia-de-height-frauding	5107	"Guía de Height Frauding"	softmaxing	"2020-08-27 15:41:37"	"2020-08-28 11:19:03"	141	2071	38	13	1	1	44	looksmax.org		0	
/d/5113-skinmax-muy-facil-y-barato	5113	"skinmax muy fácil y barato"	softmaxing	"2020-08-28 02:47:16"	"2020-09-01 06:08:58"	126	943	21	12	1	1	22	looksmax.org		0	DIY-procedure
/d/5119-guia-para-engrosar-la-voz	5119	"Guía para engrosar la voz"	looksmaxing	"2020-08-28 10:25:55"	"2020-08-28 12:37:27"	178	587	25	14	1	1	26	looksmax.org		0	dosing/PED
/d/5145-stack-de-heightmaxing-closedplatecels-gtfih	5145	"stack de heightmaxing. closedplatecels GTFIH"	looksmaxing	"2020-08-31 12:26:12"	"2023-09-02 08:29:17"	1716	5874	41	22	1	1	135	looksmax.org		0	dosing/PED|sourcing
/d/5156-la-guia-definitiva-de-skincare	5156	"La Guía Definitiva de Skincare"	softmaxing	"2020-09-02 04:30:02"	"2020-09-14 11:26:30"	630	1929	20	5	0	1	12	looksmax.org		0	DIY-procedure
/d/5163-fuma-hierba-para-low-inhib	5163	"Fuma hierba para low-inhib"	looksmaxing	"2020-09-02 15:09:04"	"2021-03-03 15:15:47"	446	1886	27	26	1	1	4	looksmax.org		0	
/d/5175-dientes-blancos-de-tiktok-por-4	5175	"Dientes Blancos de TikTok por $4"	softmaxing	"2020-09-03 23:27:33"	"2020-09-04 11:36:57"	142	1088	27	17	1	1	4	looksmax.org		0	disordered-eating
/d/5178-mi-punto-de-vista-sobre-como-entender-el-fenotipo-cual-eres	5178	"Mi punto de vista sobre cómo entender el fenotipo - ¿cuál eres?"	looksmaxing	"2020-09-04 17:44:00"	"2020-09-05 07:15:53"	655	3452	49	26	1	1	419	looksmax.org		0	
/d/5225-lista-de-comida-de-chad	5225	"Lista de comida de Chad"	looksmaxing	"2020-09-12 06:30:06"	"2020-10-06 23:32:48"	339	1511	25	18	1	1	66	looksmax.org		0	sourcing
/d/5234-como-cambiar-la-ubicacion-en-tinder-gratis-high-iq	5234	"CÓMO CAMBIAR LA UBICACIÓN EN TINDER (GRATIS - HIGH IQ)"	looksmaxing	"2020-09-13 18:14:42"	"2022-08-24 21:40:21"	738	3467	35	19	1	1	67	looksmax.org		0	
/d/5251-dispositivos-de-microagujas-no-pagues-de-mas	5251	"Dispositivos de microagujas (no pagues de más)"	softmaxing	"2020-09-16 17:21:33"	"2020-09-27 21:16:28"	110	1352	27	12	1	1	32	looksmax.org		0	dosing/PED
/d/5275-guia-definitiva-de-heightmax-barato	5275	"Guía DEFINITIVA de Heightmax Barato"	looksmaxing	"2020-09-19 22:24:30"	"2023-08-25 20:30:59"	154	1530	28	17	1	1	433	looksmax.org		0	dosing/PED|sourcing
/d/5338-los-8-mejores-ejercicios-con-peso-corporal-para-construir-musculo-y-perder-grasa	5338	"Los 8 mejores ejercicios con peso corporal para construir músculo y perder grasa"	looksmaxing	"2020-09-28 20:39:23"	"2020-09-28 23:05:40"	1466	3423	22	10	1	1	24	looksmax.org		0	
/d/5358-guia-para-manos-mas-varoniles	5358	"Guía para manos más varoniles"	softmaxing	"2020-10-01 17:35:51"	"2021-11-15 19:35:27"	529	3888	38	24	1	1	69	looksmax.org		0	
/d/5365-halo-de-pestanas-y-cejas	5365	"Halo de pestañas y cejas"	softmaxing	"2020-10-02 15:35:31"	"2020-10-02 22:22:36"	107	438	21	14	1	1	32	looksmax.org		0	
/d/5423-maximizacion-de-cejas-pestanas	5423	"¡Maximización de Cejas / Pestañas!!"	softmaxing	"2020-10-11 17:28:57"	"2021-12-20 17:48:22"	167	1204	25	11	1	1	6	looksmax.org		0	
/d/5478-megahilo-de-suplementos	5478	"Megahilo de Suplementos"	looksmaxing	"2020-10-18 01:10:40"	"2024-11-23 23:32:06"	7262	7672	20	14	0	1	16	looksmax.org		0	dosing/PED
/d/5487-maxing-de-te-verde	5487	"Maxing de té verde"	looksmaxing	"2020-10-19 02:38:27"	"2024-01-10 11:55:55"	99	528	19	12	0	1	2	looksmax.org		0	sourcing
/d/5490-nichemaxxing-una-victoria-facil	5490	"Nichemaxxing - Una Victoria Fácil"	looksmaxing	"2020-10-19 17:06:45"	"2020-10-20 14:08:37"	266	4380	49	21	1	1	103	looksmax.org		0	
/d/5502-guia-nt-fundamentos	5502	"Guía NT - Fundamentos"	looksmaxing	"2020-10-21 15:07:58"	"2020-10-21 16:16:00"	698	2702	33	10	0	0	0	looksmax.org		0	disordered-eating
/d/5504-lista-de-todos-los-quimicos-peligrosos-detox	5504	"Lista de todos los químicos peligrosos + detox"	looksmaxing	"2020-10-21 16:38:00"	"2025-08-26 01:40:49"	1103	2915	29	21	1	1	41	looksmax.org		0	dosing/PED
/d/5510-guia-de-sintomas-de-adhd-y-medicamentos-para-adhd-clasificados-hilo-largo	5510	"Guía de síntomas de ADHD y medicamentos para ADHD clasificados (hilo largo)"	looksmaxing	"2020-10-22 09:04:45"	"2020-10-27 19:08:13"	2341	2831	28	18	1	1	22	looksmax.org		0	
/d/5530-como-elegir-una-carrera	5530	"Cómo elegir una carrera"	looksmaxing	"2020-10-24 22:32:43"	"2020-10-26 00:09:43"	480	3842	41	17	0	0	0	looksmax.org		0	
/d/5547-articulo-de-foid-sobre-midface-jfl	5547	"Artículo de foid sobre midface jfl"	looksmaxing	"2020-10-26 13:46:19"	"2020-10-26 16:55:11"	68	866	35	17	1	1	46	looksmax.org		0	
/d/5570-guia-del-bdsm-maxxing	5570	"GUÍA DEL BDSM MAXXING"	looksmaxing	"2020-10-28 19:11:33"	"2020-10-28 21:02:16"	468	1508	49	20	1	1	34	looksmax.org		0	
/d/5583-pase-un-dia-laboral-con-el-ceo-de-una-aseguradora-multinacional-estos-son-los-tips-que-me-dio-para-llegar-a-la-cima-gtfih	5583	"Pasé un día laboral con el CEO de una aseguradora multinacional, estos son los tips que me dio para llegar a la cima [GTFIH]"	looksmaxing	"2020-10-30 21:22:48"	"2020-11-02 19:04:58"	573	4021	49	25	1	1	20	looksmax.org		0	
/d/5598-microneedling-para-la-caida-del-cabello	5598	"Microneedling para la caída del cabello"	softmaxing	"2020-11-01 13:50:06"	"2022-01-06 14:06:26"	641	2216	25	8	1	1	36	looksmax.org		0	sourcing|DIY-procedure
/d/5600-como-descubrir-si-eres-un-subhumano-deformado-y-encontrar-tus-defectos-en-10-seg	5600	"Cómo descubrir si eres un subhumano deformado y encontrar tus defectos en 10 seg"	looksmaxing	"2020-11-01 15:40:26"	"2020-12-11 14:52:26"	183	3326	40	21	1	1	44	looksmax.org		0	
/d/5603-guia-de-sleepritmo-circadiano-maxing	5603	"GUÍA DE SLEEP+RITMO CIRCADIANO MAXING"	softmaxing	"2020-11-01 17:42:20"	"2026-04-21 12:25:31"	2095	6696	27	18	1	1	8	looksmax.org		0	
/d/5612-un-punado-de-trucos-anecdoticos-para-alto-t	5612	"Un Puñado de Trucos Anecdóticos para Alto-T"	looksmaxing	"2020-11-03 15:07:36"	"2020-11-06 18:52:22"	190	1204	29	14	1	1	19	looksmax.org		0	dosing/PED
/d/5618-el-espaciado-ideal-de-ojos-es-la-parte-mas-importante-de-una-cara-atractiva-y-el-mal-espaciado-de-ojos-la-mayor-razon-para-ser-truecel-como-identificarlo-y-arreglarlo	5618	"El espaciado ideal de ojos es la parte más importante de una cara atractiva y el mal espaciado de ojos la mayor razón para ser truecel - cómo identificarlo y arreglarlo"	looksmaxing	"2020-11-03 21:20:26"	"2024-09-26 19:48:22"	707	4892	49	32	1	1	131	looksmax.org		0	
/d/5629-la-leccion-y-looksmax-mas-importante-de-esta-pagina-nunca-te-quedes-calvo-estudio-de-caso-del-hombre-promedio-y-por-que-la-mayoria-de-los-normies-no-actuan-ni-siquiera-hoy	5629	"La lección y looksmax más importante de esta página - nunca te quedes calvo. Estudio de caso del hombre promedio y por qué la mayoría de los Normies no actúan ni siquiera hoy"	softmaxing	"2020-11-05 14:50:21"	"2020-11-06 15:31:40"	750	3111	49	27	1	1	60	looksmax.org		0	self-harm/hopelessness
/d/5641-como-dejar-de-hacerte-la-chaquetahacertela-menos-seguido-facil-y-basado-en-experiencia-personal	5641	"Cómo dejar de hacerte la chaqueta/hacértela menos seguido [FÁCIL Y BASADO EN EXPERIENCIA PERSONAL]"	looksmaxing	"2020-11-07 18:12:38"	"2021-01-04 23:42:26"	499	1949	49	35	1	1	15	looksmax.org		0	
/d/5695-la-razon-por-la-que-probablemente-no-vas-a-tener-exito-y-que-hacer-al-respecto	5695	"La razón por la que (probablemente) no vas a tener éxito, y qué hacer al respecto"	looksmaxing	"2020-11-15 20:32:57"	"2021-01-07 01:27:38"	640	1475	19	15	0	1	6	looksmax.org		0	DIY-procedure
/d/5702-guia-para-calcular-la-estatura-adulta-youngcels-gtfih	5702	"Guía para calcular la estatura adulta (Youngcels GTFIH)"	looksmaxing	"2020-11-16 17:12:42"	"2025-06-09 19:55:53"	219	1457	47	18	1	1	40	looksmax.org		0	
/d/5716-todos-los-metodos-de-heightmaxxing-para-quienes-tienen-las-placas-de-crecimiento-cerradas-avisenme-si-me-falta-algo	5716	"Todos los Métodos de Heightmaxxing para quienes tienen las Placas de Crecimiento Cerradas (avísenme si me falta algo)"	looksmaxing	"2020-11-17 22:30:48"	"2026-01-30 02:35:22"	498	2521	36	24	1	1	48	looksmax.org		0	
/d/5726-cual-es-tu-longitud-midface-una-forma-de-medir	5726	"¿Cuál Es Tu Longitud Midface? (+ una forma de medir)"	looksmaxing	"2020-11-18 21:04:37"	"2020-11-18 22:48:08"	82	692	27	12	1	1	5	looksmax.org		0	
/d/5732-como-crecer-biceps-sin-pesas-libres-101	5732	"Cómo crecer bíceps (sin pesas libres) 101:"	looksmaxing	"2020-11-19 15:12:30"	"2020-11-20 21:48:08"	49	540	35	16	1	1	32	looksmax.org		0	
/d/5751-todos-los-looksmaxxes-en-orden-de-magnitud	5751	"Todos Los Looksmaxxes En Orden De Magnitud"	looksmaxing	"2020-11-22 22:28:17"	"2021-06-30 01:44:23"	126	836	25	14	1	1	23	looksmax.org		0	
/d/5766-mirando-la-paredmaxxing	5766	Mirando-la-paredmaxxing	looksmaxing	"2020-11-24 18:35:58"	"2022-09-10 16:16:58"	194	1172	14	15	0	0	0	looksmax.org		0	
/d/5773-guia-de-testosterona	5773	"Guía de testosterona."	anabolicos	"2020-11-25 12:09:31"	"2021-01-18 23:08:16"	957	3285	33	20	1	1	26	looksmax.org		0	dosing/PED|sourcing|DIY-procedure
/d/5784-guia-simple-de-betacaroteno	5784	"Guía Simple de Betacaroteno"	softmaxing	"2020-11-26 06:33:54"	"2020-11-28 03:14:45"	262	1575	19	11	1	1	20	looksmax.org		0	
/d/5785-una-lista-de-precios-de-alargamiento-de-piernas-y-posibles-resultados	5785	"Una lista de precios de alargamiento de piernas y posibles resultados"	hardmaxing	"2020-11-26 09:29:23"	"2020-11-30 19:35:28"	17	914	30	21	1	1	22	looksmax.org		0	
/d/5811-todo-lo-que-siempre-necesitabas-saber-sobre-looksmax	5811	"TODO LO QUE SIEMPRE NECESITABAS SABER SOBRE LOOKSMAX"	looksmaxing	"2020-11-28 17:53:44"	"2020-11-29 14:52:38"	145	1379	37	18	1	1	22	looksmax.org		0	sourcing
/d/5823-chart-de-looksmaxxing-11-actualizado-alto-esfuerzo	5823	"CHART DE LOOKSMAXXING 1.1 [actualizado] (Alto Esfuerzo)"	looksmaxing	"2020-11-29 22:29:46"	"2025-07-11 04:35:04"	208	2472	49	22	1	1	57	looksmax.org		0	
/d/5836-guia-definitiva-desapego-del-resultado	5836	"Guía definitiva: Desapego del resultado"	looksmaxing	"2020-12-02 03:01:36"	"2021-12-16 01:30:23"	778	1866	12	9	1	1	20	looksmax.org		0	
/d/5839-guia-de-bonesmash-en-progreso	5839	"Guía de bonesmash [en progreso]"	hardmaxing	"2020-12-02 11:04:58"	"2023-10-31 11:36:34"	319	1894	49	22	1	1	116	looksmax.org		0	DIY-procedure
/d/5857-como-agregar-1-a-tu-pene-en-6-meses	5857	"Cómo Agregar 1\" a tu Pene en 6 Meses"	looksmaxing	"2020-12-04 02:57:22"	"2021-01-07 19:40:03"	2046	11023	49	28	1	1	107	looksmax.org		0	
/d/5871-como-mejorar-la-proporcion-del-midface	5871	"-Cómo mejorar la proporción del midface-"	looksmaxing	"2020-12-06 00:17:39"	"2023-09-27 01:32:21"	273	1568	36	13	1	1	6	looksmax.org		0	
/d/5872-guia-de-altura-masculina-usa	5872	"Guía de Altura Masculina USA"	looksmaxing	"2020-12-06 00:31:13"	"2020-12-06 04:05:53"	301	2911	49	14	1	1	33	looksmax.org		0	
/d/5875-reglas-para-hablar-sobre-blackpill-ntmax	5875	"REGLAS PARA HABLAR SOBRE BLACKPILL [NTMax]"	looksmaxing	"2020-12-06 01:43:26"	"2020-12-16 08:09:05"	210	2521	49	39	1	1	21	looksmax.org		0	
/d/5879-la-guia-resumen-de-hormonas-como-mejorar-tu-t-dht-bajar-la-prolactina-y-aromatizar-la-e	5879	"La Guía Resumen de: Hormonas. Cómo mejorar tu T, DHT, Bajar la Prolactina y aromatizar la E"	anabolicos	"2020-12-06 22:36:43"	"2021-10-31 18:58:34"	485	5614	33	19	1	1	61	looksmax.org		0	dosing/PED
/d/5891-la-guia-resumen-de-revertir-el-envejecimiento-colageno-estilo-de-vida-y-gran-bonus	5891	"La guía resumen de: Revertir el envejecimiento. Colágeno. Estilo de vida y ... gran bonus"	softmaxing	"2020-12-07 17:15:10"	"2020-12-08 16:11:01"	687	6089	49	23	1	1	20	looksmax.org		0	dosing/PED
/d/5908-deepvoicepill-como-conseguir-una-voz-mas-grave	5908	"[Deepvoicepill] cómo conseguir una voz más grave"	looksmaxing	"2020-12-09 00:00:55"	"2021-02-09 17:08:55"	616	3364	49	28	1	1	90	looksmax.org		0	
/d/5909-como-realmente-crecer-mas-alto	5909	"CÓMO REALMENTE crecer más alto"	looksmaxing	"2020-12-09 12:11:41"	"2020-12-09 14:18:11"	201	2964	49	18	1	1	20	looksmax.org		0	dosing/PED|sourcing
/d/5928-como-besar-a-4-truecels-metodo-wenis-y-wagina	5928	"cómo besar a 4 truecels {MÉTODO WENIS Y WAGINA}"	looksmaxing	"2020-12-12 01:19:22"	"2020-12-12 01:54:10"	156	887	49	17	1	1	38	looksmax.org		0	
/d/5956-guia-para-pestanas-sexys-para-hombres	5956	"Guía para Pestañas Sexys para Hombres"	softmaxing	"2020-12-15 18:09:03"	"2020-12-15 21:45:29"	641	3146	49	26	1	1	25	looksmax.org		0	
/d/5978-zygos-superiores-altos-y-bajos-en-vista-de-34	5978	"Zygos superiores altos y bajos en vista de 3/4"	looksmaxing	"2020-12-18 20:08:26"	"2022-10-19 23:22:53"	250	692	23	16	1	1	82	looksmax.org		0	
/d/5980-gtfih-gente-con-piel-de-mierda-ya-es-hora-de-que-aprendas-la-verdad-y-dejes-de-perder-tiempo-el-hilo-de-skincare-definitivo-mas-una-droga-prometedora	5980	"(GTFIH) Gente con piel de mierda, ya es hora de que aprendas la verdad y dejes de perder tiempo. El hilo de skincare definitivo. MÁS una droga prometedora."	softmaxing	"2020-12-18 21:41:38"	"2023-12-08 18:43:37"	1972	13926	47	31	1	1	229	looksmax.org		0	
/d/5992-todo-importa-bro-puesto-a-prueba-una-guia-de-como-determinar-matematicamente-que-rasgos-importan-mas-en-distintos-niveles-de-atractivo	5992	"\"Todo importa bro\" puesto a prueba: una guía de cómo determinar matemáticamente qué rasgos importan más en distintos niveles de atractivo"	looksmaxing	"2020-12-21 05:01:31"	"2023-03-06 10:24:28"	769	3913	37	24	1	1	32	looksmax.org		0	
/d/6000-guia-de-hexarelina	6000	"GUÍA DE HEXARELINA"	peptides	"2020-12-21 23:09:33"	"2026-03-07 17:11:10"	608	2080	33	18	1	1	2	looksmax.org		0	dosing/PED
/d/6013-como-ser-chad	6013	"Cómo ser CHAD"	looksmaxing	"2020-12-23 22:22:31"	"2020-12-24 09:28:03"	306	1078	32	18	1	1	29	looksmax.org		0	
/d/6020-ntmaxxing-para-tontos	6020	"NTmaxxing para tontos"	looksmaxing	"2020-12-24 22:43:33"	"2020-12-25 01:09:57"	997	1272	9	8	1	1	51	looksmax.org		0	
/d/6041-proporciones-corporales-ideales	6041	"Proporciones corporales ideales"	looksmaxing	"2020-12-27 01:55:05"	"2021-10-15 05:33:21"	661	1829	17	12	1	1	57	looksmax.org		0	sourcing
/d/6055-como-interactuar-con-las-mujeres	6055	"Cómo interactuar con las mujeres"	looksmaxing	"2020-12-28 12:35:54"	"2021-02-23 08:42:46"	816	5394	46	27	1	1	28	looksmax.org		0	dosing/PED
/d/6060-pe-meditacion-ahorra-tiempo	6060	"PE + Meditación (ahorra tiempo)"	looksmaxing	"2020-12-29 02:23:22"	"2020-12-30 12:15:33"	114	312	6	7	0	0	0	looksmax.org		0	
/d/6073-efectos-de-la-proyeccion-y-la-recesion-facial-en-la-vista-frontal-la-pildora-de-la-masculinidad	6073	"Efectos de la proyección y la recesión facial en la vista frontal + la píldora de la masculinidad"	looksmaxing	"2020-12-30 04:23:50"	"2023-03-30 05:32:26"	437	6524	48	25	1	1	679	looksmax.org		0	
/d/6092-guia-completa-de-socialmaxxing	6092	"Guía Completa de Socialmaxxing"	looksmaxing	"2020-12-31 23:02:25"	"2023-12-24 14:07:37"	1780	8516	47	25	1	1	42	looksmax.org		0	
/d/6109-guia-definitiva-de-skinmax-2021	6109	"Guía definitiva de skinmax 2021"	softmaxing	"2021-01-02 06:14:55"	"2021-01-19 19:36:15"	642	1076	21	13	1	1	16	looksmax.org		0	
/d/6120-mk-677-vs-hgh	6120	"MK-677 vs HGH"	anabolicos	"2021-01-03 18:29:45"	"2021-01-06 02:20:41"	1420	8333	49	22	1	1	77	looksmax.org		0	dosing/PED|sourcing
/d/6122-mi-guia-tasa-de-exito-1001	6122	"MI GUÍA (TASA DE ÉXITO 1001%)"	looksmaxing	"2021-01-04 00:04:03"	"2021-01-06 20:08:15"	2497	5921	49	27	1	1	160	looksmax.org		0	
/d/6125-la-guia-completa-oficial-para-hacer-american-psycho-maxing-legitima	6125	"LA GUÍA COMPLETA OFICIAL PARA HACER AMERICAN PSYCHO MAXING [Legítima]"	looksmaxing	"2021-01-04 06:06:46"	"2021-01-23 15:50:22"	438	930	11	11	1	1	39	looksmax.org		0	DIY-procedure
/d/6161-guia-de-softmaxxing-de-ano-nuevo-para-principiantes	6161	"GUÍA DE SOFTMAXXING DE AÑO NUEVO PARA PRINCIPIANTES"	softmaxing	"2021-01-08 22:20:46"	"2022-11-17 03:57:25"	1687	4141	18	13	1	1	83	looksmax.org		0	
/d/6163-8-senales-de-que-una-chica-quiere-que-te-le-acerques	6163	"8 Señales de que una Chica Quiere que te le Acerques"	looksmaxing	"2021-01-08 23:08:38"	"2021-01-19 08:29:47"	1237	4832	49	34	1	1	8	looksmax.org		0	
/d/6168-como-superar-tu-oneitis-y-nunca-contraer-esta-maldita-enfermedad	6168	"Cómo superar tu oneitis y nunca contraer esta maldita enfermedad"	looksmaxing	"2021-01-10 02:40:18"	"2021-01-28 08:12:24"	484	754	12	12	0	0	0	looksmax.org		0	dosing/PED
/d/6200-compilacion-de-disruptores-endocrinos	6200	"Compilación de Disruptores Endocrinos"	softmaxing	"2021-01-13 21:47:57"	"2022-03-27 19:49:49"	1173	2519	35	21	1	1	40	looksmax.org		0	
/d/6202-fashionmax-potencia-tu-apariencia	6202	"Fashionmax: Potencia tu apariencia 🔥"	softmaxing	"2021-01-14 01:56:54"	"2021-01-14 23:24:39"	73	2323	49	23	1	1	39	looksmax.org		0	
/d/6228-conoce-tu-cerebro-y-por-que-los-neurotransmisores-lo-son-todo	6228	"CONOCE TU CEREBRO; Y POR QUÉ LOS NEUROTRANSMISORES LO SON TODO"	looksmaxing	"2021-01-16 06:17:09"	"2021-09-20 06:47:14"	902	6769	49	27	1	1	194	looksmax.org		0	
/d/6241-guia-de-vitamina-c-collagenmaxxing-guia-de-suplementos-y-serum-facial	6241	"[GUÍA DE VITAMINA C] [Collagenmaxxing] Guía de suplementos y sérum facial"	softmaxing	"2021-01-18 12:08:05"	"2024-06-03 20:07:47"	480	609	17	11	1	1	46	looksmax.org		0	sourcing
/d/6249-la-guia-de-esteroides-preguntas-y-respuestas	6249	"La Guía de Esteroides + Preguntas y Respuestas"	anabolicos	"2021-01-19 14:11:04"	"2021-01-28 12:27:58"	1625	4825	49	19	0	0	0	looksmax.org		0	dosing/PED
/d/6263-leer-esta-subestimado	6263	"Leer está subestimado"	looksmaxing	"2021-01-21 02:24:21"	"2021-05-10 13:38:33"	483	2805	49	30	1	1	10	looksmax.org		0	
/d/6276-caras-promedio-en-la-vida-real-altura-y-criterios-de-atractivo-para-personas-que-no-salen	6276	"Caras promedio en la vida real, altura y criterios de atractivo para personas que no salen"	looksmaxing	"2021-01-23 12:14:53"	"2021-02-17 04:10:52"	93	2938	43	19	1	1	50	looksmax.org		0	
/d/6281-lo-que-tu-peinado-dice-de-ti	6281	"Lo que tu peinado dice de ti"	softmaxing	"2021-01-24 00:32:01"	"2021-01-25 18:21:09"	295	1234	49	10	1	1	30	looksmax.org		0	
/d/6300-que-es-la-adiccion-por-que-podrias-ser-un-adicto-y-como-puedes-solucionarlo-largo	6300	"¿Qué es la adicción? ¿Por qué podrías ser un adicto y cómo puedes solucionarlo? [LARGO]"	looksmaxing	"2021-01-26 17:00:49"	"2021-02-11 20:20:15"	1215	3246	20	9	1	1	4	looksmax.org		0	dosing/PED|sourcing
/d/6320-la-mayoria-aqui-no-sabe-que-es-la-recesion	6320	"La mayoría aquí no sabe qué es la recesión"	looksmaxing	"2021-01-28 10:28:20"	"2021-01-28 15:00:46"	227	1623	24	10	1	1	57	looksmax.org		0	
/d/6325-como-funcionan-los-requisitos-de-altura-ancho-de-hombros-y-cara-en-el-mercado-sexual	6325	"Cómo funcionan los requisitos de Altura, Ancho de Hombros y Cara en el mercado sexual"	looksmaxing	"2021-01-28 20:41:47"	"2021-01-29 04:26:02"	199	764	26	15	1	1	30	looksmax.org		0	
/d/6338-piel-lograr-un-hermoso-color-de-piel-con-cambios-en-la-dieta	6338	"[PIEL] LOGRAR UN HERMOSO COLOR DE PIEL CON CAMBIOS EN LA DIETA"	softmaxing	"2021-01-30 01:09:13"	"2021-01-30 09:33:37"	508	3021	49	14	1	1	218	looksmax.org		0	
/d/6341-la-forma-mas-facil-de-llegar-al-8-de-grasa-corporal	6341	"La forma más fácil de llegar al 8% de grasa corporal"	looksmaxing	"2021-01-30 07:47:47"	"2021-01-30 10:03:02"	168	1385	49	15	1	1	22	looksmax.org		0	self-harm/hopelessness
/d/6342-la-mejor-comida-deliciosa-para-perdida-de-grasa	6342	"La mejor comida deliciosa para pérdida de grasa"	looksmaxing	"2021-01-30 18:27:14"	"2021-01-31 00:56:34"	229	1429	42	15	1	1	27	looksmax.org		0	DIY-procedure
/d/6352-caracteristica-mas-rara-en-forma-de-ojos	6352	"Característica Más Rara en Forma de Ojos"	looksmaxing	"2021-01-31 05:07:56"	"2021-02-01 02:39:19"	62	1171	49	13	1	1	56	looksmax.org		0	
/d/6368-diferencias-entre-los-trasplantes-de-pelo-fue-y-fut	6368	"Diferencias entre los trasplantes de pelo FUE y FUT"	hardmaxing	"2021-02-01 23:44:15"	"2021-03-24 09:28:36"	1364	3456	29	12	1	1	21	looksmax.org		0	
/d/6371-como-encontrar-tu-nicho-en-la-masculinidad	6371	"Cómo encontrar tu nicho en la masculinidad"	looksmaxing	"2021-02-02 04:14:05"	"2021-02-04 02:36:19"	656	1971	49	15	1	1	64	looksmax.org		0	
/d/6376-los-musculos-mas-importantes-para-la-apariencia	6376	"Los músculos más importantes para la apariencia"	looksmaxing	"2021-02-02 17:42:36"	"2021-02-26 21:44:19"	353	2234	32	21	1	1	338	looksmax.org		0	
/d/6388-fragrancemaxxing	6388	Fragrancemaxxing	softmaxing	"2021-02-03 10:06:30"	"2021-03-22 18:01:40"	264	2122	44	21	1	1	10	looksmax.org		0	dosing/PED
/d/6390-guia-de-diferentes-tipos-de-rasgos-desde-el-frente-parte-uno-por-el-limite-de-adjuntos-del-sitio	6390	"Guía de diferentes tipos de rasgos desde el frente, parte uno, por el límite de adjuntos del sitio"	softmaxing	"2021-02-03 14:18:07"	"2021-02-03 15:09:46"	659	4087	49	12	1	1	228	looksmax.org		0	DIY-procedure
/d/6393-algunos-consejos-rapidos-de-moda	6393	"Algunos consejos \"rápidos\" de moda"	softmaxing	"2021-02-03 21:25:17"	"2024-04-14 09:03:08"	584	2331	34	18	1	1	74	looksmax.org		0	
/d/6395-collagenmaxxing-101-para-principiantes-lo-basico	6395	"Collagenmaxxing #101 para principiantes - lo básico"	softmaxing	"2021-02-03 21:56:17"	"2021-03-13 10:56:21"	356	2757	43	19	1	1	12	looksmax.org		0	dosing/PED|sourcing
/d/6408-guia-definitiva-sobre-sam-e-testosterona-higado-estatura-depresion	6408	"Guía definitiva sobre SAM-e: testosterona, hígado, estatura, depresión"	anabolicos	"2021-02-05 17:08:41"	"2022-09-06 05:22:34"	659	1598	25	10	1	1	24	looksmax.org		0	dosing/PED
/d/6410-guia-nt-mi-primer-post-serio-entra-para-ascender-gtfih-no-es-el-fin	6410	"GUÍA NT (MI PRIMER POST SERIO) (ENTRA PARA ASCENDER) (GTFIH) (NO ES EL FIN)"	looksmaxing	"2021-02-05 21:09:22"	"2021-02-10 17:55:42"	1492	7146	49	25	1	1	4	looksmax.org		0	
/d/6414-como-quitar-la-hinchazon-del-rostro-funciona-100-de-las-veces	6414	"Cómo quitar la hinchazón del rostro [Funciona 100% de las veces]"	looksmaxing	"2021-02-06 10:10:12"	"2021-02-16 22:55:51"	149	1271	26	9	1	1	11	looksmax.org		0	dosing/PED
/d/6415-guia-de-maxxing-de-ojeras	6415	"Guía de Maxxing de Ojeras"	softmaxing	"2021-02-06 18:29:06"	"2025-01-20 08:53:40"	392	2547	41	29	1	1	131	looksmax.org		0	dosing/PED|sourcing
/d/6427-como-el-hueso-hioides-te-hace-chad-o-subhumano	6427	"cómo el hueso hioides te hace chad o subhumano"	hardmaxing	"2021-02-07 16:54:15"	"2024-05-27 11:14:01"	507	1769	21	10	1	1	46	looksmax.org		0	sourcing
/d/6437-concepto-erroneo-sobre-el-plano-de-frankfurt	6437	"Concepto erróneo sobre el plano de Frankfurt"	looksmaxing	"2021-02-09 01:59:04"	"2025-12-26 17:15:37"	160	329	11	10	1	1	16	looksmax.org		0	
/d/6484-la-verdadera-razon-por-la-que-un-maxilar-adelantado-te-hace-atractivo-no-es-la-que-crees	6484	"La verdadera razón por la que un maxilar adelantado te hace atractivo no es la que crees"	looksmaxing	"2021-02-12 10:19:05"	"2021-02-23 21:27:10"	233	2417	49	32	1	1	103	looksmax.org		0	
/d/6513-elementos-de-una-buena-voz-el-tono-esta-sobrevalorado	6513	"Elementos de una buena voz: el tono está sobrevalorado"	softmaxing	"2021-02-15 05:17:50"	"2021-08-24 03:36:30"	478	2217	23	19	1	1	80	looksmax.org		0	
/d/6520-todo-lo-que-necesitas-para-looksmaxxing-guia-de-julien	6520	"Todo lo que necesitas para looksmaxxing / Guía de Juliën"	looksmaxing	"2021-02-15 18:52:28"	"2021-02-18 01:41:26"	187	2119	49	28	1	1	31	looksmax.org		0	dosing/PED
/d/6521-guia-de-studymaxxing	6521	"Guía de Studymaxxing"	looksmaxing	"2021-02-15 19:19:44"	"2021-02-15 20:56:12"	222	1496	11	8	0	0	0	looksmax.org		0	
/d/6524-gigathread-fenotipos-mogger	6524	"[GigaThread] Fenotipos Mogger"	looksmaxing	"2021-02-15 23:09:42"	"2021-02-22 20:51:54"	829	2695	49	11	1	1	224	looksmax.org		0	
/d/6525-megahilo-de-kratom-copypasta-pero-util-como-la-verga-gtfih	6525	"Megahilo de Kratom (Copypasta pero útil como la verga GTFIH)"	looksmaxing	"2021-02-16 00:37:13"	"2021-03-12 22:20:28"	1665	3999	45	23	1	1	174	looksmax.org		0	
/d/6534-como-fraudmaxxear-guia-post-de-alto-esfuerzo	6534	"Cómo fraudmaxxear (guía) post de alto esfuerzo"	looksmaxing	"2021-02-17 22:32:47"	"2023-10-02 19:05:14"	1988	10735	21	16	0	1	50	looksmax.org		0	
/d/6537-guia-basica-para-cabello-rizado-caucasico	6537	"Guía Básica para Cabello Rizado Caucásico"	softmaxing	"2021-02-18 13:22:58"	"2021-02-18 14:32:12"	768	2744	49	10	1	1	76	looksmax.org		0	
/d/6563-como-arreglar-upper-eyelid-expose-sin-cirugia-uee	6563	"[CÓMO] Arreglar Upper Eyelid Expose sin cirugía [UEE]"	softmaxing	"2021-02-20 20:14:26"	"2021-03-06 20:00:14"	232	1767	17	10	1	1	4	looksmax.org		0	
/d/6569-la-importancia-de-la-altura-del-cabello	6569	"La importancia de la ALTURA DEL CABELLO"	softmaxing	"2021-02-21 04:23:13"	"2024-05-21 00:51:28"	251	2036	15	12	1	1	257	looksmax.org		0	
/d/6580-como-pensar-correctamente-guia-s	6580	"Cómo pensar correctamente (Guía S+++)"	looksmaxing	"2021-02-22 02:49:17"	"2021-06-28 20:08:56"	1403	2849	49	27	1	1	93	looksmax.org		0	
/d/6600-guia-completa-y-detallada-sobre-por-que-y-como-hacer-leanmaxxing	6600	"Guía Completa y Detallada sobre por qué y cómo hacer Leanmaxxing..."	looksmaxing	"2021-02-24 00:57:34"	"2026-04-18 09:11:45"	1623	8543	40	19	1	1	66	looksmax.org		0	
/d/6651-drivermaxxing-integral	6651	"Drivermaxxing integral"	looksmaxing	"2021-03-01 21:13:07"	"2021-03-02 13:48:17"	503	1929	17	15	1	1	106	looksmax.org		0	
/d/6656-solo-lee-un-puto-libro	6656	"Solo lee un puto libro"	looksmaxing	"2021-03-02 02:19:32"	"2021-04-26 12:55:00"	506	2019	41	29	1	1	119	looksmax.org		0	
/d/6659-como-fraudear-un-buen-frame	6659	"Cómo Fraudear un Buen Frame"	softmaxing	"2021-03-02 16:22:20"	"2021-04-09 16:01:20"	574	858	19	15	1	1	15	looksmax.org		0	dosing/PED
/d/6662-hombros-anchos-cintura-pequena-forma-de-v-metodos-de-fraude	6662	"HOMBROS ANCHOS, CINTURA PEQUEÑA (Forma de V) métodos de fraude."	softmaxing	"2021-03-02 20:01:49"	"2022-01-15 02:19:08"	788	1980	22	14	1	1	89	looksmax.org		0	dosing/PED
/d/6667-como-ver-imagenes-claras-en-tu-ojo-mental	6667	"Cómo ver imágenes claras en tu ojo mental"	looksmaxing	"2021-03-03 05:43:54"	"2026-03-06 16:23:41"	1032	7429	42	22	1	1	223	looksmax.org		0	
/d/6672-suenos-lucidos	6672	"Sueños lúcidos"	looksmaxing	"2021-03-03 16:23:15"	"2021-04-19 10:28:16"	1323	4683	36	16	1	1	68	looksmax.org		0	dosing/PED
/d/6676-meditacion	6676	Meditación	looksmaxing	"2021-03-04 00:33:44"	"2021-03-05 07:04:45"	956	1441	16	11	1	1	64	looksmax.org		0	
/d/6687-memorizar-grandes-cantidades-de-informacion	6687	"Memorizar grandes cantidades de información"	looksmaxing	"2021-03-05 04:20:51"	"2026-01-14 15:32:53"	645	1890	14	12	1	1	66	looksmax.org		0	
/d/6692-forma-facil-de-obtener-tus-micronutrientes-util-para-skinmaxx-y-leanmaxx	6692	"Forma fácil de obtener tus micronutrientes, útil para skinmaxx y leanmaxx"	looksmaxing	"2021-03-05 18:04:39"	"2021-03-15 21:09:29"	229	1608	29	18	1	1	23	looksmax.org		0	dosing/PED
/d/6695-como-bloquear-el-porno-de-tu-vida-coomers-gtfih-hilo-de-alto-esfuerzo	6695	"Cómo bloquear el porno de tu vida (coomers gtfih) (hilo de alto esfuerzo)"	looksmaxing	"2021-03-06 00:39:08"	"2022-11-04 01:14:14"	1513	8607	39	25	1	1	104	looksmax.org		0	
/d/6697-guia-completa-para-pensar-megaguia	6697	"Guía completa para pensar [MEGAGUÍA]"	looksmaxing	"2021-03-06 05:52:21"	"2022-05-28 07:48:39"	266	2452	49	32	1	1	156	looksmax.org		0	
/d/6698-bonesmashing-para-aumento-de-estatura	6698	"Bonesmashing para Aumento de Estatura"	hardmaxing	"2021-03-06 06:47:26"	"2026-07-30 16:43:43"	1304	3451	37	28	1	1	28	looksmax.org		0	DIY-procedure
/d/6706-guia-completa-de-fraude-fotografico	6706	"GUÍA COMPLETA de fraude fotográfico"	looksmaxing	"2021-03-06 19:16:01"	"2021-05-16 15:20:51"	2248	4723	18	11	1	1	50	looksmax.org		0	
/d/6729-habilidades-sociales-parte-2-lenguaje-corporal	6729	"Habilidades Sociales Parte 2: Lenguaje Corporal"	looksmaxing	"2021-03-08 15:33:50"	"2021-04-26 22:30:19"	3579	7606	32	18	1	1	98	looksmax.org		0	
/d/6735-mega-guia-habilidades-sociales	6735	"[Mega-Guía] Habilidades sociales"	looksmaxing	"2021-03-09 06:53:40"	"2021-03-11 04:39:15"	289	435	14	9	1	1	26	looksmax.org		0	
/d/6745-guia-de-pelea-de-selinity	6745	"Guía de Pelea de Selinity"	looksmaxing	"2021-03-10 13:48:22"	"2021-03-20 08:36:45"	2263	4662	43	18	1	1	52	looksmax.org		0	sourcing
/d/6749-rescatando-al-soldado-native-guia-de-etapas-tempranas-de-caida-de-pelo	6749	"RESCATANDO AL SOLDADO NATIVE (GUÍA DE ETAPAS TEMPRANAS DE CAÍDA DE PELO)"	softmaxing	"2021-03-10 18:26:34"	"2021-03-15 14:23:29"	811	2930	24	14	1	1	19	looksmax.org		0	dosing/PED
/d/6750-como-construir-un-workflow	6750	"Cómo construir un workflow"	looksmaxing	"2021-03-10 20:12:24"	"2023-06-15 21:12:51"	228	317	5	4	1	1	4	looksmax.org		0	
/d/6760-super-mega-guia-te-cambia-la-vida	6760	"(SÚPER MEGA GUÍA) Te cambia la vida"	looksmaxing	"2021-03-12 12:35:28"	"2021-03-13 23:22:05"	465	2997	33	14	1	1	134	looksmax.org		0	
/d/6777-demasiada-gente-esta-entrecerrando-los-ojos-mal-squintmaxxers-venganse-para-aca	6777	"Demasiada gente está entrecerrando los ojos mal. (squintmaxxers vénganse para acá)"	looksmaxing	"2021-03-14 13:33:05"	"2021-03-14 14:35:22"	168	564	14	11	1	1	26	looksmax.org		0	
/d/6781-esteroides-la-guia-completa	6781	"ESTEROIDES – LA GUÍA COMPLETA"	anabolicos	"2021-03-15 01:44:50"	"2026-03-17 01:25:17"	12202	39088	26	22	1	1	1719	looksmax.org		0	dosing/PED
/d/6787-reduccion-del-lobulo-de-la-oreja-como-forma-de-mejorar-opticamente-el-ramusjawline	6787	"Reducción del lóbulo de la oreja como forma de mejorar ópticamente el Ramus/jawline"	hardmaxing	"2021-03-15 15:06:16"	"2023-02-06 19:46:10"	775	1313	30	13	1	1	63	looksmax.org		0	
/d/6814-la-guia-de-zeroshame-sobre-el-aceite-de-coco-para-la-calidad-del-cabello	6814	"La guía de Zeroshame sobre el aceite de coco para la calidad del cabello"	softmaxing	"2021-03-18 13:48:51"	"2023-12-08 08:16:35"	1212	1845	12	6	0	1	4	looksmax.org		0	
/d/6824-lista-de-caracteristicas-que-hacen-a-un-buen-peleador	6824	"Lista de características que hacen a un buen peleador"	looksmaxing	"2021-03-20 13:43:51"	"2021-08-18 10:57:32"	179	2010	49	20	1	1	88	looksmax.org		0	
/d/6826-version-mejorada-titmaxxing-y-milkmaxxing-a-tu-novia	6826	"Versión mejorada: Titmaxxing y Milkmaxxing a tu novia."	looksmaxing	"2021-03-20 14:28:44"	"2025-09-24 08:35:22"	857	2439	39	21	1	1	20	looksmax.org		0	dosing/PED
/d/6865-estrategia-poco-convencional-para-maximizar-la-felicidad-en-la-vida-para-truecels-totales-alejate-de-este-hilo-si-quieres-seguir-copeando	6865	"Estrategia poco convencional para maximizar la FELICIDAD en la vida para truecels totales — ¡aléjate de este hilo si quieres SEGUIR COPEANDO!"	anabolicos	"2021-03-24 03:19:29"	"2023-11-29 14:44:21"	1289	2209	38	19	1	1	4	looksmax.org		0	
/d/6881-traduciendo-lo-que-la-gente-realmente-quiere-decir	6881	"Traduciendo lo que la gente realmente quiere decir"	looksmaxing	"2021-03-26 10:52:38"	"2021-03-26 18:46:02"	152	267	8	9	1	1	2	looksmax.org		0	
/d/6887-por-que-deberias-irte-por-las-chavas-chaparras-averageheightcels-entren-aqui	6887	"Por Qué Deberías Irte por las Chavas Chaparras (Averageheightcels ENTREN AQUÍ)"	looksmaxing	"2021-03-26 22:31:03"	"2021-03-29 02:47:51"	500	2216	49	23	1	1	67	looksmax.org		0	
/d/6898-guia-completa-de-minoxidil-para-el-crecimiento-del-cabello	6898	"Guía Completa de Minoxidil (Para el Crecimiento del Cabello)"	softmaxing	"2021-03-28 16:04:27"	"2022-01-25 22:26:45"	3031	3277	9	6	1	1	41	looksmax.org		0	sourcing
/d/6911-determina-tu-forma-de-cara	6911	"Determina tu forma de cara"	looksmaxing	"2021-03-29 12:10:24"	"2024-02-07 18:08:23"	1389	4240	20	14	1	1	168	looksmax.org		0	
/d/6921-mi-plan-de-vein-maxxing	6921	"Mi plan de vein maxxing"	looksmaxing	"2021-03-30 04:31:10"	"2021-07-16 20:41:23"	395	1706	20	14	1	1	33	looksmax.org		0	dosing/PED
/d/6924-aumenta-tu-estatura-mediante-microfracturas	6924	"Aumenta tu estatura mediante microfracturas"	hardmaxing	"2021-03-30 10:17:34"	"2021-03-30 14:59:56"	258	2233	49	19	1	1	38	looksmax.org		0	dosing/PED
/d/6925-el-camino-hacia-una-relacion-larga-y-feliz	6925	"El camino hacia una relación larga y feliz"	looksmaxing	"2021-03-30 10:56:19"	"2022-03-07 05:59:26"	245	2030	27	19	1	1	8	looksmax.org		0	
/d/6937-guia-completa-de-prohormones	6937	"Guía completa de PROHORMONES"	anabolicos	"2021-03-31 16:19:33"	"2022-09-08 04:58:18"	4001	11942	14	12	1	1	327	looksmax.org		0	dosing/PED
/d/6939-todo-lo-que-necesitas-saber-sobre-its-y-embarazos	6939	"Todo lo que necesitas saber sobre ITS y embarazos"	looksmaxing	"2021-03-31 21:19:18"	"2022-07-06 05:13:54"	2237	2765	26	19	1	1	14	looksmax.org		0	self-harm/hopelessness
/d/6957-como-ocultar-las-ojeras-bajo-tus-ojos	6957	"Cómo ocultar las ojeras bajo tus ojos"	softmaxing	"2021-04-02 17:38:32"	"2025-07-17 18:30:08"	1753	5806	34	17	1	1	472	looksmax.org		0	
/d/6958-como-dormir-con-buena-calidad	6958	"Cómo dormir con buena calidad"	softmaxing	"2021-04-02 22:20:37"	"2021-04-24 04:35:42"	1017	3135	16	13	1	1	34	looksmax.org		0	
/d/6965-el-halo-mas-olvidado-postura-perfecta	6965	"El halo más olvidado: Postura perfecta"	softmaxing	"2021-04-03 19:56:42"	"2021-04-03 22:56:48"	44	459	19	16	1	1	18	looksmax.org		0	
/d/6969-que-pasaria-si-hicieras-todos-los-softmax	6969	"¿Qué pasaría si hicieras todos los softmax:"	softmaxing	"2021-04-04 01:16:28"	"2023-09-22 22:36:28"	806	2436	49	26	1	1	489	looksmax.org		0	
/d/6973-hacer-tu-nariz-un-poco-mas-pequena-sin-cirugia	6973	"Hacer tu nariz un poco más pequeña sin cirugía"	softmaxing	"2021-04-04 12:54:33"	"2021-04-09 23:52:21"	318	808	17	7	1	1	129	looksmax.org		0	
/d/6975-gtfih-por-que-amnesia-todavia-se-ve-de-20-a-los-32-explicado-guia-de-envejecimiento	6975	"GTFIH por qué amnesia todavía se ve de 20 a los 32 explicado + guía de envejecimiento."	looksmaxing	"2021-04-04 14:13:22"	"2021-04-30 15:36:29"	1047	6217	49	25	1	1	136	looksmax.org		0	dosing/PED
/d/6993-como-hacer-un-plan-de-ascension-desde-cero	6993	"Cómo Hacer un Plan de Ascensión (Desde Cero)"	looksmaxing	"2021-04-06 17:01:53"	"2024-09-18 02:29:13"	1882	9624	33	27	1	1	1176	looksmax.org		0	
/d/7011-como-ponerse-mamado-para-el-verano-con-nucleus-overload-guia-corta	7011	"CÓMO PONERSE MAMADO PARA EL VERANO CON NUCLEUS OVERLOAD (guía corta)"	looksmaxing	"2021-04-08 09:12:30"	"2021-04-09 12:48:02"	147	2378	49	13	1	1	51	looksmax.org		0	
/d/7013-como-tener-un-fisico-estetico-facil	7013	"Cómo tener un físico estético (FÁCIL)"	looksmaxing	"2021-04-08 13:33:02"	"2021-04-22 03:49:44"	594	1752	25	23	1	1	90	looksmax.org		0	
/d/7029-zapatos-nt-p2	7029	"Zapatos NT p.2"	softmaxing	"2021-04-10 20:25:41"	"2021-04-10 21:11:40"	20	974	49	23	1	1	115	looksmax.org		0	
/d/7042-por-que-el-bdsm-funciona-tan-bien-con-las-mujeres	7042	"Por qué el BDSM funciona tan bien con las mujeres"	looksmaxing	"2021-04-12 10:28:18"	"2021-04-19 12:44:54"	798	7731	39	19	1	1	18	looksmax.org		0	
/d/7052-guia-completa-y-actualizada-sobre-la-hinchazon-facial	7052	"Guía completa y actualizada sobre la hinchazón facial"	softmaxing	"2021-04-13 16:23:36"	"2022-07-28 21:46:55"	540	1569	26	18	1	1	26	looksmax.org		0	
/d/7055-guia-de-cabello-para-etnicos	7055	"Guía de cabello para étnicos"	softmaxing	"2021-04-14 04:37:37"	"2023-02-08 15:45:31"	222	1960	23	10	1	1	183	looksmax.org		0	
/d/7058-coomers-gtfih-guia-de-orgasm-maxxing	7058	"COOMERS GTFIH. GUÍA DE ORGASM MAXXING"	looksmaxing	"2021-04-14 14:03:33"	"2024-01-24 17:43:27"	509	1498	37	19	1	1	32	looksmax.org		0	dosing/PED
/d/7069-como-combatir-la-influencia-del-kpop	7069	"Cómo combatir la influencia del Kpop"	looksmaxing	"2021-04-16 05:28:05"	"2021-04-16 08:27:10"	621	4794	49	10	1	1	357	looksmax.org		0	
/d/7074-fraudear-con-bodysuit	7074	"Fraudear con bodysuit"	softmaxing	"2021-04-16 23:06:44"	"2021-08-11 08:34:34"	278	1108	36	22	1	1	74	looksmax.org		0	
/d/7124-como-perdi-75-lbs-fatcels-gtfih	7124	"Cómo perdí 75 lbs. ¡Fatcels GTFIH! ⚠️💪"	looksmaxing	"2021-04-23 23:51:21"	"2021-04-29 05:12:16"	192	1765	37	20	1	1	12	looksmax.org		0	
/d/7133-ultra-guia-de-mewing-2021-tecnica-maxhelp	7133	"Ultra Guía de Mewing 2021 (técnica maxhelp!)"	softmaxing	"2021-04-24 19:12:08"	"2022-07-23 11:50:18"	1429	6667	49	33	1	1	77	looksmax.org		0	
/d/7151-como-conseguir-novia-de-parte-de-una-chava-de-verdad-o-sea-que-es-legitimo	7151	"Cómo conseguir novia (de parte de una chava de verdad) (o sea que es legítimo)"	looksmaxing	"2021-04-26 19:37:08"	"2023-11-05 15:48:14"	638	5537	49	34	1	1	10	looksmax.org		0	
/d/7168-guia-de-mommymaxxing	7168	"Guía de Mommymaxxing"	looksmaxing	"2021-04-29 21:38:35"	"2021-04-30 06:56:47"	331	1179	22	14	1	1	30	looksmax.org		0	
/d/7176-como-te-ven-los-demas	7176	"¿Cómo te ven los demás?"	looksmaxing	"2021-04-30 19:25:14"	"2021-09-03 17:32:03"	2176	11518	49	24	1	1	84	looksmax.org		0	
/d/7193-vitamina-e-una-vitamina-muy-descuidada	7193	"Vitamina E, una vitamina muy descuidada."	anabolicos	"2021-05-03 16:59:03"	"2021-05-24 22:31:34"	157	772	14	10	1	1	38	looksmax.org		0	dosing/PED
/d/7194-los-7-habitos-de-la-gente-altamente-efectiva	7194	"Los 7 hábitos de la gente altamente efectiva"	looksmaxing	"2021-05-03 18:18:50"	"2021-05-17 08:49:54"	939	3017	24	17	1	1	6	looksmax.org		0	
/d/7195-como-ganar-amigos-e-influir-sobre-las-personas-resumen	7195	"Cómo Ganar Amigos e Influir sobre las Personas (resumen)"	looksmaxing	"2021-05-03 19:03:13"	"2022-10-30 19:24:01"	999	5295	38	22	1	1	16	looksmax.org		0	
/d/7196-una-guia-completa-para-dominar-a-la-foid-asiatica	7196	"Una guía completa para dominar a la foid asiática"	looksmaxing	"2021-05-03 21:41:21"	"2021-07-16 12:06:18"	753	5058	26	22	1	1	129	looksmax.org		0	sourcing
/d/7203-calificando-el-atractivo-en-la-vida-real-hombres	7203	"Calificando el Atractivo en la Vida Real (Hombres)"	looksmaxing	"2021-05-04 22:12:05"	"2021-05-05 16:02:52"	232	3023	46	21	1	1	46	looksmax.org		0	
/d/7212-optimizando-relaciones-balanceando-slaying-y-ltrs	7212	"Optimizando Relaciones (Balanceando slaying y LTR's)"	looksmaxing	"2021-05-06 21:12:05"	"2021-05-06 21:21:05"	348	499	5	5	1	1	12	looksmax.org		0	
/d/7216-magnesio-maxeando-hilo-gigante-literal	7216	"MAGNESIO-MAXEANDO HILO GIGANTE LITERAL"	looksmaxing	"2021-05-07 14:22:37"	"2022-04-10 07:22:02"	3321	14552	49	31	1	1	369	looksmax.org		0	
/d/7244-distorsion-de-lentes-por-que-los-selfies-son-inutiles	7244	"Distorsión de lentes - por qué los selfies son inútiles"	looksmaxing	"2021-05-11 07:21:26"	"2021-05-24 22:49:10"	154	1577	49	22	1	1	20	looksmax.org		0	
/d/7258-como-moggear	7258	"Cómo Moggear"	looksmaxing	"2021-05-13 19:26:34"	"2021-05-21 15:15:17"	492	779	15	11	1	1	28	looksmax.org		0	
/d/7262-guia-para-el-ascenso-etnico-escapando-del-currytax-curries-no-tengan-mas-miedo	7262	"guía para el ascenso étnico (escapando del currytax) , curries , no tengan más miedo"	looksmaxing	"2021-05-14 17:36:06"	"2023-05-10 16:40:37"	581	5100	46	18	1	1	195	looksmax.org		0	self-harm/hopelessness
/d/7276-como-conseguir-un-cuello-enorme-solo-con-discos-de-peso	7276	"Cómo conseguir un cuello enorme solo con discos de peso"	looksmaxing	"2021-05-16 15:20:14"	"2021-06-08 21:40:42"	183	1723	44	19	1	1	76	looksmax.org		0	
/d/7285-como-volverte-toxico	7285	"Cómo Volverte Tóxico"	looksmaxing	"2021-05-18 02:58:53"	"2022-05-19 10:39:07"	1140	6793	27	18	1	1	228	looksmax.org		0	
/d/7289-como-ser-nt-guia-oficial	7289	"Cómo ser NT guía oficial"	looksmaxing	"2021-05-19 04:27:17"	"2021-05-19 17:23:42"	497	3127	23	22	1	1	121	looksmax.org		0	
/d/7297-la-guia-definitiva-para-aumentar-la-densidad-osea-y-crecer-mas-alto	7297	"La guía definitiva para aumentar la densidad ósea y crecer más alto"	looksmaxing	"2021-05-20 15:14:07"	"2023-09-13 22:27:45"	314	2774	32	17	1	1	48	looksmax.org		0	dosing/PED
/d/7301-como-hacer-tu-nariz-mas-pequena-naturalmente	7301	"Cómo hacer tu nariz más pequeña naturalmente"	softmaxing	"2021-05-21 00:55:17"	"2023-08-09 13:17:21"	190	782	17	16	1	1	5	looksmax.org		0	DIY-procedure
/d/7304-guia-de-taka-sobre-esteroidestrt-ias-y-mas-sin-boladas	7304	"Guía de Taka sobre Esteroides/TRT, IAs y más. (SIN BOLADAS)"	anabolicos	"2021-05-21 13:11:57"	"2026-03-28 12:29:52"	2421	8725	25	14	1	1	29	looksmax.org		0	dosing/PED
/d/7317-ejercicios-obligatorios-para-la-estetica	7317	"Ejercicios obligatorios para la estética"	looksmaxing	"2021-05-22 18:53:02"	"2021-06-12 22:02:17"	232	2747	46	23	1	1	68	looksmax.org		0	
/d/7323-la-mayoria-de-los-debates-psl-surgen-del-mismo-tipo-de-pensamiento-low-iq	7323	"La mayoría de los debates PSL surgen del mismo tipo de pensamiento low-IQ"	looksmaxing	"2021-05-24 00:59:19"	"2022-04-20 08:00:35"	867	4680	31	24	1	1	42	looksmax.org		0	
/d/7324-guia-definitiva-de-masticacion	7324	"Guía definitiva de masticación"	hardmaxing	"2021-05-24 09:13:15"	"2021-11-30 18:01:55"	442	2835	49	21	1	1	204	looksmax.org		0	
/d/7337-suplementos-no-cope-water-thread	7337	"suplementos no-cope (water thread)"	looksmaxing	"2021-05-25 15:40:48"	"2021-07-23 16:35:39"	370	2167	28	13	1	1	41	looksmax.org		0	
/d/7339-como-ser-percibido-como-triada-oscura	7339	"Cómo ser percibido como Tríada Oscura"	looksmaxing	"2021-05-25 19:01:04"	"2021-05-26 00:06:00"	560	3140	49	24	1	1	64	looksmax.org	C607	0	
/d/7340-como-ser-percibido-como-triada-oscura	7340	"Cómo ser percibido como Tríada Oscura"	looksmaxing	"2021-05-25 19:51:54"	"2022-01-13 19:24:51"	477	3929	33	15	1	1	159	looksmax.org	C607	0	
/d/7357-los-cirujanos-son-hilarantemente-retrasados-el-problema-de-arreglar-la-recesion-con-base-en-cefalogramas	7357	"LOS CIRUJANOS SON HILARANTEMENTE RETRASADOS · El Problema de Arreglar la Recesión con Base en Cefalogramas"	hardmaxing	"2021-05-28 05:55:56"	"2021-07-07 03:21:43"	307	3333	49	25	1	1	181	looksmax.org		0	
/d/7360-los-incels-estan-completamente-equivocados-sobre-la-personalidad-la-verdadera-pildora-de-la-personalidad	7360	"Los incels están COMPLETAMENTE EQUIVOCADOS sobre la personalidad | La VERDADERA píldora de la personalidad"	looksmaxing	"2021-05-28 15:48:58"	"2021-07-18 10:18:21"	972	7645	37	30	1	1	113	looksmax.org		0	
/d/7362-tiron-de-parpado	7362	"TIRÓN DE PÁRPADO"	looksmaxing	"2021-05-29 00:00:52"	"2021-09-24 22:26:54"	95	853	24	14	1	1	45	looksmax.org		0	
/d/7375-cult-leader-maxxing	7375	"Cult Leader Maxxing"	looksmaxing	"2021-05-31 12:36:51"	"2021-06-03 18:26:17"	1647	1681	4	5	1	1	5	looksmax.org		0	
/d/7397-preparacion-para-el-verano-de-los-chicos-calientes	7397	"Preparación para el verano de los chicos calientes"	looksmaxing	"2021-06-02 20:06:43"	"2021-07-12 02:14:37"	1365	2895	23	18	1	1	120	looksmax.org		0	
/d/7399-parte-12-guia-completa-de-fenotipos-nordicidisk-esfuerzo-alto	7399	"[parte 1/2] Guía completa de fenotipos Nord/ic/id/isk [ESFUERZO ALTO]"	looksmaxing	"2021-06-03 04:30:59"	"2022-09-30 03:49:32"	743	2038	44	16	1	1	255	looksmax.org		0	
/d/7409-guia-integral-sobre-el-autismo	7409	"Guía integral sobre el autismo"	looksmaxing	"2021-06-05 15:47:34"	"2021-06-05 18:46:24"	221	1566	37	12	1	1	143	looksmax.org		0	dosing/PED
/d/7411-61-es-lo-ideal	7411	"6’1 es lo ideal"	looksmaxing	"2021-06-05 17:33:59"	"2021-12-28 21:18:43"	949	1525	29	25	1	1	12	looksmax.org		0	
/d/7413-los-8-mejores-suplementos-para-aumentar-los-niveles-de-t-para-tcels-bajos-basado-en-estudios	7413	"Los 8 mejores suplementos para aumentar los niveles de T para Tcels bajos (basado en estudios)"	anabolicos	"2021-06-06 14:29:33"	"2021-06-06 20:24:18"	1629	2109	18	11	1	1	165	looksmax.org		0	dosing/PED|sourcing
/d/7421-social-lifemaxxing-como-pase-de-estar-basicamente-solo-a-salir-con-amigos-2-vecessemana	7421	"Social Lifemaxxing - cómo pasé de estar básicamente solo a salir con amigos 2+ veces/semana"	looksmaxing	"2021-06-07 22:24:58"	"2021-09-20 22:36:24"	1123	6186	40	23	1	1	156	looksmax.org		0	DIY-procedure
/d/7451-guia-definitiva-para-statusmaxx-alto-iq-baja-inhib-alto-esfuerzo	7451	"GUÍA DEFINITIVA PARA STATUSMAXX (ALTO IQ BAJA INHIB ALTO ESFUERZO)"	looksmaxing	"2021-06-13 15:09:15"	"2021-06-27 14:35:31"	598	1250	3	4	1	1	8	looksmax.org		0	
/d/7500-como-dominar-el-apreton-de-manos	7500	"Cómo dominar el apretón de manos"	looksmaxing	"2021-06-22 20:43:22"	"2021-06-22 21:17:13"	276	332	7	4	1	1	13	looksmax.org		0	
/d/7539-como-looksmaxxear-a-tus-hijos	7539	"Cómo looksmaxxear a tus hijos"	looksmaxing	"2021-06-30 09:35:51"	"2021-09-02 13:43:17"	153	3685	49	27	1	1	25	looksmax.org		0	dosing/PED|DIY-procedure
/d/7547-lista-de-rasgos-por-prioridad-ordenados-de-mayor-a-menor	7547	"Lista de rasgos por prioridad ordenados de mayor a menor"	looksmaxing	"2021-07-02 15:45:00"	"2021-07-07 04:16:06"	534	1266	16	10	0	0	0	looksmax.org		0	
/d/7548-el-protector-solar-y-por-que-deberias-usarlo	7548	"El protector solar, y por qué deberías usarlo"	softmaxing	"2021-07-02 16:37:19"	"2023-04-05 15:23:55"	553	2453	27	18	1	1	97	looksmax.org		0	dosing/PED|sourcing
/d/7551-los-fenotipos-mexicanos-mas-comunes	7551	"Los fenotipos mexicanos más comunes"	looksmaxing	"2021-07-03 02:02:13"	"2026-03-04 07:41:01"	148	1322	33	11	1	1	70	looksmax.org		0	
/d/7589-mi-error-fatal-en-el-dating	7589	"Mi error fatal en el dating"	looksmaxing	"2021-07-07 06:11:44"	"2021-08-03 17:15:06"	187	1334	27	17	1	1	36	looksmax.org		0	
/d/7612-guia-para-manos-masculinasmunecas-grandes	7612	"GUÍA para manos masculinas/muñecas grandes"	looksmaxing	"2021-07-11 05:22:07"	"2021-07-16 14:59:45"	241	2576	46	20	1	1	80	looksmax.org		0	
/d/7636-guia-simple-para-selfies-nt-fraudeadas	7636	"Guía Simple para selfies NT fraudeadas"	looksmaxing	"2021-07-15 00:03:32"	"2021-07-30 09:24:01"	1247	1680	18	12	1	1	18	looksmax.org		0	
/d/7640-la-guia-definitiva-de-la-violencia-en-defensa-propia-nada-de-mariconadas-en-serio	7640	"La guía definitiva de la violencia en defensa propia (nada de mariconadas, en serio)"	looksmaxing	"2021-07-15 11:29:52"	"2021-08-06 16:14:08"	1644	6242	23	13	1	1	7	looksmax.org		0	
/d/7660-por-que-deberias-consumir-huevos-crudos	7660	"Por qué deberías consumir huevos crudos"	looksmaxing	"2021-07-18 15:25:36"	"2021-10-10 18:37:49"	606	3340	49	27	1	1	26	looksmax.org		0	dosing/PED|sourcing
/d/7691-costo-de-la-cirugia-bimaxilar-de-mandibula-en-california-imagenes-3d-adjuntas	7691	"Costo de la Cirugía Bimaxilar de Mandíbula en California (imágenes 3D adjuntas)"	hardmaxing	"2021-07-24 14:16:03"	"2021-08-09 16:22:01"	115	2177	49	22	1	1	16	looksmax.org		0	
/d/7693-como-encontrar-una-novia-fiel-basado-en-rasgos-de-personalidad	7693	"Cómo Encontrar una Novia Fiel, Basado en Rasgos de Personalidad"	looksmaxing	"2021-07-24 17:26:20"	"2021-08-20 16:21:21"	641	5110	49	31	1	1	179	looksmax.org		0	
/d/7726-mi-guia-para-el-cabello-rizado	7726	"Mi guía para el cabello rizado"	softmaxing	"2021-07-31 16:08:30"	"2021-08-09 11:15:32"	607	1934	18	12	1	1	10	looksmax.org		0	
/d/7767-vitamina-c-topica-no-te-conformes-con-menos	7767	"VITAMINA C TÓPICA - NO TE CONFORMES CON MENOS"	softmaxing	"2021-08-07 03:47:05"	"2023-08-07 15:41:11"	190	1386	35	19	1	1	78	looksmax.org		0	dosing/PED|DIY-procedure
/d/7768-la-guia-de-yolosweg-para-la-felicidad-en-general	7768	"La guía de Yolosweg para la felicidad en general"	looksmaxing	"2021-08-07 14:01:20"	"2021-08-28 19:58:10"	2054	4746	19	14	1	1	12	looksmax.org		0	dosing/PED|self-harm/hopelessness
/d/7779-como-convertirse-en-negro-de-verdad	7779	"Cómo Convertirse en Negro de Verdad"	peptides	"2021-08-09 07:51:21"	"2023-08-10 00:08:04"	185	1173	31	10	1	1	70	looksmax.org		0	dosing/PED|self-harm/hopelessness
/d/7788-guia-rapida-para-gym-maxing-basada-en-los-tres-tipos-de-cuerpo-mesomorfo-ectomorfo-endomorfo	7788	"Guía rápida para Gym Maxing basada en los tres tipos de cuerpo - Mesomorfo, Ectomorfo, Endomorfo"	looksmaxing	"2021-08-10 15:45:29"	"2023-10-18 14:01:25"	214	2574	44	21	1	1	39	looksmax.org		0	
/d/7813-los-snap-scores-de-snapchat-requeridos-para-desbloquear-funciones-sociales-importantes-tabla	7813	"Los Snap Scores de Snapchat requeridos para desbloquear funciones sociales importantes (Tabla)"	looksmaxing	"2021-08-14 19:12:02"	"2021-08-15 11:58:50"	238	2541	49	27	1	1	13	looksmax.org		0	
/d/7817-por-que-tus-ancestros-no-tenian-acne-y-tu-si	7817	"POR QUÉ TUS ANCESTROS NO TENÍAN ACNÉ Y TÚ SÍ"	softmaxing	"2021-08-15 10:23:45"	"2021-09-11 21:32:01"	1055	5065	20	18	1	1	230	looksmax.org		0	sourcing
/d/7830-como-iqmaxxear-mientras-te-pajas	7830	"cómo iqmaxxear mientras te pajas"	looksmaxing	"2021-08-18 00:50:14"	"2023-09-07 02:46:01"	90	352	11	10	1	1	22	looksmax.org		0	
/d/7840-teoria-de-las-lineas-para-determinar-recesionfalta-de-armonia	7840	"TEORÍA DE LAS LÍNEAS PARA DETERMINAR RECESIÓN/FALTA DE ARMONÍA"	hardmaxing	"2021-08-19 11:01:21"	"2024-09-05 19:17:24"	348	2293	41	19	1	1	116	looksmax.org		0	
/d/7842-como-maximizar-tus-resultados-en-tinder	7842	"Cómo maximizar tus resultados en tinder"	looksmaxing	"2021-08-19 19:35:10"	"2021-08-20 01:47:31"	1300	3539	49	17	1	1	34	looksmax.org		0	
/d/7878-guia-definitiva-de-ayuno-leanmaxx-facil	7878	"GUÍA DEFINITIVA DE AYUNO [LEANMAXX FÁCIL]"	looksmaxing	"2021-08-28 00:13:16"	"2021-08-28 16:30:22"	768	1851	18	11	1	1	15	looksmax.org		0	
/d/7894-me-he-librado-de-la-carga-que-es-el-cabello	7894	"ME HE LIBRADO DE LA CARGA QUE ES EL CABELLO."	softmaxing	"2021-08-30 17:23:32"	"2021-09-05 14:02:45"	189	838	31	11	1	1	68	looksmax.org		0	
/d/7896-olvidate-del-mewing-presentando-el-johnning-o-como-me-gusta-llamarlo-jewning-parte-2-mi-tecnica-personal-de-looksmaxing	7896	"Olvídate del mewing. Presentando el Johnning (o como me gusta llamarlo, Jewning) Parte 2 mi técnica personal de looksmaxing"	softmaxing	"2021-08-31 02:59:08"	"2023-11-11 10:40:17"	155	1963	49	17	1	1	70	looksmax.org		0	
/d/7898-una-guia-para-criar-a-tu-bebe-de-modo-que-tenga-la-maxima-calidad-para-convertirse-en-un-chadstacy-mas-adelante	7898	"Una guía para criar a tu bebé de modo que tenga la máxima calidad para convertirse en un chad/stacy más adelante"	looksmaxing	"2021-08-31 15:44:39"	"2022-09-24 16:59:38"	987	3624	39	32	1	1	6	looksmax.org		0	dosing/PED|sourcing
/d/7899-la-guia-definitiva-de-tattoo-maxxing-de-alta-calidad-vuelvete-high-status-esto-solito-cambio-toda-mi-vida-social-y-sexual	7899	"La Guía Definitiva de Tattoo Maxxing de Alta Calidad - Vuélvete High Status ( Esto Solito Cambió Toda Mi Vida Social y Sexual )"	softmaxing	"2021-08-31 16:23:21"	"2024-12-24 16:21:58"	1086	5347	49	26	1	1	159	looksmax.org		0	
/d/7906-como-deshacerte-del-acne-primitivepill	7906	"Cómo deshacerte del ACNÉ (PRIMITIVEPILL)"	softmaxing	"2021-09-01 22:57:57"	"2021-09-14 15:26:20"	390	6981	49	20	1	1	97	looksmax.org		0	sourcing
/d/7914-como-consegui-pomulos-hundidos-sin-perder-grasa	7914	"cómo conseguí pómulos hundidos sin perder grasa"	softmaxing	"2021-09-03 20:52:57"	"2021-09-04 18:49:04"	172	1137	49	13	1	1	27	looksmax.org		0	
/d/7933-arregla-tu-vista-por-que-odio-a-los-oftalmologos	7933	"ARREGLA TU VISTA- Por qué ODIO a los oftalmólogos"	looksmaxing	"2021-09-07 09:04:56"	"2022-03-05 15:25:14"	1499	4558	49	21	1	1	62	looksmax.org		0	dosing/PED
/d/7939-tips-para-una-dieta-basada-en-plantas-y-comida-integral	7939	"Tips para una dieta basada en plantas y comida integral"	looksmaxing	"2021-09-08 20:30:45"	"2022-11-23 16:51:07"	530	3029	35	19	1	1	71	looksmax.org		0	dosing/PED|sourcing
/d/7956-las-chavas-se-estan-dando-cuenta-de-que-cualquiera-de-ellas-puede-conseguir-miles-de-matches-en-tinder-como-triunfar-en-el-mercado-de-citas-actual	7956	"Las chavas se están dando cuenta de que cualquiera de ellas puede conseguir miles de matches en Tinder - Cómo triunfar en el mercado de citas actual"	looksmaxing	"2021-09-12 09:29:23"	"2021-10-12 14:20:51"	364	3187	49	33	1	1	35	looksmax.org		0	
/d/7962-como-disfrutar-de-comida-sabrosa-mientras-haces-leanmaxing	7962	"Cómo disfrutar de comida sabrosa mientras haces leanmaxing"	looksmaxing	"2021-09-12 22:13:34"	"2021-09-16 21:53:18"	95	1562	29	13	0	0	0	looksmax.org		0	
/d/8017-cunnilingus	8017	Cunnilingus	looksmaxing	"2021-09-20 13:42:50"	"2023-08-18 17:10:48"	58	497	16	15	1	1	10	looksmax.org		0	
/d/8050-guia-legitima-de-skinmaxxing	8050	"Guía legítima de skinmaxxing"	softmaxing	"2021-09-26 16:17:32"	"2025-05-08 03:56:51"	796	2711	35	20	1	1	65	looksmax.org		0	
/d/8095-cosas-que-necesitas-para-conseguir-sexo-de-mas-importante-a-menos-importante	8095	"Cosas que necesitas para conseguir sexo, de más importante a menos importante"	looksmaxing	"2021-10-01 20:59:29"	"2022-03-11 06:58:47"	105	249	8	8	0	0	0	looksmax.org		0	
/d/8101-guia-de-status-maxxing-muy-anticipada-de-digital-hitler-no-puedes-encontrar-esta-info-en-ningun-otro-lugar-en-internet-extremadamente-detallado	8101	"Guía de Status Maxxing Muy Anticipada de Digital Hitler - No Puedes Encontrar Esta Info en Ningún Otro Lugar en Internet [Extremadamente Detallado]"	looksmaxing	"2021-10-02 14:06:40"	"2021-10-10 15:20:26"	2944	20101	49	20	1	1	407	looksmax.org		0	
/d/8119-ejercicios-para-construir-el-fisico-mas-estetico	8119	"Ejercicios para construir el físico más ESTÉTICO"	looksmaxing	"2021-10-06 20:52:30"	"2021-10-13 07:14:14"	658	2224	12	9	1	1	4	looksmax.org		0	dosing/PED
/d/8120-guia-de-heightmaxxing-para-usuarios-jovenes	8120	"Guía de Heightmaxxing para usuarios jóvenes"	looksmaxing	"2021-10-06 22:03:46"	"2022-12-08 04:45:46"	210	2071	42	19	1	1	47	looksmax.org		0	dosing/PED
/d/8124-las-3-pruebas-de-hueso-mongoloide-absolutamente-subhumano-si-eres-caucasiano-y-fallas-cualquiera-de-estos	8124	"Las 3 Pruebas de Hueso Mongoloide • ABSOLUTAMENTE SUBHUMANO Si Eres Caucasiano y Fallas Cualquiera de Estos!"	looksmaxing	"2021-10-07 23:23:25"	"2023-11-28 03:27:03"	176	722	19	16	1	1	9	looksmax.org		0	
/d/8134-guia-completa-de-gymmax-se-zyzz	8134	"Guía completa de Gymmax - sé Zyzz"	anabolicos	"2021-10-09 15:46:39"	"2021-10-25 07:52:25"	235	920	17	13	1	1	9	looksmax.org		0	dosing/PED
/d/8227-la-guia-definitiva-para-usar-minoxidil-para-el-crecimiento-de-la-barba-y-cabello-facial-mas-grueso	8227	"La Guía Definitiva para Usar Minoxidil para el Crecimiento de la Barba y Cabello Facial Más Grueso"	softmaxing	"2021-10-27 18:53:44"	"2025-04-05 16:13:36"	3514	4808	20	18	1	1	93	looksmax.org		0	
/d/8245-el-99-de-tus-problemas-de-looks-se-resuelven-con-estas-tres-cosas	8245	"El 99% de tus problemas de looks se resuelven con estas tres cosas."	looksmaxing	"2021-11-01 14:32:19"	"2021-11-01 16:25:33"	26	337	20	14	1	1	28	looksmax.org		0	
/d/8277-ser-un-hombre-rubio-es-una-sentencia-de-muerte-a-menos-que-sigas-estos-2-looksmaxxes-criticos-con-imagenes-literalmente-te-cambia-blondecels-gtfih	8277	"ser un hombre RUBIO es una SENTENCIA DE MUERTE a menos que sigas estos 2 LOOKSMAXXES CRÍTICOS [Con imágenes] [Literalmente te cambia] [Blondecels GTFIH]"	softmaxing	"2021-11-05 15:53:47"	"2022-04-16 01:38:30"	365	3549	27	17	1	1	192	looksmax.org		0	
/d/8281-socialladdermaxxing-como-difundir-rumores	8281	"Socialladdermaxxing - Cómo difundir rumores"	looksmaxing	"2021-11-06 15:51:46"	"2021-11-06 18:40:35"	114	205	4	5	1	1	4	looksmax.org		0	
/d/8379-todo-lo-que-tienes-que-saber-sobre-la-dieta	8379	"Todo lo que tienes que saber sobre la DIETA"	looksmaxing	"2021-11-23 19:09:47"	"2023-04-23 20:10:03"	338	621	8	7	1	1	27	looksmax.org		0	
/d/8397-poniendole-fin-a-lo-que-veo-en-el-espejo-realmente-soy-yo-todos-entren-aqui	8397	"Poniéndole Fin A \"¿Lo que veo en el espejo realmente soy yo?\" TODOS ENTREN AQUÍ"	looksmaxing	"2021-11-27 23:10:15"	"2022-10-24 12:23:20"	627	3492	49	22	1	1	21	looksmax.org		0	
/d/8417-como-hacer-fisicoculturismo-para-la-estetica	8417	"Cómo hacer fisicoculturismo para la estética"	looksmaxing	"2021-11-30 16:21:13"	"2021-12-25 12:32:47"	423	1914	21	11	1	1	38	looksmax.org		0	
/d/8419-mi-depresion-desaparecio-por-completo-lee-esto-si-estas-jodido-de-la-cabeza	8419	"Mi depresión desapareció por completo. Lee esto si estás jodido de la cabeza."	anabolicos	"2021-12-01 08:39:28"	"2021-12-12 10:02:58"	894	2920	49	27	1	1	37	looksmax.org		0	dosing/PED
/d/8454-la-guia-de-instagrammaxxing-de	8454	"La guía de instagrammaxxing de ´´´´´´´´"	looksmaxing	"2021-12-06 23:23:31"	"2021-12-09 19:40:45"	909	2190	19	13	1	1	16	looksmax.org		0	DIY-procedure
/d/8491-como-reiniciar-la-salud-de-tu-intestino-guia-de-gutmaxxing	8491	"CÓMO REINICIAR LA SALUD DE TU INTESTINO [Guía de GutMaxxing]"	looksmaxing	"2021-12-11 23:41:27"	"2022-01-01 14:08:21"	537	4443	49	26	1	1	78	looksmax.org		0	
/d/8507-los-mayores-exitos-anti-envejecimiento-vienen-del-protector-solar-pero-la-mayoria-de-personas-no-usa-el-tipo-correcto	8507	"Los mayores éxitos anti-envejecimiento vienen del protector solar pero LA MAYORÍA DE PERSONAS NO USA EL TIPO CORRECTO"	softmaxing	"2021-12-14 22:19:53"	"2021-12-19 12:07:18"	178	1969	39	23	1	1	9	looksmax.org		0	
/d/8512-gestos-y-comportamientos-no-nt-no-hagas-esto	8512	"GESTOS Y COMPORTAMIENTOS NO-NT - NO HAGAS ESTO"	looksmaxing	"2021-12-16 13:33:10"	"2022-11-13 15:18:56"	637	2015	20	17	1	1	23	looksmax.org		0	
/d/8520-por-que-no-deberias-masturbarte-razones-cientificas	8520	"Por Qué No Deberías Masturbarte [RAZONES CIENTÍFICAS]"	looksmaxing	"2021-12-17 05:18:26"	"2021-12-17 06:00:19"	560	5060	49	7	0	1	54	looksmax.org	C672	0	dosing/PED
/d/8527-las-apps-de-citas-en-linea-que-deberias-estar-usando	8527	"Las apps de citas en línea que deberías estar usando"	looksmaxing	"2021-12-18 05:29:41"	"2022-09-07 17:55:53"	996	3393	32	19	0	0	0	looksmax.org		0	
/d/8542-guia-de-asertividad-maxxing-currycels-gtfih	8542	"Guía de asertividad-maxxing - CURRYCELS GTFIH"	looksmaxing	"2021-12-21 04:18:42"	"2021-12-31 14:03:48"	673	2010	31	13	1	1	4	looksmax.org		0	
/d/8555-hilo-de-maquillaje-para-hombres-fotos-probandolo	8555	"Hilo de Maquillaje para Hombres (+fotos probándolo)"	softmaxing	"2021-12-24 01:13:15"	"2023-09-18 09:58:23"	499	1931	17	12	1	1	89	looksmax.org		0	
/d/8559-drugmaxxing-informacion-para-usuarios-de-drogas	8559	"Drugmaxxing - información para usuarios de drogas"	looksmaxing	"2021-12-24 13:51:04"	"2022-03-21 19:18:18"	377	4278	41	10	0	0	0	looksmax.org		0	dosing/PED
/d/8560-entendiendo-la-energia-en-el-cuerpo-humano-guia	8560	"ENTENDIENDO LA ENERGÍA EN EL CUERPO HUMANO [GUÍA]"	looksmaxing	"2021-12-24 14:28:59"	"2022-02-21 05:36:28"	349	2149	28	7	1	1	40	looksmax.org		0	
/d/8581-si-no-has-hecho-languagemaxxing-este-es-el-momento	8581	"Si no has hecho languagemaxxing, este es el momento."	looksmaxing	"2021-12-28 21:40:38"	"2022-01-23 09:45:16"	433	1295	31	18	1	1	22	looksmax.org		0	
/d/8588-heightmaxxing-para-todos-los-nuevos-greycels	8588	"HEIGHTMAXXING PARA TODOS LOS NUEVOS GREYCELS"	looksmaxing	"2021-12-29 19:48:17"	"2022-01-22 17:22:31"	628	3464	26	19	1	1	36	looksmax.org		0	dosing/PED
/d/8627-guia-sobre-tipos-de-cabello-y-como-cambiarlo	8627	"Guía sobre Tipos de Cabello y Cómo Cambiarlo"	softmaxing	"2022-01-05 02:12:22"	"2023-08-10 15:21:26"	3232	14265	49	33	1	1	390	looksmax.org		0	
/d/8669-como-tener-juego-con-las-mujeres-guia	8669	"Cómo Tener Juego Con Las Mujeres [GUÍA]"	looksmaxing	"2022-01-12 19:53:31"	"2022-01-29 21:23:56"	543	2915	32	19	0	0	0	looksmax.org		0	
/d/8675-como-usar-tu-puto-cerebro-la-guia-definitiva	8675	"Cómo usar tu PUTO cerebro (La Guía Definitiva)"	looksmaxing	"2022-01-14 16:32:03"	"2022-01-14 19:53:08"	677	993	9	7	0	0	0	looksmax.org		0	
/d/8678-guia-como-tener-exito-en-la-vida	8678	"GUÍA - Cómo tener éxito en la vida"	looksmaxing	"2022-01-15 02:28:55"	"2022-01-28 00:15:02"	634	3369	31	15	1	1	33	looksmax.org		0	
/d/8681-nunca-apuntes-al-pecho-como-ponerse-mamado-para-moggear-en-publico-es-diferente-al-culturismo-normal	8681	"¡NUNCA APUNTES AL PECHO! Cómo ponerse mamado para MOGGEAR EN PÚBLICO (Es diferente al culturismo normal)"	looksmaxing	"2022-01-15 09:07:00"	"2025-03-21 23:47:59"	76	2208	36	19	1	1	20	looksmax.org		0	
/d/8686-descifre-el-codigo-como-conseguir-una-novia-hqnp-en-serio-sin-clickbait	8686	"Descifré el Código- CÓMO CONSEGUIR UNA NOVIA HQNP (En serio, sin clickbait)"	looksmaxing	"2022-01-16 18:40:53"	"2022-02-14 14:27:50"	549	4042	43	32	1	1	118	looksmax.org		0	
/d/8687-como-el-alcohol-destruye-tus-ganancias-de-gimnasio-articulo-de-alto-esfuerzo	8687	"Cómo el alcohol destruye tus ganancias de gimnasio [artículo de alto esfuerzo]"	looksmaxing	"2022-01-16 19:17:20"	"2022-03-06 00:51:36"	1247	3436	25	14	1	1	87	looksmax.org		0	dosing/PED
/d/8690-musculos-y-grupos-musculares-principales-clasificados-por-importancia-estetica	8690	"Músculos y Grupos Musculares Principales Clasificados por Importancia Estética"	looksmaxing	"2022-01-17 03:32:37"	"2022-12-27 05:22:18"	193	1683	37	21	1	1	11	looksmax.org		0	
/d/8699-jaw-jutting-es-el-mejor-softmaxx-jamas-gratis-15psl-aprende-como-hacer-jaw-jutting-de-forma-correcta	8699	"Jaw Jutting es el mejor softmaxx JAMÁS. Gratis +1,5PSL. Aprende cómo hacer jaw jutting de forma correcta."	softmaxing	"2022-01-17 21:34:46"	"2024-06-06 20:19:33"	137	1342	35	23	1	1	14	looksmax.org		0	
/d/8703-plantilla-de-rutina-de-entrenamiento-chadsique-basica	8703	"Plantilla de Rutina de Entrenamiento Chadsique Básica"	looksmaxing	"2022-01-18 16:22:47"	"2022-02-20 02:26:21"	182	1238	24	11	1	1	38	looksmax.org		0	
/d/8708-como-vencer-la-adiccion-y-fomentar-buenos-habitos	8708	"Cómo vencer la adicción y fomentar buenos hábitos"	looksmaxing	"2022-01-19 12:44:44"	"2022-01-19 17:28:56"	1213	8488	49	15	1	1	36	looksmax.org		0	dosing/PED
/d/8718-una-forma-altamente-efectiva-de-lograr-crecimiento-oseo-facial-con-hgh	8718	"Una forma altamente efectiva de lograr crecimiento óseo facial con HGH"	anabolicos	"2022-01-21 08:42:58"	"2026-06-18 01:11:53"	105	2353	31	18	1	1	40	looksmax.org		0	dosing/PED
/d/8726-como-verse-rico-af-si-pagas-algo-con-tu-tarjeta-de-credito	8726	"Cómo verse rico af si pagas algo con tu tarjeta de crédito"	looksmaxing	"2022-01-23 08:02:43"	"2022-01-23 15:14:45"	67	413	8	6	0	0	0	looksmax.org		0	
/d/8757-stack-anti-soledad-para-quienes-se-quedaran-solteros-y-sin-hijos	8757	"STACK ANTI-SOLEDAD para quienes se quedarán solteros y sin hijos"	looksmaxing	"2022-01-29 21:54:40"	"2022-01-30 09:51:15"	820	5243	49	21	1	1	2	looksmax.org		0	
/d/8832-por-que-deberias-estar-tomando-clorofila	8832	"Por qué deberías estar tomando clorofila"	softmaxing	"2022-02-09 21:06:27"	"2024-04-22 09:04:48"	213	659	25	14	1	1	36	looksmax.org		0	
/d/8834-como-hacerle-gaslighting-a-las-mujeres	8834	"Cómo hacerle gaslighting a las mujeres"	looksmaxing	"2022-02-10 04:03:43"	"2022-02-14 16:58:21"	1000	1525	21	15	1	1	5	looksmax.org		0	
/d/8856-mi-guia-para-volverse-guapo	8856	"Mi guía para volverse guapo"	looksmaxing	"2022-02-13 11:24:10"	"2023-05-19 19:24:04"	1501	7294	33	19	1	1	15	looksmax.org		0	DIY-procedure
/d/8865-guia-para-falsificar-tu-marco-y-estructura-osea-naturalmente	8865	"GUÍA PARA FALSIFICAR TU MARCO Y ESTRUCTURA ÓSEA (NATURALMENTE)"	looksmaxing	"2022-02-15 15:46:17"	"2022-03-13 20:15:01"	2509	13281	36	21	1	1	195	looksmax.org		0	
/d/8877-autismo-blackpill-101	8877	"Autismo blackpill 101"	looksmaxing	"2022-02-16 17:45:36"	"2022-02-27 06:14:40"	1230	5419	49	21	1	1	31	looksmax.org		0	
/d/8878-como-verte-mejor-ahora-mismo	8878	"cómo verte mejor ahora mismo"	looksmaxing	"2022-02-16 18:50:35"	"2022-02-16 23:37:56"	423	1286	22	10	1	1	40	looksmax.org		0	
/d/8908-como-aclarar-los-ojos-azules	8908	"Cómo aclarar los ojos azules"	softmaxing	"2022-02-20 19:48:13"	"2023-07-02 04:35:19"	267	2181	27	14	1	1	58	looksmax.org		0	
/d/8916-como-funciona-la-distancia-focal	8916	"Cómo Funciona la Distancia Focal."	looksmaxing	"2022-02-22 12:56:51"	"2022-03-17 23:04:25"	508	3178	45	16	1	1	37	looksmax.org		0	
/d/8925-guia-de-stylemaxxing-para-normies	8925	"Guía de Stylemaxxing para Normies"	softmaxing	"2022-02-23 19:16:54"	"2024-10-27 13:39:32"	633	1869	35	21	1	1	254	looksmax.org		0	
/d/8962-como-mejorar-tu-juego-con-la-verga	8962	"Cómo mejorar tu juego con la verga"	hardmaxing	"2022-02-28 17:18:56"	"2023-12-08 18:48:31"	495	1671	25	13	1	1	6	looksmax.org		0	dosing/PED
/d/9018-como-hacer-amigos-en-el-gym-guia-para-autistas	9018	"Cómo hacer amigos en el gym - guía para autistas"	looksmaxing	"2022-03-09 01:44:38"	"2024-12-23 17:11:08"	459	2659	32	22	0	0	0	looksmax.org		0	
/d/9033-como-hacer-hijos-chad	9033	"Cómo hacer hijos Chad"	looksmaxing	"2022-03-11 09:01:42"	"2022-03-25 05:20:52"	309	899	22	15	0	0	0	looksmax.org		0	dosing/PED
/d/9034-como-maximizar-suenos-vividoslucidos-gtfih-hack-facil	9034	"CÓMO MAXIMIZAR SUEÑOS VÍVIDOS/LÚCIDOS (gtfih) (hack fácil)"	looksmaxing	"2022-03-11 13:47:38"	"2022-03-12 18:03:39"	195	440	9	9	0	0	0	looksmax.org		0	
/d/9038-test-de-virginidad-como-probar-si-tu-esposanovia-es-virgen-o-no	9038	"Test de virginidad: Cómo probar si tu esposa/novia es virgen o no"	looksmaxing	"2022-03-12 08:18:31"	"2024-04-12 19:02:37"	173	3818	49	34	1	1	15	looksmax.org		0	
/d/9044-seria-fisicamente-imposible-no-coger-haciendo-esta-estrategia-incluso-siendo-ltn	9044	"Sería físicamente imposible no coger haciendo esta estrategia. Incluso siendo LTN"	looksmaxing	"2022-03-12 21:08:06"	"2022-04-12 12:11:38"	156	1868	49	14	1	1	11	looksmax.org		0	
/d/9057-como-eliminar-los-antojos-de-azucar-facilmente	9057	"Cómo eliminar los antojos de azúcar fácilmente"	looksmaxing	"2022-03-15 13:19:56"	"2022-03-16 19:17:58"	151	1678	30	10	0	0	0	looksmax.org		0	
/d/9078-como-conseguir-un-elo-alto-en-tinder-y-aumentar-la-cantidad-de-matches	9078	"Cómo conseguir un ELO alto en Tinder y aumentar la cantidad de matches"	looksmaxing	"2022-03-18 14:42:59"	"2022-03-18 23:17:27"	1001	4322	49	21	1	1	9	looksmax.org		0	
/d/9094-sexting-proceso-de-como-conseguir-nudes	9094	"Sexting - proceso de cómo conseguir nudes"	looksmaxing	"2022-03-21 14:30:26"	"2022-03-31 21:56:09"	1039	3986	28	26	1	1	12	looksmax.org		0	
/d/9109-retencion-de-agua-brutal-y-como-desinflarse	9109	"RETENCIÓN DE AGUA BRUTAL Y CÓMO DESINFLARSE"	looksmaxing	"2022-03-24 22:07:54"	"2023-03-16 06:14:52"	263	3052	46	14	1	1	20	looksmax.org		0	
/d/9116-guia-de-tiemaxing	9116	"GUÍA DE TIEMAXING"	softmaxing	"2022-03-26 07:56:49"	"2022-04-15 16:18:10"	443	1002	11	9	1	1	68	looksmax.org		0	
/d/9129-la-guia-definitiva-de-preseleccion-que-va-a-salvar-tu-puta-vida-aunque-no-cojas	9129	"La Guía Definitiva de Preselección que va a Salvar tu Puta Vida [Aunque no cojas]"	looksmaxing	"2022-03-27 15:57:52"	"2022-03-27 19:35:51"	441	5250	49	15	1	1	107	looksmax.org		0	
/d/9130-guia-basica-de-osteotomia-de-mandibula-y-tercio-medio	9130	"Guía básica de osteotomía de mandíbula y tercio medio"	hardmaxing	"2022-03-27 22:00:22"	"2022-03-27 23:39:54"	836	4095	49	13	1	1	118	looksmax.org		0	
/d/9198-guia-gymcel-eficiente-3-partes-del-cuerpo-que-importan	9198	"GUÍA GYMCEL EFICIENTE, 3 PARTES DEL CUERPO QUE IMPORTAN"	looksmaxing	"2022-04-06 23:27:59"	"2022-04-07 16:51:30"	598	1664	22	13	1	1	71	looksmax.org		0	
/d/9206-una-guia-para-at-xangsane-para-verse-mas-afilado-y-mejorar-su-apariencia	9206	"Una guía para @xangsane para verse más afilado y mejorar su apariencia"	softmaxing	"2022-04-08 18:35:07"	"2022-04-09 22:42:06"	255	1853	44	17	1	1	50	looksmax.org		0	dosing/PED
/d/9217-mi-experiencia-con-aromasin-mk677-para-estatura-y-frame-tambien-oldcels-gtfih	9217	"Mi experiencia con aromasin +mk677 para estatura y frame (también oldcels gtfih )"	anabolicos	"2022-04-11 09:07:01"	"2022-05-10 04:30:13"	845	3479	49	16	1	1	24	looksmax.org		0	dosing/PED
/d/9224-ir-al-gym-es-cope	9224	"Ir al gym es cope."	looksmaxing	"2022-04-13 05:52:57"	"2022-04-15 10:59:43"	406	4334	49	25	1	1	10	looksmax.org		0	DIY-procedure
/d/9226-los-verdaderos-beneficios-del-nofap-y-como-lograrlo	9226	"Los VERDADEROS Beneficios del NoFap y Cómo Lograrlo"	looksmaxing	"2022-04-13 20:03:22"	"2023-05-20 00:21:21"	393	709	12	9	1	1	18	looksmax.org		0	sourcing
/d/9229-como-saber-si-eres-psicopata-o-sociopata	9229	"Cómo saber si eres psicópata o sociópata"	looksmaxing	"2022-04-14 10:35:01"	"2023-07-23 22:49:59"	60	1215	32	16	1	1	56	looksmax.org		0	
/d/9235-los-mejores-metodos-para-maximizar-tu-estructura	9235	"Los mejores métodos para maximizar tu estructura."	looksmaxing	"2022-04-14 21:50:29"	"2022-05-15 10:24:56"	768	1507	14	9	1	1	40	looksmax.org		0	
/d/9250-eyemaxxing-mejorando-el-area-de-tus-ojos	9250	"EYEMAXXING - Mejorando el Área de Tus Ojos"	softmaxing	"2022-04-17 20:44:24"	"2022-05-08 00:10:17"	1138	3846	41	20	1	1	141	looksmax.org		0	sourcing|DIY-procedure
/d/9258-lista-de-verificacion-para-leanmaxing-y-deshacerse-de-una-cara-hinchada	9258	"lista de verificación para leanmaxing y deshacerse de una cara hinchada"	looksmaxing	"2022-04-19 01:17:42"	"2022-04-19 22:06:09"	121	1143	12	5	0	0	0	looksmax.org		0	dosing/PED
/d/9260-el-santo-grial-de-la-productividad-como-mantenerte-motivado-para-siempre	9260	"el santo grial de la productividad (CÓMO MANTENERTE MOTIVADO PARA SIEMPRE)"	looksmaxing	"2022-04-19 12:15:05"	"2022-04-29 23:12:19"	428	1270	16	11	1	1	1	looksmax.org		0	dosing/PED
/d/9269-tret-microneedling-para-piel-de-nivel-dios-y-collagenmaxxing	9269	"Tret + microneedling para piel de nivel dios y collagenmaxxing"	softmaxing	"2022-04-20 03:42:54"	"2022-04-25 23:41:02"	355	2382	49	20	1	1	21	looksmax.org		0	DIY-procedure
/d/9285-salud-y-estetica-de-las-encias	9285	"Salud y Estética de las Encías"	softmaxing	"2022-04-22 18:46:48"	"2026-05-02 21:42:31"	790	5067	32	25	1	1	133	looksmax.org		0	
/d/9289-como-ensanchar-tu-boca-pequenos-bucales-entren	9289	"Cómo Ensanchar Tu Boca (pequeños bucales, ENTREN)"	hardmaxing	"2022-04-23 23:42:53"	"2022-07-28 20:01:32"	5703	14854	49	21	1	1	201	looksmax.org		0	
/d/9293-guia-para-el-cold-approach-y-no-ser-un-retrasado-social	9293	"GUÍA para el cold approach y no ser un retrasado social."	looksmaxing	"2022-04-24 21:39:27"	"2022-04-25 08:30:23"	1756	10457	49	22	1	1	23	looksmax.org		0	self-harm/hopelessness
/d/9295-como-tu-altura-te-halota-en-2022-terminando-delusiones-sobre-la-altura	9295	"Cómo tu Altura te Halota en 2022 + terminando delusiones sobre la altura"	looksmaxing	"2022-04-25 00:10:08"	"2023-04-18 21:10:34"	310	3893	41	28	1	1	28	looksmax.org		0	
/d/9311-la-unica-forma-de-saber-si-eres-un-chad	9311	"LA ÚNICA FORMA DE SABER SI ERES UN CHAD"	looksmaxing	"2022-04-27 04:34:23"	"2022-05-07 14:50:27"	211	585	16	12	1	1	5	looksmax.org		0	
/d/9315-manlets-gtfih-guia-de-alzas-de-alguien-con-10-anos-de-experiencia	9315	"Manlets GTFIH guía de alzas de alguien con 10 años de experiencia"	softmaxing	"2022-04-27 23:04:39"	"2024-04-11 23:02:18"	510	3241	49	23	1	1	94	looksmax.org		0	
/d/9318-la-unica-forma-verdadera-de-averiguar-como-te-ven-los-demas-en-la-vida-real	9318	"La única forma verdadera de averiguar cómo te ven los demás en la vida real"	looksmaxing	"2022-04-29 08:45:36"	"2026-04-02 18:04:00"	361	2058	44	23	1	1	44	looksmax.org		0	
/d/9320-maxeo-de-baja-inhibicion-cels-de-ansiedad-social-entren-aqui	9320	"Maxeo de Baja Inhibición (cels de ansiedad social ENTREN AQUÍ)"	looksmaxing	"2022-04-29 11:02:58"	"2022-05-27 00:12:51"	771	3092	35	25	1	1	73	looksmax.org		0	
/d/9358-como-hacer-looksmaxx-correctamente-y-ascender	9358	"Cómo hacer looksmaxx correctamente y ascender"	looksmaxing	"2022-05-05 23:48:32"	"2022-05-20 13:59:40"	444	1545	14	6	1	1	34	looksmax.org		0	sourcing
/d/9362-guia-de-sueno-ideal	9362	"Guía de Sueño Ideal"	softmaxing	"2022-05-07 09:37:39"	"2025-08-22 18:11:13"	3113	15109	19	15	1	1	596	looksmax.org		0	sourcing
/d/9363-guia-de-peptidos-melanotan-1-2	9363	"Guía de Péptidos Melanotan 1 & 2"	peptides	"2022-05-07 10:10:12"	"2025-11-02 21:28:22"	2841	12825	49	29	1	1	161	looksmax.org		0	dosing/PED|DIY-procedure
/d/9375-guia-de-sexmaxxing	9375	"Guía de SEXMAXXING"	looksmaxing	"2022-05-09 15:39:52"	"2023-07-29 22:15:02"	349	924	28	15	1	1	34	looksmax.org		0	
/d/9379-la-guia-sin-bullshit-para-healthmaxxing-serio	9379	"La guía sin bullshit para healthmaxxing (SERIO)"	looksmaxing	"2022-05-10 04:36:27"	"2022-05-25 17:12:12"	298	1472	20	12	1	1	25	looksmax.org		0	
/d/9385-parte-1-verduras-de-hoja-verde-comida-meme-completa	9385	"[Parte 1] Verduras de hoja verde = Comida meme completa"	looksmaxing	"2022-05-12 02:57:59"	"2023-04-20 20:38:31"	258	4674	49	33	1	1	62	looksmax.org		0	dosing/PED
/d/9387-los-mejores-lugares-para-ligar-siendo-mena-de-piel-clarashitksin	9387	"Los mejores lugares para ligar siendo MENA de piel clara/shitksin"	looksmaxing	"2022-05-12 06:56:34"	"2022-06-05 18:24:49"	160	765	9	9	1	1	4	looksmax.org		0	
/d/9389-como-conseguir-tu-corte-de-cabello-optimo	9389	"Cómo conseguir tu corte de cabello óptimo"	softmaxing	"2022-05-12 16:20:11"	"2022-06-19 20:48:46"	126	3182	49	11	1	1	35	looksmax.org		0	
/d/9392-guia-completa-sobre-nutrientes-esenciales	9392	"Guía completa sobre nutrientes esenciales"	looksmaxing	"2022-05-13 00:26:19"	"2022-07-30 01:37:38"	8182	41113	49	29	1	1	239	looksmax.org		0	sourcing
/d/9394-glosario-oficial-de-looksmaxgov	9394	"Glosario Oficial de Looksmax.gov"	looksmaxing	"2022-05-13 06:23:44"	"2026-03-07 04:52:57"	519	1805	28	11	1	1	12	looksmax.org		0	self-harm/hopelessness
/d/9397-como-hacer-que-una-chica-eyacule	9397	"CÓMO HACER QUE UNA CHICA EYACULE"	looksmaxing	"2022-05-13 14:30:15"	"2022-05-14 01:22:24"	276	1157	19	14	1	1	8	looksmax.org		0	
/d/9410-guia-para-lograr-piel-de-modelo-nivel-ii-arreglando-los-fallos-de-piel-y-guia-de-maquillaje-para-hombres	9410	"Guía para lograr piel de modelo Nivel II: arreglando los fallos de piel y guía de maquillaje para hombres"	softmaxing	"2022-05-15 22:16:28"	"2022-10-11 23:28:10"	5300	17336	49	29	1	1	419	looksmax.org		0	
/d/9413-fashionmaxxing-formal	9413	"Fashionmaxxing formal"	softmaxing	"2022-05-16 20:03:13"	"2022-05-27 20:59:15"	1572	13158	22	7	1	1	36	looksmax.org		0	sourcing
/d/9425-los-curries-deberian-latinomaxear-video	9425	"Los curries deberían Latinomaxear 🤌🏻(VIDEO)"	softmaxing	"2022-05-18 13:53:54"	"2022-05-18 15:40:42"	164	2468	49	11	1	1	230	looksmax.org		0	
/d/9433-guia-definitiva-de-bbc	9433	"Guía definitiva de BBC🏴‍☠️✊🏿"	looksmaxing	"2022-05-19 17:58:23"	"2022-05-20 03:39:05"	961	4552	49	14	1	1	84	looksmax.org		0	
/d/9441-hice-una-comparacion-de-superposicion-de-perfil-de-craneo-masculino-y-femenino	9441	"Hice una comparación de superposición de perfil de cráneo masculino y femenino"	looksmaxing	"2022-05-20 07:58:16"	"2023-03-10 07:18:52"	90	627	25	12	1	1	49	looksmax.org		0	
/d/9444-guia-de-penesexmaxxing	9444	"Guía de Pene/SexMaxxing"	looksmaxing	"2022-05-20 12:51:17"	"2026-03-30 15:42:03"	1809	7386	29	19	0	0	0	looksmax.org		0	
/d/9445-retencion-de-semen-y-atraccion-femenina	9445	"Retención de Semen y Atracción Femenina"	looksmaxing	"2022-05-20 12:54:08"	"2023-09-11 23:32:52"	1483	6273	27	25	1	1	16	looksmax.org		0	dosing/PED|sourcing
/d/9465-por-que-el-veganismo-es-cucked-con-pruebas	9465	"Por qué el Veganismo es cucked con pruebas"	looksmaxing	"2022-05-23 19:10:55"	"2022-06-12 18:31:32"	764	1171	19	15	1	1	200	looksmax.org		0	sourcing
/d/9472-por-que-la-masturbacion-y-la-pornografia-son-daninas-con-pruebas	9472	"Por qué la masturbación y la pornografía son dañinas, con pruebas"	looksmaxing	"2022-05-24 09:01:25"	"2022-06-13 03:34:15"	150	742	24	16	0	1	44	looksmax.org		0	dosing/PED
/d/9473-guia-de-eyaculacion	9473	"Guía de Eyaculación"	looksmaxing	"2022-05-24 09:03:49"	"2022-06-22 09:54:37"	2524	5881	37	11	1	1	21	looksmax.org		0	
/d/9494-guia-de-looksmaxxing-de-biodisponibilidad-estas-tomando-los-suplementos-incorrectamente	9494	"Guía de looksmaxxing de biodisponibilidad: ¡Estás tomando los suplementos incorrectamente!"	looksmaxing	"2022-05-25 23:59:56"	"2022-06-04 21:49:15"	632	3901	49	19	1	1	256	looksmax.org		0	sourcing
/d/9505-stack-definitivo-de-suplementos-para-heightmaxxing-y-discusion	9505	"Stack definitivo de suplementos para heightmaxxing y discusión"	looksmaxing	"2022-05-27 23:55:25"	"2022-07-12 08:38:17"	415	2542	31	13	1	1	202	looksmax.org		0	dosing/PED|sourcing
/d/9516-como-prevenir-los-efectos-secundarios-de-la-finasterida	9516	"Cómo prevenir los efectos secundarios de la Finasterida"	softmaxing	"2022-05-29 14:48:15"	"2025-07-26 03:52:54"	268	2428	49	29	1	1	28	looksmax.org		0	dosing/PED
/d/9531-la-santa-trinidad-de-las-sustancias-de-looksmaxxing	9531	"La Santa Trinidad de las Sustancias de Looksmaxxing"	looksmaxing	"2022-05-31 14:24:24"	"2022-06-06 09:45:46"	505	3222	49	15	1	1	23	looksmax.org		0	dosing/PED
/d/9564-craneo-largo-cara-de-caballo-vs-craneo-alto	9564	"cráneo largo( cara de caballo) vs cráneo alto"	looksmaxing	"2022-06-05 21:58:05"	"2022-06-06 09:45:13"	190	2521	49	13	1	1	151	looksmax.org		0	
/d/9585-si-quieres-conseguir-una-novia-necesitas-aprender-a-perseguir	9585	"Si quieres conseguir una novia necesitas aprender a PERSEGUIR"	looksmaxing	"2022-06-07 17:44:18"	"2022-06-16 16:49:14"	247	2868	30	16	0	1	2	looksmax.org		0	
/d/9588-guia-de-looksmaxxing-de-ortodoncia-y-ortotropicos-como-escapar-de-la-distrofia-craneofacial	9588	"Guía de Looksmaxxing de Ortodoncia y Ortotrópicos: Cómo Escapar de la Distrofia Craneofacial"	softmaxing	"2022-06-07 18:46:43"	"2022-06-08 17:27:07"	894	4479	49	24	1	1	396	looksmax.org		0	
/d/9594-factores-que-afectan-la-estatura	9594	"Factores que afectan la estatura"	anabolicos	"2022-06-08 09:53:41"	"2022-07-12 15:43:49"	823	2222	20	11	1	1	40	looksmax.org		0	dosing/PED
/d/9603-la-retencion-de-agua-podria-ser-mas-importante-que-el-bajo-porcentaje-de-grasa-corporal	9603	"La retención de agua podría ser más importante que el bajo porcentaje de grasa corporal"	looksmaxing	"2022-06-09 12:37:46"	"2022-09-09 12:40:54"	419	1625	26	20	1	1	54	looksmax.org		0	
/d/9604-potatomaxxing-la-forma-mas-facil-de-ponerse-lean	9604	"PotatoMaxxing: La Forma Más Fácil de Ponerse Lean"	looksmaxing	"2022-06-09 12:50:30"	"2022-06-23 13:36:58"	212	1683	14	9	1	1	52	looksmax.org		0	
/d/9614-demasiado-neckmaxxing	9614	"Demasiado neckmaxxing"	looksmaxing	"2022-06-11 09:31:45"	"2022-06-11 11:25:30"	141	2279	49	11	1	1	10	looksmax.org		0	
/d/9616-narrow-jaw-width-cels-no-tomes-fotos-retrato-frontal-completo-para-redes-sociales-opta-por-fotos-anguladas-34	9616	"Narrow jaw-width-cels. No tomes fotos retrato, frontal completo, para redes sociales. Opta por fotos anguladas, 3/4."	looksmaxing	"2022-06-11 14:38:54"	"2022-06-12 20:06:49"	119	2265	34	16	1	1	45	looksmax.org		0	
/d/9629-inigualable-deshazte-del-acne-hasta-el-fondo-garantizado-que-funciona	9629	"Inigualable: Deshazte del acné (HASTA EL FONDO GARANTIZADO QUE FUNCIONA)"	softmaxing	"2022-06-12 20:38:03"	"2023-11-07 10:19:24"	1665	11763	27	19	1	1	29	looksmax.org		0	dosing/PED
/d/9637-mi-aproximacion-semi-en-frio-mas-exitosa-para-un-acolite-muestrale-esto-a-tu-amigo	9637	"Mi aproximación semi en frío más exitosa para un acolite - Muéstrale esto a tu amigo"	looksmaxing	"2022-06-14 15:32:37"	"2022-06-22 21:46:04"	173	3391	46	11	1	1	14	looksmax.org		0	
/d/9639-gtfih-icehoodmaxxing-legit-para-el-area-de-ojos	9639	"[GTFIH] ICEHOODMAXXING = Legit para el área de ojos"	softmaxing	"2022-06-15 06:44:51"	"2022-06-16 07:13:57"	97	2320	49	26	1	1	35	looksmax.org		0	
/d/9641-pasos-reales-irl-para-el-female-gaze-maxxing	9641	"Pasos reales IRL para el Female Gaze Maxxing"	looksmaxing	"2022-06-15 17:43:55"	"2023-06-29 11:01:54"	1702	12566	49	33	1	1	128	looksmax.org		0	
/d/9652-guia-completa-de-foreverrecession-para-correr-juego-bbc	9652	"Guía Completa de ForeverRecession para Correr Juego BBC"	looksmaxing	"2022-06-17 16:03:58"	"2022-06-18 04:08:13"	431	1497	49	23	1	1	178	looksmax.org		0	
/d/9668-como-usar-aceite-de-coco-para-la-calidad-del-cabello	9668	"Cómo usar aceite de coco para la calidad del cabello"	softmaxing	"2022-06-20 13:02:37"	"2022-08-13 22:42:14"	1115	1302	13	11	1	1	8	looksmax.org		0	
/d/9675-la-guia-definitiva-de-bathmate-y-penomet-todo-lo-que-vas-a-necesitar-para-ganar-de-1-a-15-pulgadas-de-grosor	9675	"la Guía Definitiva de Bathmate y Penomet todo lo que vas a necesitar para ganar de 1 a 1.5 pulgadas de grosor"	looksmaxing	"2022-06-21 04:15:24"	"2022-06-28 06:44:43"	884	2413	37	13	1	1	5	looksmax.org		0	
/d/9689-como-comer-panocha-en-una-ltr	9689	"Cómo Comer Panocha en una LTR"	looksmaxing	"2022-06-22 09:15:57"	"2022-07-08 16:43:23"	2420	8347	49	33	1	1	25	looksmax.org		0	
/d/9699-simplemente-no-te-banes-el-consejo-de-hairmaxxing-mas-subestimado-para-straighthaircels	9699	"Simplemente NO te bañes. El consejo de hairmaxxing más subestimado para straighthaircels."	softmaxing	"2022-06-23 18:04:30"	"2022-06-26 01:15:54"	210	1621	27	14	1	1	7	looksmax.org		0	
/d/9729-mi-stack-de-suplementos-que-hizo-la-mayor-diferencia	9729	"Mi stack de suplementos que hizo la mayor diferencia"	looksmaxing	"2022-06-28 13:15:16"	"2022-07-19 08:01:56"	740	4961	47	17	1	1	44	looksmax.org		0	dosing/PED|DIY-procedure|self-harm/hopelessness
/d/9730-facil-stackmetodo-de-fraude-de-altura	9730	"Fácil Stack/Método de Fraude de Altura"	softmaxing	"2022-06-28 13:54:02"	"2022-09-30 15:05:12"	196	1118	25	13	1	1	30	looksmax.org		0	
/d/9756-la-guia-definitiva-de-old-de-jojocel-parte-1	9756	"LA GUÍA DEFINITIVA DE OLD DE JOJOCEL [PARTE 1]"	looksmaxing	"2022-07-01 21:41:52"	"2022-10-12 12:21:20"	2036	10248	49	23	1	1	87	looksmax.org		0	
/d/9770-como-subir-de-puto-nivel	9770	"¡CÓMO SUBIR DE PUTO NIVEL!"	looksmaxing	"2022-07-03 13:55:28"	"2022-07-04 18:06:21"	194	1167	21	15	1	1	38	looksmax.org		0	
/d/9777-guia-completa-del-area-de-los-ojos	9777	"Guía Completa del Área de los Ojos"	looksmaxing	"2022-07-05 04:15:18"	"2025-12-12 23:44:36"	1312	5813	24	19	1	1	201	looksmax.org	C781	0	
/d/9798-youngcels-de-mejillas-gordas-gtfih	9798	"Youngcels de mejillas gordas GTFIH"	softmaxing	"2022-07-08 11:37:29"	"2022-08-16 19:18:00"	182	2326	49	19	1	1	8	looksmax.org		0	
/d/9818-como-le-hice-slay-a-chicas-arabes-y-como-tu-tambien-puedes	9818	"Cómo le hice slay a chicas árabes y cómo tú también puedes"	looksmaxing	"2022-07-11 20:12:05"	"2022-07-13 00:52:36"	1097	4771	49	30	1	1	139	looksmax.org		0	
/d/9837-guia-completa-de-looksmaxxing	9837	"Guía Completa de Looksmaxxing"	looksmaxing	"2022-07-14 14:40:54"	"2022-08-17 04:44:24"	3865	4711	36	19	1	1	111	looksmax.org	C784	0	
/d/9840-como-ganar-1-psl-facilmente	9840	"Cómo ganar 1 PSL fácilmente"	softmaxing	"2022-07-15 10:06:59"	"2022-09-08 06:32:14"	643	2922	19	16	0	1	6	looksmax.org		0	dosing/PED
/d/9841-guia-definitiva-de-mewing-el-mewing-funciona-si-sabes-como-ejecutarlo-correctamente	9841	"Guía Definitiva de Mewing. El mewing funciona si sabes cómo ejecutarlo correctamente."	softmaxing	"2022-07-15 11:12:30"	"2023-07-20 17:07:10"	1098	1953	23	15	1	1	25	looksmax.org		0	
/d/9843-asi-es-realmente-como-las-mujeres-eligen-a-los-hombres-sin-excepciones	9843	"Así es realmente como las mujeres eligen a los hombres. Sin excepciones."	looksmaxing	"2022-07-15 17:37:37"	"2022-07-26 07:15:23"	602	1165	18	10	1	1	2	looksmax.org		0	
/d/9854-archivo-lookism-dieta-humana-natural-y-causa-raiz-de-la-enfermedad	9854	"[ARCHIVO LOOKISM] Dieta humana natural y causa raíz de la enfermedad"	looksmaxing	"2022-07-18 10:11:51"	"2022-09-11 23:55:15"	4523	9454	13	10	1	1	27	looksmax.org		0	sourcing
/d/9855-guia-de-looksmaxxing-de-mandibula-y-tercio-inferior-un-requisito-fundamental-para-ser-atractivo	9855	"Guía de Looksmaxxing de Mandíbula y Tercio Inferior: Un Requisito Fundamental para ser Atractivo"	looksmaxing	"2022-07-18 15:49:46"	"2022-08-02 18:44:02"	1524	4860	49	23	1	1	279	looksmax.org		0	
/d/9879-guia-de-looksmaxxing-de-simetria-la-clave-para-el-exito-atractivo	9879	"Guía de Looksmaxxing de Simetría: La clave para el éxito atractivo"	looksmaxing	"2022-07-22 16:32:01"	"2023-12-24 01:11:53"	2939	16018	49	31	1	1	166	looksmax.org		0	
/d/9886-la-forma-mas-facil-de-medir-tu-atractivo	9886	"La forma más fácil de medir tu atractivo"	looksmaxing	"2022-07-23 14:31:21"	"2022-07-23 15:16:26"	246	2942	49	14	1	1	5	looksmax.org		0	
/d/9922-guia-de-maquillaje-supramegahilo-de-altisima-calidad-bonelesscels-aqui-guia-de-maquillaje	9922	"¡GUÍA DE MAQUILLAJE SUPRAMEGAHILO DE ALTÍSIMA CALIDAD (¡BONELESSCELS AQUÍ!) = ¡GUÍA DE MAQUILLAJE!"	softmaxing	"2022-07-28 19:39:13"	"2022-07-28 23:58:35"	3608	15879	49	37	1	1	849	looksmax.org		0	
/d/9939-guia-de-estatura	9939	"Guía de estatura"	looksmaxing	"2022-07-30 04:31:33"	"2023-11-22 20:23:41"	303	1541	22	13	1	1	20	looksmax.org		0	
/d/9941-diferentes-razas-de-chads-y-como-derrotarlos	9941	"DIFERENTES RAZAS DE CHADS (Y CÓMO DERROTARLOS)"	looksmaxing	"2022-07-30 15:22:30"	"2023-10-18 08:43:17"	1232	7682	47	29	1	1	3616	looksmax.org		0	
/d/9993-fashion-toma-la-fenopildora-oldmoney-el-fenotipo-old-money-fue-votado-como-el-fenotipo-con-mayor-atractivo-en-2022-como-hacer-oldmoneymaxx	9993	"[FASHION] Toma la fenopíldora OldMoney. El fenotipo Old Money fue votado como el \"fenotipo con mayor atractivo\" en 2022. Cómo hacer OldMoneymaxx."	softmaxing	"2022-08-06 17:31:55"	"2022-08-06 20:04:56"	430	2655	49	17	1	1	352	looksmax.org		0	
/d/10008-por-que-no-deberias-masturbarte-razones-cientificas	10008	"Por qué no deberías masturbarte [RAZONES CIENTÍFICAS]"	looksmaxing	"2022-08-08 11:14:42"	"2026-03-20 18:24:42"	566	2354	30	23	1	1	2	looksmax.org	C672	0	dosing/PED
/d/10018-la-inclinacion-pelvica-esta-arruinando-tu-estetica-aqui-te-digo-como-arreglarla	10018	"LA INCLINACIÓN PÉLVICA ESTÁ ARRUINANDO TU ESTÉTICA. AQUÍ TE DIGO CÓMO ARREGLARLA."	softmaxing	"2022-08-09 23:22:08"	"2023-05-24 20:16:44"	266	660	19	16	1	1	41	looksmax.org		0	
/d/10036-como-tener-una-mandibula-de-chad-en-4-meses-y-pasar-de-310-710	10036	"Cómo tener una mandíbula de chad en 4 meses y pasar de 3/10 -> 7/10"	looksmaxing	"2022-08-13 09:40:55"	"2022-09-02 06:41:42"	352	2398	28	22	1	1	80	looksmax.org		0	
/d/10048-un-serum-de-vitamina-c-que-es-mejor-que-el-ce-ferulic-de-skinceuticals	10048	"Un Sérum de Vitamina C que es MEJOR que el CE Ferulic de SkinCeuticals"	softmaxing	"2022-08-14 17:06:27"	"2022-08-23 02:33:23"	262	3112	34	13	1	1	142	looksmax.org		0	
/d/10064-mi-guia-de-vello-facial	10064	"MI GUÍA DE VELLO FACIAL"	softmaxing	"2022-08-17 17:28:17"	"2026-07-21 20:50:10"	290	2408	37	13	1	1	86	looksmax.org		0	
/d/10078-looksmaxea-ya-o-cuelga-la-soga-guia-suicida-para-curries	10078	"LOOKSMAXEA YA O CUELGA LA SOGA: GUÍA SUICIDA PARA CURRIES"	looksmaxing	"2022-08-19 18:11:49"	"2022-08-25 21:13:44"	338	2695	42	18	1	1	22	looksmax.org		0	dosing/PED|self-harm/hopelessness
/d/10084-acabando-con-el-cope-de-la-mandibula-de-una-vez-por-todas	10084	"Acabando con el cope de la mandíbula de una vez por todas"	looksmaxing	"2022-08-21 09:46:48"	"2022-08-21 10:46:20"	297	2894	49	11	1	1	65	looksmax.org		0	
/d/10100-guia-esencial-de-coolguymaxxing-nerds-venganse-para-aca	10100	"Guía Esencial de CoolGuyMaxxing ( Nerds Vénganse Para Acá )"	looksmaxing	"2022-08-24 15:10:22"	"2023-04-08 15:01:11"	538	1500	15	11	1	1	96	looksmax.org		0	
/d/10106-la-depresion-no-es-un-desequilibrio-en-la-quimica-del-cerebro-sino-un-desequilibrio-en-tu-microbiota-intestinal-y-como-arreglarlo	10106	"La depresión no es un desequilibrio en la química del cerebro, sino un desequilibrio en tu microbiota intestinal (y cómo arreglarlo)"	looksmaxing	"2022-08-25 15:06:08"	"2023-02-01 03:45:05"	1075	4789	49	22	1	1	16	looksmax.org		0	dosing/PED|self-harm/hopelessness
/d/10107-checklist-de-vida-social-basica-para-slayers	10107	"Checklist de vida social básica para slayers"	looksmaxing	"2022-08-25 22:41:50"	"2022-09-17 19:36:59"	424	2457	36	20	1	1	32	looksmax.org		0	
/d/10142-guia-para-que-los-blancos-envejezcan-como-un-asiatico	10142	"guía para que los blancos envejezcan como un asiático"	softmaxing	"2022-08-31 03:45:33"	"2022-09-18 08:09:52"	394	2023	44	15	1	1	57	looksmax.org		0	sourcing
/d/10148-tienes-demasiado-dinero-y-quieres-statusmaxxear-prmaxxing	10148	"¿Tienes demasiado dinero y quieres statusmaxxear? (PRMaxxing)"	looksmaxing	"2022-08-31 20:49:23"	"2022-11-24 21:01:20"	593	2279	12	8	1	1	56	looksmax.org		0	
/d/10152-como-medir-la-altura-desmontando-a-los-fraudulentos-de-altura	10152	"CÓMO MEDIR LA ALTURA (DESMONTANDO A LOS FRAUDULENTOS DE ALTURA)"	looksmaxing	"2022-09-01 02:51:14"	"2022-09-22 08:49:41"	263	1584	27	15	1	1	35	looksmax.org		0	
/d/10160-autistas-del-coloridosubtonos-venganse-para-aca-cuales-de-los-siguientes-coloridossubtonos-conviene-tener	10160	"AUTISTAS DEL COLORIDO/SUBTONOS VÉNGANSE PARA ACÁ: ¿Cuáles de los siguientes coloridos/subtonos conviene tener?"	softmaxing	"2022-09-01 19:27:01"	"2022-09-21 22:50:04"	585	3315	49	15	1	1	314	looksmax.org		0	
/d/10191-estableci-un-nuevo-ratio-y-medidas-para-pulir-remodelar-y-mejorar-dramaticamente-las-cejas-en-hombres-mi-analisis	10191	"Establecí un nuevo ratio y medidas para pulir, remodelar y mejorar dramáticamente las cejas en hombres (mi análisis)"	softmaxing	"2022-09-05 19:18:06"	"2022-10-17 21:46:08"	914	4949	38	16	1	1	224	looksmax.org		0	
/d/10229-crea-el-tuyo-edicion-champu	10229	"Crea el tuyo (edición champú)"	softmaxing	"2022-09-10 14:09:32"	"2022-09-11 07:39:52"	1550	3653	24	8	1	1	215	looksmax.org		0	
/d/10231-mejora-tu-desempeno-y-humor-con-sustancias-naturales-gtfih	10231	"Mejora tu DESEMPEÑO y HUMOR con sustancias naturales | (GTFIH)"	looksmaxing	"2022-09-10 18:24:58"	"2022-09-16 17:20:31"	2191	8083	28	12	1	1	90	looksmax.org		0	
/d/10232-lo-que-aprendi-despues-de-anos-de-looksmaxxing	10232	"LO QUE APRENDÍ DESPUÉS DE AÑOS DE LOOKSMAXXING"	looksmaxing	"2022-09-10 23:32:33"	"2022-10-05 06:56:20"	759	3087	26	14	1	1	93	looksmax.org		0	dosing/PED
/d/10240-la-escala-de-atractivo-con-fotos	10240	"La escala de atractivo, con fotos"	looksmaxing	"2022-09-11 23:20:51"	"2026-08-12 16:15:30"	1043	2768	43	30	1	1	61	looksmax.org		0	
/d/10259-como-no-joder-tu-cuerpo-con-vitaminassupps-retard	10259	"Cómo no joder tu cuerpo con vitaminas/supps (retard)"	looksmaxing	"2022-09-16 13:10:57"	"2022-09-26 16:43:29"	239	877	16	11	1	1	7	looksmax.org		0	dosing/PED
/d/10262-mi-dieta-realista-de-mogger-cero-carbos-y-azucar	10262	"Mi dieta realista de mogger, cero carbos y azúcar."	looksmaxing	"2022-09-17 20:45:05"	"2022-09-18 14:49:55"	415	1442	27	16	1	1	23	looksmax.org		0	sourcing|DIY-procedure
/d/10281-lo-que-he-aprendido-sobre-la-respiracion-correcta-en-los-ultimos-anos-guia-definitiva	10281	"Lo que he aprendido sobre la Respiración Correcta en los últimos años (GUÍA DEFINITIVA)"	softmaxing	"2022-09-20 14:17:16"	"2024-07-18 00:02:59"	1788	3646	11	11	0	0	0	looksmax.org		0	
/d/10289-guia-de-piel-limpia-cabello-magnifico-version-corta	10289	"Guía de piel limpia + cabello magnífico (versión corta)"	softmaxing	"2022-09-21 17:23:59"	"2023-04-20 20:11:47"	529	6559	19	14	0	0	0	looksmax.org		0	DIY-procedure
/d/10291-guia-definitiva-para-dientes-blancos-sin-ningun-efecto-secundario-gtfih-dientes-amarillos-cels	10291	"Guía definitiva para dientes blancos sin ningún efecto secundario (GTFIH dientes-amarillos-cels)"	softmaxing	"2022-09-22 12:21:26"	"2022-10-18 17:53:15"	281	1638	13	7	1	1	16	looksmax.org		0	dosing/PED
/d/10292-guia-de-ntmaxxing-para-ustedes-autistas	10292	"Guía de NTmaxxing para ustedes autistas"	looksmaxing	"2022-09-22 15:39:00"	"2022-11-19 13:51:11"	1501	13403	39	28	0	1	76	looksmax.org		0	
/d/10293-guia-el-peinado-correcto-segun-tu-norwood	10293	"GUÍA- el peinado correcto según tu NORWOOD."	softmaxing	"2022-09-22 17:44:00"	"2022-10-05 02:30:05"	506	854	12	7	1	1	20	looksmax.org		0	
/d/10294-sabe-que-tan-unatractivo-eres-pasos	10294	"SABE QUÉ TAN (UN)ATRACTIVO ERES + pasos"	looksmaxing	"2022-09-22 22:47:54"	"2025-07-02 17:15:59"	100	2552	28	19	1	1	22	looksmax.org		0	
/d/10326-mi-ultimo-y-definitivo-plan-para-cambiar-mi-cara-atractivo-belleza-salud-etc	10326	"Mi último y definitivo plan para cambiar mi cara (atractivo, belleza, salud, etc...)"	looksmaxing	"2022-09-28 19:41:26"	"2023-05-05 04:08:47"	1014	3276	38	14	1	1	47	looksmax.org		0	
/d/10343-no-desperdicies-tu-prime	10343	"No desperdicies tu prime"	looksmaxing	"2022-10-02 20:38:43"	"2024-01-08 05:37:00"	655	5176	43	35	1	1	1	looksmax.org		0	
/d/10353-guia-de-softmaxx-para-principiantes	10353	"Guía de Softmaxx para Principiantes"	softmaxing	"2022-10-05 14:55:56"	"2022-11-13 14:26:56"	77	1053	44	17	1	1	9	looksmax.org		0	
/d/10397-las-cejas-son-mas-importantes-de-lo-que-se-cree-tanto-para-el-atractivo-facial-como-para-la-comunicacion-no-verbal	10397	"Las cejas son más importantes de lo que se cree, tanto para el atractivo facial como para la comunicación no verbal"	softmaxing	"2022-10-10 19:08:05"	"2023-02-06 14:20:36"	674	1807	49	17	1	1	117	looksmax.org		0	
/d/10402-guia-definitiva-sobre-machiavellianmaxxing	10402	"Guía definitiva sobre Machiavellianmaxxing"	looksmaxing	"2022-10-11 05:39:49"	"2022-10-26 15:10:10"	399	3323	48	14	1	1	20	looksmax.org		0	
/d/10419-guia-de-psychopathmaxxxing	10419	"Guía de PsychopathMaxxxing"	looksmaxing	"2022-10-13 06:47:26"	"2023-02-21 17:26:31"	483	2052	29	21	1	1	14	looksmax.org		0	dosing/PED
/d/10431-guia-de-confidencemaxxxing-la-confianza-se-gana-no-se-finge	10431	"Guía de ConfidenceMaxxxing: La Confianza se GANA, no se FINGE"	looksmaxing	"2022-10-15 06:14:33"	"2022-11-03 13:27:08"	403	1290	17	9	0	1	4	looksmax.org		0	dosing/PED
/d/10434-nutricion-optima-para-un-looksmaxxer-la-mayoria-de-los-consejos-de-nutricion-aqui-son-basura-sera-demasiado-high-iq-para-la-mayoria-de-ustedes	10434	"Nutrición óptima para un Looksmaxxer. (la mayoría de los consejos de nutrición aquí son basura; SERÁ DEMASIADO HIGH IQ PARA LA MAYORÍA DE USTEDES)"	looksmaxing	"2022-10-15 14:05:52"	"2022-10-18 19:02:07"	804	6941	49	22	1	1	32	looksmax.org		0	sourcing
/d/10461-test-definitivo-para-saber-si-estas-feo	10461	"Test definitivo para saber si estás feo"	looksmaxing	"2022-10-18 18:22:47"	"2023-03-10 23:31:27"	394	4843	47	28	0	0	0	looksmax.org		0	
/d/10486-la-disminucion-del-atractivo-a-medida-que-envejecemos-es-causada-en-parte-por-la-perdida-y-debilidad-osea-facial	10486	"La Disminución del Atractivo a Medida que Envejecemos Es Causada en Parte por la Pérdida y Debilidad Ósea Facial"	looksmaxing	"2022-10-22 19:51:23"	"2025-02-02 11:11:06"	721	3573	36	25	1	1	164	looksmax.org		0	sourcing
/d/10487-como-tus-huesos-cambiaran-con-el-ejercicio-y-las-tecnicas-de-empuje-traccion-sobre-los-huesos-de-tu-cara-gtfih	10487	"Cómo tus huesos cambiarán con el ejercicio y las técnicas de empuje-tracción sobre los huesos de tu cara (GTFIH)"	hardmaxing	"2022-10-22 20:20:28"	"2026-03-07 17:06:39"	819	2635	18	15	1	1	36	looksmax.org		0	
/d/10508-cuando-dejar-de-leanmaxxing-sin-matematicas	10508	"Cuándo dejar de leanmaxxing (sin matemáticas)"	looksmaxing	"2022-10-25 21:12:31"	"2022-10-29 20:35:38"	85	2534	26	16	1	1	371	looksmax.org		0	
/d/10515-el-gran-reinicio-de-dopamina-como-recuperar-el-control-de-tu-vida	10515	"😱😱😱 El Gran Reinicio de Dopamina 😱😱😱 - Cómo recuperar el control de tu vida 🚀"	looksmaxing	"2022-10-27 15:32:28"	"2023-04-13 00:40:09"	740	5888	31	24	1	1	88	looksmax.org		0	sourcing
/d/10566-que-es-la-clase-alta-y-como-tener-un-estilo-de-clase-alta-guia	10566	"¿Qué es la clase alta? Y cómo tener un estilo de clase alta [Guía]"	softmaxing	"2022-11-06 01:02:00"	"2023-12-09 12:47:08"	788	1267	20	14	0	1	30	looksmax.org		0	
/d/10572-como-ser-low-inhib-me-hace-ascender-charla-sobre-desinflamar	10572	"CÓMO SER LOW INHIB ME HACE ASCENDER + charla sobre desinflamar"	looksmaxing	"2022-11-06 23:53:15"	"2023-04-15 16:15:54"	1293	8847	49	29	1	1	69	looksmax.org		0	dosing/PED
/d/10581-por-que-el-marco-es-todo-lo-que-importa-cuando-se-trata-del-fisico-ideal-mirada-femenina	10581	"Por qué el marco es todo lo que importa cuando se trata del físico ideal (mirada femenina)"	looksmaxing	"2022-11-08 07:25:56"	"2022-11-13 23:59:13"	227	992	17	10	1	1	7	looksmax.org		0	
/d/10584-guia-de-posturemaxxing-posturecels-gtfinh	10584	"Guía de posturemaxxing (Posturecels GTFINH)"	softmaxing	"2022-11-08 10:20:17"	"2025-05-21 07:43:15"	2088	2490	17	12	1	1	4	looksmax.org		0	
/d/10595-guia-de-como-hacer-que-tu-novia-nunca-te-deje-aunque-chad-la-quiera	10595	"Guía De Cómo Hacer Que Tu Novia Nunca Te Deje (Aunque Chad La Quiera)"	looksmaxing	"2022-11-09 19:22:55"	"2022-11-09 20:04:49"	278	4098	49	19	1	1	118	looksmax.org		0	sourcing
/d/10604-como-reparar-el-pectus-excavatum-y-flare-de-costillas-la-mejor-guia-de-todo-internet	10604	"Cómo Reparar el Pectus Excavatum y Flare de Costillas: La Mejor Guía de Todo Internet"	hardmaxing	"2022-11-11 05:18:56"	"2025-02-16 00:53:45"	1665	5547	26	13	1	1	145	looksmax.org		0	
/d/10605-guia-completa-sobre-los-sarms-mas-populares	10605	"Guía completa sobre los SARMs más populares"	anabolicos	"2022-11-11 14:31:03"	"2023-11-13 21:19:31"	983	5199	44	14	1	1	8	looksmax.org		0	dosing/PED
/d/10607-niveles-de-heightmaxxing-y-que-esperar	10607	"Niveles de heightmaxxing y qué esperar"	anabolicos	"2022-11-11 19:15:11"	"2022-11-11 22:59:35"	93	1951	49	15	1	1	12	looksmax.org		0	dosing/PED
/d/10631-una-guia-para-saber-tu-dificultad-de-ascensionpotencial-de-looksmaxing-donde-estas-tu-parado	10631	"Una guía para saber tu dificultad de ascensión/potencial de looksmaxing (¿Dónde estás TÚ parado?)"	looksmaxing	"2022-11-14 22:36:24"	"2022-11-14 23:30:22"	676	4390	49	18	1	1	62	looksmax.org		0	
/d/10632-una-guia-sencilla-para-empezar-con-el-mms	10632	"Una guía sencilla para empezar con el MM&S"	hardmaxing	"2022-11-15 00:12:11"	"2022-12-06 05:42:48"	664	1460	9	7	1	1	14	looksmax.org		0	
/d/10668-oversize-slim-fit-lo-que-sea-guia-para-encontrar-ropa-que-te-quede-perfecta-tips-simples	10668	"Oversize, Slim Fit, Lo Que Sea - GUÍA PARA ENCONTRAR ROPA QUE TE QUEDE PERFECTA. TIPS SIMPLES"	softmaxing	"2022-11-20 14:52:26"	"2023-03-05 11:54:37"	627	3133	15	7	1	1	198	looksmax.org		0	
/d/10669-como-pase-de-no-tener-vida-de-citas-a-ser-llamado-lindo-mi-estrategia	10669	"Cómo pasé de no tener vida de citas a ser llamado lindo. Mi estrategia"	softmaxing	"2022-11-20 15:28:10"	"2022-11-21 15:30:18"	268	4202	49	29	1	1	138	looksmax.org		0	
/d/10670-starboymaxxing-preparate-para-2023-el-fin-de-todos-los-copers-prettyboy-masc-maesthetic	10670	"💎Starboymaxxing⭐ (Prepárate para 2023) - El fin de todos los copers prettyboy, masc, maesthetic"	looksmaxing	"2022-11-20 17:02:49"	"2023-04-11 15:24:04"	248	2260	49	27	1	1	27	looksmax.org		0	
/d/10691-guia-definitiva-para-hacer-framemaxxing-botb-pls	10691	"guía definitiva para hacer framemaxxing botb pls"	looksmaxing	"2022-11-22 09:21:08"	"2023-08-02 18:42:49"	1934	5940	26	19	1	1	90	looksmax.org		0	dosing/PED|sourcing
/d/10740-actualizado-como-conseguir-fotos-ilimitadas-de-alta-calidad-de-ti-mismo	10740	"Actualizado Cómo Conseguir Fotos Ilimitadas de Alta Calidad de Ti Mismo"	looksmaxing	"2022-11-28 17:15:14"	"2026-01-02 20:09:53"	532	1491	23	13	1	1	40	looksmax.org		0	
/d/10742-guia-para-conocer-stacies-en-la-prepa-y-la-universidad	10742	"Guía para CONOCER Stacies en la prepa y la universidad"	looksmaxing	"2022-11-28 18:21:41"	"2024-01-06 17:08:14"	437	1180	23	14	0	1	4	looksmax.org		0	
/d/10746-la-jerarquia-de-la-estetica-una-lectura-obligatoria	10746	"La Jerarquía De La Estética (¡Una Lectura Obligatoria!)"	looksmaxing	"2022-11-29 01:12:36"	"2024-01-24 06:36:29"	1314	4093	31	17	1	1	1108	looksmax.org		0	
/d/10747-como-detener-y-combatir-la-perdida-de-cabello-el-pilar-principal-del-looksmaxing	10747	"CÓMO DETENER Y COMBATIR LA PÉRDIDA DE CABELLO: El Pilar Principal del Looksmaxing"	softmaxing	"2022-11-29 04:42:40"	"2023-01-05 02:19:48"	3534	15928	49	32	1	1	156	looksmax.org		0	dosing/PED
/d/10793-guia-definitiva-de-chewing-2022	10793	"Guía Definitiva de Chewing [2022]"	softmaxing	"2022-12-05 06:12:13"	"2023-02-26 16:22:49"	506	2454	38	22	0	1	24	looksmax.org		0	
/d/10794-como-arreglar-tu-postura-retrasada-101	10794	"Cómo arreglar tu postura retrasada 101"	softmaxing	"2022-12-05 09:37:33"	"2022-12-12 21:49:52"	483	889	14	11	1	1	28	looksmax.org		0	
/d/10815-como-crecer-como-un-hongo-salvaje-el-mejor-stack-de-potenciadores-de-rendimiento-de-todos-los-tiempos	10815	"CÓMO CRECER COMO UN HONGO SALVAJE - EL MEJOR STACK DE POTENCIADORES DE RENDIMIENTO DE TODOS LOS TIEMPOS"	peptides	"2022-12-08 00:45:07"	"2023-10-01 17:35:30"	3283	7019	32	14	1	1	1	looksmax.org		0	dosing/PED
/d/10947-nichemaxxing-emoeboy	10947	"Nichemaxxing Emo/Eboy"	softmaxing	"2022-12-17 10:50:10"	"2023-01-08 20:05:45"	368	970	22	12	1	1	38	looksmax.org		0	
/d/10963-como-pase-de-tener-la-piel-llena-de-granos-a-radiante-en-un-mes	10963	"Cómo pasé de tener la piel LLENA DE GRANOS a RADIANTE en un mes."	softmaxing	"2022-12-19 03:00:26"	"2023-11-07 12:36:28"	241	2196	43	19	1	1	46	looksmax.org		0	dosing/PED
/d/10982-air-force-1-y-lifts-resultados-del-mundo-real	10982	"Air force 1 y Lifts - resultados del mundo real"	looksmaxing	"2022-12-20 15:05:34"	"2024-11-30 11:39:32"	75	2085	47	18	1	1	36	looksmax.org		0	
/d/10996-jfl-si-te-banas-con-jabon	10996	"Jfl si te bañas con jabón"	softmaxing	"2022-12-22 13:27:06"	"2023-01-27 15:52:03"	210	1779	26	21	1	1	36	looksmax.org		0	
/d/11012-voy-a-empezar-a-ultradosarme-de-vitamina-a-ultimo-recurso-contra-el-acne	11012	"Voy a empezar a ultradosarme de vitamina A (último recurso contra el acné)"	softmaxing	"2022-12-24 01:34:58"	"2023-01-10 21:54:58"	424	3519	40	17	1	1	80	looksmax.org		0	dosing/PED
/d/11023-clasificacion-de-productos-the-ordinary	11023	"Clasificación de productos The Ordinary"	softmaxing	"2022-12-25 10:30:01"	"2024-09-27 21:41:54"	97	1264	43	23	1	1	17	looksmax.org		0	
/d/11028-everyday-bro-ppl-la-mejor-rutina-de-gymmaxing	11028	"Everyday Bro-PPL. La mejor rutina de gymmaxing."	looksmaxing	"2022-12-25 23:22:12"	"2022-12-29 04:31:06"	295	2191	48	23	1	1	29	looksmax.org		0	
/d/11056-la-guia-de-tinder-de-hamza	11056	"La guía de Tinder de Hamza"	looksmaxing	"2022-12-27 20:01:18"	"2024-05-11 22:11:28"	1938	2637	21	17	1	1	9	looksmax.org		0	
/d/11072-guia-de-stylemaxxing-para-dummies-101	11072	"Guía de Stylemaxxing - Para Dummies 101"	softmaxing	"2022-12-29 18:55:21"	"2022-12-30 01:50:19"	514	3807	49	16	1	1	212	looksmax.org		0	
/d/11140-top-5-caracteristicas-incel-si-tienes-cualquiera-de-estos-rasgos-nunca-tendras-exito	11140	"Top 5 características incel. Si tienes cualquiera de estos rasgos nunca tendrás éxito."	looksmaxing	"2023-01-05 17:04:45"	"2023-01-17 22:06:45"	82	1954	40	34	1	1	21	looksmax.org		0	
/d/11159-guia-para-llegar-al-menos-a-htn-todocel-gtfih-alto-esfuerzo	11159	"Guía para llegar al menos a htn (¡¡¡¡¡¡¡¡¡¡¡¡ todocel gtfih!) [ALTO ESFUERZO]"	softmaxing	"2023-01-08 11:09:34"	"2025-07-01 23:10:47"	210	1028	23	17	1	1	5	looksmax.org		0	DIY-procedure
/d/11188-como-ascendi-desde-el-inceldom	11188	"Cómo ascendí desde el inceldom"	looksmaxing	"2023-01-10 20:13:07"	"2023-01-11 18:34:39"	166	1678	45	26	0	0	0	looksmax.org		0	dosing/PED
/d/11200-como-ascender-siendo-adolescente-de-3-psl-a-6-psl-gtfih-todos	11200	"Cómo ascender siendo adolescente de 3 psl a 6 psl. GTFIH todos."	looksmaxing	"2023-01-12 14:34:39"	"2023-01-13 04:43:17"	529	1581	31	13	1	1	28	looksmax.org		0	sourcing
/d/11264-neurogenesis-y-por-que-no-puedes-ensenarle-trucos-nuevos-a-un-perro-viejo-como-potenciar-quimicamente-tu-cognicion-de-verdad	11264	"Neurogénesis y por qué no puedes enseñarle trucos nuevos a un perro viejo, cómo potenciar químicamente tu cognición de verdad"	looksmaxing	"2023-01-21 09:18:10"	"2023-02-21 14:13:28"	622	5047	49	15	1	1	92	looksmax.org		0	
/d/11266-como-hacer-que-una-chica-se-sienta-como-mierda-dark-triad-maxxers-gtfih	11266	"Cómo hacer que una chica se sienta como MIERDA (Dark triad maxxers GTFIH)"	looksmaxing	"2023-01-21 11:25:37"	"2023-01-22 00:36:53"	302	1902	30	17	1	1	8	looksmax.org		0	
/d/11274-guia-de-leanmaxing-sin-esfuerzo	11274	"Guía de leanmaxing sin esfuerzo"	looksmaxing	"2023-01-22 04:10:27"	"2023-02-07 17:07:25"	207	1521	30	19	0	0	0	looksmax.org		0	disordered-eating
/d/11279-conviertete-en-un-introvertido-seguro-de-si-mismo	11279	"¡CONVIÉRTETE EN UN INTROVERTIDO SEGURO DE SÍ MISMO !"	looksmaxing	"2023-01-22 19:14:22"	"2023-02-05 22:58:47"	608	4045	49	26	1	1	25	looksmax.org		0	
/d/11322-mi-guia-completa-de-ciclo-de-trembolona-y-clembuterol	11322	"Mi guía completa de ciclo de trembolona y clembuterol"	anabolicos	"2023-01-27 20:09:09"	"2023-01-28 08:27:36"	1300	6144	49	14	1	1	33	looksmax.org		0	dosing/PED
/d/11326-alzas-de-calcetin-sock-lifts-aumento-de-estatura-facil-actualizacion	11326	"Alzas de calcetín (Sock lifts) ¡AUMENTO DE ESTATURA FÁCIL! actualización"	softmaxing	"2023-01-28 00:47:11"	"2023-02-14 18:07:50"	351	2602	45	8	1	1	97	looksmax.org		0	dosing/PED
/d/11330-aqui-esta-como-conseguir-un-pene-enorme	11330	"Aquí está cómo conseguir un pene enorme"	looksmaxing	"2023-01-28 20:35:30"	"2023-03-22 23:15:50"	146	725	23	21	1	1	113	looksmax.org		0	
/d/11355-tips-utiles-para-leanmaxxing	11355	"Tips útiles para leanmaxxing"	looksmaxing	"2023-01-31 03:39:46"	"2023-01-31 18:07:03"	362	1443	21	10	1	1	8	looksmax.org		0	
/d/11357-estudio-meta-de-gazemaxxing	11357	"Estudio meta de gazemaxxing"	looksmaxing	"2023-01-31 13:41:36"	"2023-04-26 16:13:06"	146	2163	35	14	1	1	36	looksmax.org		0	
/d/11378-la-vida-sin-testosterona-no-vale-la-pena	11378	"La vida sin testosterona no vale la pena"	anabolicos	"2023-02-02 13:10:38"	"2023-02-02 16:04:08"	314	2086	29	12	1	1	63	looksmax.org		0	dosing/PED
/d/11405-formula-herbal-asiatica-secreta-ht042-para-heightmaxxing	11405	"Fórmula Herbal Asiática Secreta HT042 para Heightmaxxing"	peptides	"2023-02-04 00:58:47"	"2023-02-27 05:23:48"	190	1645	30	20	1	1	55	looksmax.org		0	dosing/PED|sourcing
/d/11427-guia-de-entrenamiento-de-antebrazos	11427	"Guía de entrenamiento de antebrazos"	looksmaxing	"2023-02-06 06:13:54"	"2026-04-07 19:22:50"	1696	5226	15	11	1	1	104	looksmax.org		0	
/d/11446-forma-facil-de-coger-mucho-sin-prostitutas	11446	"Forma fácil de coger mucho (Sin prostitutas)"	looksmaxing	"2023-02-07 13:45:51"	"2023-02-08 20:57:39"	560	1606	18	13	1	1	1	looksmax.org		0	
/d/11488-livagen-bioregulador-para-una-expresion-genica-juvenil-mini-guia	11488	"Livagen: Bioregulador para una Expresión Génica Juvenil (Mini-Guía)"	peptides	"2023-02-10 04:53:18"	"2023-02-11 20:58:21"	295	987	23	12	1	1	43	looksmax.org		0	dosing/PED
/d/11489-folistatina-un-inhibidor-de-miostatina-para-acelerar-el-crecimiento-muscular-mini-guia	11489	"Folistatina: Un Inhibidor de Miostatina Para Acelerar el Crecimiento Muscular (Mini-Guía)"	peptides	"2023-02-10 05:03:09"	"2023-02-11 03:20:28"	228	1336	20	10	1	1	22	looksmax.org		0	dosing/PED
/d/11502-solucion-real-para-la-testosterona-baja-y-otros-problemas-de-salud	11502	"Solución real para la testosterona baja (y otros problemas de salud)"	anabolicos	"2023-02-11 08:52:16"	"2026-04-26 09:15:27"	582	2156	41	14	1	1	48	looksmax.org		0	dosing/PED|sourcing|DIY-procedure
/d/11503-como-ser-extremadamente-carismatico-las-viejas-te-van-a-venerar	11503	"Cómo ser extremadamente carismático (las viejas te van a venerar)"	looksmaxing	"2023-02-11 11:25:40"	"2023-03-17 17:00:09"	1458	4442	49	38	1	1	68	looksmax.org		0	
/d/11513-tecnica-como-ligar-chicas-de-clase	11513	"Técnica: Cómo ligar chicas de clase"	looksmaxing	"2023-02-12 01:59:12"	"2023-02-15 16:02:10"	379	3031	34	18	1	1	2	looksmax.org		0	
/d/11526-guia-de-fuerza-de-agarre	11526	"Guía de fuerza de agarre"	looksmaxing	"2023-02-13 03:49:43"	"2023-02-13 18:30:44"	349	2440	49	16	1	1	48	looksmax.org		0	DIY-procedure
/d/11573-como-mejorar-tu-sueno	11573	"Cómo mejorar tu sueño"	softmaxing	"2023-02-17 21:40:10"	"2023-02-20 08:43:07"	129	478	11	10	0	0	0	looksmax.org		0	
/d/11581-la-version-mas-ntnon-nt-de-todo-lo-que-te-podrias-estar-preguntando-gtfih	11581	"La versión más NT/non-NT de todo lo que te podrías estar preguntando (¡GTFIH!)"	looksmaxing	"2023-02-18 20:46:20"	"2023-04-03 20:13:18"	679	2097	27	19	1	1	6	looksmax.org		0	
/d/11582-los-9-tiers-del-ratio-de-midface	11582	"Los 9 tiers del ratio de midface"	looksmaxing	"2023-02-18 22:29:05"	"2023-06-11 05:05:23"	49	662	28	15	1	1	58	looksmax.org		0	
/d/11583-los-9-tiers-de-ipd-masculino-basados-en-estadisticas	11583	"Los 9 tiers de IPD masculino ( basados en estadísticas )"	looksmaxing	"2023-02-18 22:55:22"	"2025-12-25 19:02:09"	102	3906	46	26	1	1	155	looksmax.org		0	sourcing
/d/11595-como-medir-el-pene-correctamente	11595	"Cómo medir el pene correctamente"	looksmaxing	"2023-02-19 21:16:07"	"2025-04-23 16:39:32"	212	912	14	8	1	1	10	looksmax.org		0	
/d/11626-notas-sobre-el-comportamiento-de-la-mujer-y-los-errores-tipicos-del-hombre	11626	"NOTAS SOBRE EL COMPORTAMIENTO DE LA MUJER Y LOS ERRORES TÍPICOS DEL HOMBRE"	looksmaxing	"2023-02-23 12:35:57"	"2023-03-07 18:54:02"	519	1322	13	10	1	1	27	looksmax.org		0	
/d/11644-2023-lista-completa-de-rasgos-faciales-slayerchadimpactantes-y-como-conseguirlos	11644	"2023: Lista completa de rasgos faciales SLAYER/CHAD/IMPACTANTES (¡y cómo conseguirlos!)"	looksmaxing	"2023-02-24 17:34:09"	"2024-07-24 13:21:05"	448	4663	36	18	1	1	234	looksmax.org		0	
/d/11656-guia-de-ascension-de-softmaxxing	11656	"GUÍA DE ASCENSIÓN DE SOFTMAXXING"	softmaxing	"2023-02-25 14:45:42"	"2023-02-25 15:28:40"	2143	3248	49	16	1	1	8	looksmax.org		0	
/d/11694-la-tretinoina-funciona	11694	"La Tretinoína FUNCIONA"	softmaxing	"2023-03-01 15:45:44"	"2023-08-10 09:04:23"	496	3868	48	20	1	1	11	looksmax.org		0	dosing/PED|disordered-eating
/d/11696-solo-3-formas-legit-para-deepvoicemaxxing-el-resto-es-todo-cope	11696	"Solo 3 formas legit para deepvoicemaxxing (el resto es todo cope)"	looksmaxing	"2023-03-01 16:56:26"	"2023-03-01 17:43:11"	126	1612	49	15	1	1	6	looksmax.org		0	dosing/PED
/d/11707-califica-rutina-simple-de-entrenamiento-para-widthsthetics	11707	"Califica rutina simple de entrenamiento para widthsthetics"	looksmaxing	"2023-03-03 05:23:00"	"2023-08-17 04:15:33"	287	1742	28	12	1	1	25	looksmax.org		0	
/d/11708-la-rutina-de-entrenamiento-minimalist-mogger-basada-en-la-estetica-visualizada	11708	"La rutina de entrenamiento “Minimalist Mogger” basada en la estética. Visualizada."	looksmaxing	"2023-03-03 07:06:00"	"2023-09-20 09:14:14"	192	2312	49	21	1	1	60	looksmax.org		0	
/d/11710-si-o-no-cabello-largo-en-hombres	11710	"SI O NO cabello largo en hombres"	softmaxing	"2023-03-03 12:36:12"	"2023-03-07 05:29:50"	225	1590	30	14	1	1	56	looksmax.org		0	
/d/11722-clubmaxxing-una-guia	11722	"Clubmaxxing una guía"	looksmaxing	"2023-03-04 17:39:11"	"2023-03-05 11:17:39"	900	5412	40	18	0	0	0	looksmax.org		0	
/d/11726-meatpulling-por-que-nunca-deberias-cortar-carne-si-quieres-maximizar-tu-desarrollo-oseo-facial	11726	"Meatpulling | Por qué nunca deberías cortar carne si quieres maximizar tu desarrollo óseo facial"	softmaxing	"2023-03-05 07:36:00"	"2023-03-22 19:51:14"	164	1055	21	13	1	1	2	looksmax.org		0	
/d/11728-cuencas-oculares-mas-estrechas-que-las-crestas-frontales-orbitas-de-mierda	11728	"Cuencas Oculares Más Estrechas Que las Crestas Frontales = Órbitas de Mierda"	looksmaxing	"2023-03-05 09:55:35"	"2023-04-13 08:41:15"	56	461	16	9	1	1	61	looksmax.org		0	
/d/11772-el-curso-de-optimizacion-hormonal-estetico-primal-es-pura-basura-y-un-puto-engano	11772	"El curso de optimización hormonal estético primal es pura basura y un puto engaño !!"	anabolicos	"2023-03-09 16:16:01"	"2023-11-01 18:01:24"	131	1855	35	18	1	1	52	looksmax.org		0	dosing/PED|DIY-procedure
/d/11795-como-no-ser-un-tonto-tamanos-de-pene	11795	"Cómo no ser un tonto. Tamaños de pene"	looksmaxing	"2023-03-11 15:57:37"	"2023-03-21 12:01:39"	2319	2913	25	21	1	1	58	looksmax.org		0	sourcing
/d/11836-mi-guia-que-escribi-como-notas-antes-sobre-la-dieta-ray-peat	11836	"mi guía que escribí como notas antes sobre la dieta ray peat"	looksmaxing	"2023-03-17 02:29:42"	"2026-02-07 13:58:56"	2599	5979	34	18	1	1	41	looksmax.org		0	dosing/PED
/d/11838-como-conseguir-una-mandibula-concava-como-timothee-chalamet-jeremy-meeks-o-connor-murphy	11838	"Cómo conseguir una mandíbula cóncava como Timothée Chalamet, Jeremy Meeks o Connor Murphy"	looksmaxing	"2023-03-17 05:46:14"	"2023-03-23 14:11:55"	363	1226	17	9	1	1	58	looksmax.org		0	
/d/11844-el-mejor-programa-de-hit-para-un-fisico-moggeador	11844	"El mejor programa de H.I.T para un físico moggeador"	looksmaxing	"2023-03-17 22:54:46"	"2023-04-05 16:10:50"	480	3154	49	8	1	1	30	looksmax.org		0	dosing/PED
/d/11849-calculadora-de-smv-rapida-y-sencilla	11849	"Calculadora de SMV rápida y sencilla"	looksmaxing	"2023-03-18 10:27:04"	"2023-12-15 04:54:24"	371	2598	37	21	1	1	55	looksmax.org		0	
/d/11854-todos-deberiamos-usar-esteroides-aqui-te-digo-por-que	11854	"Todos deberíamos usar esteroides (aquí te digo por qué)"	anabolicos	"2023-03-18 15:02:43"	"2023-06-22 23:10:56"	79	1490	31	17	1	1	5	looksmax.org		0	
/d/11855-el-papel-del-calcio-vitamina-d3-y-vitamina-k2-en-maximizar-el-crecimiento-de-la-altura	11855	"El Papel del Calcio, Vitamina D3 y Vitamina K2 en Maximizar el Crecimiento de la Altura"	looksmaxing	"2023-03-18 17:07:32"	"2025-04-26 12:15:11"	1176	2710	35	16	1	1	54	looksmax.org		0	
/d/11861-guia-de-entrenamientogymmaxing-nutricion-enfocada-en-estetica-para-mejorar-la-atraccion	11861	"Guía de Entrenamiento/Gymmaxing & Nutrición Enfocada en Estética para Mejorar la Atracción"	looksmaxing	"2023-03-19 04:27:55"	"2023-04-19 15:44:37"	1435	5501	39	17	1	1	122	looksmax.org		0	
/d/11874-sclera-maxxing-como-blanqueariluminar-los-blancos-de-los-ojos	11874	"Sclera-maxxing. Cómo blanquear/iluminar los blancos de los ojos."	softmaxing	"2023-03-20 16:04:46"	"2026-07-28 11:33:55"	1169	4971	17	15	1	1	205	looksmax.org		0	dosing/PED
/d/11876-gtfih-si-estas-haciendo-framemaxxing	11876	"GTFIH SI ESTÁS HACIENDO FRAMEMAXXING"	looksmaxing	"2023-03-20 23:27:14"	"2025-03-02 22:37:30"	175	767	20	13	1	1	26	looksmax.org		0	
/d/11902-como-triunfar-en-tinder-si-no-tienes-buenas-fotos	11902	"Cómo triunfar en Tinder si no tienes buenas fotos"	looksmaxing	"2023-03-23 13:56:30"	"2024-07-13 16:34:27"	127	1461	26	16	0	0	0	looksmax.org		0	
/d/11904-lookism-clasico-archivado-como-hacer-medmax-guia-completa-nerdics-gtfih-por-idealmaxilla	11904	"[Lookism-Clásico Archivado] Cómo hacer Medmax - Guía completa (Nerdics GTFIH) por IdealMaxilla"	softmaxing	"2023-03-23 18:12:17"	"2023-03-23 18:42:38"	803	2712	37	12	1	1	26	looksmax.org		0	dosing/PED|DIY-procedure
/d/11907-guia-definitiva-de-aumento-de-altura-botb	11907	"guía definitiva de aumento de altura BOTB"	peptides	"2023-03-24 04:30:57"	"2023-10-21 10:23:36"	10780	30441	36	26	1	1	362	looksmax.org		0	
/d/11923-curar-ginecomastia-raloxifene-cabergoline-exemestane	11923	"[CURAR GINECOMASTIA] raloxifene + cabergoline + exemestane"	anabolicos	"2023-03-25 18:38:33"	"2023-08-09 17:52:15"	158	1423	35	15	1	1	64	looksmax.org		0	dosing/PED
/d/11930-explicando-la-importancia-del-amor-en-la-adolescencia-copecels-no-hagan-clic	11930	"Explicando la Importancia del Amor en la Adolescencia (Copecels no hagan clic)"	looksmaxing	"2023-03-26 17:04:14"	"2023-03-30 06:29:33"	157	1823	39	17	0	0	0	looksmax.org		0	self-harm/hopelessness
/d/11953-neandertal-vs-cromanon-diferencias-fisicas-y-como-saber-si-tienes-rasgos-neandertales-lista-detallada-incluida-algo-de-teoria	11953	"Neandertal vs. Cromañón: diferencias físicas y cómo saber si tienes rasgos neandertales (lista detallada incluida + algo de teoría)"	looksmaxing	"2023-03-28 16:13:12"	"2023-04-05 22:18:54"	580	3316	49	17	1	1	93	looksmax.org		0	
/d/12011-guia-oficial-de-tips-e-ideas-de-shitmaxxing	12011	"Guía oficial de tips e ideas de shitmaxxing"	looksmaxing	"2023-04-02 18:41:15"	"2023-04-03 03:01:48"	1123	2465	16	14	1	1	34	looksmax.org		0	DIY-procedure
/d/12021-no-puedes-construir-musculo-haciendo-hipertrofia-siendo-natural	12021	"No puedes construir músculo haciendo hipertrofia siendo natural"	looksmaxing	"2023-04-03 11:11:11"	"2023-04-05 05:50:11"	363	2450	29	17	1	1	61	looksmax.org		0	
/d/12024-la-guia-definitiva-de-breeding	12024	"la guía definitiva de breeding"	looksmaxing	"2023-04-03 15:17:22"	"2023-04-09 17:19:11"	691	2565	29	13	1	1	70	looksmax.org		0	dosing/PED
/d/12037-hilo-como-hacer-que-tu-perfume-dure-por-horas	12037	"(HILO) CÓMO HACER QUE TU PERFUME DURE POR HORAS 🌬"	softmaxing	"2023-04-04 14:04:32"	"2023-09-26 15:12:26"	542	4109	41	15	1	1	241	looksmax.org		0	dosing/PED
/d/12049-glosario-de-los-tercios-superior-medio-e-inferior-de-la-cara	12049	"Glosario de los Tercios Superior, Medio e Inferior de la Cara"	looksmaxing	"2023-04-05 02:02:34"	"2023-04-06 02:58:17"	1758	4683	49	17	1	1	147	looksmax.org		0	
/d/12067-gua-sha-de-jade-como-conseguir-una-cara-mas-marcada-bloatcels-metanse-aqui	12067	"Gua Sha de Jade - Cómo conseguir una cara más marcada (bloatcels métanse aquí)"	softmaxing	"2023-04-06 14:44:39"	"2023-04-18 21:53:04"	450	2044	23	16	1	1	153	looksmax.org		0	
/d/12080-guia-para-parecer-nt	12080	"Guía para parecer NT"	looksmaxing	"2023-04-07 21:10:43"	"2023-04-08 18:29:53"	196	1029	20	16	0	0	0	looksmax.org		0	
/d/12094-los-rastas-son-clave-para-la-ascension-hombres-negros	12094	"Los rastas son clave para la ascensión (HOMBRES NEGROS)"	softmaxing	"2023-04-09 16:52:01"	"2024-10-14 22:44:03"	288	1776	25	17	1	1	40	looksmax.org		0	
/d/12102-entrenamiento-ppl-de-alta-frecuencia-2-programas	12102	"Entrenamiento PPL de Alta Frecuencia (2 Programas)"	looksmaxing	"2023-04-10 04:33:09"	"2023-04-19 01:48:14"	737	1842	37	6	1	1	23	looksmax.org		0	dosing/PED
/d/12114-mi-stack-de-crecimiento-muy-completo-sin-peptidos	12114	"MI STACK DE CRECIMIENTO MUY COMPLETO SIN PÉPTIDOS"	looksmaxing	"2023-04-11 02:22:37"	"2023-09-07 21:14:03"	306	2505	48	16	1	1	31	looksmax.org		0	dosing/PED
/d/12117-maximizar-hgh-natural-de-verdad-la-unica-mejor-forma-de-hacerlo	12117	"Maximizar HGH natural de verdad. La única mejor forma de hacerlo"	anabolicos	"2023-04-11 12:52:57"	"2024-08-08 16:21:35"	185	951	22	13	1	1	12	looksmax.org		0	dosing/PED|sourcing
/d/12121-rutina-de-chad	12121	"Rutina de Chad"	looksmaxing	"2023-04-11 16:43:33"	"2023-06-25 20:06:11"	1734	9210	42	20	1	1	23	looksmax.org		0	
/d/12154-masticar-para-un-ramus-mas-alto-si-es-menor-de-25	12154	"Masticar para un ramus más alto (si es menor de 25)"	softmaxing	"2023-04-14 09:46:50"	"2023-04-19 12:26:42"	67	2474	49	21	1	1	34	looksmax.org		0	
/d/12184-como-convertirte-en-un-chico-anime-muzzle-maxxing	12184	"CÓMO CONVERTIRTE EN UN CHICO ANIME (MUZZLE MAXXING)"	softmaxing	"2023-04-17 17:44:43"	"2023-09-08 16:38:08"	138	1293	31	19	1	1	65	looksmax.org		0	
/d/12201-como-triunfar-en-el-antro-un-metodo-a-prueba-de-autismo	12201	"CÓMO TRIUNFAR EN EL ANTRO - UN MÉTODO A PRUEBA DE AUTISMO"	looksmaxing	"2023-04-19 11:50:38"	"2023-04-19 14:12:31"	1341	8225	49	32	1	1	87	looksmax.org		0	
/d/12204-como-hacer-un-glow-up-dorado-para-el-verano	12204	"Cómo hacer un glow up dorado para el Verano"	softmaxing	"2023-04-19 17:49:47"	"2023-04-23 14:51:34"	427	2003	18	8	1	1	69	looksmax.org		0	
/d/12212-como-hice-crecer-mi-dedo-mas-largo-handcels-gtfih	12212	"Cómo hice crecer mi dedo más largo (HANDCELS GTFIH)"	hardmaxing	"2023-04-20 17:17:13"	"2023-05-15 14:56:09"	90	2026	49	21	1	1	4	looksmax.org		0	
/d/12219-maquillaje-para-hombres-la-mejor-forma-de-fraudear-como-hacerlo	12219	"Maquillaje para hombres, la mejor forma de fraudear, ¿cómo hacerlo?"	softmaxing	"2023-04-21 08:01:30"	"2023-04-21 16:54:09"	747	3509	35	10	1	1	70	looksmax.org		0	
/d/12239-por-que-los-pantalones-cargo-son-imprescindibles-en-2023	12239	"Por qué los pantalones cargo son imprescindibles en 2023"	softmaxing	"2023-04-22 06:27:27"	"2023-05-02 20:48:31"	95	935	47	22	1	1	15	looksmax.org		0	
/d/12258-hilo-de-nosemaxxing	12258	"HILO DE NOSEMAXXING 👃"	looksmaxing	"2023-04-23 16:45:49"	"2023-04-24 17:10:41"	856	1982	49	17	1	1	81	looksmax.org		0	DIY-procedure
/d/12269-guia-de-cejaspestanas-ideales-tematica-de-breaking-bad	12269	"guía de cejas/pestañas ideales (TEMÁTICA DE BREAKING BAD)"	softmaxing	"2023-04-24 19:49:52"	"2023-04-26 01:41:57"	845	2942	35	14	1	1	140	looksmax.org		0	dosing/PED
/d/12297-looksmax-subestimado-posicion-para-dormir	12297	"Looksmax subestimado (POSICIÓN PARA DORMIR)"	softmaxing	"2023-04-26 19:45:38"	"2025-07-29 18:56:20"	583	1758	21	14	1	1	2	looksmax.org		0	
/d/12301-espejo-espejo-en-la-pared-como-te-ves-realmente-para-otras-personas	12301	"Espejo espejo en la pared (cómo te ves realmente para otras personas)"	looksmaxing	"2023-04-27 00:37:45"	"2023-04-29 06:16:26"	137	1708	22	12	0	0	0	looksmax.org		0	
/d/12308-guia-definitiva-de-looksmaxing-sin-boludez	12308	"Guía definitiva de looksmaxing (sin boludez)"	looksmaxing	"2023-04-27 16:19:30"	"2023-07-02 05:21:45"	393	1635	43	20	1	1	2	looksmax.org		0	dosing/PED|DIY-procedure
/d/12360-unimaxxing-una-guia	12360	"Unimaxxing: Una Guía"	looksmaxing	"2023-04-30 23:35:43"	"2023-05-09 06:25:24"	1850	6063	32	22	1	1	5	looksmax.org		0	
/d/12368-como-tener-una-nariz-recta-y-respingada-de-forma-natural-y-permanente-sin-cirugia	12368	"Cómo tener una nariz recta y respingada de forma natural y permanente (sin cirugía)"	softmaxing	"2023-05-02 15:50:47"	"2025-02-06 19:22:20"	450	2488	22	16	1	1	30	looksmax.org		0	
/d/12375-el-gymmaxxing-no-importa-una-mierda-si-no-estas-entrenando-el-cuello	12375	"El gymmaxxing no importa una mierda si no estás entrenando el cuello"	looksmaxing	"2023-05-03 05:04:11"	"2023-05-03 06:48:16"	313	802	9	8	1	1	6	looksmax.org		0	
/d/12387-aumentar-estatura	12387	"aumentar estatura"	looksmaxing	"2023-05-04 18:29:19"	"2024-08-22 23:53:35"	361	2728	31	23	1	1	40	looksmax.org		0	
/d/12414-11-formas-de-aumentar-la-hormona-del-crecimiento-gh-y-el-factor-de-crecimiento-similar-a-la-insulina-1-igf-1	12414	"11 formas de aumentar la Hormona del Crecimiento (GH) y el Factor de Crecimiento Similar a la Insulina 1 (IGF-1)"	anabolicos	"2023-05-07 15:56:41"	"2023-10-27 14:07:01"	773	3033	16	13	1	1	138	looksmax.org		0	dosing/PED
/d/12416-como-el-protector-bucal-hizo-que-mis-pomulos-y-mandibula-se-marcaran-mas	12416	"CÓMO EL PROTECTOR BUCAL HIZO QUE MIS POMULOS Y MANDIBULA SE MARCARAN MAS"	softmaxing	"2023-05-07 19:37:50"	"2023-05-08 21:04:23"	232	4465	49	14	1	1	38	looksmax.org		0	
/d/12431-solo-necesitas-rinoplastia-en-estos-2-casos-de-lo-contrario-te-arruinara-la-cara	12431	"Solo necesitas rinoplastia en estos 2 casos, de lo contrario te arruinará la cara"	hardmaxing	"2023-05-09 05:36:34"	"2023-05-09 10:39:26"	237	2795	49	25	1	1	134	looksmax.org		0	
/d/12448-hilo-guia-de-darktriadmaxx	12448	"Hilo Guía de DarkTriadMaxx"	looksmaxing	"2023-05-10 22:45:11"	"2023-11-10 05:54:24"	1321	6429	26	13	1	1	127	looksmax.org		0	
/d/12477-como-conseguir-hunter-eyes-permanentemente-sin-mamadas	12477	"Cómo conseguir Hunter Eyes permanentemente - Sin Mamadas"	hardmaxing	"2023-05-13 12:26:33"	"2025-05-02 11:43:23"	541	1628	19	19	1	1	18	looksmax.org		0	DIY-procedure
/d/12498-como-evitar-los-xenoestrogenos	12498	"¿Cómo evitar los xenoestrógenos?"	looksmaxing	"2023-05-14 21:04:06"	"2023-10-02 22:11:02"	464	792	17	10	1	1	22	looksmax.org		0	sourcing
/d/12509-pectus-excavatum-update-a-los-60-dias-de-la-cirugia-una-guia-para-quien-quiera-corregirselo	12509	"Pectus Excavatum, update a los 60 días de la cirugía: una guía para quien quiera corregírselo"	hardmaxing	"2023-05-15 20:49:29"	"2025-02-15 13:06:41"	742	4508	35	18	1	1	198	looksmax.org		0	
/d/12511-algunas-formas-de-hacer-el-ayuno-intermitente-mas-beneficioso-y-facil	12511	"Algunas formas de hacer el ayuno intermitente más beneficioso y fácil"	looksmaxing	"2023-05-15 22:08:43"	"2023-05-16 19:57:19"	377	2063	29	5	0	0	0	looksmax.org		0	dosing/PED|DIY-procedure
/d/12576-como-moggear-en-las-fotos	12576	"Cómo moggear en las fotos"	looksmaxing	"2023-05-20 21:17:06"	"2023-09-18 16:24:52"	887	2034	14	9	0	0	0	looksmax.org		0	
/d/12657-los-mejores-y-peores-lugares-para-acercarte-a-una-chica	12657	"Los mejores y peores lugares para acercarte a una chica:"	looksmaxing	"2023-05-28 19:42:16"	"2024-03-01 00:23:00"	644	4744	48	35	1	1	6	looksmax.org		0	
/d/12673-calculadora-de-atractivo-que-de-verdad-tiene-sentido	12673	"Calculadora de atractivo (que de verdad tiene sentido)"	looksmaxing	"2023-05-30 19:50:05"	"2023-05-31 12:33:09"	689	5343	49	24	1	1	33	looksmax.org		0	
/d/12679-guia-para-pestanas-y-cejas-moggeras	12679	"Guía para pestañas y cejas moggeras"	softmaxing	"2023-05-31 09:25:46"	"2023-06-01 17:18:37"	143	3181	49	18	1	1	4	looksmax.org		0	
/d/12725-la-guia-definitiva-para-charismamaxxing-dominando-el-lenguaje-corporal-la-tonalidad-de-voz-y-el-humor	12725	"LA GUÍA DEFINITIVA PARA CHARISMAMAXXING: DOMINANDO EL LENGUAJE CORPORAL, LA TONALIDAD DE VOZ Y EL HUMOR"	looksmaxing	"2023-06-06 04:08:42"	"2026-02-20 00:09:38"	1892	8071	21	14	0	0	0	looksmax.org		0	
/d/12729-como-hacer-que-tu-perfil-de-citas-sea-nt	12729	"Cómo hacer que tu perfil de citas sea NT"	looksmaxing	"2023-06-06 10:39:49"	"2023-06-06 11:58:16"	293	2704	49	17	1	1	91	looksmax.org		0	
/d/12756-la-manera-mas-rapida-de-crecer-tu-instagram-automaticamente-para-principiantes-guia-oficial-2023	12756	"La manera más rápida de crecer tu Instagram automáticamente (Para Principiantes) (Guía Oficial 2023)"	looksmaxing	"2023-06-08 22:29:28"	"2024-02-22 17:07:55"	875	3125	31	14	1	1	122	looksmax.org		0	
/d/12763-clasificacion-de-formas-de-looksmaxxing-de-mas-util-a-inutil-ejemplos	12763	"Clasificación de formas de Looksmaxxing de más útil a inútil (Ejemplos)"	looksmaxing	"2023-06-09 17:19:39"	"2023-06-23 05:09:10"	71	959	38	12	0	0	0	looksmax.org		0	DIY-procedure
/d/12787-trucos-de-tinder-para-ligarte-milfs	12787	"Trucos de Tinder para ligarte MILFs"	looksmaxing	"2023-06-12 18:13:13"	"2025-08-01 21:44:37"	453	3924	49	13	1	1	57	looksmax.org		0	
/d/12816-guia-de-un-greycel-para-ser-mas-social-guia-13-volverse-popular	12816	"Guía de un Greycel para Ser Más Social (Guía 1/3 VOLVERSE POPULAR)"	looksmaxing	"2023-06-15 08:40:06"	"2023-06-26 01:42:01"	226	1212	28	11	1	1	17	looksmax.org		0	
/d/12839-guia-completa-de-softmaxing	12839	"GUÍA COMPLETA DE SOFTMAXING"	softmaxing	"2023-06-16 22:23:10"	"2023-06-17 05:09:10"	564	2488	29	16	1	1	131	looksmax.org		0	dosing/PED
/d/12857-guia-definitiva-de-softmaxing-nunca-antes-vista	12857	"GUÍA DEFINITIVA DE SOFTMAXING (NUNCA ANTES VISTA)"	softmaxing	"2023-06-18 15:48:29"	"2024-12-07 18:45:58"	1068	8712	26	24	0	1	24	looksmax.org		0	DIY-procedure
/d/12872-la-guia-ultimate-de-lipmaxxing-mas-real	12872	"LA GUÍA ULTIMATE DE LIPMAXXING MÁS REAL"	hardmaxing	"2023-06-20 14:23:39"	"2024-08-02 20:53:24"	54	927	32	10	1	1	52	looksmax.org		0	
/d/12892-manipulacion-de-musculos-faciales-ep1-aumentarreducir-el-filtrum	12892	"Manipulación de Músculos Faciales Ep.1: Aumentar/Reducir el filtrum"	hardmaxing	"2023-06-22 20:06:23"	"2024-02-03 18:54:01"	244	1148	22	12	1	1	16	looksmax.org		0	
/d/12906-guia-como-actuar-como-un-modelo-masculino-en-publico-comportamiento-potencialmente-turboaspie-incluido	12906	"GUÍA CÓMO ACTUAR COMO UN MODELO MASCULINO EN PÚBLICO - COMPORTAMIENTO POTENCIALMENTE TURBOASPIE INCLUIDO"	looksmaxing	"2023-06-24 00:20:20"	"2023-07-03 02:37:35"	375	2720	24	11	1	1	28	looksmax.org		0	
/d/12909-guia-de-colorimetria-entiende-la-colorimetria-ideal-y-maneras-de-mejorar-tu-colorimetria-remasterizado	12909	"Guía de Colorimetría: Entiende la Colorimetría Ideal y Maneras de Mejorar tu Colorimetría (Remasterizado)"	softmaxing	"2023-06-24 04:40:29"	"2023-06-24 23:28:52"	2057	5013	49	18	1	1	331	looksmax.org		0	
/d/12912-hacer-catfish-como-una-gigastacy-con-el-sex-appeal-maxeado-mi-mini-guia-de-alto-iq-desde-experiencia-personal	12912	"hacer catfish como una gigastacy con el sex-appeal maxeado (mi mini guía, de ALTO IQ desde experiencia personal)"	looksmaxing	"2023-06-24 09:44:50"	"2023-07-10 07:35:48"	741	1415	30	12	0	0	0	looksmax.org		0	
/d/12926-como-coger-una-guia-practica	12926	"Cómo Coger: una Guía Práctica"	looksmaxing	"2023-06-25 12:12:38"	"2023-06-26 08:21:26"	2066	13343	49	25	1	1	68	looksmax.org		0	
/d/12975-la-guia-definitiva-de-estilos-de-cabello	12975	"La Guía Definitiva de Estilos de Cabello"	softmaxing	"2023-07-02 00:41:48"	"2025-02-16 18:08:20"	824	2173	25	14	1	1	88	looksmax.org		0	
/d/12978-la-unica-guia-de-cabello-que-vas-a-necesitar-en-tu-vida-garantizado	12978	"La única guía de Cabello que vas a necesitar en tu VIDA ( GARANTIZADO )"	softmaxing	"2023-07-02 04:27:00"	"2023-07-05 13:42:45"	972	6367	49	18	1	1	89	looksmax.org		0	
/d/12985-aclarado-de-piel-un-enfoque-cientifico-para-lograr-los-resultados-deseados	12985	"Aclarado de piel: un enfoque científico para lograr los resultados deseados"	softmaxing	"2023-07-02 14:29:17"	"2023-10-15 12:40:04"	515	893	18	10	0	0	0	looksmax.org		0	
/d/12993-guia-roidmaxx-manten-tu-cabello	12993	"GUÍA ROIDMAXX MANTÉN TU CABELLO"	anabolicos	"2023-07-03 00:00:55"	"2023-07-03 04:55:24"	442	1330	21	13	1	1	5	looksmax.org		0	dosing/PED|sourcing
/d/13013-tabla-de-altura-precisa	13013	"Tabla de altura precisa"	looksmaxing	"2023-07-06 01:54:07"	"2023-07-12 11:16:58"	84	1408	48	22	1	1	55	looksmax.org		0	
/d/13040-looksmax-subestimado-jewelrymaxxing	13040	"Looksmax subestimado (Jewelrymaxxing)"	softmaxing	"2023-07-09 06:25:50"	"2023-07-09 15:31:35"	567	2383	22	14	1	1	148	looksmax.org		0	
/d/13057-la-chinpill-y-el-perfil-lateral-hundido	13057	"La chinpill y el perfil lateral hundido"	looksmaxing	"2023-07-10 21:28:05"	"2025-11-03 01:46:54"	375	3896	41	22	1	1	171	looksmax.org		0	
/d/13060-como-hacer-framemaxx-legitimamente-guia-mega-thread	13060	"Cómo hacer Framemaxx Legítimamente Guía (MEGA THREAD)"	looksmaxing	"2023-07-11 12:38:56"	"2023-10-18 10:15:26"	1904	3984	28	25	1	1	75	looksmax.org		0	dosing/PED|sourcing
/d/13071-como-deshinchar-tu-cara-muy-rapido-guia-rapida	13071	"Cómo deshinchar tu cara muy rápido. (Guía Rápida)"	looksmaxing	"2023-07-13 09:00:48"	"2024-04-19 12:35:22"	473	931	13	6	0	0	0	looksmax.org		0	
/d/13075-el-mewing-es-legitimo-con-pruebas-puberty-cels-gtfih	13075	"EL MEWING ES LEGÍTIMO CON PRUEBAS (puberty cels gtfih)"	softmaxing	"2023-07-13 17:25:50"	"2023-07-13 20:36:01"	1145	8206	49	18	1	1	249	looksmax.org		0	
/d/13096-la-guia-definitiva-de-tanmaxxing	13096	"¡La guía definitiva de TanMaxxing!"	softmaxing	"2023-07-15 18:53:12"	"2025-05-15 10:37:50"	747	3755	29	10	1	1	332	looksmax.org		0	
/d/13112-looksmaxxing-en-el-gym-101-todo-lo-que-necesitas-saber-sobre-el-desarrollo-de-la-figura	13112	"LOOKSMAXXING EN EL GYM 101: TODO LO QUE NECESITAS SABER SOBRE EL DESARROLLO DE LA FIGURA"	looksmaxing	"2023-07-17 15:50:35"	"2023-09-10 20:23:57"	2543	12482	49	19	1	1	43	looksmax.org		0	
/d/13117-2023-guia-mas-reciente-de-sarms	13117	"[2023] Guía más reciente de SARMs"	anabolicos	"2023-07-17 21:26:02"	"2023-08-02 09:00:04"	904	3110	49	18	1	1	16	looksmax.org		0	dosing/PED
/d/13129-come-como-un-cavernicola-para-la-estetica-guia-de-dieta	13129	"Come como un CAVERNÍCOLA para la estética. ¡¡GUÍA DE DIETA!!"	looksmaxing	"2023-07-19 02:36:47"	"2023-09-24 17:46:57"	667	2493	30	11	1	1	43	looksmax.org		0	sourcing
/d/13144-como-hacer-mewing-correctamente-la-mejor-guia-de-mewing-del-internet	13144	"Cómo hacer mewing correctamente | La mejor guía de mewing del internet"	softmaxing	"2023-07-20 21:29:48"	"2023-09-08 17:16:38"	1081	2247	14	13	1	1	41	looksmax.org		0	
/d/13168-la-unica-guia-de-cuidado-de-piel-que-jamas-necesitaras	13168	"La única guía de cuidado de piel que jamás necesitarás"	softmaxing	"2023-07-22 17:26:24"	"2023-07-23 05:38:37"	36	920	25	13	1	1	43	looksmax.org		0	
/d/13173-la-guia-definitiva-de-bronceado-para-un-tono-de-piel-mas-calido-y-deseable	13173	"La guía definitiva de bronceado para un tono de piel más cálido y deseable"	softmaxing	"2023-07-23 14:05:42"	"2023-07-25 10:46:35"	667	3059	48	14	1	1	103	looksmax.org		0	dosing/PED
/d/13175-hardmaxxes-del-area-de-los-ojos-con-ejemplos	13175	"Hardmaxxes del área de los ojos (con ejemplos)"	hardmaxing	"2023-07-23 22:41:25"	"2026-06-27 09:36:20"	134	398	11	12	1	1	32	looksmax.org		0	
/d/13177-el-costo-de-arreglar-un-tercio-medio-largo-y-estrecho-es-200000	13177	"El costo de \"arreglar\" un tercio medio largo y estrecho es 200.000$"	hardmaxing	"2023-07-24 00:01:54"	"2023-09-09 22:35:08"	213	1999	49	19	1	1	46	looksmax.org		0	
/d/13194-como-leanmaxxing-rapido-legit-debes-verlo	13194	"Cómo leanmaxxing rápido legit debes verlo"	looksmaxing	"2023-07-25 10:47:23"	"2023-07-25 15:19:59"	93	2921	49	21	0	0	0	looksmax.org		0	
/d/13202-guia-de-ropemaxxing-heightmaxxing	13202	"GUÍA DE ROPEMAXXING (HEIGHTMAXXING)"	looksmaxing	"2023-07-26 08:29:27"	"2024-06-30 23:32:23"	184	952	24	18	1	1	45	looksmax.org		0	self-harm/hopelessness
/d/13214-consigue-ipl-para-una-piel-eternamente-perfecta	13214	"CONSIGUE IPL PARA UNA PIEL ETERNAMENTE PERFECTA"	softmaxing	"2023-07-27 17:29:08"	"2023-07-29 04:35:25"	256	3109	49	37	1	1	149	looksmax.org		0	
/d/13232-como-usar-el-porno-para-ascender	13232	"Cómo usar el porno para ascender"	looksmaxing	"2023-07-29 07:27:25"	"2023-08-28 02:35:33"	404	3190	38	24	0	1	78	looksmax.org		0	
/d/13241-simples-cosas-que-hacer-y-no-hacer-en-los-mensajes	13241	"Simples cosas que hacer y no hacer en los mensajes"	looksmaxing	"2023-07-30 06:32:39"	"2023-07-30 20:10:31"	97	531	8	7	1	1	5	looksmax.org		0	
/d/13244-alto-esfuerzo-guia-sobre-los-lunares-por-que-existen-y-como-prevenirlosquitarlos-looksmax-quirurgico-barato	13244	"(ALTO ESFUERZO) Guía sobre los lunares: por qué existen y cómo prevenirlos/quitarlos. Looksmax quirúrgico barato"	hardmaxing	"2023-07-30 11:17:16"	"2023-12-29 16:43:18"	1059	3408	10	9	1	1	48	looksmax.org		0	dosing/PED
/d/13254-por-que-vitamina-d-y-magnesio-son-esenciales-y-los-has-estado-usando-mal	13254	"Por Qué Vitamina D y Magnesio son ESENCIALES y los has estado USANDO MAL"	looksmaxing	"2023-07-30 21:35:23"	"2023-12-31 21:38:02"	3461	7013	16	16	1	1	362	looksmax.org		0	dosing/PED|sourcing
/d/13265-ntmaxxing-estrategias-para-parecer-mas-neurotipico-una-guia-completa	13265	"[NTMAXXING] Estrategias para Parecer Más Neurotípico: Una Guía Completa"	looksmaxing	"2023-07-31 20:17:44"	"2023-08-12 03:40:12"	553	1334	23	20	1	1	12	looksmax.org		0	
/d/13282-una-revision-de-que-hace-que-una-cara-sea-femenina-y-que-no	13282	"Una revisión de qué hace que una cara sea femenina y qué no."	looksmaxing	"2023-08-02 07:09:29"	"2023-08-02 08:32:13"	658	2579	49	12	1	1	116	looksmax.org		0	
/d/13286-nsfw-deja-tu-adiccion-a-la-pornografia-y-asciende-gtfih	13286	"[NSFW] DEJA TU ADICCIÓN A LA PORNOGRAFÍA Y ASCIENDE (GTFIH)"	looksmaxing	"2023-08-02 12:19:01"	"2025-04-15 15:07:21"	2071	11330	40	27	1	1	132	looksmax.org		0	
/d/13305-como-textear-a-las-mujeres-verdad-de-alto-iqblackpill	13305	"Cómo textear a las mujeres [Verdad de alto IQ+Blackpill]"	looksmaxing	"2023-08-04 06:22:58"	"2024-08-09 05:33:09"	501	1781	14	10	1	1	13	looksmax.org		0	
/d/13319-retinol-vs-tretinoina-guia-completa-y-comparacion	13319	"Retinol vs. Tretinoína | Guía completa y comparación"	softmaxing	"2023-08-05 08:24:40"	"2025-12-21 20:18:47"	614	2913	21	13	0	0	0	looksmax.org		0	
/d/13355-leanmaxxing-extremo-metodo-de-sangria	13355	"Leanmaxxing Extremo (Método de Sangría)"	looksmaxing	"2023-08-08 02:22:06"	"2023-09-14 04:45:44"	305	1405	28	21	1	1	6	looksmax.org		0	
/d/13369-guia-definitiva-sin-mamadas-de-mejillas-hundidas-newcomers-gtfih	13369	"¡GUÍA DEFINITIVA SIN MAMADAS DE MEJILLAS HUNDIDAS! NEWCOMERS GTFIH"	looksmaxing	"2023-08-08 16:30:40"	"2023-08-08 21:26:51"	648	3475	49	40	1	1	111	looksmax.org		0	dosing/PED
/d/13378-la-mejor-forma-de-crecer-mas-alto-cualquier-edad-guia-para-nuevos	13378	"LA MEJOR FORMA DE CRECER MÁS ALTO (CUALQUIER EDAD, GUÍA PARA NUEVOS)"	looksmaxing	"2023-08-09 03:37:31"	"2023-12-09 13:35:53"	357	3638	49	33	1	1	292	looksmax.org		0	
/d/13391-drenar-sangre-para-desintoxicar-tu-cuerpo	13391	"Drenar sangre para desintoxicar tu cuerpo"	looksmaxing	"2023-08-09 20:46:22"	"2023-09-11 17:30:04"	318	1465	27	21	1	1	14	looksmax.org		0	dosing/PED|DIY-procedure
/d/13401-guia-de-bonesmashing	13401	"Guía de Bonesmashing"	hardmaxing	"2023-08-10 18:54:35"	"2023-09-05 12:23:19"	313	860	17	8	1	1	44	looksmax.org	C1010	0	DIY-procedure
/d/13403-la-tretinoina-es-un-meme-mejor-dermarolea-2mm-y-exfolia-justo-despues	13403	"La tretinoína es un meme. Mejor dermarolea (2mm) y exfolia justo después"	softmaxing	"2023-08-10 19:02:39"	"2023-09-10 00:01:38"	425	2883	37	16	1	1	31	looksmax.org		0	DIY-procedure|disordered-eating
/d/13405-guia-de-universidades-de-eu-con-las-chicas-mas-facilesputas-y-mas-buenas-de-un-slayer-changlite-local	13405	"GUÍA DE UNIVERSIDADES DE E.U. CON LAS CHICAS MÁS FÁCILES/PUTAS Y MÁS BUENAS - DE UN SLAYER CHANGLITE LOCAL"	looksmaxing	"2023-08-11 04:07:16"	"2023-08-11 12:30:07"	831	1418	20	10	1	1	12	looksmax.org		0	self-harm/hopelessness
/d/13407-2023-guia-secreta-de-hairmaxxing-por-arditi-miembros-nuevos-venganse-para-aca	13407	"[2023] GUÍA SECRETA DE HAIRMAXXING POR ARDITI (MIEMBROS NUEVOS VÉNGANSE PARA ACÁ)"	softmaxing	"2023-08-11 09:55:28"	"2023-09-20 19:11:21"	502	1548	25	22	1	1	52	looksmax.org		0	
/d/13455-guia-definitiva-como-volverte-low-inhib-usando-drogas-legales-mi-experiencia-y-consejos	13455	"Guía definitiva: cómo volverte low inhib usando drogas legales (mi experiencia y consejos)"	looksmaxing	"2023-08-15 16:07:58"	"2023-12-21 14:06:14"	1207	6149	48	30	1	1	107	looksmax.org		0	dosing/PED|disordered-eating
/d/13477-la-leche-y-las-hormonas	13477	"La leche y las hormonas"	looksmaxing	"2023-08-17 15:54:12"	"2024-06-20 06:26:03"	704	2163	30	22	0	0	0	looksmax.org		0	dosing/PED|sourcing|disordered-eating
/d/13483-como-manipular-a-las-mujeres-usando-su-ciclo-menstrual-bien-facil	13483	"Cómo manipular a las mujeres usando su ciclo menstrual (bien fácil)"	looksmaxing	"2023-08-17 21:56:55"	"2024-01-22 20:34:07"	471	636	17	13	1	1	15	looksmax.org		0	dosing/PED
/d/13488-si-sufres-de-trastorno-de-atm-acufenos-y-dolor-nervioso-en-el-cuello-junto-con-sfs-lee-este-articulo	13488	"Si sufres de trastorno de ATM, acúfenos y dolor nervioso en el cuello junto con sfs lee este artículo"	softmaxing	"2023-08-18 05:27:42"	"2023-11-27 00:31:22"	126	2252	36	19	1	1	50	looksmax.org		0	
/d/13501-recuerda-siempre-ocultar-tus-esfuerzos	13501	"Recuerda siempre ocultar tus esfuerzos"	looksmaxing	"2023-08-19 15:37:18"	"2023-08-25 08:49:48"	203	352	7	7	0	0	0	looksmax.org		0	
/d/13508-testmaxx-definitivo-enfoques-poco-comunes-para-amplificar-niveles-de-t-gtfih-megahilo	13508	"TESTMAXX DEFINITIVO: Enfoques Poco Comunes para Amplificar Niveles de T (GTFIH) (megahilo)"	anabolicos	"2023-08-20 14:27:06"	"2023-09-21 18:06:59"	2820	16370	49	37	1	1	800	looksmax.org		0	dosing/PED
/d/13510-edicion-fashionmaxxing-de-presupuesto-gtfih	13510	"EDICIÓN FASHIONMAXXING DE PRESUPUESTO! (GTFIH)"	softmaxing	"2023-08-20 18:59:06"	"2023-10-20 00:31:52"	1188	3607	44	19	1	1	125	looksmax.org		0	
/d/13518-gymmax-actualizado	13518	"GYMMAX ACTUALIZADO"	looksmaxing	"2023-08-21 13:47:50"	"2023-09-24 17:20:34"	1018	2015	6	7	1	1	6	looksmax.org		0	dosing/PED
/d/13527-como-edgarmaxxear-latinocels-gtfih	13527	"Cómo Edgarmaxxear (¡Latinocels GTFIH!)"	softmaxing	"2023-08-22 02:29:33"	"2024-02-07 13:36:54"	205	1524	40	20	1	1	126	looksmax.org		0	
/d/13558-metodo-natural-de-buen-sueno	13558	"Método natural de buen sueño"	softmaxing	"2023-08-24 05:30:23"	"2023-08-25 18:35:18"	51	488	11	8	0	0	0	looksmax.org		0	
/d/13577-guia-basica-para-trasplantes-de-cabello	13577	"Guía básica para trasplantes de cabello"	hardmaxing	"2023-08-26 01:24:42"	"2025-11-27 11:24:59"	959	2830	17	13	1	1	46	looksmax.org		0	
/d/13580-deepvoice-max-definitivo	13580	"DEEPVOICE MAX DEFINITIVO"	looksmaxing	"2023-08-26 08:07:15"	"2023-09-30 21:36:20"	644	1629	18	14	1	1	19	looksmax.org		0	
/d/13611-la-mejor-guia-de-softmaxxing	13611	"LA MEJOR GUÍA DE SOFTMAXXING"	softmaxing	"2023-08-28 13:58:44"	"2023-09-15 05:30:01"	348	1164	26	14	1	1	60	looksmax.org		0	
/d/13622-chat-gpt-confirma-el-bonesmashing	13622	"Chat GPT confirma el bonesmashing"	hardmaxing	"2023-08-29 13:56:22"	"2024-01-27 05:23:07"	1564	6504	43	25	1	1	11	looksmax.org		0	dosing/PED|DIY-procedure
/d/13624-aumenta-tu-testosterona-a-traves-de-este-plan-de-entrenamiento-basado-en-ciencia	13624	"AUMENTA TU TESTOSTERONA A TRAVÉS DE ESTE PLAN DE ENTRENAMIENTO BASADO EN CIENCIA"	anabolicos	"2023-08-29 15:33:36"	"2023-09-03 19:52:51"	69	821	30	7	1	1	306	looksmax.org		0	dosing/PED
/d/13631-si-tienes-cabello-negro-natural-debes-aclararlo-a-castano-inmediatamente-ethnics-gtfih	13631	"¡Si tienes cabello negro natural, debes aclararlo a castaño INMEDIATAMENTE! (Ethnics GTFIH)"	softmaxing	"2023-08-29 18:45:14"	"2023-10-19 14:18:16"	444	5471	33	19	1	1	240	looksmax.org		0	DIY-procedure
/d/13664-miniguia-como-pasar-de-semi-hooded-a-fully-hooded-metodo-nunca-antes-mostrado	13664	"Miniguía: Cómo pasar de semi-hooded a fully hooded (método nunca antes mostrado)"	softmaxing	"2023-09-01 21:55:31"	"2024-10-09 18:24:41"	285	1713	37	20	1	1	54	looksmax.org		0	
/d/13731-guia-de-calistenia-con-rutinas-para-brokecels	13731	"Guía de calistenia con rutinas para brokecels"	looksmaxing	"2023-09-06 00:27:59"	"2023-10-12 18:12:57"	959	3821	30	14	1	1	8	looksmax.org		0	
/d/13752-el-metodo-del-ballooning-peneano-mina-de-oro-perdida-de-lookism-metanse-aqui	13752	"EL MÉTODO DEL BALLOONING PENEANO [MINA DE ORO PERDIDA DE LOOKISM MÉTANSE AQUÍ]"	looksmaxing	"2023-09-07 16:31:33"	"2023-10-12 18:41:47"	1019	2100	18	14	1	1	24	looksmax.org		0	dosing/PED
/d/13765-como-cambiar-tu-mandibula-por-completo-en-9-meses-softmaxx-con-fotos	13765	"CÓMO CAMBIAR TU MANDÍBULA POR COMPLETO EN 9 MESES SOFTMAXX (CON FOTOS)"	softmaxing	"2023-09-08 11:44:20"	"2023-09-19 21:30:59"	513	2781	49	22	1	1	41	looksmax.org		0	
/d/13770-como-ser-low-inhib-inhibcels-altos-metanse-aqui	13770	"CÓMO SER LOW INHIB (INHIBCELS ALTOS MÉTANSE AQUÍ)"	looksmaxing	"2023-09-08 21:56:46"	"2023-09-12 12:22:07"	247	2843	49	20	0	0	0	looksmax.org		0	sourcing
/d/13788-guia-para-la-buena-salud-healthmaxxing	13788	"Guía para la buena salud (Healthmaxxing)"	looksmaxing	"2023-09-10 03:02:27"	"2023-10-16 22:50:55"	351	1147	31	13	1	1	18	looksmax.org		0	dosing/PED
/d/13794-por-esto-no-tienes-las-mejillas-hundidas	13794	"POR ESTO NO TIENES LAS MEJILLAS HUNDIDAS"	looksmaxing	"2023-09-10 18:44:23"	"2023-09-11 18:19:11"	211	3082	49	31	1	1	67	looksmax.org		0	
/d/13811-solucion-final-como-deshacerte-de-los-granitos-de-la-rasurada-para-siempre	13811	"SOLUCIÓN FINAL | CÓMO DESHACERTE DE LOS GRANITOS DE LA RASURADA PARA SIEMPRE"	softmaxing	"2023-09-11 22:28:20"	"2023-09-21 12:20:15"	499	2179	39	21	1	1	42	looksmax.org		0	
/d/13836-deberiamos-aspirar-a-la-armonia-como-normie	13836	"Deberíamos aspirar a la Armonía ( Como Normie )"	looksmaxing	"2023-09-13 18:44:34"	"2023-10-12 09:17:15"	565	2430	21	10	1	1	28	looksmax.org		0	
/d/13851-disminuyendo-prolactina-aumentando-dopamina-naturalmente-high-inhibcells-gtfi	13851	"Disminuyendo Prolactina, Aumentando Dopamina NATURALMENTE (HIGH-INHIBCELLS GTFI)"	looksmaxing	"2023-09-15 12:29:22"	"2023-12-04 19:41:26"	379	1289	21	9	1	1	13	looksmax.org		0	dosing/PED|sourcing
/d/13864-como-curar-el-autismo-mega-hilo-lee-o-eres-gay-botb	13864	"Cómo Curar el AUTISMO [MEGA HILO] LEE O ERES GAY [¿BOTB?]"	looksmaxing	"2023-09-16 10:57:12"	"2023-10-19 00:25:18"	501	3406	38	18	1	1	66	looksmax.org		0	
/d/13866-guia-de-skinmaxxing-sin-mamadas-efectiva-simple-y-respaldada-por-la-ciencia	13866	"GUÍA DE SKINMAXXING SIN MAMADAS EFECTIVA SIMPLE Y RESPALDADA POR LA CIENCIA"	softmaxing	"2023-09-16 13:56:34"	"2023-09-27 14:05:38"	1111	5972	41	18	1	1	123	looksmax.org		0	
/d/13868-guia-definitiva-de-werewolfmaxxing	13868	"GUÍA DEFINITIVA DE WEREWOLFMAXXING"	looksmaxing	"2023-09-16 16:57:01"	"2023-09-19 16:50:00"	1560	4863	49	14	1	1	81	looksmax.org		0	dosing/PED
/d/13871-la-guia-de-3-pasos-de-mixedmogger-muy-simple-muy-facil-muy-efectiva-para-slayear-en-la-prepa	13871	"La guía de 3 pasos de mixedmogger, muy simple, muy fácil, muy efectiva para slayear en la prepa"	looksmaxing	"2023-09-16 19:43:24"	"2025-10-10 03:44:09"	815	7340	49	16	1	1	46	looksmax.org		0	
/d/13888-nuevo-peptido-cosmetico-para-colagenopiel-perfecta	13888	"[NUEVO] ¡PÉPTIDO COSMÉTICO! (PARA COLÁGENO/PIEL PERFECTA) 💊💉"	peptides	"2023-09-17 19:24:21"	"2023-09-29 17:30:34"	768	6803	49	17	1	1	34	looksmax.org		0	dosing/PED
/d/13910-mejor-stack-para-heightmaxxing-cubriendo-todo	13910	"Mejor stack para heightmaxxing cubriendo todo."	peptides	"2023-09-18 23:40:20"	"2023-10-03 23:10:22"	105	1248	49	19	1	1	2	looksmax.org		0	dosing/PED
/d/13920-soluciones-de-softmaxxing-para-cara-de-caballocara-angosta	13920	"Soluciones de softmaxxing para cara de caballo/cara angosta"	softmaxing	"2023-09-19 13:13:57"	"2024-10-05 17:29:29"	493	1979	28	10	1	1	148	looksmax.org		0	
/d/13922-la-proyeccion-maxilar-superior-es-la-clave-de-la-estetica	13922	"La proyección maxilar SUPERIOR es la clave de la estética"	hardmaxing	"2023-09-19 16:50:40"	"2026-03-24 01:54:18"	978	2081	16	15	1	1	101	looksmax.org		0	
/d/13926-guia-de-scleramaxxing-de-dannydipss	13926	"Guía de SCLERAMAXXING de dannydipss"	softmaxing	"2023-09-20 00:57:54"	"2023-11-19 14:37:10"	444	3154	49	15	1	1	53	looksmax.org		0	
/d/13979-regimen-de-softmaxx-que-me-ascendio-de-mejor-amigo-a-novio	13979	"Régimen de softmaxx que me ascendió de mejor amigo a novio."	softmaxing	"2023-09-23 20:43:30"	"2023-11-13 21:22:12"	384	3585	49	18	1	1	141	looksmax.org		0	
/d/13981-como-conseguir-fotos-desnudas-de-chicas	13981	"Cómo conseguir fotos desnudas de chicas"	looksmaxing	"2023-09-23 21:15:37"	"2023-09-23 22:10:57"	238	1681	49	10	1	1	36	looksmax.org		0	
/d/13992-el-tipo-de-cuerpo-masculino-ideal-segun-las-mujeresbonytobeastly	13992	"EL TIPO DE CUERPO MASCULINO IDEAL SEGÚN LAS MUJERES(bonytobeastly)"	looksmaxing	"2023-09-24 12:08:12"	"2023-09-28 20:08:49"	73	1296	49	31	1	1	194	looksmax.org		0	
/d/14018-como-aprovechar-mse-y-face-mask	14018	"Cómo aprovechar MSE y Face Mask"	hardmaxing	"2023-09-25 17:59:19"	"2025-07-13 02:52:14"	201	2068	41	18	1	1	29	looksmax.org		0	sourcing
/d/14028-referencia-rapida-de-sarms-para-gymcels-novatos-retrasados	14028	"Referencia rápida de SARMs para gymcels novatos retrasados"	anabolicos	"2023-09-27 15:13:03"	"2023-11-04 11:27:21"	1450	3249	29	12	0	0	0	looksmax.org		0	dosing/PED|sourcing
/d/14029-crecimiento-milagroso-de-cabello-en-solo-un-periodo-de-38-dias-de-nofap-explicado-resultados-fotos	14029	"Crecimiento milagroso de cabello en solo un periodo de 38 días de NoFap [Explicado] + Resultados (Fotos)"	looksmaxing	"2023-09-27 15:43:04"	"2023-10-08 18:03:16"	551	3456	49	13	1	1	45	looksmax.org		0	dosing/PED
/d/14033-como-vivir-lo-mas-posible-thread	14033	"CÓMO VIVIR LO MÁS POSIBLE (THREAD) 👴⏳"	looksmaxing	"2023-09-27 19:01:47"	"2023-10-22 15:37:58"	494	4257	44	17	1	1	82	looksmax.org		0	
/d/14047-nombres-para-cambiar-tu-nombre-legal-que-te-hacen-instantaneamente-mas-atractivo	14047	"Nombres para cambiar tu nombre legal que te hacen instantáneamente más atractivo:"	looksmaxing	"2023-09-29 05:56:03"	"2023-10-28 23:24:02"	101	839	27	11	1	1	24	looksmax.org		0	
/d/14050-plan-de-ascension	14050	"Plan de Ascensión"	softmaxing	"2023-09-29 13:50:15"	"2025-08-22 11:46:19"	1001	6850	28	14	0	0	0	looksmax.org		0	DIY-procedure
/d/14052-el-perfume-masculino-mas-sexy-2023	14052	"EL PERFUME MASCULINO MÁS SEXY (2023)"	softmaxing	"2023-09-29 16:35:35"	"2023-11-18 07:49:28"	396	2925	49	16	1	1	129	looksmax.org		0	DIY-procedure
/d/14054-encontre-una-forma-de-desinflar	14054	"Encontré una forma de desinflar"	softmaxing	"2023-09-29 19:30:09"	"2023-10-30 22:38:00"	275	1533	27	9	1	1	34	looksmax.org		0	
/d/14057-la-guia-definitiva-de-vampiremaxxing	14057	"LA GUÍA DEFINITIVA DE VAMPIREMAXXING"	looksmaxing	"2023-09-29 23:51:32"	"2023-10-05 07:53:07"	1633	12151	49	23	1	1	386	looksmax.org		0	
/d/14068-como-ascender-con-la-ayuda-de-aparatos-de-ortodoncia	14068	"CÓMO ASCENDER CON LA AYUDA DE APARATOS DE ORTODONCIA"	hardmaxing	"2023-09-30 23:56:55"	"2023-10-16 22:29:12"	953	8520	49	14	1	1	40	looksmax.org		0	DIY-procedure
/d/14085-escala-de-psl-para-la-preparatoria	14085	"Escala de PSL para la preparatoria"	looksmaxing	"2023-10-02 12:46:53"	"2023-10-29 17:13:52"	136	1242	41	17	1	1	4	looksmax.org		0	
/d/14093-guia-de-fragrance-maxing-las-mejores-fragancias-y-punto-elecciones-obvias	14093	"Guía de Fragrance Maxing - Las Mejores Fragancias Y Punto - Elecciones Obvias"	softmaxing	"2023-10-02 20:08:12"	"2023-11-29 17:26:36"	220	5112	49	15	1	1	136	looksmax.org		0	
/d/14105-guia-completa-de-suplementos-diseno-simple	14105	"Guía Completa de Suplementos (Diseño Simple)"	looksmaxing	"2023-10-03 23:11:19"	"2023-10-07 01:22:12"	1612	11898	49	19	1	1	23	looksmax.org		0	dosing/PED|DIY-procedure
/d/14107-mixedmogger-filtra-el-curso-de-mewingworld	14107	"¡mixedmogger filtra el curso de Mewing.World!!!"	softmaxing	"2023-10-04 00:56:03"	"2024-04-20 08:02:27"	98	1196	24	9	1	1	39	looksmax.org		0	
/d/14112-considera-los-suplementos-de-colageno-el-mejor-y-mas-barato-es-la-grenetina	14112	"Considera los suplementos de COLÁGENO: el mejor (y más barato) es la GRENETINA !!!!!!"	softmaxing	"2023-10-04 16:02:41"	"2023-10-04 19:27:16"	1125	3779	49	12	1	1	65	looksmax.org		0	
/d/14117-desbloqueando-el-poder-de-los-huevos-tu-guia-definitiva-para-la-salud-y-el-bienestar	14117	"Desbloqueando el Poder de los Huevos: Tu Guía Definitiva para la Salud y el Bienestar"	looksmaxing	"2023-10-04 18:46:11"	"2023-10-24 20:18:54"	453	1365	33	16	1	1	4	looksmax.org		0	sourcing
/d/14118-como-conquistar-a-las-morras-en-los-clubs-del-uk	14118	"Cómo conquistar a las morras en los clubs del UK"	looksmaxing	"2023-10-04 21:54:47"	"2023-10-16 16:32:28"	212	2003	27	17	1	1	25	looksmax.org		0	
/d/14120-como-arreglar-tus-dientes-y-por-lo-tanto-tu-mandibula	14120	"Cómo arreglar tus dientes y, por lo tanto, tu mandíbula"	hardmaxing	"2023-10-05 00:45:14"	"2023-10-06 17:59:54"	1051	4226	49	19	1	1	90	looksmax.org		0	DIY-procedure
/d/14138-hormonas-importantes-para-construir-musculo-y-tips-sobre-como-mejorarlas	14138	"Hormonas Importantes Para Construir Músculo Y Tips Sobre Cómo Mejorarlas"	looksmaxing	"2023-10-06 16:32:57"	"2023-11-25 09:07:52"	1095	5930	39	20	1	1	70	looksmax.org		0	dosing/PED
/d/14141-guia-loca-de-instagram-maxing-la-mejor-jamas-escrita-entrevista-con-mark-zuckerberg	14141	"Guía loca de instagram maxing - La mejor jamás escrita - Entrevista con Mark Zuckerberg"	looksmaxing	"2023-10-06 20:16:22"	"2023-10-06 21:55:53"	200	633	7	5	1	1	9	looksmax.org		0	
/d/14167-como-volverte-low-inhib-de-forma-natural	14167	"Cómo volverte low inhib de forma natural"	looksmaxing	"2023-10-08 21:24:49"	"2024-11-13 22:38:35"	526	3500	44	30	1	1	146	looksmax.org		0	
/d/14170-megaguia-para-reducir-uee	14170	"MEGAGUÍA PARA REDUCIR UEE"	softmaxing	"2023-10-09 02:33:47"	"2026-03-14 19:38:39"	886	4595	44	24	1	1	106	looksmax.org		0	
/d/14176-una-guia-completa-sobre-la-hidroquinona-blanqueamiento-de-la-piel	14176	"UNA GUÍA COMPLETA SOBRE LA HIDROQUINONA (BLANQUEAMIENTO DE LA PIEL)"	softmaxing	"2023-10-09 19:25:30"	"2023-10-10 13:08:00"	729	1895	49	18	1	1	45	looksmax.org		0	dosing/PED
/d/14195-como-lograr-el-arquetipo-del-antiheroe	14195	"Cómo lograr el arquetipo del antihéroe"	looksmaxing	"2023-10-11 16:16:01"	"2023-12-21 13:13:10"	460	3108	42	22	1	1	151	looksmax.org		0	
/d/14205-la-formula-para-la-ascension	14205	"La Fórmula para la Ascensión"	looksmaxing	"2023-10-12 15:12:18"	"2023-12-13 18:04:20"	173	2253	31	15	1	1	2	looksmax.org		0	
/d/14215-haz-que-tus-niveles-de-hgh-e-igf-1-se-disparen-naturalmente-con-poco-esfuerzo	14215	"Haz que tus niveles de hGH e IGF-1 se DISPAREN naturalmente con poco esfuerzo"	peptides	"2023-10-13 16:29:55"	"2023-11-14 06:40:13"	841	6327	31	22	1	1	2	looksmax.org		0	dosing/PED
/d/14242-como-cagar-una-guia-detallada	14242	"CÓMO CAGAR, una guía detallada."	looksmaxing	"2023-10-15 12:54:32"	"2023-10-17 16:26:33"	1016	3507	49	28	1	1	276	looksmax.org		0	
/d/14247-guia-completa-de-rad-140-gymcels-entren-aqui	14247	"GUÍA COMPLETA DE RAD-140 (GYMCELS ENTREN AQUÍ)"	anabolicos	"2023-10-15 20:48:17"	"2023-10-17 22:07:28"	1243	5213	49	18	1	1	68	looksmax.org		0	dosing/PED
/d/14258-guia-de-personalitymaxxing-botb-celebracion-del-post-numero-100	14258	"GUÍA DE PERSONALITYMAXXING BOTB ¡Celebración del post número 100! 😃💅"	looksmaxing	"2023-10-16 12:59:47"	"2023-10-20 21:15:34"	2836	22949	24	18	1	1	13	looksmax.org		0	
/d/14261-lista-de-rangos-de-alimentos	14261	"Lista de rangos de alimentos"	looksmaxing	"2023-10-16 15:55:11"	"2023-11-05 15:10:07"	50	976	43	15	1	1	19	looksmax.org		0	
/d/14284-como-mejorar-tu-pensamiento-cognitivo	14284	"Cómo Mejorar Tu Pensamiento Cognitivo"	looksmaxing	"2023-10-18 21:39:12"	"2023-11-06 23:48:01"	1723	11536	49	22	1	1	233	looksmax.org		0	sourcing
/d/14308-7-aromas-que-te-hacen-mas-atractivo-segun-la-ciencia	14308	"7 aromas que te hacen más atractivo, según la ciencia 🧪 💨💕"	softmaxing	"2023-10-21 10:41:00"	"2023-11-01 07:50:08"	501	1858	49	15	1	1	94	looksmax.org		0	sourcing
/d/14320-15-mejores-alimentos-para-potenciar-los-niveles-de-dht-gtfih	14320	"15 MEJORES ALIMENTOS PARA POTENCIAR LOS NIVELES DE DHT (GTFIH)"	anabolicos	"2023-10-22 16:12:39"	"2023-11-22 20:17:19"	1381	5390	22	15	1	1	204	looksmax.org		0	dosing/PED|sourcing
/d/14322-como-manipular-y-coger-con-cualquier-chava-usando-su-ciclo-menstrual-y-la-ciencia-bien-facil	14322	"Cómo manipular y coger con cualquier chava usando su ciclo menstrual y la ciencia (bien fácil)"	looksmaxing	"2023-10-22 17:49:20"	"2025-05-16 20:55:18"	673	9402	40	26	1	1	134	looksmax.org		0	dosing/PED
/d/14329-dark-triad-explicado	14329	"Dark Triad Explicado"	looksmaxing	"2023-10-23 10:05:02"	"2024-07-05 10:01:37"	848	2624	25	14	1	1	161	looksmax.org		0	dosing/PED
/d/14330-guia-definitiva-de-kpopmaxxing-de-un-gookologo-util-hasta-para-no-gooks-entren-aqui	14330	"GUÍA DEFINITIVA DE KPOPMAXXING (DE UN GOOKÓLOGO) (ÚTIL HASTA PARA NO-GOOKS) (ENTREN AQUÍ)"	looksmaxing	"2023-10-23 13:02:12"	"2023-10-24 04:46:23"	709	5293	49	18	1	1	260	looksmax.org		0	
/d/14334-mejores-ejercicios-para-desarrollar-brazos-de-superheroe-nuevo-metodo	14334	"MEJORES EJERCICIOS PARA DESARROLLAR BRAZOS DE SUPERHÉROE 💪 (NUEVO MÉTODO)"	looksmaxing	"2023-10-23 15:22:24"	"2023-10-30 18:25:46"	648	1800	27	11	1	1	102	looksmax.org		0	
/d/14336-los-graycelis-necesitan-darse-cuenta-de-que-significa-realmente-la-triada-oscura	14336	"Los graycelis necesitan darse cuenta de qué significa realmente la \"tríada oscura\"."	looksmaxing	"2023-10-23 17:52:56"	"2024-01-07 10:31:18"	233	3182	38	33	1	1	94	looksmax.org		0	
/d/14340-accutane-para-principiantes	14340	"Accutane Para Principiantes"	looksmaxing	"2023-10-23 20:22:13"	"2024-01-21 00:50:55"	604	4969	47	28	1	1	122	looksmax.org		0	dosing/PED|sourcing
/d/14344-ustedes-cabrones-no-saben-como-funciona-un-trasplante-de-cabello	14344	"Ustedes cabrones NO saben cómo funciona un trasplante de cabello"	hardmaxing	"2023-10-24 01:56:02"	"2023-12-19 03:11:17"	789	3099	44	22	1	1	61	looksmax.org		0	
/d/14354-como-aprender-y-usar-la-mirada-femenina	14354	"Cómo aprender y usar la mirada femenina"	looksmaxing	"2023-10-25 07:19:45"	"2023-10-31 17:20:19"	391	5707	49	17	1	1	128	looksmax.org		0	
/d/14356-como-calificar-tu-atraccion-facial	14356	"Cómo calificar tu atracción facial"	looksmaxing	"2023-10-25 12:53:51"	"2023-10-26 04:14:14"	191	2934	49	15	1	1	10	looksmax.org		0	
/d/14357-manten-bajo-tu-nivel-de-cortisol	14357	"Mantén bajo tu nivel de cortisol"	looksmaxing	"2023-10-25 14:29:21"	"2023-11-11 14:44:55"	1140	1922	17	12	1	1	28	looksmax.org		0	
/d/14359-una-guia-para-manejar-la-ginecomastia-con-farmacos	14359	"Una guía para manejar la ginecomastia con fármacos"	anabolicos	"2023-10-25 17:45:12"	"2023-11-15 19:19:44"	909	1252	25	13	1	1	17	looksmax.org		0	dosing/PED
/d/14362-como-esto-todos-los-dias	14362	"Como esto todos los días"	looksmaxing	"2023-10-25 22:00:37"	"2023-10-26 03:26:19"	114	1231	49	16	1	1	29	looksmax.org		0	dosing/PED
/d/14387-guia-para-dejar-de-desarrollar-oneitis-y-ser-autentico-y-tener-abundancia	14387	"Guía para dejar de desarrollar oneitis y ser auténtico y tener abundancia"	looksmaxing	"2023-10-27 12:44:45"	"2024-09-12 07:54:50"	2409	15714	41	27	1	1	18	looksmax.org		0	
/d/14388-los-softmaxxes-mas-efectivos-a-disposicion-de-un-incel	14388	"Los softmaxxes más efectivos a disposición de un incel."	softmaxing	"2023-10-27 16:52:49"	"2023-11-03 20:14:41"	476	2509	29	7	1	1	12	looksmax.org		0	dosing/PED|DIY-procedure
/d/14394-la-guia-definitiva-de-manipulacionpsicologia-oscura-parte-1	14394	"La guía DEFINITIVA de manipulación/psicología oscura. parte 1"	looksmaxing	"2023-10-28 00:39:26"	"2024-02-01 21:29:13"	569	2187	24	21	0	0	0	looksmax.org		0	
/d/14395-la-guia-definitiva-para-hacerte-una-chaqueta	14395	"La guía definitiva para hacerte una chaqueta"	looksmaxing	"2023-10-28 05:42:44"	"2023-12-10 15:45:24"	627	2180	35	21	1	1	12	looksmax.org		0	
/d/14402-los-mejores-aromas-para-atraer-mujeres	14402	"Los mejores aromas para atraer mujeres 💨🔥💐💕"	softmaxing	"2023-10-28 21:11:28"	"2023-12-23 01:06:09"	708	2867	35	19	1	1	114	looksmax.org		0	
/d/14410-	14410		looksmaxing	"2023-10-29 07:21:08"	"2024-09-28 16:55:01"	629	3375	34	23	1	1	29	looksmax.org		0	
/d/14413-la-guia-definitiva-natural-para-un-buen-tamano-de-v	14413	"La Guía Definitiva Natural para un Buen Tamaño de V"	looksmaxing	"2023-10-29 16:55:25"	"2023-12-25 05:01:06"	545	6811	47	27	1	1	2	looksmax.org		0	dosing/PED|sourcing
/d/14428-como-profundizar-tu-voz-mediante-el-canto	14428	"Cómo profundizar tu voz mediante el CANTO"	looksmaxing	"2023-10-30 23:38:34"	"2023-11-30 17:12:47"	749	2641	32	12	1	1	192	looksmax.org		0	
/d/14456-lo-unico-en-lo-que-los-chavos-deben-enfocarse-durante-sus-anos-de-desarrollo-youngcels-gtfih	14456	"Lo único en lo que los chavos deben enfocarse durante sus años de desarrollo [youngcels GTFIH]"	looksmaxing	"2023-11-02 08:45:36"	"2023-12-12 16:13:31"	1066	5499	28	17	0	1	2	looksmax.org		0	dosing/PED|sourcing
/d/14466-la-guia-realmente-simplificada-para-eliminar-las-ojeras	14466	"La Guía REALMENTE Simplificada para Eliminar las Ojeras"	softmaxing	"2023-11-03 09:09:15"	"2023-11-06 21:30:09"	288	952	11	9	0	0	0	looksmax.org		0	dosing/PED
/d/14468-booty-maxing-101-guia-completa-para-construir-un-culo-de-slayer	14468	"Booty-maxing 101 (Guía COMPLETA para construir un CULO de slayer)"	looksmaxing	"2023-11-03 13:15:10"	"2024-02-25 06:44:11"	595	2747	27	15	1	1	55	looksmax.org		0	dosing/PED
/d/14472-metete-aqui-ya-si-tienes-nariz-de-judio	14472	"Métete aquí ya si tienes nariz de judío"	looksmaxing	"2023-11-03 19:01:59"	"2025-03-21 01:15:21"	1478	5749	29	17	1	1	11	looksmax.org		0	
/d/14478-guia-de-semenmaxxing-y-spermaxxing-una-guia-para-mejorar-la-fertilidad-masculina-y-eyacular-mas	14478	"Guía de Semenmaxxing y Spermaxxing: Una guía para mejorar la fertilidad masculina y eyacular más"	looksmaxing	"2023-11-04 03:20:50"	"2025-01-28 19:42:24"	1477	2250	33	21	1	1	34	looksmax.org		0	dosing/PED
/d/14499-guia-completa-de-looksmaxxing	14499	"Guía COMPLETA de Looksmaxxing"	softmaxing	"2023-11-06 00:52:21"	"2023-12-13 22:55:58"	379	4505	49	16	1	1	18	looksmax.org	C784	0	dosing/PED|DIY-procedure
/d/14516-como-ser-un-macho-alfa-guia-oficial-betas-vayanse	14516	"Cómo ser un macho alfa - guía oficial. betas váyanse"	looksmaxing	"2023-11-07 10:39:51"	"2023-11-23 17:10:58"	217	1725	33	24	1	1	48	looksmax.org		0	
/d/14541-looksmaxxing-presupuestado-guia-definitiva-para-pobretones-entren-pelados	14541	"Looksmaxxing Presupuestado: Guía Definitiva para Pobretones (ENTREN PELADOS)"	looksmaxing	"2023-11-10 20:23:04"	"2024-01-09 14:39:26"	757	9158	46	31	1	1	662	looksmax.org		0	
/d/14542-como-replicar-la-luz-solar-de-espectro-completo-en-interiores-la-prueba-definitiva-de-focos-con-datos	14542	"Cómo replicar la luz solar de espectro completo en interiores: ¡La prueba definitiva de focos! (con datos) ☀️⛅️"	softmaxing	"2023-11-10 21:15:26"	"2023-11-25 01:10:40"	1218	2696	22	15	1	1	79	looksmax.org		0	sourcing
/d/14548-mi-plan-para-ligar-con-chicas-altemoartsy-en-mi-ciudad	14548	"Mi plan para ligar con chicas alt/emo/artsy en mi ciudad"	looksmaxing	"2023-11-11 03:38:50"	"2025-05-20 23:28:21"	188	1022	26	15	1	1	52	looksmax.org		0	
/d/14550-como-cualquiera-puede-conseguir-mejillas-hundidas-por-menos-de-100-no-en-serio	14550	"Cómo CUALQUIERA puede conseguir Mejillas Hundidas por menos de 100$ (No, en serio)"	softmaxing	"2023-11-11 08:44:04"	"2024-04-06 11:49:11"	1802	10441	49	31	1	1	114	looksmax.org		0	dosing/PED|sourcing
/d/14580-el-eyelid-pulling-funciona-para-reducir-la-exposicion-del-parpado-superior	14580	"El eyelid pulling funciona para reducir la exposición del párpado superior"	softmaxing	"2023-11-14 00:41:39"	"2023-12-08 14:15:38"	550	1394	24	13	1	1	30	looksmax.org		0	
/d/14598-todos-los-que-les-cuesta-conciliar-el-sueno-metanse-mini-guia	14598	"Todos los que les cuesta conciliar el sueño MÉTANSE (mini guía)"	softmaxing	"2023-11-16 21:21:59"	"2024-07-02 15:44:27"	183	1120	34	17	1	1	5	looksmax.org		0	
/d/14604-la-guia-definitiva-para-un-digital-detox	14604	"La Guía Definitiva para un DIGITAL DETOX"	looksmaxing	"2023-11-17 19:12:08"	"2023-11-24 02:13:22"	3876	20728	49	19	1	1	10	looksmax.org		0	
/d/14609-optimizando-la-produccion-natural-de-testosterona	14609	"Optimizando la Producción Natural de Testosterona"	anabolicos	"2023-11-18 10:59:10"	"2023-11-18 11:37:42"	304	420	3	4	0	0	0	looksmax.org		0	dosing/PED
/d/14616-guia-mas-basada-para-estar-jacked-dejar-de-escuchar-homosexuales	14616	"GUÍA MÁS BASADA PARA ESTAR JACKED (DEJAR DE ESCUCHAR HOMOSEXUALES)"	softmaxing	"2023-11-18 21:47:39"	"2023-12-26 01:30:43"	326	3160	34	19	1	1	4	looksmax.org		0	dosing/PED
/d/14617-como-conseguir-bitches-edicion-bbc	14617	"Cómo conseguir bitches (edición BBC)"	looksmaxing	"2023-11-18 23:03:57"	"2023-11-19 08:10:56"	342	2599	49	21	1	1	39	looksmax.org		0	
/d/14621-el-jugo-de-naranja-deshincha-tu-cara	14621	"El jugo de naranja deshincha tu cara"	softmaxing	"2023-11-19 08:48:13"	"2023-12-11 22:33:23"	75	817	31	15	1	1	2	looksmax.org		0	dosing/PED
/d/14636-explicacion-completa-sobre-la-ley-de-wolff	14636	"Explicación Completa Sobre la ley de Wolff"	hardmaxing	"2023-11-20 13:17:55"	"2023-12-06 09:51:48"	954	2447	31	23	1	1	22	looksmax.org		0	
/d/14639-evita-los-efectos-secundarios-del-minoxidil-colageno	14639	"Evita los efectos secundarios del minoxidil - Colágeno ✨"	softmaxing	"2023-11-20 15:37:38"	"2023-12-21 20:08:57"	1497	6004	27	9	1	1	18	looksmax.org		0	
/d/14668-como-medir-tu-ratio-con-el-escalado-de-pixeles	14668	"Cómo medir tu ratio con el Escalado de Píxeles"	looksmaxing	"2023-11-22 13:59:11"	"2025-04-11 19:40:37"	624	1441	18	13	1	1	98	looksmax.org		0	
/d/14670-consejos-para-selfies-del-goat	14670	"Consejos para selfies del GOAT"	looksmaxing	"2023-11-22 14:52:39"	"2023-11-22 16:17:18"	290	1467	48	16	1	1	48	looksmax.org		0	
/d/14702-guia-a-prueba-de-todo-para-ser-un-slayer-en-30-dias-lifefuel-nt	14702	"GUÍA A PRUEBA DE TODO PARA SER UN SLAYER EN 30 DÍAS. LIFEFUEL NT."	looksmaxing	"2023-11-24 06:27:46"	"2024-01-09 05:22:10"	422	3852	48	25	0	0	0	looksmax.org		0	
/d/14706-una-guia-de-softmaxxing-para-ipdcels-bajos-olvidate-de-tu-sueno-guajiro-de-las-obo	14706	"Una guía de Softmaxxing para IPDcels bajos: Olvídate de tu sueño guajiro de las OBO."	softmaxing	"2023-11-24 14:56:36"	"2023-12-08 18:24:31"	505	1397	36	13	1	1	58	looksmax.org		0	
/d/14737-lo-que-necesitas-para-triunfar-en-2023	14737	"Lo que necesitas para triunfar en 2023"	looksmaxing	"2023-11-26 19:57:37"	"2023-11-26 20:17:34"	87	1381	49	14	0	0	0	looksmax.org		0	
/d/14746-mi-primer-analisis-facial	14746	"Mi primer análisis facial"	looksmaxing	"2023-11-27 17:02:43"	"2025-07-15 00:32:34"	414	2684	35	18	1	1	187	looksmax.org		0	
/d/14772-guia-completa-sobre-la-tretinoina-como-usarla-de-la-mejor-forma	14772	"Guía Completa sobre la Tretinoína + Cómo Usarla de la Mejor Forma"	softmaxing	"2023-11-29 04:21:36"	"2024-01-17 14:46:34"	1959	9481	49	26	0	0	0	looksmax.org		0	
/d/14812-lista-de-dificultad-de-feature-maxxing	14812	"Lista de Dificultad de Feature Maxxing"	looksmaxing	"2023-12-02 05:43:42"	"2023-12-04 17:57:09"	53	1362	26	13	1	1	13	looksmax.org		0	
/d/14824-fraudear-estatura-101-manlets-entren-ya	14824	"Fraudear estatura 101 [MANLETS ENTREN YA]"	softmaxing	"2023-12-02 22:19:27"	"2023-12-03 09:58:28"	508	1705	24	12	1	1	35	looksmax.org		0	
/d/14828-guia-de-calificacion-para-subhumano-ltnb-mtnb-htnb-chadstacylite-chadstacy-gigachadgigastacy	14828	"Guía de Calificación Para Subhumano, LTN/B, MTN/B, HTN/B, Chad/Stacylite, Chad/Stacy, Gigachad/Gigastacy"	looksmaxing	"2023-12-03 00:44:00"	"2023-12-19 16:56:18"	324	823	18	10	1	1	4	looksmax.org		0	dosing/PED
/d/14829-este-hilo-va-a-cambiar-tu-viaje-de-looksmaxxing-se-que-estara-en-la-junta-botb	14829	"Este hilo va a cambiar tu viaje de looksmaxxing (sé que estará en la junta botb)"	looksmaxing	"2023-12-03 01:46:13"	"2023-12-28 21:24:01"	362	1621	27	19	1	1	31	looksmax.org		0	
/d/14836-guia-como-reducir-las-ojeras-bajo-los-ojos-version-de-bajo-costo	14836	"guía: cómo reducir las ojeras bajo los ojos (versión de bajo costo)"	softmaxing	"2023-12-03 16:47:40"	"2025-06-28 14:52:36"	199	979	21	11	1	1	6	looksmax.org		0	
/d/14851-la-mejor-escala-de-rating-por-aspiringchanglite	14851	"LA MEJOR ESCALA DE RATING POR ASPIRINGCHANGLITE"	looksmaxing	"2023-12-04 21:13:44"	"2023-12-30 00:00:35"	249	717	21	16	1	1	18	looksmax.org		0	
/d/14861-reduciendo-arrugas-con-la-edad	14861	"Reduciendo arrugas con la edad"	peptides	"2023-12-05 16:16:40"	"2024-01-26 22:06:03"	123	1235	24	15	1	1	10	looksmax.org		0	dosing/PED|DIY-procedure
/d/14862-todo-en-uno-guia-de-hookupnoviasocialcirclemaxxing-para-mtn	14862	"[TODO-EN-UNO] GUÍA de HookUp/Novia/Socialcirclemaxxing para => MTN"	looksmaxing	"2023-12-05 20:26:41"	"2023-12-16 05:19:07"	1028	9104	49	28	1	1	41	looksmax.org		0	
/d/14867-guia-basica-de-cuidado-de-la-piel-para-principiantes	14867	"Guía Básica de Cuidado de la Piel para Principiantes"	softmaxing	"2023-12-06 14:23:45"	"2025-03-18 14:04:06"	836	2317	19	13	1	1	20	looksmax.org		0	dosing/PED
/d/14892-nuevo-metodo-de-thumb-pulling	14892	"¿¿¿nuevo método de thumb pulling???"	softmaxing	"2023-12-08 15:13:05"	"2023-12-30 23:57:47"	192	1078	29	12	1	1	8	looksmax.org		0	
/d/14911-como-saber-realmente-como-te-ves-distorsioncels-de-lente-larguense-a-la-verga	14911	"CÓMO SABER REALMENTE CÓMO TE VES ( DISTORSIÓNCELS DE LENTE LÁRGUENSE A LA VERGA)"	looksmaxing	"2023-12-09 12:22:51"	"2024-04-06 15:32:48"	603	4221	26	15	1	1	40	looksmax.org		0	
/d/14926-guia-detallada-de-estiramientos-para-una-mejor-postura	14926	"Guía Detallada de Estiramientos para una Mejor Postura"	softmaxing	"2023-12-10 02:47:15"	"2024-09-24 14:38:16"	110	1254	25	13	1	1	224	looksmax.org		0	
/d/15039-como-conquistar-chicas-segun-un-tipo-con-2500-matches-en-hinge	15039	"Cómo conquistar chicas según un tipo con 2,500 matches en Hinge"	looksmaxing	"2023-12-16 11:57:57"	"2024-02-26 08:25:28"	66	1793	35	16	1	1	14	looksmax.org		0	
/d/15047-dejar-la-pornografia-es-facil-de-verdad	15047	"Dejar la pornografía es fácil (de verdad)"	looksmaxing	"2023-12-16 19:55:46"	"2025-07-26 01:34:12"	361	1635	46	23	1	1	7	looksmax.org		0	
/d/15049-guia-para-ligar-con-viejas	15049	"Guía para ligar con viejas"	looksmaxing	"2023-12-16 21:08:03"	"2024-01-10 23:52:03"	207	1955	37	24	1	1	54	looksmax.org		0	
/d/15056-guia-de-terapia-post-ciclo	15056	"Guía de Terapia Post Ciclo"	anabolicos	"2023-12-17 05:35:35"	"2025-01-01 08:07:00"	11750	64639	31	19	1	1	1236	looksmax.org		0	dosing/PED
/d/15071-impacto-del-igf-1-testosterona-en-estructura-osea-y-desarrollo-consejo-extra	15071	"Impacto del IGF-1, Testosterona en Estructura Ósea y Desarrollo + Consejo Extra"	anabolicos	"2023-12-18 05:21:32"	"2024-01-03 09:52:33"	2602	11993	22	14	0	0	0	looksmax.org		0	dosing/PED
/d/15074-por-que-la-dht-no-causa-caida-de-cabello	15074	"por qué la DHT no causa caída de cabello"	softmaxing	"2023-12-18 12:40:40"	"2024-10-29 15:30:37"	1348	6596	37	21	1	1	180	looksmax.org		0	dosing/PED
/d/15088-vitaminmaxing-como-las-vitaminas-pueden-cambiar-tu-vida	15088	"VITAMINMAXING - Cómo las vitaminas pueden cambiar tu vida."	softmaxing	"2023-12-18 21:02:40"	"2023-12-20 15:51:34"	664	6372	49	25	1	1	6	looksmax.org		0	dosing/PED|sourcing
/d/15147-como-conseguir-dreads-tipo-tiktok-que-de-verdad-se-vean-bien-blackcels-gtfih	15147	"Cómo conseguir Dreads tipo tiktok que de verdad se vean bien (BLACKCELS GTFIH)"	softmaxing	"2023-12-21 16:52:08"	"2024-01-31 12:54:41"	733	1740	22	17	1	1	62	looksmax.org		0	
/d/15169-guia-definitiva-de-cejas-sin-mamadas	15169	"Guía definitiva de cejas (SIN MAMADAS)"	softmaxing	"2023-12-23 02:44:30"	"2023-12-27 21:58:17"	278	1586	21	14	1	1	6	looksmax.org		0	
/d/15177-9-cosas-que-las-mujeres-notan-primero	15177	"9 Cosas Que Las Mujeres Notan Primero"	looksmaxing	"2023-12-23 16:53:43"	"2023-12-24 22:15:51"	276	1867	49	21	1	1	9	looksmax.org		0	
/d/15202-como-realmente-deshacerse-del-acne-de-una-vez-por-todas-sin-accutane-sin-giladas-que-alguien-entre	15202	"Cómo REALMENTE deshacerse del acné de una vez por todas SIN Accutane (SIN GILADAS, QUE ALGUIEN ENTRE)"	softmaxing	"2023-12-24 20:29:14"	"2025-02-17 04:56:25"	182	1555	33	16	0	0	0	looksmax.org		0	sourcing
/d/15218-calificaciones-psl-objetivas-para-los-mas-extremos	15218	"CALIFICACIONES PSL OBJETIVAS PARA LOS MÁS EXTREMOS"	looksmaxing	"2023-12-25 19:17:25"	"2023-12-26 05:11:46"	212	2108	49	11	1	1	55	looksmax.org		0	
/d/15222-como-conseguir-una-mejor-maxila	15222	"cómo conseguir una mejor maxila"	peptides	"2023-12-25 22:23:03"	"2024-04-04 13:36:56"	1180	2978	32	17	1	1	8	looksmax.org		0	dosing/PED
/d/15225-elimina-el-acne-acne-quistico-en-semanas-con-poco-dinero	15225	"Elimina el acné (& acné quístico) en semanas con poco dinero"	softmaxing	"2023-12-26 00:50:26"	"2024-01-20 21:56:49"	233	1407	32	14	1	1	9	looksmax.org		0	
/d/15257-guia-completa-de-cuidado-de-la-piel-aprobada-por-desviados-sexuales-de-sephoramaxxing	15257	"GUÍA COMPLETA DE CUIDADO DE LA PIEL (APROBADA POR DESVIADOS SEXUALES DE SEPHORAMAXXING)"	softmaxing	"2023-12-28 03:33:22"	"2024-03-20 16:18:29"	2111	10889	35	19	1	1	129	looksmax.org		0	
/d/15261-rutina-postural-de-5-minutos-perfecta-arregla-tu-postura-subhumana	15261	"Rutina Postural de 5 Minutos PERFECTA (ARREGLA TU POSTURA SUBHUMANA)"	softmaxing	"2023-12-28 13:15:38"	"2024-02-03 16:11:33"	26	673	23	7	1	1	22	looksmax.org		0	
/d/15284-rasgos-de-la-triada-oscura-que-hacen-que-las-mujeres-se-vengan-guia-completa-de-looksmaxxing-de-la-triada-oscura-fisico-y-no-fisico	15284	"RASGOS DE LA TRÍADA OSCURA QUE HACEN QUE LAS MUJERES SE VENGAN: Guía completa de looksmaxxing de la tríada oscura (físico y no físico)"	looksmaxing	"2023-12-29 17:07:45"	"2024-08-22 03:44:03"	464	3812	31	22	1	1	299	looksmax.org		0	
/d/15301-jerarquia-de-estetica-breve-y-actualizada-ideal-para-principiantes	15301	"Jerarquía de Estética (Breve y Actualizada) -- (IDEAL PARA PRINCIPIANTES)"	looksmaxing	"2023-12-30 19:22:02"	"2024-01-04 18:48:05"	991	3768	40	18	1	1	318	looksmax.org		0	
/d/15313-guia-cientifica-sobre-somatostatina-e-importancia-en-heightmaxxing-alto-esfuerzo	15313	"Guía Científica sobre Somatostatina e Importancia en Heightmaxxing (ALTO ESFUERZO)"	peptides	"2023-12-31 04:44:17"	"2024-06-04 19:13:15"	4376	21284	48	23	1	1	318	looksmax.org		0	dosing/PED
/d/15344-como-heightfraudear-obligatorio-si-mides-menos-de-6	15344	"Cómo Heightfraudear (OBLIGATORIO SI MIDES MENOS DE 6')"	looksmaxing	"2024-01-01 20:27:04"	"2024-02-18 09:48:46"	276	2437	42	27	1	1	109	looksmax.org		0	
/d/15356-el-sodio-bajo-es-peor-para-la-retencion-de-agua-debloaters-metanse-aqui	15356	"El Sodio Bajo es PEOR para la retención de agua (debloaters métanse aquí)"	looksmaxing	"2024-01-02 16:00:54"	"2024-09-12 09:59:58"	279	1887	48	26	1	1	19	looksmax.org		0	
/d/15360-aprovecha-la-ventaja-de-la-pubertad-los-factores-mas-importantes-durante-la-pubertad	15360	"Aprovecha la Ventaja de la Pubertad: Los Factores Más Importantes Durante la Pubertad"	looksmaxing	"2024-01-02 19:19:24"	"2024-01-02 20:56:30"	268	879	22	10	0	0	0	looksmax.org		0	
/d/15375-rutinas-de-entrenamiento-de-jeff-seid-consigue-el-cuerpo-de-tus-suenos-en-2024	15375	"RUTINAS DE ENTRENAMIENTO DE JEFF SEID (¡Consigue el Cuerpo de tus Sueños en 2024!)"	looksmaxing	"2024-01-03 20:38:21"	"2024-01-16 20:11:18"	906	2956	29	19	1	1	71	looksmax.org		0	
/d/15425-fragancias-para-hombres-la-unica-guia-que-necesitaras	15425	"Fragancias Para Hombres: La Única Guía Que Necesitarás"	softmaxing	"2024-01-06 13:55:18"	"2024-12-02 20:45:16"	2515	10145	31	17	1	1	389	looksmax.org		0	
/d/15480-caida-de-cabello-masculina-ciencia-tratamiento-efectos-secundarios-futuro	15480	"Caída de Cabello Masculina: Ciencia, Tratamiento, Efectos Secundarios, Futuro"	softmaxing	"2024-01-09 00:32:52"	"2024-09-17 22:20:34"	1775	2523	13	10	1	1	22	looksmax.org		0	dosing/PED
/d/15495-la-mirada-femenina-esta-malentendida	15495	"La Mirada Femenina está Malentendida"	looksmaxing	"2024-01-09 12:37:52"	"2024-01-09 15:28:27"	245	4129	49	17	1	1	47	looksmax.org		0	
/d/15513-los-looks-masculinos-mas-atractivos-para-mujeres-por-rango-de-edad-guia-completa	15513	"Los Looks Masculinos Más Atractivos para Mujeres por Rango de Edad (Guía Completa)"	looksmaxing	"2024-01-10 13:56:52"	"2024-01-11 12:08:16"	102	1327	24	6	1	1	96	looksmax.org		0	
/d/15516-masticar-para-una-mejor-estetica-facial	15516	"Masticar para una mejor estética facial"	softmaxing	"2024-01-10 15:21:30"	"2024-01-16 06:33:01"	630	2632	49	23	1	1	39	looksmax.org		0	dosing/PED
/d/15519-los-incels-a-menudo-me-preguntan-como-acercarse-a-las-mujeres	15519	"Los incels a menudo me preguntan cómo acercarse a las mujeres"	looksmaxing	"2024-01-11 01:31:39"	"2024-01-11 04:51:48"	123	1772	49	19	1	1	33	looksmax.org		0	
/d/15524-escenarios-de-fraude-con-lentes-de-contacto	15524	"Escenarios de fraude con lentes de contacto"	looksmaxing	"2024-01-11 17:31:37"	"2024-01-20 06:59:18"	195	1673	49	13	1	1	104	looksmax.org		0	
/d/15548-como-conseguir-un-craneo-blanco-siendo-etnico-parte-1-asiatico	15548	"Cómo Conseguir un Cráneo BLANCO siendo Étnico Parte 1: Asiático"	looksmaxing	"2024-01-13 12:48:56"	"2025-03-15 14:56:08"	254	2332	35	15	1	1	87	looksmax.org		0	dosing/PED|DIY-procedure
/d/15561-como-crecer-13cm-en-6-meses-sin-cirugia-con-placas-de-crecimiento-cerradas	15561	"Cómo crecer 13cm en 6 meses sin cirugía con placas de crecimiento cerradas"	hardmaxing	"2024-01-14 11:38:50"	"2024-05-06 05:04:02"	173	2329	46	23	1	1	13	looksmax.org		0	dosing/PED|DIY-procedure
/d/15601-guia-para-arreglar-la-asimetria-de-cejas-guia-completa-de-looksmaxx	15601	"GUÍA PARA ARREGLAR LA ASIMETRÍA DE CEJAS (Guía completa de looksmaxx)"	softmaxing	"2024-01-16 18:58:20"	"2025-10-12 11:35:05"	1365	1651	20	7	1	1	14	looksmax.org		0	
/d/15625-tu-altura-es-buena-entra-aqui-para-descubrirlo	15625	"¿TU ALTURA ES BUENA? ENTRA AQUÍ PARA DESCUBRIRLO"	looksmaxing	"2024-01-18 02:15:00"	"2024-01-18 13:15:04"	372	3921	49	16	1	1	12	looksmax.org		0	
/d/15638-como-estoy-venciendo-el-acne-y-como-podrias-hacerlo-tu-tambien	15638	"Cómo estoy venciendo el acné y cómo podrías hacerlo tú también"	softmaxing	"2024-01-18 20:21:47"	"2024-03-30 16:36:27"	307	1759	27	10	0	0	0	looksmax.org		0	dosing/PED|disordered-eating
/d/15649-alto-esfuerzo-ranking-de-estilos-de-fitness-fatcels-y-framecells-gtfih-softmaxxing	15649	"[Alto Esfuerzo] Ranking de Estilos de Fitness (FATCELS Y FRAMECELLS GTFIH) {SOFTMAXXING}"	softmaxing	"2024-01-19 04:41:41"	"2024-02-12 12:59:21"	2299	2699	16	13	1	1	21	looksmax.org		0	
/d/15670-como-fraudo-72-cm-viendome-nt-sin-riesgo-de-que-me-atrapen	15670	"Cómo fraudo 7.2 cm viéndome NT sin riesgo de que me atrapen"	softmaxing	"2024-01-20 11:35:43"	"2024-01-20 18:45:42"	11	1633	49	15	1	1	16	looksmax.org		0	
/d/15689-califica-mi-esteticacomo-ponerse-bien-jodidamente-grande-para-mojar-a-las-mujeres	15689	"Califica mi Estética/¡cómo ponerse bien jodidamente grande para mojar a las mujeres!"	looksmaxing	"2024-01-21 05:46:14"	"2024-01-21 08:57:44"	228	1324	26	8	1	1	10	looksmax.org		0	
/d/15693-es-seguro-tomar-minoxidil-topico-aqui-esta-el-porque	15693	"Es seguro tomar Minoxidil tópico, aquí está el porqué"	looksmaxing	"2024-01-21 09:14:29"	"2024-11-23 19:41:24"	490	3687	49	24	1	1	144	looksmax.org		0	dosing/PED
/d/15727-antienvejecimiento-una-guia-para-combatir-la-indefectable-pildora-de-la-edad	15727	"Antienvejecimiento: Una Guía para Combatir la Indefectable Píldora de la Edad"	looksmaxing	"2024-01-22 18:20:27"	"2024-01-23 06:30:27"	1477	5572	49	24	1	1	82	looksmax.org		0	
/d/15764-puedes-saber-si-una-foid-va-a-estar-atraida-a-ti-o-no-solo-por-como-se-ve	15764	"Puedes saber si una foid va a estar atraída a ti o no solo por cómo se ve"	looksmaxing	"2024-01-24 20:55:39"	"2024-02-04 17:46:26"	239	2017	41	12	1	1	16	looksmax.org		0	dosing/PED
/d/15765-tomate-la-pildora-del-colesterol-testmaxxers-metanse-aqui-ya-carajo	15765	"TÓMATE LA PÍLDORA DEL COLESTEROL (Testmaxxers MÉTANSE AQUÍ YA CARAJO)"	anabolicos	"2024-01-24 21:17:37"	"2025-02-19 15:45:47"	622	4743	41	20	1	1	205	looksmax.org		0	
/d/15787-dopamina-la-hormona-de-los-superhombres	15787	"Dopamina: la hormona de los superhombres"	looksmaxing	"2024-01-25 17:53:06"	"2024-02-14 19:00:33"	1587	3842	27	19	1	1	56	looksmax.org		0	dosing/PED
/d/15799-metodo-probado-para-elevar-el-hueso-hioides-parte-2	15799	"MÉTODO PROBADO PARA ELEVAR EL HUESO HIOIDES [PARTE 2]"	softmaxing	"2024-01-26 01:41:24"	"2024-04-17 02:21:30"	246	1986	41	18	1	1	20	looksmax.org		0	
/d/15815-patrones-de-masticacion-modificados	15815	"Patrones de masticación modificados"	softmaxing	"2024-01-26 18:14:09"	"2026-04-10 12:27:52"	778	6334	33	21	1	1	27	looksmax.org		0	dosing/PED
/d/15836-importante-balance-de-aminoacidos	15836	"IMPORTANTE - ¡¡¡Balance de Aminoácidos!!!"	looksmaxing	"2024-01-27 17:05:50"	"2024-01-30 10:27:49"	293	1543	28	14	1	1	50	looksmax.org		0	dosing/PED|sourcing
/d/15865-guia-para-corregir-la-asimetria-facial	15865	"Guía para corregir la asimetría facial"	softmaxing	"2024-01-29 11:00:29"	"2026-01-22 04:47:06"	271	1245	16	12	1	1	2	looksmax.org		0	
/d/15867-roidmaxxing-sin-roids-t-maxxing-leer-ahora-obligatorio	15867	"Roidmaxxing sin roids. (T-MAXXING) LEER AHORA OBLIGATORIO"	anabolicos	"2024-01-29 13:03:50"	"2024-02-05 14:32:20"	639	6770	39	14	1	1	8	looksmax.org		0	dosing/PED
/d/15900-forma-infalible-de-saber-si-tu-oneitis-te-gusta	15900	"Forma infalible de saber si tu oneitis te gusta"	looksmaxing	"2024-01-31 17:11:52"	"2024-02-24 18:03:39"	283	2378	34	18	1	1	42	looksmax.org		0	
/d/15903-mi-ciclo-de-esteroides-favorito-para-principiantes-de-un-roidcel-con-experiencia-con-fotos	15903	"Mi ciclo de esteroides favorito para principiantes de un roidcel con experiencia con fotos"	anabolicos	"2024-02-01 00:38:41"	"2024-02-19 12:15:34"	579	4827	49	31	1	1	61	looksmax.org		0	dosing/PED|sourcing|DIY-procedure
/d/15939-lo-que-dice-la-ciencia-sobre-aumentar-la-testosterona-con-ejercicio	15939	"Lo que dice la ciencia sobre aumentar la testosterona con ejercicio..."	anabolicos	"2024-02-03 13:54:35"	"2024-02-20 11:41:37"	713	909	24	9	1	1	11	looksmax.org		0	dosing/PED
/d/15953-bloodmaxxing-una-guia-profunda-sobre-la-circulacion-sanguinea	15953	"Bloodmaxxing: una guía profunda sobre la circulación sanguínea."	looksmaxing	"2024-02-04 02:47:32"	"2024-03-08 14:03:40"	1576	6448	28	15	1	1	159	looksmax.org		0	dosing/PED
/d/15980-como-sanar-la-piel-sin-productos-ni-accutane-con-fotos	15980	"CÓMO SANAR LA PIEL SIN PRODUCTOS NI ACCUTANE (CON FOTOS)"	softmaxing	"2024-02-05 13:30:34"	"2024-03-30 00:56:40"	735	8066	41	24	1	1	60	looksmax.org		0	
/d/15983-el-tutorial-de-makeupmaxxing-para-hombres-mas-completo-de-todo-el-internet-version-completa	15983	"El tutorial de makeupmaxxing para hombres más completo de todo el internet (versión completa)"	softmaxing	"2024-02-05 20:08:37"	"2024-02-17 23:27:08"	1444	3191	20	14	1	1	107	looksmax.org		0	
/d/15994-guia-de-looksmaxxing-para-low-ipd-cels-alto-iq	15994	"GUÍA DE LOOKSMAXXING PARA LOW IPD CELS [ALTO IQ]"	looksmaxing	"2024-02-06 17:33:40"	"2025-01-29 22:42:11"	750	3054	28	13	1	1	121	looksmax.org		0	
/d/16008-como-hacer-semenesperma-maxx-para-el-maximo-placer-eyaculatorio	16008	"CÓMO HACER SEMEN/ESPERMA-MAXX PARA EL MÁXIMO PLACER EYACULATORIO"	looksmaxing	"2024-02-07 07:48:08"	"2025-06-16 20:17:44"	3972	4344	23	23	1	1	58	looksmax.org		0	
/d/16048-la-fibra-dietetica-esta-muy-subestimada-y-deberia-aumentarse-significativamente-en-la-dieta	16048	"La fibra dietética está muy subestimada y debería aumentarse significativamente en la dieta."	looksmaxing	"2024-02-09 11:56:02"	"2024-02-12 09:31:35"	309	3099	49	16	1	1	80	looksmax.org		0	dosing/PED|sourcing
/d/16069-las-caras-masculinas-feminizadas-son-las-mas-atractivas-para-caucasicos-japoneses	16069	"Las caras masculinas feminizadas son las más atractivas para caucásicos/ japoneses"	looksmaxing	"2024-02-10 12:31:01"	"2024-02-10 23:41:07"	393	1923	31	13	1	1	21	looksmax.org		0	
/d/16071-vestirse-para-el-maximo-female-gaze	16071	"Vestirse para el máximo female gaze"	softmaxing	"2024-02-10 14:07:51"	"2024-02-11 05:01:39"	302	3701	49	29	1	1	188	looksmax.org		0	
/d/16082-mi-guia-para-levantadores-naturales-sobre-ponerse-aesthetic-hilo-gymcel	16082	"Mi guía para levantadores naturales sobre ponerse Aesthetic (Hilo Gymcel)"	looksmaxing	"2024-02-11 02:31:47"	"2024-02-11 03:06:29"	583	3142	49	7	1	1	16	looksmax.org		0	dosing/PED
/d/16087-teoria-nt-looks-por-que-chico-es-atractivo-para-las-mujeres-mientras-que-opry-es-mirada-masculina	16087	"Teoría NT LOOKS - Por Qué Chico Es Atractivo Para Las Mujeres Mientras Que O'Pry Es Mirada Masculina"	looksmaxing	"2024-02-11 13:16:08"	"2024-02-11 17:07:15"	156	1194	30	17	1	1	153	looksmax.org		0	
/d/16091-comparacion-y-analisis-del-craneo-de-un-hombre-caucasico-promedio-al-de-un-chad-de-frente-y-de-perfil	16091	"Comparación y análisis del cráneo de un hombre caucásico promedio al de un Chad de FRENTE y de PERFIL"	looksmaxing	"2024-02-11 16:40:56"	"2024-02-14 00:53:11"	250	1778	49	27	1	1	92	looksmax.org		0	
/d/16104-la-hiperdolicocefalia-es-la-forma-de-craneo-ideal	16104	"La HIPERdolicocefalia es la forma de cráneo ideal"	looksmaxing	"2024-02-12 08:10:16"	"2024-12-12 12:15:24"	164	914	31	21	1	1	163	looksmax.org		0	
/d/16105-los-38-ratios-faciales-mas-importantes-y-las-medidas-ideales-alto-esfuerzo	16105	"Los 38 ratios faciales más importantes y las medidas ideales (ALTO ESFUERZO)"	looksmaxing	"2024-02-12 11:21:35"	"2026-05-29 04:09:59"	250	2095	44	19	1	1	29	looksmax.org		0	
/d/16109-healthmaxxing-contra-judios-esquizo	16109	"HEALTHMAXXING CONTRA JUDÍOS (ESQUIZO)"	looksmaxing	"2024-02-12 15:32:33"	"2024-04-20 10:40:23"	2787	19684	47	29	1	1	774	looksmax.org		0	dosing/PED|sourcing
/d/16114-mi-rutina-diaria-de-skincare-de-un-ex-skincel-con-fotos-de-la-ascension	16114	"Mi rutina diaria de skincare de un ex skincel con fotos de la ascensión"	softmaxing	"2024-02-12 23:20:07"	"2024-02-18 19:21:48"	650	10273	49	29	1	1	100	looksmax.org		0	disordered-eating
/d/16130-mejor-manera-de-copear-con-un-midface-largo	16130	"Mejor manera de copear con un midface largo :)"	hardmaxing	"2024-02-13 21:48:15"	"2024-03-18 20:14:59"	133	1037	33	16	1	1	5	looksmax.org		0	
/d/16151-guia-de-fiestas-de-fraternidad-universitarios-entren-ya	16151	"Guía de Fiestas de Fraternidad (Universitarios ENTREN YA)"	looksmaxing	"2024-02-15 03:05:15"	"2024-02-16 18:33:17"	891	4726	49	16	1	1	5	looksmax.org		0	
/d/16162-un-consejo-muy-niche-para-los-que-practican-mouthtape	16162	"Un consejo muy niche para los que practican mouthtape"	softmaxing	"2024-02-16 00:27:41"	"2025-04-22 03:16:51"	118	1542	31	13	1	1	23	looksmax.org		0	
/d/16193-usa-este-consejo-para-convertir-una-aproximacion-fria-en-un-polvo-htn-min	16193	"Usa este consejo para convertir una aproximación fría en un polvo (HTN min)"	looksmaxing	"2024-02-17 14:59:09"	"2025-04-22 03:13:07"	192	2513	49	31	1	1	11	looksmax.org		0	
/d/16214-dick-ups-para-girthmaxxing	16214	"Dick-ups para girthmaxxing"	looksmaxing	"2024-02-18 03:38:08"	"2025-04-22 03:23:36"	135	1374	26	19	1	1	6	looksmax.org		0	dosing/PED
/d/16234-bonesmashing-arco-cigomatico-para-proyeccion-lateral	16234	"Bonesmashing arco cigomático para proyección lateral"	hardmaxing	"2024-02-19 02:52:56"	"2024-10-16 18:37:06"	110	2022	49	32	1	1	57	looksmax.org		0	DIY-procedure
/d/16243-escortmaxxing-guia-de-sexo	16243	"Escortmaxxing & Guía de sexo"	looksmaxing	"2024-02-19 15:01:05"	"2024-02-19 15:34:29"	334	2062	49	12	1	1	14	looksmax.org		0	
/d/16297-6-formas-principales-para-aumentar-testosterona-esfuerzo-moderado	16297	"6 Formas Principales Para Aumentar Testosterona (Esfuerzo Moderado)"	softmaxing	"2024-02-23 00:17:09"	"2024-04-09 00:54:37"	455	1038	28	8	1	1	2	looksmax.org		0	dosing/PED
/d/16305-softmaxxes-minimos-para-perder-tu-virginidad-en-2024-khhvcels-gtfih	16305	"Softmaxxes mínimos para perder tu virginidad en 2024 (KHHVcels GTFIH)"	softmaxing	"2024-02-23 15:01:26"	"2024-04-27 22:36:07"	72	916	30	14	1	1	17	looksmax.org		0	
/d/16345-cosas-que-no-debes-hacer-al-pedir-que-califiquen-tu-frame	16345	"Cosas Que NO Debes Hacer Al Pedir Que Califiquen Tu Frame:"	looksmaxing	"2024-02-25 23:24:51"	"2024-02-26 00:17:22"	176	2235	49	4	1	1	24	looksmax.org		0	
/d/16389-un-buen-contexto-sobre-los-aceites-de-semillas-sinteticos-por-que-los-de-18-anos-parecen-de-13-y-por-que-nuestros-organos-estan-jodidos	16389	"Un buen contexto sobre los aceites de semillas sintéticos: por qué los de 18 años parecen de 13 y por qué nuestros órganos están jodidos"	looksmaxing	"2024-02-28 15:17:25"	"2024-04-19 02:16:49"	1723	16118	28	19	0	0	0	looksmax.org		0	
/d/16397-como-mejore-mi-zona-de-los-ojos-en-4-puntos-softmaxxing-con-fotos	16397	"CÓMO MEJORÉ MI ZONA DE LOS OJOS EN 4 PUNTOS (softmaxxing) CON fotos"	softmaxing	"2024-02-28 20:57:22"	"2024-03-08 04:02:12"	1040	8086	49	30	1	1	114	looksmax.org		0	
/d/16434-las-comidas-de-healthmaxxing-mas-dormidas	16434	"las comidas de healthmaxxing más dormidas"	looksmaxing	"2024-03-02 07:30:37"	"2024-03-02 07:45:23"	217	223	2	1	1	1	35	looksmax.org		0	DIY-procedure
/d/16437-mi-plan-de-ejercicio-de-altura-fotos-incluidas-4lt	16437	"Mi plan de ejercicio de altura (¡¡FOTOS INCLUIDAS!!) -4lt"	looksmaxing	"2024-03-02 15:22:35"	"2025-05-04 12:07:44"	130	2237	33	20	1	1	161	looksmax.org		0	
/d/16446-hilos-pdo-para-corregir-la-asimetria-del-labio-superior-e-aumentar-el-ancho-percibido-de-la-boca	16446	"hilos pdo para corregir la asimetría del labio superior e aumentar el ancho percibido de la boca."	hardmaxing	"2024-03-02 23:09:21"	"2024-03-30 03:51:57"	86	2988	49	10	1	1	89	looksmax.org		0	
/d/16447-guia-de-sarms-definicion-y-volumen-alto-esfuerzo	16447	"Guía de SARMs Definición y Volumen - Alto Esfuerzo"	anabolicos	"2024-03-03 04:35:52"	"2024-03-03 18:05:24"	1302	3980	49	10	1	1	131	looksmax.org		0	dosing/PED
/d/16449-la-importancia-de-la-moda-y-como-vestirse	16449	"La importancia de la moda y cómo vestirse"	softmaxing	"2024-03-03 09:16:47"	"2024-03-03 16:59:59"	2219	7759	49	15	1	1	243	looksmax.org		0	
/d/16456-stack-de-heightmaxxing-natty-ultimo-y-efectivo-ia-natural-que-rivaliza-con-aromasin-gtfih	16456	"Stack de Heightmaxxing Natty Último y Efectivo + IA Natural Que Rivaliza con Aromasin (GTFIH)"	anabolicos	"2024-03-03 21:08:06"	"2024-05-04 06:41:45"	2063	5325	44	12	1	1	248	looksmax.org		0	dosing/PED
/d/16484-guia-para-corridas-de-nivel-dios	16484	"Guía para corridas de nivel dios"	looksmaxing	"2024-03-05 11:29:32"	"2024-04-05 11:05:33"	228	793	20	13	0	0	0	looksmax.org		0	dosing/PED
/d/16486-guia-para-construir-una-verga-de-pornstar-y-mejores-erecciones-y-mejores-eyaculaciones-y-sensibilizar-tu-verga-y-aumentar-la-testosterona	16486	"Guía para construir una verga de pornstar y mejores erecciones y mejores eyaculaciones y sensibilizar tu verga y aumentar la testosterona"	anabolicos	"2024-03-05 14:44:21"	"2024-03-06 14:34:03"	1796	4965	49	10	1	1	13	looksmax.org		0	dosing/PED
/d/16537-como-arreglar-los-musculos-maseteros-grandes	16537	"Cómo arreglar los músculos maseteros grandes"	hardmaxing	"2024-03-09 17:36:48"	"2024-04-18 14:57:42"	165	1107	31	16	1	1	16	looksmax.org		0	DIY-procedure
/d/16540-lista-de-tiers-y-stacks-para-sarms-esfuerzo-medio	16540	"Lista de Tiers y Stacks para SARMS - Esfuerzo medio"	anabolicos	"2024-03-09 19:35:35"	"2024-04-03 02:57:54"	1282	6605	49	18	1	1	52	looksmax.org		0	dosing/PED
/d/16555-como-ir-al-gym-si-eres-chaparrito-shortcels-gtfih	16555	"Cómo ir al gym si eres chaparrito, shortcels GTFIH"	looksmaxing	"2024-03-10 13:44:50"	"2024-03-10 21:18:01"	107	1424	41	15	1	1	74	looksmax.org		0	
/d/16573-dominando-el-dimorfismo-para-ultimate-looksmaxxing	16573	"Dominando el Dimorfismo para Ultimate Looksmaxxing"	looksmaxing	"2024-03-11 12:37:17"	"2024-05-14 19:30:24"	526	1717	23	7	1	1	238	looksmax.org		0	
/d/16582-caseina-suero-90-del-tiempo	16582	"CASEÍNA > SUERO 90% DEL TIEMPO"	looksmaxing	"2024-03-11 21:25:10"	"2024-04-18 20:53:40"	177	354	11	12	1	1	8	looksmax.org		0	dosing/PED
/d/16588-la-mejor-ensalada-que-vas-a-probar-saladcels-gtfih	16588	"LA MEJOR ENSALADA QUE VAS A PROBAR (saladcels gtfih)"	looksmaxing	"2024-03-12 10:15:45"	"2024-03-13 12:38:41"	37	817	49	18	1	1	16	looksmax.org		0	
/d/16656-metodo-para-tratar-el-acne-y-las-cicatrices-de-acne-lectura-obligatoria	16656	"Método para Tratar el Acné y las Cicatrices de Acné (¡¡¡¡LECTURA OBLIGATORIA!!!!)"	softmaxing	"2024-03-15 23:16:30"	"2024-03-21 15:48:02"	400	3567	49	17	1	1	167	looksmax.org		0	
/d/16659-como-elevar-tu-altura-naturalmente	16659	"Cómo elevar tu altura naturalmente"	looksmaxing	"2024-03-16 10:32:30"	"2024-03-16 18:11:27"	312	3528	49	12	0	0	0	looksmax.org		0	dosing/PED|sourcing|self-harm/hopelessness
/d/16662-como-subir-la-testosterona-como-nunca-antes-lo-que-no-te-dicen	16662	"Cómo subir la testosterona como nunca antes (Lo que no te dicen)"	anabolicos	"2024-03-16 16:57:12"	"2024-04-06 14:14:01"	325	2040	39	16	1	1	76	looksmax.org		0	dosing/PED
/d/16685-plasma-fibroblast-mogs-microneedling	16685	"Plasma Fibroblast MOGS microneedling"	softmaxing	"2024-03-17 18:49:48"	"2024-06-11 10:45:28"	62	1306	36	18	1	1	71	looksmax.org		0	DIY-procedure
/d/16693-habilidades-sociales-y-estrategias-sociales	16693	"Habilidades sociales y estrategias sociales"	looksmaxing	"2024-03-18 03:22:38"	"2024-04-02 06:16:02"	613	2655	24	13	1	1	70	looksmax.org		0	
/d/16710-la-mejor-guia-de-moda-del-youngcel	16710	"La MEJOR Guía de Moda del Youngcel"	softmaxing	"2024-03-18 20:19:16"	"2024-12-22 00:56:15"	654	2004	32	19	1	1	131	looksmax.org		0	
/d/16712-como-ganar-musculo-con-esteroides-de-forma-segura	16712	"Cómo: Ganar músculo con esteroides de forma segura"	anabolicos	"2024-03-18 20:48:09"	"2025-01-12 23:31:32"	1148	8550	29	17	0	0	0	looksmax.org		0	dosing/PED
/d/16715-tipos-de-amigos-que-deberias-evitar	16715	"Tipos de amigos que deberías evitar."	looksmaxing	"2024-03-19 00:23:04"	"2024-07-21 10:26:19"	286	2918	49	33	1	1	20	looksmax.org		0	
/d/16727-como-obtener-una-mandibula-definida	16727	"Cómo obtener una mandíbula definida"	softmaxing	"2024-03-19 14:25:50"	"2024-04-14 13:47:22"	444	1355	4	5	1	1	2	looksmax.org		0	
/d/16758-guia-para-grises-greycels-y-retrasados-entren-ya	16758	"Guía para Grises (Greycels y Retrasados ENTREN YA)"	softmaxing	"2024-03-20 21:09:49"	"2024-04-17 19:42:29"	507	3708	23	13	1	1	2	looksmax.org		0	dosing/PED
/d/16768-guia-de-colageno-de-bloomdoom	16768	"Guía de Colágeno de BloomDoom"	softmaxing	"2024-03-21 14:20:07"	"2024-08-19 06:57:22"	728	1981	15	10	1	1	172	looksmax.org		0	
/d/16802-verteporfina-elimina-cicatrices-de-acne-trasplantes-de-pelo-infinitos-y-cirugia-estetica-sin-cicatrices	16802	"Verteporfina - Elimina Cicatrices de Acné, Trasplantes de Pelo Infinitos y Cirugía Estética Sin Cicatrices"	hardmaxing	"2024-03-23 01:35:17"	"2024-03-30 22:38:55"	1213	3586	49	21	1	1	114	looksmax.org		0	dosing/PED
/d/16819-rasgos-nasales-ideales-botb	16819	"RASGOS NASALES IDEALES (¿BOTB?)"	looksmaxing	"2024-03-23 23:47:05"	"2024-03-24 01:24:37"	315	892	23	9	1	1	87	looksmax.org		0	
/d/16832-notas-de-softmaxxing	16832	"NOTAS DE SOFTMAXXING"	softmaxing	"2024-03-24 15:47:56"	"2024-04-18 22:31:30"	905	1098	17	10	1	1	52	looksmax.org		0	dosing/PED|DIY-procedure|disordered-eating
/d/16848-los-unicos-5-suplementos-que-necesitas	16848	"Los únicos 5 suplementos que necesitas"	looksmaxing	"2024-03-25 05:15:01"	"2025-10-08 09:15:00"	1037	4826	34	22	0	0	0	looksmax.org		0	dosing/PED
/d/16872-rutina-de-6-dias-ppl-por-coolcicada-en-el-foro-de-culturismo	16872	"Rutina de 6 días PPL por CoolCicada en el foro de culturismo"	looksmaxing	"2024-03-26 11:33:21"	"2024-04-01 15:43:15"	136	165	2	2	0	0	0	looksmax.org		0	
/d/16874-dieta-ideal-y-suplementos	16874	"Dieta ideal y suplementos"	looksmaxing	"2024-03-26 11:52:53"	"2025-12-22 11:02:18"	65	198	4	4	0	0	0	looksmax.org		0	
/d/16877-parte-1-guia-nt-lenguaje-corporal-y-la-teoria-del-perro-maltratado	16877	"Parte 1 \"GUÍA NT\": Lenguaje Corporal Y La Teoría Del Perro Maltratado"	looksmaxing	"2024-03-26 14:35:42"	"2024-04-03 16:16:51"	743	6554	49	26	1	1	61	looksmax.org		0	
/d/16899-mi-guia-de-softmaxing	16899	"Mi guía de softmaxing"	softmaxing	"2024-03-28 09:11:14"	"2024-03-29 18:47:54"	272	1220	30	12	1	1	5	looksmax.org		0	
/d/16934-una-guia-a-fondo-sobre-la-anatomia-de-la-cara	16934	"Una guía a fondo sobre la anatomía de la cara"	hardmaxing	"2024-03-30 14:43:02"	"2024-04-01 14:59:53"	1025	3448	21	8	1	1	260	looksmax.org		0	
/d/16966-guia-definitiva-de-perdida-de-grasa-con-quimicos-low-inhib-gtfih	16966	"GUÍA DEFINITIVA DE PÉRDIDA DE GRASA CON QUÍMICOS LOW INHIB GTFIH"	looksmaxing	"2024-04-01 01:01:59"	"2025-10-21 18:43:39"	1482	3269	18	12	1	1	10	looksmax.org		0	dosing/PED|sourcing|disordered-eating
/d/16989-fingir-que-la-gente-no-existe-alrededor-tuyo-es-la-mejor-pildora-que-les-podrias-dar	16989	"Fingir que la gente no existe alrededor tuyo es la mejor píldora que les podrías dar"	looksmaxing	"2024-04-02 07:13:40"	"2024-04-08 14:23:31"	331	3065	32	22	1	1	7	looksmax.org		0	
/d/16993-guia-de-alargamiento-del-pene	16993	"Guía de Alargamiento del Pene"	hardmaxing	"2024-04-02 11:52:01"	"2026-04-22 22:42:12"	2031	12876	45	25	1	1	95	looksmax.org		0	
/d/17013-resumen-del-arte-de-la-seduccion-de-robert-greene	17013	"Resumen del Arte de la Seducción de Robert Greene"	looksmaxing	"2024-04-03 12:19:20"	"2024-04-25 14:07:01"	3544	14278	14	12	1	1	29	looksmax.org		0	
/d/17027-usa-desviaciones-estandar-para-estimar-facilmente-el-puntaje-smv-la-rarezapercentil-entre-variables-y-comparar-cara-vs-estatura-de-forma-justa-slayers-entre-2-8sd	17027	"Usa desviaciones estándar para estimar fácilmente el puntaje SMV, la rareza/percentil entre variables y comparar cara vs estatura de forma justa. ¿Slayers entre 2-8SD?"	looksmaxing	"2024-04-04 11:59:40"	"2024-06-11 04:19:34"	1763	8802	22	14	1	1	23	looksmax.org		0	
/d/17052-triada-clara-vs-triada-oscura-simplificado	17052	"TRÍADA CLARA VS TRÍADA OSCURA, SIMPLIFICADO."	looksmaxing	"2024-04-05 14:10:06"	"2024-09-24 19:30:42"	210	1920	29	18	1	1	122	looksmax.org		0	
/d/17078-guia-completa-de-gymcelling-para-principiantes	17078	"Guía Completa de Gymcelling para Principiantes"	looksmaxing	"2024-04-07 08:08:54"	"2024-04-25 13:05:18"	1550	3885	13	5	1	1	82	looksmax.org		0	dosing/PED|DIY-procedure
/d/17079-como-hacerte-una-extraccion-de-bolas-de-bichat-en-casa-low-inhib-bloatcels-gtfih	17079	"Cómo hacerte una Extracción de Bolas de Bichat en Casa 🏠 LOW INHIB & BLOATCELS GTFIH!!!!!"	hardmaxing	"2024-04-07 11:08:42"	"2026-02-16 09:47:13"	580	5325	37	21	1	1	45	looksmax.org		0	DIY-procedure
/d/17081-haz-que-alguien-se-enamore-de-ti	17081	"Haz Que Alguien Se Enamore de Ti"	looksmaxing	"2024-04-07 14:16:15"	"2024-05-12 13:30:21"	1122	6411	39	26	1	1	8	looksmax.org		0	sourcing
/d/17121-guia-anabolica-definitiva-megathread	17121	"Guía Anabólica Definitiva (Megathread)"	anabolicos	"2024-04-09 13:21:21"	"2024-04-11 15:20:04"	2728	13644	49	17	1	1	326	looksmax.org		0	dosing/PED
/d/17122-truco-garantizado-para-subtonos-rojos	17122	"Truco garantizado para subtonos rojos"	softmaxing	"2024-04-09 14:10:12"	"2024-09-16 16:56:22"	311	2755	49	17	1	1	21	looksmax.org		0	dosing/PED
/d/17131-una-introduccion-al-sympeptide-usuarios-de-minox-gtfih	17131	"UNA INTRODUCCIÓN AL SYMPEPTIDE, USUARIOS DE MINOX GTFIH"	peptides	"2024-04-09 21:57:34"	"2024-04-19 09:45:46"	309	2577	49	20	1	1	61	looksmax.org		0	
/d/17143-guia-definitiva-del-gymcel	17143	"GUÍA DEFINITIVA DEL GYMCEL"	looksmaxing	"2024-04-10 21:25:51"	"2024-06-10 00:29:03"	3163	24261	38	28	1	1	230	looksmax.org		0	dosing/PED
/d/17153-ejercicio-legitimo-para-hollow-cheeks-hilo-de-lookism	17153	"Ejercicio legítimo para hollow cheeks (hilo de Lookism)"	softmaxing	"2024-04-11 14:29:02"	"2026-05-24 12:55:49"	265	749	14	10	1	1	58	looksmax.org		0	
/d/17160-guia-sobre-formas-de-atraer-mujeres	17160	"Guía sobre formas de atraer mujeres."	looksmaxing	"2024-04-12 03:33:57"	"2024-04-18 14:07:42"	547	2548	23	16	1	1	116	looksmax.org		0	
/d/17161-iguala-su-gusto-musical-perfectamente-una-guia-rapida-para-fraudear-gusto-musical	17161	"Iguala Su Gusto Musical Perfectamente: Una Guía Rápida para Fraudear Gusto Musical."	looksmaxing	"2024-04-12 04:59:48"	"2024-05-28 13:56:58"	456	5176	35	18	1	1	109	looksmax.org		0	
/d/17167-cortes-de-pelo-meta-actualizacion-2024	17167	"Cortes de pelo meta [actualización 2024]"	softmaxing	"2024-04-12 13:43:45"	"2025-04-09 12:56:30"	341	1324	32	15	1	1	53	looksmax.org		0	
/d/17180-sobre-el-ayuno-para-el-crecimiento-de-altura-water	17180	"Sobre el ayuno para el crecimiento de altura (water)"	looksmaxing	"2024-04-13 08:54:05"	"2024-04-21 12:44:41"	106	4837	24	8	1	1	14	looksmax.org		0	dosing/PED
/d/17184-curar-el-dolor-de-espalda-con-ejercicios	17184	"Curar el dolor de espalda con ejercicios"	looksmaxing	"2024-04-13 15:34:07"	"2024-04-13 15:41:53"	561	605	2	1	0	0	0	looksmax.org		0	
/d/17203-como-oler-bien-de-la-chingada-gtfih-ya	17203	"Cómo oler bien de la chingada (GTFIH YA)"	softmaxing	"2024-04-14 21:21:46"	"2024-05-06 02:54:30"	835	4628	39	15	1	1	38	looksmax.org		0	
/d/17215-stack-para-aclarar-la-piel-que-de-verdad-funciona	17215	"Stack para aclarar la piel que de verdad funciona"	softmaxing	"2024-04-15 14:31:41"	"2024-08-23 17:11:34"	83	1141	28	14	1	1	85	looksmax.org		0	dosing/PED
/d/17219-heightmaxxing-hgh-inhibicion-de-aromatasa-e-inhibicion-de-somatostatina	17219	"Heightmaxxing | HGH, inhibición de Aromatasa, e inhibición de Somatostatina"	anabolicos	"2024-04-15 22:10:49"	"2024-07-09 23:27:59"	366	2356	27	7	0	0	0	looksmax.org		0	dosing/PED
/d/17221-neckmaxxing	17221	Neckmaxxing	looksmaxing	"2024-04-16 00:14:45"	"2024-05-25 03:00:25"	385	2534	43	23	1	1	131	looksmax.org	C1277	0	
/d/17227-socialmaxx-y-mindsetmaxx	17227	"Socialmaxx y mindsetmaxx"	looksmaxing	"2024-04-16 15:37:45"	"2024-04-18 09:28:03"	1746	13790	49	19	1	1	41	looksmax.org		0	
/d/17245-reino-desconocido-introduccion-a-los-peptidos	17245	"🧲 REINO DESCONOCIDO: INTRODUCCIÓN A LOS PÉPTIDOS 🧲"	peptides	"2024-04-17 21:51:53"	"2024-06-08 15:35:43"	960	5983	49	25	1	1	132	looksmax.org		0	
/d/17272-guia-para-la-salud-intestinal	17272	"Guía para la salud intestinal"	looksmaxing	"2024-04-19 08:29:25"	"2026-04-13 23:40:09"	1085	3649	11	9	0	1	4	looksmax.org		0	
/d/17283-guia-completa-de-fragrancemaxxing-metodo-de-5-pasos	17283	"Guía completa de Fragrancemaxxing (método de 5 pasos)"	softmaxing	"2024-04-19 21:30:49"	"2024-05-05 15:55:18"	991	5774	25	11	1	1	52	looksmax.org		0	
/d/17313-guia-de-inhibicion-sin-drogas-de-mierda	17313	"Guía de Inhibición (SIN DROGAS DE MIERDA)"	looksmaxing	"2024-04-22 08:09:00"	"2024-06-23 00:21:03"	450	1909	17	11	0	0	0	looksmax.org		0	
/d/17323-revelando-secretos-de-hollywood-microdosis-de-accutane-para-una-piel-sin-edad-por-themilkman	17323	"Revelando Secretos de Hollywood: Microdosis de Accutane para una Piel sin Edad por TheMilkMan"	looksmaxing	"2024-04-23 00:04:42"	"2024-12-23 00:45:22"	412	1596	19	11	1	1	6	looksmax.org		0	dosing/PED
/d/17338-reestructuracion-craneal-neuro-guia-completa	17338	"Reestructuración Craneal Neuro (Guía Completa)"	hardmaxing	"2024-04-23 19:17:27"	"2025-01-06 20:23:51"	3065	24925	38	25	1	1	102	looksmax.org		0	
/d/17340-consigue-el-look-y-fisico-de-superheroe-de-dc-lo-antes-posible-no-para-usuarios-flojos	17340	"CONSIGUE EL LOOK Y FÍSICO DE SUPERHÉROE DE DC LO ANTES POSIBLE (No Para Usuarios Flojos)"	looksmaxing	"2024-04-23 21:27:03"	"2024-04-24 17:45:42"	1422	10724	49	28	1	1	374	looksmax.org		0	DIY-procedure
/d/17347-mi-arnold-split-consejos-de-entrenamiento	17347	"Mi Arnold Split + Consejos de Entrenamiento"	looksmaxing	"2024-04-24 05:00:49"	"2024-05-26 05:18:20"	880	3335	30	14	1	1	24	looksmax.org		0	
/d/17349-como-arreglar-el-dolor-de-espalda-por-levantamiento-de-pesas	17349	"Cómo Arreglar el Dolor de Espalda por Levantamiento de Pesas"	looksmaxing	"2024-04-24 05:34:10"	"2024-07-08 00:59:09"	641	647	2	3	0	0	0	looksmax.org		0	
/d/17351-socialmaxxingntmaxxing-aprende-a-volverte-mas-social	17351	"SOCIALMAXXING/NTMAXXING: aprende a volverte más SOCIAL"	looksmaxing	"2024-04-24 08:08:09"	"2024-07-23 15:41:09"	1120	2374	16	14	0	1	9	looksmax.org		0	
/d/17367-gt20029-potenciador-de-pelo-high-iq-esfuerzo-medio-gtfih	17367	"GT20029 (Potenciador de Pelo) (High-IQ) (Esfuerzo Medio) (GTFIH)"	looksmaxing	"2024-04-25 02:07:42"	"2024-06-29 00:34:18"	495	5017	49	11	1	1	44	looksmax.org		0	dosing/PED
/d/17376-la-guia-definitiva-de-bonesmashing	17376	"La Guía Definitiva de Bonesmashing"	hardmaxing	"2024-04-25 19:20:41"	"2024-07-08 21:27:08"	473	2999	49	17	1	1	38	looksmax.org	C1010	0	DIY-procedure
/d/17386-algoritmo-para-de-verdad-hacer-looksmaxxing	17386	"Algoritmo para de verdad hacer looksmaxxing"	looksmaxing	"2024-04-26 13:02:56"	"2024-05-29 05:55:53"	1768	3873	19	13	1	1	43	looksmax.org		0	
/d/17393-rutina-anti-envejecimiento	17393	"Rutina anti-envejecimiento"	looksmaxing	"2024-04-26 19:19:07"	"2024-04-26 21:12:40"	160	376	4	3	0	0	0	looksmax.org		0	
/d/17422-lo-que-nt-realmente-significa-gtfih-la-ntpill-resuelta-high-iq	17422	"Lo que \"NT\" realmente significa [GTFIH la NTpill resuelta, High IQ]"	looksmaxing	"2024-04-28 00:53:34"	"2024-04-28 18:46:39"	894	5297	49	20	1	1	7	looksmax.org		0	
/d/17425-guia-definitiva-de-fenotipos-hay-que-leerla-al-menos-una-vez	17425	"GUÍA DEFINITIVA DE FENOTIPOS (HAY QUE LEERLA AL MENOS UNA VEZ)"	looksmaxing	"2024-04-28 10:01:30"	"2025-10-18 04:07:14"	1220	7132	33	16	1	1	308	looksmax.org		0	
/d/17441-como-matar-la-inhibicion-alta-sanando-el-trauma-para-volverte-autentico-y-socialmente-dominante	17441	"Cómo matar la inhibición alta sanando el trauma para volverte auténtico y socialmente dominante."	looksmaxing	"2024-04-29 12:50:24"	"2026-06-06 21:43:13"	1024	3438	30	24	1	1	43	looksmax.org		0	
/d/17450-mi-plan-para-ntmaxxear-en-la-universidad-hilo-serio	17450	"Mi plan para NTmaxxear en la universidad (hilo serio)"	looksmaxing	"2024-04-29 23:08:35"	"2024-04-30 02:17:08"	296	2754	49	26	1	1	12	looksmax.org		0	
/d/17467-como-usar-hilos-pdo-para-quitar-las-arrugas-de-la-frente	17467	"Cómo usar hilos PDO para quitar las arrugas de la frente"	hardmaxing	"2024-04-30 23:06:03"	"2024-05-15 12:16:34"	164	1405	23	14	1	1	68	looksmax.org		0	sourcing
/d/17490-como-convertirte-en-un-chad-del-futbol-americano-um	17490	"Cómo convertirte en un chad del fútbol americano 🏈 🇺🇲"	looksmaxing	"2024-05-02 03:44:03"	"2024-05-12 13:41:36"	1149	3843	24	14	1	1	218	looksmax.org		0	
/d/17501-guia-de-cada-vitamina-explicada-megathread	17501	"Guía de Cada Vitamina Explicada [MEGATHREAD]"	looksmaxing	"2024-05-02 12:54:37"	"2024-06-05 15:30:45"	882	2713	17	14	1	1	2	looksmax.org		0	dosing/PED|sourcing
/d/17503-visionmaxxing	17503	Visionmaxxing	looksmaxing	"2024-05-02 15:49:41"	"2024-05-02 17:56:34"	103	1070	36	7	1	1	17	looksmax.org		0	
/d/17505-perder-grasa-facial-enfocandote-en-el-interior	17505	"Perder grasa facial (enfocándote en el interior)"	looksmaxing	"2024-05-02 18:00:46"	"2025-01-17 22:11:06"	1157	2646	13	9	0	0	0	looksmax.org		0	dosing/PED
/d/17518-aclarando-la-desinformacion-sobre-hgh	17518	"Aclarando la Desinformación sobre HGH."	anabolicos	"2024-05-03 22:41:36"	"2025-06-12 09:56:25"	408	6683	24	16	1	1	5	looksmax.org		0	dosing/PED|sourcing
/d/17535-mejor-rutina-para-un-cuerpo-estetico	17535	"Mejor rutina para un cuerpo estético"	looksmaxing	"2024-05-04 20:54:37"	"2024-05-25 13:11:30"	144	460	10	5	0	0	0	looksmax.org		0	dosing/PED
/d/17621-sarms-un-analisis-simplificado-todos-los-sarms-incluidos-lectura-obligada	17621	"SARMS - UN ANÁLISIS SIMPLIFICADO ( todos los SARMS incluidos, lectura obligada )"	anabolicos	"2024-05-09 16:56:34"	"2024-06-13 19:57:29"	692	3606	49	14	1	1	5	looksmax.org		0	dosing/PED
/d/17642-guia-para-adelgazar-la-nariz	17642	"GUÍA PARA ADELGAZAR LA NARIZ"	softmaxing	"2024-05-10 22:33:55"	"2024-06-20 23:37:57"	421	1202	19	13	1	1	12	looksmax.org		0	
/d/17647-guia-completa-de-trucos-para-examenes-gtfih	17647	"Guía Completa de Trucos para Exámenes GTFIH"	looksmaxing	"2024-05-11 13:57:53"	"2024-08-18 22:46:59"	1343	7644	49	27	1	1	105	looksmax.org		0	
/d/17657-una-guia-para-entender-las-calificaciones-de-las-mujeres	17657	"UNA GUÍA PARA *ENTENDER* LAS CALIFICACIONES DE LAS MUJERES"	looksmaxing	"2024-05-12 04:41:24"	"2025-09-06 08:11:35"	172	2106	30	25	1	1	6	looksmax.org		0	
/d/17667-7-comidas-comunes-destruyendo-tu-salud	17667	"7 comidas comunes destruyendo tu salud"	looksmaxing	"2024-05-12 20:28:07"	"2024-06-19 19:21:54"	368	1324	33	18	1	1	9	looksmax.org		0	dosing/PED
/d/17668-como-eliminar-la-joroba-de-la-nariz-guia-high-iq	17668	"Cómo eliminar la joroba de la nariz [GUÍA HIGH IQ]"	looksmaxing	"2024-05-12 22:42:28"	"2025-03-04 22:09:57"	431	3725	35	25	1	1	109	looksmax.org		0	
/d/17703-formas-actualizadas-de-tratarprevenir-acne	17703	"Formas ACTUALIZADAS de Tratar/Prevenir Acné"	softmaxing	"2024-05-14 11:33:16"	"2024-06-08 00:17:58"	340	6010	35	10	1	1	95	looksmax.org		0	dosing/PED
/d/17704-beneficios-de-la-eyaculacion-para-el-looksmax	17704	"Beneficios de la Eyaculación para el Looksmax"	looksmaxing	"2024-05-14 11:35:46"	"2024-08-08 20:34:13"	251	1875	49	20	1	1	13	looksmax.org		0	dosing/PED|sourcing
/d/17711-la-guia-de-microdosis-de-dannydipss	17711	"LA GUÍA DE MICRODOSIS DE DANNYDIPSS"	anabolicos	"2024-05-14 19:13:13"	"2024-09-23 18:47:27"	690	4180	41	17	1	1	44	looksmax.org		0	dosing/PED
/d/17712-guia-de-simetria-facial-2024	17712	"GUÍA DE SIMETRÍA FACIAL 2024"	looksmaxing	"2024-05-14 19:26:23"	"2024-06-05 03:23:43"	1668	9652	49	23	1	1	287	looksmax.org		0	self-harm/hopelessness
/d/17724-seguimiento-de-mis-hilos-pdo-nasolabiales	17724	"Seguimiento de mis hilos PDO nasolabiales."	hardmaxing	"2024-05-15 13:34:55"	"2024-05-18 16:03:21"	175	2573	49	23	1	1	141	looksmax.org		0	
/d/17732-como-pedir-esteroides-y-peptidos-si-vives-con-tus-padres	17732	"Cómo pedir esteroides y péptidos si vives con tus padres"	anabolicos	"2024-05-15 19:14:19"	"2025-10-20 14:09:27"	165	755	26	15	1	1	14	looksmax.org		0	DIY-procedure
/d/17742-una-intro-rapida-a-los-clones-de-fragancias-huele-bien-barato	17742	"Una Intro Rápida a los Clones de Fragancias: Huele Bien BARATO"	softmaxing	"2024-05-17 00:34:24"	"2026-02-06 03:40:08"	450	2672	26	12	1	1	97	looksmax.org		0	
/d/17759-nueva-tecnica-de-ligue	17759	"Nueva técnica de ligue"	looksmaxing	"2024-05-17 17:30:28"	"2025-04-22 02:44:48"	116	1904	31	26	1	1	7	looksmax.org		0	
/d/17765-me-voy-de-vacaciones-con-mis-amigos-lo-que-estoy-haciendo-para-prepararme-softmaxxers-gtfih	17765	"ME VOY DE VACACIONES CON MIS AMIGOS *LO QUE ESTOY HACIENDO PARA PREPARARME* SOFTMAXXERS GTFIH"	softmaxing	"2024-05-18 00:02:03"	"2024-06-15 17:37:47"	408	2021	39	14	1	1	33	looksmax.org		0	dosing/PED
/d/17767-guia-aromasin-es-la-clave-para-evitar-los-venenos-judios-todos-entren-ya	17767	"[GUÍA] AROMASIN es la CLAVE para EVITAR los VENENOS JUDÍOS (TODOS ENTREN YA)"	anabolicos	"2024-05-18 01:45:19"	"2024-05-30 04:27:03"	1414	11798	49	20	1	1	155	looksmax.org		0	dosing/PED|self-harm/hopelessness
/d/17773-como-conseguir-un-colageno-demencial-en-la-cara	17773	"Cómo conseguir un colágeno DEMENCIAL en la cara"	softmaxing	"2024-05-18 12:16:59"	"2024-05-29 05:50:06"	236	2505	49	24	1	1	30	looksmax.org		0	
/d/17787-guia-cosmetica-basica-anti-envejecimiento-verse-bien-cuando-seas-mayor-porque-el-smv-de-los-hombres-aumenta-con-la-edad	17787	"Guía Cosmética Básica Anti-Envejecimiento, Verse Bien Cuando Seas Mayor Porque el SMV de los Hombres Aumenta con la Edad."	softmaxing	"2024-05-19 06:15:18"	"2025-01-06 12:44:02"	2134	8924	29	15	1	1	288	looksmax.org		0	
/d/17793-mi-guia-de-bonemass-comenta-si-falta-algo	17793	"Mi guía de Bonemass (comenta si falta algo)"	hardmaxing	"2024-05-19 11:56:43"	"2024-09-14 21:03:57"	120	1217	30	12	1	1	20	looksmax.org		0	dosing/PED|DIY-procedure
/d/17796-la-natacion-es-el-mejor-deporte-para-los-looksmaxxers-y-aqui-te-digo-por-que	17796	"La natación es el mejor deporte para los looksmaxxers y aquí te digo por qué"	looksmaxing	"2024-05-19 14:12:38"	"2024-06-22 11:54:20"	359	1687	28	14	1	1	103	looksmax.org		0	sourcing
/d/17831-como-friendmaxxear-y-como-afecta-tu-vida-amorosa-no-lifers-gtfih	17831	"Cómo friendmaxxear y cómo afecta tu vida amorosa, no lifers GTFIH"	looksmaxing	"2024-05-21 09:34:04"	"2024-07-24 20:56:56"	1428	10660	42	23	1	1	11	looksmax.org		0	
/d/17835-rasgos-neotenicos-para-balancear-el-dimorfismo	17835	"Rasgos neoténicos para balancear el dimorfismo"	looksmaxing	"2024-05-21 15:03:15"	"2024-05-25 21:43:15"	682	3150	49	19	1	1	158	looksmax.org		0	dosing/PED
/d/17847-morder-mejillas-acelera-el-desarrollo-de-mejillas-huecas	17847	"Morder mejillas acelera el desarrollo de mejillas huecas"	looksmaxing	"2024-05-22 05:31:06"	"2024-06-29 06:22:38"	310	2705	33	13	1	1	24	looksmax.org		0	
/d/17850-fraudear-una-cara-mejor-con-metodos-de-sfx-guia-sin-rodeos	17850	"Fraudear una cara mejor con MÉTODOS DE SFX guía SIN RODEOS"	softmaxing	"2024-05-22 06:52:49"	"2024-06-14 23:34:26"	512	2754	37	14	1	1	145	looksmax.org		0	
/d/17855-guia-definitiva-de-la-luz-nunca-antes-vista	17855	"GUÍA DEFINITIVA DE LA LUZ (¡nunca antes vista!)"	looksmaxing	"2024-05-22 16:56:03"	"2024-06-12 12:47:07"	1801	3990	25	10	1	1	10	looksmax.org		0	dosing/PED|sourcing
/d/17874-el-posible-uso-de-la-terapia-de-vibracion-de-cuerpo-completo-para-ayudar-al-crecimiento-de-estatura-y-desarrollo-oseo-evidencia-de-bone-mashing	17874	"⚡ [El posible uso de la terapia de vibración de cuerpo completo para ayudar al Crecimiento de Estatura y desarrollo óseo + Evidencia de bone-mashing] ⚡"	hardmaxing	"2024-05-23 17:58:25"	"2024-05-25 08:55:25"	1096	5001	49	20	1	1	216	looksmax.org		0	
/d/17876-pluma-de-plasma-como-conseguir-piel-de-bebe-mejor-area-ocular-y-mas	17876	"Pluma de Plasma: Cómo conseguir piel de bebé, Mejor área ocular y más"	hardmaxing	"2024-05-23 20:32:09"	"2026-08-11 13:02:52"	574	3406	37	19	1	1	133	looksmax.org		0	
/d/17930-deje-el-minox-oral-despues-de-un-ano-se-me-quedaron-las-ganancias-de-pestanas-y-cejas	17930	"Dejé el minox oral después de un año - ¿se me quedaron las ganancias de pestañas y cejas?"	looksmaxing	"2024-05-27 09:35:32"	"2024-08-17 02:22:56"	254	1582	27	14	1	1	48	looksmax.org		0	dosing/PED
/d/17940-cinco-tips-para-aclarar-la-piel	17940	"Cinco tips para aclarar la piel"	softmaxing	"2024-05-27 18:23:51"	"2026-01-28 19:36:41"	738	6615	48	29	1	1	171	looksmax.org		0	dosing/PED
/d/17941-guia-de-ncr-como-arreglar-la-asimetria-y-mejorar-tu-estructura-craneofacial	17941	"Guía de NCR (Cómo arreglar la asimetría y mejorar tu estructura craneofacial)"	hardmaxing	"2024-05-27 18:35:20"	"2025-04-05 00:26:58"	2320	9444	25	16	1	1	100	looksmax.org		0	
/d/17942-el-test-de-un-ojo-de-separacion-otra-forma-de-medir-el-pfl	17942	"El test de un ojo de separación - otra forma de medir el PFL."	looksmaxing	"2024-05-27 18:48:34"	"2026-08-08 10:55:39"	237	823	11	10	1	1	24	looksmax.org		0	
/d/17947-colageno-grasa-musculo-y-hueso-cuatro-cosas-que-necesitas-para-una-zona-ocular-de-chad	17947	"Colágeno, grasa, músculo y hueso: Cuatro cosas que necesitas para una zona ocular de chad"	looksmaxing	"2024-05-27 22:38:50"	"2024-06-16 16:09:04"	340	685	17	7	1	1	62	looksmax.org		0	dosing/PED
/d/17950-longevidad-y-salud-en-el-gym-gymcels-entren-aqui	17950	"Longevidad y Salud en el Gym (Gymcels ENTREN AQUÍ)"	looksmaxing	"2024-05-28 05:32:17"	"2024-11-19 17:41:48"	2015	9397	29	14	1	1	104	looksmax.org		0	dosing/PED
/d/17963-guia-para-el-neckmaxxing	17963	"Guía para el Neckmaxxing"	looksmaxing	"2024-05-28 21:09:47"	"2024-11-13 00:00:13"	614	2303	36	16	1	1	84	looksmax.org	C1277	0	
/d/17967-guia-completa-de-dickmaxingpe-entiendanlo-pequenoceles	17967	"GUÍA COMPLETA DE DICKMAXING/PE ENTIÉNDANLO PEQUEÑOCELES"	looksmaxing	"2024-05-29 01:09:10"	"2024-06-24 16:12:57"	3321	23873	49	23	1	1	98	looksmax.org		0	
/d/17974-procedimiento-correcto-de-crecimiento-oseo-guia-paso-a-paso-y-consejos	17974	"Procedimiento correcto de crecimiento óseo (Guía paso a paso y consejos)"	looksmaxing	"2024-05-29 10:36:15"	"2024-06-03 14:36:06"	484	3510	38	13	1	1	6	looksmax.org		0	dosing/PED|DIY-procedure
/d/18049-guia-basica-de-mk677	18049	"Guía Básica de Mk677"	anabolicos	"2024-05-31 17:26:28"	"2025-12-01 10:52:57"	679	9748	87	27	1	1	157	looksmax.org		0	dosing/PED
/d/18057-guia-definitiva-de-eyemaxxing-sin-cirugia	18057	"Guía Definitiva de Eyemaxxing (Sin Cirugía)"	softmaxing	"2024-05-31 21:04:58"	"2026-05-24 00:50:17"	1354	17819	75	41	1	1	501	looksmax.org		0	
/d/18066-como-ocultar-tus-cirugias	18066	"CÓMO OCULTAR TUS CIRUGÍAS"	hardmaxing	"2024-06-01 00:44:02"	"2025-08-28 02:53:21"	981	12912	91	36	1	1	58	looksmax.org		0	self-harm/hopelessness
/d/18115-neckmaxxing-la-mejor-forma-de-optimizar-las-ganancias-de-cuello-hilo-corto	18115	"[NECKMAXXING] LA MEJOR FORMA DE OPTIMIZAR LAS GANANCIAS DE CUELLO (HILO CORTO)"	looksmaxing	"2024-06-02 17:56:38"	"2026-07-16 13:41:42"	566	4644	66	23	1	1	139	looksmax.org		0	DIY-procedure
/d/18123-construye-musculo-con-esteroides-a-presupuesto-sin-paja	18123	"Construye músculo con esteroides a presupuesto sin paja"	anabolicos	"2024-06-02 19:51:31"	"2026-07-26 21:20:04"	294	3690	72	23	1	1	3	looksmax.org		0	dosing/PED
/d/18139-como-convertirte-en-un-curry-chad-ininin-como-conseguir-novia-siendo-curry-ininin	18139	"Cómo convertirte en un Curry Chad ===/=== [🇮🇳🇮🇳🇮🇳 Cómo conseguir novia siendo Curry 🇮🇳🇮🇳🇮🇳]"	looksmaxing	"2024-06-03 12:55:06"	"2026-03-31 04:14:58"	767	4083	50	24	1	1	222	looksmax.org		0	
/d/18176-la-forma-mas-simple-de-introducir-mas-calcio-a-tu-dieta	18176	"La FORMA MÁS SIMPLE de introducir más CALCIO a tu dieta."	looksmaxing	"2024-06-04 16:42:26"	"2024-06-18 21:56:11"	310	1225	23	13	1	1	38	looksmax.org		0	dosing/PED|sourcing|DIY-procedure
/d/18199-una-guia-del-estilo-de-moda-que-le-atrae-a-la-mayoria-de-las-viejas	18199	"Una guía del estilo de moda que le atrae a la mayoría de las viejas."	looksmaxing	"2024-06-05 03:26:09"	"2025-10-26 16:04:28"	1247	18089	69	31	1	1	406	looksmax.org		0	
/d/18220-como-duplicar-tus-flexiones	18220	"Cómo duplicar tus flexiones"	looksmaxing	"2024-06-05 20:32:38"	"2024-07-15 17:15:18"	294	317	4	4	1	1	4	looksmax.org		0	
/d/18225-aclarado-de-ojos-parte-2	18225	"Aclarado de ojos parte 2"	softmaxing	"2024-06-05 22:28:50"	"2024-11-27 18:40:34"	146	2466	70	23	1	1	135	looksmax.org		0	DIY-procedure
/d/18238-mejor-metodo-fucking-para-perder-peso	18238	"MEJOR MÉTODO FUCKING PARA PERDER PESO"	looksmaxing	"2024-06-06 08:12:30"	"2024-08-20 05:33:37"	178	1168	21	11	0	0	0	looksmax.org		0	dosing/PED|sourcing
/d/18272-si-eres-un-subhumano-y-horrendo-aqui-esta-lo-que-debes-hacer	18272	"Si eres un subhumano y horrendo aquí está lo que debes hacer..."	looksmaxing	"2024-06-07 13:22:16"	"2024-06-07 15:51:59"	604	668	5	3	1	1	29	looksmax.org		0	
/d/18298-guia-de-sleepmaxxing	18298	"Guía de Sleepmaxxing"	looksmaxing	"2024-06-08 09:34:57"	"2026-01-05 10:34:52"	612	2076	16	11	1	1	32	looksmax.org	C339	0	
/d/18317-guia-de-crecimiento-hacia-adelante	18317	"Guía de crecimiento hacia adelante"	hardmaxing	"2024-06-08 21:57:58"	"2024-07-01 12:28:23"	73	358	17	8	1	1	11	looksmax.org		0	
/d/18321-como-aumentar-la-densidad-osea-guia-completa-bonecells-gtfih	18321	"CÓMO AUMENTAR LA DENSIDAD ÓSEA GUÍA COMPLETA, BONECELLS GTFIH"	looksmaxing	"2024-06-09 00:17:55"	"2025-01-03 21:31:14"	553	2215	26	19	1	1	58	looksmax.org		0	
/d/18358-encontre-una-manera-de-eliminar-todos-los-puntos-negrosfilamentos-sebaceos-en-5-minutos	18358	"Encontré una manera de eliminar todos los puntos negros/filamentos sebáceos en 5 minutos"	softmaxing	"2024-06-10 07:48:31"	"2026-01-27 16:07:46"	86	767	13	6	1	1	12	looksmax.org		0	
/d/18384-una-guia-para-tomar-furosemida-la-pildora-de-pomulos-huecos	18384	"Una guía para tomar furosemida: la píldora de pómulos huecos"	looksmaxing	"2024-06-10 19:02:27"	"2026-03-20 21:51:53"	2021	21896	69	57	1	1	229	looksmax.org		0	
/d/18402-como-aumentar-la-testosterona-pasos-basicos	18402	"Cómo aumentar la testosterona (pasos básicos)"	anabolicos	"2024-06-11 08:52:23"	"2024-06-11 09:28:13"	263	898	20	8	1	1	16	looksmax.org		0	dosing/PED
/d/18419-todo-se-trata-de-las-cejas-contemplaciones-del-softmax	18419	"¿Todo se trata de las cejas? contemplaciones del softmax."	softmaxing	"2024-06-11 18:49:54"	"2024-06-12 04:54:50"	252	1603	20	13	1	1	30	looksmax.org		0	
/d/18420-no-te-hagas-cuernudo-tomando-drogas-recetadas-excepto-trt	18420	"No te hagas cuernudo tomando drogas recetadas (excepto TRT)"	anabolicos	"2024-06-11 19:02:26"	"2024-06-13 20:04:09"	192	1132	18	8	1	1	6	looksmax.org		0	dosing/PED
/d/18442-como-arreglar-los-ojos-vagosasimetricos	18442	"¿Cómo arreglar los Ojos Vagos/Asimétricos?"	looksmaxing	"2024-06-12 12:47:08"	"2024-09-06 17:58:39"	355	1610	19	13	1	1	76	looksmax.org		0	
/d/18509-guia-de-gyatt-desbloquea-tu-maximo-potencial-de-gyatt-gyattcels-gtfih	18509	"GUÍA DE GYATT (DESBLOQUEA TU MÁXIMO POTENCIAL DE GYATT) GYATTCELS GTFIH"	looksmaxing	"2024-06-14 16:15:49"	"2024-11-05 19:28:50"	166	484	8	8	1	1	55	looksmax.org		0	
/d/18513-la-guia-definitiva-para-psicopatassociopatas-para-pasar-desapercibidos	18513	"La Guía Definitiva para Psicópatas/Sociópatas para Pasar Desapercibidos"	looksmaxing	"2024-06-14 17:58:14"	"2024-10-04 15:31:05"	282	2057	22	16	0	1	3	looksmax.org		0	
/d/18514-guia-de-hgh-maxxing-natural	18514	"GUÍA DE HGH MAXXING NATURAL"	anabolicos	"2024-06-14 18:42:00"	"2024-07-21 17:03:42"	365	3263	30	13	1	1	44	looksmax.org		0	dosing/PED
/d/18518-guia-de-thyroid-maxxing	18518	"Guía de Thyroid Maxxing"	looksmaxing	"2024-06-14 21:43:08"	"2024-11-08 22:29:35"	471	857	22	11	1	1	6	looksmax.org		0	
/d/18528-por-que-y-como-tomarte-autorretratos-diarios-todos-entren-aqui-botb-hilo-de-envio-vip	18528	"Por qué y cómo tomarte autorretratos diarios (TODOS ENTREN AQUÍ) (¿BOTB?) (hilo de envío VIP)"	softmaxing	"2024-06-15 03:06:25"	"2024-07-06 22:42:18"	1314	2987	23	14	1	1	96	looksmax.org		0	dosing/PED|DIY-procedure
/d/18529-como-cambiar-tu-canthal-tilt-uue-y-pfl-botb-hilo-de-envio-vip	18529	"Cómo cambiar tu Canthal Tilt, UUE, y PFL 🍯🐝 (BOTB?) (HILO DE ENVÍO VIP)"	softmaxing	"2024-06-15 04:18:23"	"2025-01-03 19:52:12"	1715	29835	86	62	1	1	378	looksmax.org		0	
/d/18538-aumenta-tu-aura-en-10000-dejando-menos-huella-digital-publica	18538	"Aumenta tu aura en 10,000+ dejando menos huella digital pública"	looksmaxing	"2024-06-15 10:09:04"	"2024-06-24 06:58:23"	635	1434	11	11	0	0	0	looksmax.org		0	
/d/18541-deshincha-rapido-con-cloruro-de-potasio	18541	"Deshincha rápido con CLORURO DE POTASIO"	looksmaxing	"2024-06-15 10:57:31"	"2024-08-21 07:10:31"	84	337	11	8	0	0	0	looksmax.org		0	dosing/PED
/d/18543-la-guia-definitiva-de-proteinas-de-crecimiento-esta-guia-te-ensenara-lo-que-necesitas-para-crecer-mas-alto	18543	"La Guía Definitiva de Proteínas de Crecimiento - Esta Guía Te Enseñará Lo Que Necesitas Para Crecer Más Alto"	peptides	"2024-06-15 11:57:26"	"2024-06-18 09:36:22"	1198	3664	62	13	1	1	3	looksmax.org		0	dosing/PED
/d/18545-un-cambio-de-juego-para-liftcels	18545	"Un cambio de juego para liftcels"	softmaxing	"2024-06-15 15:51:03"	"2024-07-04 22:57:39"	58	895	30	14	1	1	9	looksmax.org		0	
/d/18557-gtfih-como-ascender-para-los-curry-bhais-parte-2	18557	"GTFIH CÓMO ASCENDER PARA LOS CURRY BHAIS PARTE 2"	looksmaxing	"2024-06-15 21:55:21"	"2024-07-20 20:26:15"	1102	8090	45	17	1	1	170	looksmax.org		0	sourcing
/d/18566-la-herramienta-antienvejecimiento-mas-barata-con-resultados-de-nivel-clinico-microneedling-la-mejor-guia-para-la-piel-a-fondo-con-prueba-cientifica	18566	"LA HERRAMIENTA ANTIENVEJECIMIENTO MÁS BARATA CON RESULTADOS DE NIVEL CLÍNICO :MICRONEEDLING LA MEJOR GUÍA PARA LA PIEL A FONDO CON PRUEBA CIENTÍFICA"	softmaxing	"2024-06-16 11:59:45"	"2025-04-09 01:20:57"	652	1844	28	14	0	1	18	looksmax.org		0	dosing/PED|DIY-procedure
/d/18607-como-aumentar-la-tasa-metabolica-basal-con-chalecos-de-peso	18607	"CÓMO AUMENTAR LA TASA METABÓLICA BASAL CON CHALECOS DE PESO"	looksmaxing	"2024-06-17 16:12:09"	"2024-06-17 20:37:04"	146	1073	15	6	1	1	17	looksmax.org		0	
/d/18640-como-un-habitante-del-sotano-puede-vivir-una-vida-de-mogger	18640	"Cómo un habitante del sótano puede vivir una vida de mogger"	looksmaxing	"2024-06-18 20:48:47"	"2024-06-19 13:56:36"	119	1079	37	9	1	1	12	looksmax.org		0	dosing/PED
/d/18658-como-perder-grasa-peso-segun-el-enfoque-pro-metabolico-de-ray-peat	18658	"Cómo perder GRASA / PESO según el enfoque Pro metabólico de Ray Peat"	looksmaxing	"2024-06-19 17:21:50"	"2024-07-09 20:20:41"	584	617	5	4	1	1	6	looksmax.org		0	sourcing
/d/18661-optimizando-la-parte-mentalsocial-de-las-citas-no-desperdices-tu-prime-lanzate-guia-por-manana	18661	"Optimizando la parte mental/social de las citas; No desperdices tu prime, lánzate: Guía por Manana"	looksmaxing	"2024-06-19 19:36:42"	"2024-12-04 22:08:54"	1869	12088	22	19	1	1	84	looksmax.org		0	
/d/18749-como-hacer-auramaxx	18749	"Cómo hacer Auramaxx"	looksmaxing	"2024-06-22 14:51:09"	"2024-07-08 22:12:43"	480	3790	41	18	1	1	4	looksmax.org		0	
/d/18782-mi-teoria-sobre-la-correlacion-del-sprint-con-el-crecimiento-de-la-mandibula-investigacion-adicional	18782	"mi teoría sobre la correlación del sprint con el crecimiento de la mandíbula + investigación adicional"	softmaxing	"2024-06-23 16:18:56"	"2024-08-29 13:07:16"	1187	6409	27	18	1	1	42	looksmax.org		0	
/d/18872-como-no-crecer-mas-alto	18872	"¡Cómo no crecer más alto!"	anabolicos	"2024-06-26 05:59:03"	"2024-09-24 18:00:08"	1962	13925	56	22	1	1	214	looksmax.org		0	dosing/PED
/d/18884-como-y-por-que-el-crecimiento-aumenta-durante-la-pubertad	18884	"Cómo y por qué el crecimiento aumenta durante la pubertad"	looksmaxing	"2024-06-26 12:25:52"	"2025-12-12 16:24:30"	3919	17767	80	16	1	1	304	looksmax.org		0	
/d/18897-puedes-hacer-alargamiento-de-piernas-por-menos-de-5000-gtfih	18897	"Puedes hacer alargamiento de piernas por menos de $5,000 (GTFIH)"	hardmaxing	"2024-06-26 19:34:45"	"2024-08-17 20:56:21"	66	692	19	13	1	1	45	looksmax.org		0	
/d/18930-crece-tus-cejas-naturalmente	18930	"Crece tus cejas naturalmente"	softmaxing	"2024-06-27 14:19:32"	"2024-07-04 20:59:50"	840	1059	15	9	1	1	25	looksmax.org		0	
/d/18954-todos-los-softmaxxes-para-los-ojos-gtfih	18954	"TODOS LOS SOFTMAXXES PARA LOS OJOS GTFIH"	softmaxing	"2024-06-28 08:59:59"	"2025-12-20 14:44:23"	284	7929	98	30	1	1	943	looksmax.org		0	
/d/18963-la-guia-definitiva-de-seis-personalidades-masculinas-de-hombres-modernos-explicadas-lo-que-cada-tipo-aporta-a-la-mesa	18963	"La Guía Definitiva de Seis Personalidades Masculinas de Hombres Modernos Explicadas: (Lo Que Cada Tipo Aporta a la Mesa)"	looksmaxing	"2024-06-28 14:52:22"	"2024-06-28 20:22:26"	422	1752	27	16	1	1	40	looksmax.org		0	
/d/18965-cual-es-tu-valor-como-ser-humano-como-saber-de-verdad-si-ya-se-acabo	18965	"¿Cuál es tu valor como ser humano? (Cómo saber de verdad si ya se acabó)"	looksmaxing	"2024-06-28 17:07:43"	"2025-03-16 01:11:37"	576	1932	12	9	1	1	62	looksmax.org		0	
/d/18984-como-coger-sin-dejarla-embarazada-a-prueba-de-errores	18984	"Cómo coger sin dejarla embarazada (a prueba de errores)"	looksmaxing	"2024-06-29 09:26:15"	"2024-07-22 18:45:24"	211	1036	20	13	1	1	2	looksmax.org		0	
/d/19008-exito-en-hinge-consejos	19008	"Éxito en Hinge + Consejos"	looksmaxing	"2024-06-30 09:33:21"	"2024-07-24 05:12:42"	904	5682	44	21	1	1	14	looksmax.org		0	
/d/19017-dominando-el-cortisol-la-hormona-del-estres-del-cuerpo	19017	"Dominando el Cortisol: La Hormona del Estrés del Cuerpo"	anabolicos	"2024-06-30 14:59:27"	"2024-11-23 17:49:39"	1772	13436	37	19	1	1	644	looksmax.org		0	dosing/PED
/d/19032-bodyfat-grafico-definitivo-de-porcentaje-de-grasa-corporal-hilo-cortogymcels-gtfih	19032	"[BODYFAT] GRÁFICO DEFINITIVO DE PORCENTAJE DE GRASA CORPORAL (HILO CORTO/GYMCELS GTFIH)"	looksmaxing	"2024-07-01 07:50:04"	"2024-07-01 16:25:46"	42	723	13	7	1	1	16	looksmax.org		0	
/d/19046-escala-de-calificacion-mas-precisa-2024-looksmax	19046	"ESCALA DE CALIFICACIÓN MÁS PRECISA 2024 looksmax."	looksmaxing	"2024-07-01 17:48:14"	"2024-07-02 01:52:13"	10	2250	85	20	1	1	109	looksmax.org		0	
/d/19110-cuidado-de-la-piel-sin-joder-tus-hormonas	19110	"Cuidado de la piel SIN joder tus hormonas"	softmaxing	"2024-07-03 21:57:51"	"2024-07-24 12:08:55"	280	766	12	8	0	1	12	looksmax.org		0	sourcing
/d/19127-el-mejor-y-mas-facil-softmax-que-arregla-tus-mandibulas-guia-de-masticacion-correcta-como-ninguna-otra	19127	"el mejor y más fácil softmax que arregla tus mandíbulas (guía de masticación correcta como ninguna otra)"	softmaxing	"2024-07-04 11:08:09"	"2024-08-28 09:17:22"	324	1881	40	19	1	1	52	looksmax.org		0	
/d/19162-guia-para-roidmaxxers-para-ascender-duro	19162	"Guía para roidmaxxers para ascender duro"	anabolicos	"2024-07-05 09:28:42"	"2024-08-01 16:52:23"	356	782	12	8	0	0	0	looksmax.org		0	dosing/PED
/d/19164-pdrn-guia-anti-envejecimiento-gtfih	19164	"PDRN (GUÍA) (ANTI-ENVEJECIMIENTO) (GTFIH)"	hardmaxing	"2024-07-05 10:04:04"	"2025-01-13 22:52:22"	153	2208	44	9	1	1	108	looksmax.org		0	dosing/PED
/d/19166-deja-el-porno-y-la-chaqueta-en-2-semanas-facil-nofap	19166	"DEJA EL PORNO Y LA CHAQUETA EN 2 SEMANAS FÁCIL | nofap"	looksmaxing	"2024-07-05 11:39:20"	"2025-03-27 17:36:44"	664	3452	39	23	1	1	17	looksmax.org		0	DIY-procedure
/d/19176-exosomas-guia-anti-edad-gtfih	19176	"EXOSOMAS (GUÍA) (ANTI-EDAD) (GTFIH)"	hardmaxing	"2024-07-05 20:29:14"	"2024-07-08 07:29:42"	365	1330	17	7	1	1	83	looksmax.org		0	dosing/PED
/d/19184-creando-un-marco-de-trabajo-para-la-ascension	19184	"Creando un marco de trabajo para la ascensión"	looksmaxing	"2024-07-06 07:25:39"	"2025-01-29 05:25:08"	705	1923	23	17	1	1	97	looksmax.org		0	
/d/19210-ayuno-seco-maximiza-tu-perdida-de-grasa	19210	"Ayuno Seco (Maximiza tu pérdida de grasa)"	looksmaxing	"2024-07-07 04:38:13"	"2024-08-01 04:17:54"	490	1712	15	9	1	1	8	looksmax.org		0	dosing/PED
/d/19211-rutina-coreana-de-piel-de-cristal-en-9-pasos	19211	"RUTINA COREANA DE PIEL DE CRISTAL EN 9 PASOS"	softmaxing	"2024-07-07 04:59:20"	"2024-07-07 20:04:08"	449	1154	13	12	1	1	5	looksmax.org		0	
/d/19225-bronceado-101	19225	"Bronceado 101"	softmaxing	"2024-07-07 21:01:59"	"2024-07-17 21:57:32"	455	3750	51	18	1	1	60	looksmax.org		0	dosing/PED|DIY-procedure
/d/19268-crudo-vs-pasteurizado	19268	"Crudo vs Pasteurizado"	looksmaxing	"2024-07-09 04:01:53"	"2025-03-31 07:07:23"	468	3148	33	17	1	1	70	looksmax.org		0	sourcing
/d/19278-como-convertirse-en-un-eunuco	19278	"Cómo Convertirse en un Eunuco"	hardmaxing	"2024-07-09 14:28:12"	"2024-07-10 11:26:05"	463	1310	17	7	1	1	8	looksmax.org		0	dosing/PED|self-harm/hopelessness
/d/19317-hilo-completo-sobre-la-importancia-del-area-ocular	19317	"HILO COMPLETO SOBRE LA IMPORTANCIA DEL ÁREA OCULAR"	looksmaxing	"2024-07-10 15:47:29"	"2024-11-10 14:25:40"	1294	1998	34	22	1	1	44	looksmax.org		0	
/d/19326-como-hacer-barras-de-proteina	19326	"Cómo hacer barras de proteína."	looksmaxing	"2024-07-10 19:14:50"	"2026-01-19 19:59:11"	337	2117	39	23	1	1	159	looksmax.org		0	
/d/19336-guia-de-como-peinar-cabello-lacio-asiatico-1ahaircels-gtfih	19336	"GUÍA DE CÓMO PEINAR CABELLO LACIO ASIÁTICO [1AHAIRCELS GTFIH]"	softmaxing	"2024-07-11 02:22:45"	"2024-07-14 13:00:16"	188	1253	33	10	1	1	20	looksmax.org		0	
/d/19347-guia-de-fashionmaxxing-de-atractivo-sexual	19347	"Guía de fashionmaxxing de atractivo sexual"	softmaxing	"2024-07-11 11:55:08"	"2024-07-16 20:47:07"	919	3054	37	18	1	1	156	looksmax.org		0	
/d/19438-explicando-la-importancia-de-la-juventud-y-el-colageno-y-como-maximizar-la-juventud-con-chat-gpt	19438	"Explicando la importancia de la juventud y el colágeno y cómo maximizar la juventud con CHAT GPT"	softmaxing	"2024-07-13 14:24:56"	"2024-07-16 23:21:33"	2368	6392	16	10	1	1	68	looksmax.org		0	
/d/19578-como-creci-3-pulgadas-mas-de-mi-estatura-predicha-con-una-condicion-autoinmune	19578	"Cómo crecí 3 pulgadas más de mi estatura predicha (con una condición autoinmune)"	looksmaxing	"2024-07-16 19:34:45"	"2025-09-23 19:26:29"	1075	6044	56	24	1	1	70	looksmax.org		0	dosing/PED
/d/19587-que-tan-raro-es-cada-rating-de-looks-usando-matematicas-para-determinar-cuanto-mogueas-parte-1	19587	"¿Qué tan raro es cada rating de looks? Usando matemáticas para determinar cuánto mogueas (Parte 1)"	looksmaxing	"2024-07-16 21:55:32"	"2024-07-16 23:25:35"	408	1773	25	8	1	1	48	looksmax.org		0	sourcing
/d/19611-como-determinar-la-posicion-de-tus-pomulos-y-por-que-el-concepto-de-pomulos-altos-es-estupido	19611	"Cómo determinar la posición de tus pómulos, y por qué el concepto de 'pómulos altos' es estúpido."	looksmaxing	"2024-07-17 13:12:56"	"2026-01-31 11:57:07"	425	4695	74	34	1	1	271	looksmax.org		0	
/d/19616-guia-completa-y-rutina-de-entrenamiento-hibrido-incluyendo-zonas-de-frecuencia-cardiaca-y-notas-del-coach	19616	"GUÍA COMPLETA Y RUTINA DE ENTRENAMIENTO HÍBRIDO (incluyendo zonas de frecuencia cardíaca y notas del coach)"	looksmaxing	"2024-07-17 14:57:52"	"2024-08-07 14:12:41"	897	992	7	5	1	1	2	looksmax.org		0	
/d/19656-guia-de-fraude-de-altura-imo	19656	"Guía de Fraude de Altura IMO"	looksmaxing	"2024-07-18 17:09:42"	"2024-09-02 19:43:55"	154	1594	36	12	1	1	8	looksmax.org		0	
/d/19679-como-garantizar-dormir-boca-arriba-asymetricels-gtfih	19679	"Cómo garantizar dormir boca arriba (asymetrícels GTFIH)"	softmaxing	"2024-07-18 22:59:40"	"2024-08-03 04:25:08"	83	1111	29	20	1	1	4	looksmax.org		0	
/d/19686-el-gran-reinicio-intestinal-guia-de-salud-intestinal	19686	"El Gran Reinicio Intestinal (Guía de salud intestinal)"	looksmaxing	"2024-07-19 07:41:11"	"2024-07-20 07:37:22"	1180	3302	11	7	1	1	14	looksmax.org		0	
/d/19727-guia-definitiva-de-altura-para-adolescentes	19727	"guía definitiva de altura para adolescentes"	looksmaxing	"2024-07-20 06:02:13"	"2026-06-27 10:55:09"	1192	13942	57	33	1	1	336	looksmax.org		0	
/d/19760-guia-definitiva-de-relojes	19760	"Guía definitiva de relojes"	softmaxing	"2024-07-20 21:41:22"	"2024-08-17 18:48:48"	341	854	20	16	1	1	9	looksmax.org		0	
/d/19763-bodypill-se-trata-de-esos-3-parametros	19763	"Bodypill se trata de esos 3 parámetros"	looksmaxing	"2024-07-20 22:42:02"	"2024-07-22 06:45:39"	149	650	14	9	1	1	10	looksmax.org		0	
/d/19766-guia-de-aromasin-guia-de-inhibidores-de-aromatasa	19766	"GUÍA DE AROMASIN, (Guía de inhibidores de aromatasa)"	anabolicos	"2024-07-21 00:04:53"	"2026-03-01 16:28:58"	522	1686	18	11	1	1	5	looksmax.org		0	dosing/PED|self-harm/hopelessness
/d/19804-mejores-paises-para-geomaxxing	19804	"Mejores países para Geomaxxing"	looksmaxing	"2024-07-21 20:22:08"	"2024-10-22 02:47:33"	1324	25372	93	44	1	1	220	looksmax.org		0	
/d/19836-la-verdad-sobre-el-fashionmaxxing	19836	"La verdad sobre el fashionmaxxing"	softmaxing	"2024-07-22 17:28:20"	"2024-08-13 16:47:17"	255	1660	39	13	1	1	186	looksmax.org		0	
/d/19856-como-ser-gracioso-guia-unfunnycels-vengan-o-algo	19856	"Cómo ser gracioso (guía, unfunnycels vengan o algo)"	looksmaxing	"2024-07-22 23:52:24"	"2025-07-26 06:44:26"	183	2194	29	20	1	1	4	looksmax.org		0	
/d/19858-el-crecimiento-de-la-clavicula-explicado	19858	"EL CRECIMIENTO DE LA CLAVÍCULA EXPLICADO"	hardmaxing	"2024-07-23 00:43:17"	"2025-12-13 19:54:01"	248	997	39	19	1	1	52	looksmax.org		0	
/d/19915-como-tener-rizz-la-primera-vez-que-le-escribes-a-una-chica	19915	"Cómo tener rizz la primera vez que le escribes a una chica"	looksmaxing	"2024-07-24 06:00:55"	"2024-07-24 16:47:40"	123	1373	34	9	1	1	5	looksmax.org		0	
/d/19926-bb-cream-maxxing	19926	"BB Cream Maxxing 🧴"	softmaxing	"2024-07-24 11:21:55"	"2024-08-06 16:38:28"	337	1372	18	10	1	1	53	looksmax.org		0	
/d/19928-como-ganar-15kg-33lb-de-masa-de-calidad-en-8-semanas	19928	"Cómo ganar 15KG (33lb) de masa de calidad en 8 semanas"	looksmaxing	"2024-07-24 12:54:32"	"2025-03-20 04:54:40"	1904	14596	89	28	1	1	14	looksmax.org		0	dosing/PED|sourcing
/d/19971-como-coger-siendo-un-normie-parte-1	19971	"CÓMO COGER SIENDO UN NORMIE PARTE - 1"	looksmaxing	"2024-07-25 14:47:26"	"2024-08-12 03:50:21"	1089	3507	21	19	1	1	130	looksmax.org		0	
/d/20020-entrena-como-mentzer-una-guia-completa-de-gymmaxxing-sin-demasiado-esfuerzo	20020	"ENTRENA COMO MENTZER (una guía completa de gymmaxxing sin demasiado esfuerzo)"	looksmaxing	"2024-07-26 19:57:45"	"2024-12-20 11:57:29"	272	2171	13	10	0	0	0	looksmax.org		0	dosing/PED
/d/20026-como-me-deshice-de-mi-psoriasis-psoriasis-cels-entren-aqui	20026	"Cómo me deshice de mi psoriasis (PSORIASIS CELS ENTREN AQUÍ)"	softmaxing	"2024-07-26 21:45:10"	"2024-09-27 02:06:01"	511	1270	9	5	1	1	71	looksmax.org		0	
/d/20084-metodo-insano-para-bajar-cortisol-y-aumentar-testosterona-gtfih-boneless-ethnics-manlets-sub6s-framelets-y-rotters	20084	"Método Insano Para Bajar CORTISOL y Aumentar TESTOSTERONA | GTFIH Boneless, Ethnics, Manlets, sub6s, framelets y rotters."	looksmaxing	"2024-07-28 18:08:29"	"2024-07-29 02:13:47"	85	816	22	10	1	1	26	looksmax.org		0	dosing/PED
/d/20088-guia-definitiva-para-una-coloracion-optima-de-piel-y-cabello	20088	"Guía definitiva para una COLORACIÓN óptima de piel y cabello :"	softmaxing	"2024-07-28 20:59:30"	"2024-07-29 18:22:47"	355	1031	10	6	0	0	0	looksmax.org		0	dosing/PED
/d/20112-como-arreglar-los-remolinos	20112	"Cómo Arreglar Los Remolinos."	softmaxing	"2024-07-29 15:33:29"	"2024-09-16 09:07:36"	180	1311	29	15	1	1	62	looksmax.org		0	
/d/20118-por-que-el-philips-oneblade-mogs-guia-de-como-usarlo	20118	"Por qué el Philips OneBlade MOGS + Guía de Cómo Usarlo"	softmaxing	"2024-07-29 20:06:23"	"2024-08-28 21:13:21"	399	1211	17	12	1	1	2	looksmax.org		0	
/d/20173-estetica-masculina-ideal-para-el-appeal	20173	"ESTÉTICA MASCULINA IDEAL PARA EL APPEAL"	looksmaxing	"2024-07-30 23:41:17"	"2024-11-23 07:46:16"	188	1373	37	28	1	1	105	looksmax.org		0	
/d/20177-utilizando-farmacos-otc-1-meclozinameclizina	20177	"\"Utilizando\" fármacos OTC 1: Meclozina/Meclizina"	looksmaxing	"2024-07-31 01:20:05"	"2024-11-10 19:28:29"	670	1900	16	11	1	1	41	looksmax.org		0	
/d/20239-la-guia-definitiva-de-nosemaxxing	20239	"LA GUÍA DEFINITIVA DE NOSEMAXXING"	softmaxing	"2024-08-01 03:46:14"	"2024-12-04 21:09:41"	680	1559	17	15	1	1	20	looksmax.org		0	dosing/PED
/d/20247-como-hacer-aceite-de-dht-cruza-la-barrera-hematoencefalica	20247	"Cómo hacer aceite de DHT - (Cruza la barrera hematoencefálica)"	anabolicos	"2024-08-01 11:52:52"	"2024-09-10 15:06:47"	184	1470	21	10	0	0	0	looksmax.org		0	dosing/PED
/d/20272-analizando-por-que-la-cara-de-at-albinomaxxer-es-ltn-en-video-y-tutorial-sobre-como-analizar-pomulos	20272	"¡Analizando por qué la cara de @AlbinoMaxxer es LTN en VIDEO y TUTORIAL sobre cómo analizar PÓMULOS!!!"	looksmaxing	"2024-08-02 01:07:06"	"2024-08-02 20:46:05"	106	739	26	18	1	1	18	looksmax.org		0	
/d/20273-guia-de-bass-revelada-thread-ultra-gtfih	20273	"Guía de Bass REVELADA, thread ultra GTFIH"	looksmaxing	"2024-08-02 01:38:46"	"2025-08-02 10:59:13"	4946	103158	79	63	1	1	511	looksmax.org		0	
/d/20294-tier-list-de-musculos	20294	"Tier list de músculos"	looksmaxing	"2024-08-02 11:39:12"	"2024-08-14 12:06:22"	761	3482	24	14	1	1	214	looksmax.org		0	
/d/20315-metodo-jawad-mega-guia-completa-de-looksmaxxing	20315	"Método Jawad (mega guía completa de looksmaxxing)"	looksmaxing	"2024-08-02 21:19:24"	"2025-06-23 14:03:47"	3616	37111	50	36	1	1	44	looksmax.org		0	dosing/PED
/d/20319-guia-de-heightmaxxing-para-richcells	20319	"GUÍA DE HEIGHTMAXXING (para richcells)"	peptides	"2024-08-02 21:37:50"	"2025-01-19 19:55:42"	843	5596	12	12	0	0	0	looksmax.org		0	dosing/PED
/d/20358-como-lograr-un-afeitado-suave-como-trasero-de-bebe-bbs-a-la-primera-cada-vez-guia-suprema	20358	"Cómo Lograr un Afeitado Suave como Trasero de Bebé (BBS) a la Primera Cada Vez - Guía Suprema"	softmaxing	"2024-08-03 15:59:40"	"2025-08-28 14:47:48"	1898	9645	24	21	1	1	233	looksmax.org		0	dosing/PED
/d/20371-guia-simple-de-heightfraud-manlets-gtfih-tallcels-gtfo	20371	"Guía Simple de Heightfraud (Manlets GTFIH, Tallcels GTFO)"	looksmaxing	"2024-08-04 03:24:59"	"2024-10-03 00:39:41"	528	4198	43	19	1	1	42	looksmax.org		0	
/d/20434-guia-de-jelqing	20434	"Guía de jelqing"	looksmaxing	"2024-08-05 11:10:44"	"2024-08-05 15:12:02"	75	1591	30	9	0	0	0	looksmax.org		0	
/d/20493-todo-lo-que-necesitas-saber-sobre-la-isotretinoina-lo-mas-corto-posible	20493	"todo lo que necesitas saber sobre la isotretinoína (lo más corto posible)"	softmaxing	"2024-08-06 21:42:34"	"2026-02-28 07:41:53"	690	1633	10	4	0	0	0	looksmax.org		0	dosing/PED|sourcing
/d/20545-rutina-pre-evento-deshinchazon-demencial	20545	"RUTINA PRE-EVENTO (DESHINCHAZÓN DEMENCIAL)"	softmaxing	"2024-08-07 22:25:33"	"2025-05-25 20:06:02"	249	3176	49	23	1	1	2	looksmax.org		0	
/d/20571-guia-de-higiene-y-anti-estrogenos	20571	"Guía de higiene y anti-estrógenos"	anabolicos	"2024-08-08 17:00:08"	"2024-09-24 13:47:57"	521	1935	26	10	1	1	4	looksmax.org		0	
/d/20578-como-realmente-conseguir-follarla	20578	"CÓMO REALMENTE CONSEGUIR FOLLARLA 💏"	looksmaxing	"2024-08-08 19:57:01"	"2024-08-23 20:11:54"	308	1009	30	18	1	1	17	looksmax.org		0	DIY-procedure
/d/20646-como-acumular-100-slaycount-siendo-htn-en-la-vida-real	20646	"Cómo acumular 100+ slaycount siendo HTN+ en la vida real"	looksmaxing	"2024-08-10 13:33:52"	"2024-08-16 17:12:36"	78	1270	37	25	1	1	12	looksmax.org		0	
/d/20651-por-que-tu-cara-se-ve-tan-triste-decaida-retardada-simplemente-y-como-arreglarlo-con-higiene-basica-a-menos-que-estes-geneticamente-jodido	20651	"Por qué tu cara se ve tan triste, decaída, retardada simplemente y cómo arreglarlo con higiene básica (a menos que estés genéticamente jodido)"	softmaxing	"2024-08-10 17:01:53"	"2024-09-08 05:33:46"	468	2855	17	9	1	1	2	looksmax.org		0	dosing/PED|self-harm/hopelessness
/d/20700-revierte-por-completo-la-asimetria-extrema-de-la-mandibula-en-menos-de-1-mes-con-pruebas	20700	"Revierte por completo la asimetría extrema de la mandíbula en menos de 1 mes (con pruebas)."	softmaxing	"2024-08-11 18:36:22"	"2026-06-09 10:53:20"	162	3844	86	37	1	1	150	looksmax.org		0	
/d/20710-construyendo-un-perfil-de-instagram-atractivo-guia-de-instagrammaxxing	20710	"CONSTRUYENDO UN PERFIL DE INSTAGRAM ATRACTIVO (GUÍA DE INSTAGRAMMAXXING)"	looksmaxing	"2024-08-11 23:34:42"	"2026-06-24 21:35:03"	1098	9972	40	28	1	1	108	looksmax.org		0	
/d/20717-aumentar-la-estatura-despues-de-los-18-21-analisis	20717	"Aumentar la estatura después de los 18-21 (Análisis)"	looksmaxing	"2024-08-12 06:13:37"	"2024-11-14 00:35:46"	892	9387	57	28	1	1	42	looksmax.org		0	dosing/PED|DIY-procedure
/d/20753-guia-definitiva-de-voicemaxxing-todos-entren-aqui	20753	"GUÍA DEFINITIVA DE VOICEMAXXING - todos ENTREN AQUÍ"	looksmaxing	"2024-08-12 23:20:29"	"2025-11-24 18:37:04"	1468	10802	47	20	1	1	117	looksmax.org		0	dosing/PED
/d/20767-como-ser-un-influencer-fake-natty	20767	"Cómo ser un influencer fake natty"	looksmaxing	"2024-08-13 05:54:29"	"2024-11-07 22:31:27"	813	4080	26	12	0	0	0	looksmax.org		0	dosing/PED
/d/20781-un-estudio-dice-que-las-personas-que-siguen-una-dieta-a-base-de-plantas-tienen-mas-testosterona-que-los-comedores-de-carne-guia-de-testosterone-maxxing-a-base-de-plantas	20781	"Un estudio dice que las personas que siguen una dieta a base de plantas tienen más testosterona que los comedores de carne [GUÍA DE TESTOSTERONE MAXXING A BASE DE PLANTAS]"	looksmaxing	"2024-08-13 10:01:41"	"2024-08-18 02:00:34"	49	749	20	16	1	1	34	looksmax.org		0	dosing/PED
/d/20791-la-santa-triada-para-conseguir-sexo-y-relaciones	20791	"La Santa Tríada para conseguir sexo y relaciones"	looksmaxing	"2024-08-13 13:48:22"	"2025-05-13 01:08:07"	688	9541	69	38	1	1	4	looksmax.org		0	
/d/20821-el-metodo-igf-1-como-maximizar-tu-igf-1-de-forma-natural-para-crecer-mas-alto	20821	"El Método IGF-1: Cómo Maximizar tu IGF-1 de Forma Natural para Crecer Más Alto"	anabolicos	"2024-08-13 23:34:25"	"2024-08-29 14:03:51"	734	4867	24	16	1	1	110	looksmax.org		0	dosing/PED|sourcing
/d/20842-como-conseguir-las-mejores-ganancias-de-tu-vida-lo-antes-posible-guia	20842	"Cómo conseguir las mejores ganancias de tu vida LO ANTES POSIBLE (Guía)"	looksmaxing	"2024-08-14 16:59:57"	"2024-09-25 18:41:37"	644	7139	26	16	1	1	22	looksmax.org		0	dosing/PED
/d/20856-guia-completa-del-cuidado-de-la-piel-coreano	20856	"Guía Completa del Cuidado de la Piel Coreano"	softmaxing	"2024-08-14 20:46:24"	"2024-08-19 02:18:42"	884	5554	56	23	1	1	35	looksmax.org		0	
/d/20861-como-microdosificar-finasterida-con-dosificacion-liquida-volumetrica-es-muy-facil	20861	"Cómo microdosificar finasterida con dosificación líquida volumétrica (es muy fácil)"	looksmaxing	"2024-08-14 22:57:26"	"2024-09-27 16:19:29"	244	2907	38	12	1	1	154	looksmax.org		0	dosing/PED|self-harm/hopelessness
/d/20866-reinicio-de-salud-intestinal	20866	"Reinicio de Salud Intestinal"	looksmaxing	"2024-08-15 00:24:24"	"2024-09-17 17:27:45"	406	1585	28	10	1	1	8	looksmax.org		0	dosing/PED
/d/20889-guia-facil-de-ligues-rectos-en-grindr	20889	"Guía fácil de ligues RECTOS en Grindr"	looksmaxing	"2024-08-15 14:25:22"	"2024-08-30 13:58:05"	520	3637	31	17	1	1	30	looksmax.org		0	
/d/20912-como-medir-correctamente-las-proporciones-faciales-en-mm	20912	"Cómo medir correctamente las proporciones faciales en mm"	looksmaxing	"2024-08-15 20:41:41"	"2025-09-11 19:39:16"	323	526	7	6	1	1	19	looksmax.org		0	
/d/20944-como-calcular-tu-estatura-final-sin-hacerte-radiografias-de-las-placas-de-crecimiento	20944	"Cómo calcular tu estatura final sin hacerte radiografías de las placas de crecimiento"	looksmaxing	"2024-08-16 13:37:20"	"2025-01-20 05:54:12"	859	3025	36	19	1	1	14	looksmax.org		0	dosing/PED
/d/20956-lista-de-cosas-que-aumentan-el-cortisol	20956	"Lista de cosas que aumentan el cortisol"	looksmaxing	"2024-08-16 17:59:36"	"2024-11-18 12:35:37"	51	764	35	20	1	1	95	looksmax.org		0	
/d/20961-puta-madre-la-mejor-forma-de-reducir-el-tamano-de-tu-nariz-sin-cirugia	20961	"PUTA MADRE LA MEJOR FORMA DE REDUCIR EL TAMAÑO DE TU NARIZ SIN CIRUGÍA"	hardmaxing	"2024-08-16 18:39:14"	"2026-06-26 08:30:50"	278	6545	85	42	1	1	52	looksmax.org		0	dosing/PED
/d/20979-como-ascendi-guia-de-pubertymaxxing	20979	"Cómo ascendí (guía de pubertymaxxing)"	looksmaxing	"2024-08-17 06:03:38"	"2024-09-13 17:20:43"	490	3244	33	16	1	1	93	looksmax.org		0	dosing/PED
/d/20980-el-puente-nasal-es-la-clave-de-la-estetica-nasal-nosecels-gtfih	20980	"El puente nasal es la CLAVE de la estética nasal (NOSECELS GTFIH)"	looksmaxing	"2024-08-17 06:21:31"	"2025-12-22 19:06:09"	121	1341	34	21	1	1	80	looksmax.org		0	DIY-procedure
/d/20996-por-que-no-estas-cholesterol-maxxing	20996	"¿Por qué no estás cholesterol maxxing?"	looksmaxing	"2024-08-17 14:55:59"	"2024-08-17 18:54:32"	129	438	13	6	0	0	0	looksmax.org		0	dosing/PED
/d/21027-aspectos-claveimportantes-para-heightfraudear-con-alzas-correctamente	21027	"Aspectos clave/importantes para heightfraudear con alzas correctamente"	looksmaxing	"2024-08-18 04:48:10"	"2025-09-03 16:59:10"	919	6158	22	11	1	1	68	looksmax.org		0	
/d/21066-guia-de-gymcelling	21066	"Guía de Gymcelling"	looksmaxing	"2024-08-18 22:03:44"	"2024-10-10 21:25:10"	1487	13787	57	26	1	1	166	looksmax.org		0	
/d/21096-guia-de-maxxing-de-ereccion-del-pene-como-nunca-lidiar-con-sintomas-de-disfuncion-erectil-y-potencialmente-ganar-tamano	21096	"Guía de maxxing de erección del pene: Cómo nunca lidiar con síntomas de disfunción eréctil, y POTENCIALMENTE ganar tamaño"	looksmaxing	"2024-08-19 10:05:12"	"2024-10-24 18:12:21"	1269	5226	14	11	1	1	148	looksmax.org		0	dosing/PED|sourcing
/d/21119-pestanas-largas-y-su-importancia-en-el-atractivo-del-area-ocular	21119	"Pestañas largas, y su importancia en el atractivo del área ocular"	softmaxing	"2024-08-19 19:29:59"	"2024-08-19 20:38:48"	738	3810	17	16	1	1	73	looksmax.org		0	
/d/21122-haz-tu-propia-feruladispositivo-para-ensanchar-la-boca	21122	"HAZ TU PROPIA FÉRULA/DISPOSITIVO PARA ENSANCHAR LA BOCA"	hardmaxing	"2024-08-19 20:57:08"	"2025-05-19 20:19:18"	505	2560	43	15	1	1	81	looksmax.org		0	
/d/21167-muelas-del-juicio-todo-lo-que-necesitas-saber	21167	"MUELAS DEL JUICIO | TODO LO QUE NECESITAS SABER"	hardmaxing	"2024-08-20 18:22:15"	"2026-04-11 23:27:59"	992	7534	46	30	1	1	131	looksmax.org		0	
/d/21177-guia-definitiva-de-simetria-como-arreglar-la-asimetria-y-por-que-es-esencial-para-el-looksmaxing	21177	"Guía Definitiva de Simetría: Cómo Arreglar la Asimetría y Por Qué es ESENCIAL Para el Looksmaxing"	looksmaxing	"2024-08-20 21:25:48"	"2025-07-14 11:51:00"	1194	10268	48	28	1	1	369	looksmax.org		0	
/d/21182-guia-sobre-como-mitigar-riesgos-cardiacos-con-aas-esteroides	21182	"Guía sobre cómo mitigar riesgos cardíacos con AAS (esteroides)"	anabolicos	"2024-08-20 23:06:32"	"2024-08-30 00:14:34"	192	1007	10	2	0	0	0	looksmax.org		0	dosing/PED
/d/21200-guia-definitiva-para-aclarar-los-ojos-como-aclarar-el-color-de-ojos-por-que-es-esencial-para-el-looksmaxing	21200	"Guía Definitiva para Aclarar los Ojos: Cómo Aclarar el Color de Ojos & Por Qué es ESENCIAL Para el Looksmaxing"	softmaxing	"2024-08-21 09:08:19"	"2024-11-26 12:55:20"	952	4819	24	14	1	1	247	looksmax.org		0	
/d/21208-confidencemaxxing-guia-para-vencer-la-ansiedad-socialtimidezalta-inhibicion	21208	"Confidencemaxxing. Guía para vencer la ansiedad social/timidez/alta inhibición"	looksmaxing	"2024-08-21 12:06:42"	"2024-08-26 10:52:04"	886	2932	14	12	0	1	6	looksmax.org		0	dosing/PED
/d/21225-deshincharse-rapido	21225	"Deshincharse rápido"	softmaxing	"2024-08-21 19:54:17"	"2024-09-15 03:38:58"	127	1313	31	18	1	1	7	looksmax.org		0	
/d/21272-revelando-tu-estructura-osea-la-guia-definitiva-para-superar-la-hinchazon	21272	"Revelando Tu Estructura Ósea: La Guía Definitiva para Superar la Hinchazón"	looksmaxing	"2024-08-22 17:24:38"	"2026-01-13 16:10:16"	1040	7225	28	20	1	1	338	looksmax.org		0	
/d/21300-por-que-envejeces-glicosilacion-y-ages-asesinos-insidiosos-de-tu-cuerpo	21300	"Por Qué Envejeces: Glicosilación y A.G.E.s - Asesinos Insidiosos de Tu Cuerpo"	looksmaxing	"2024-08-23 00:06:32"	"2024-10-16 23:57:29"	2038	13269	54	26	1	1	618	looksmax.org		0	sourcing
/d/21320-como-mejorar-la-forma-de-tu-nariz-sin-una-cirugia	21320	"Cómo mejorar la forma de tu nariz sin una cirugía"	softmaxing	"2024-08-23 12:51:31"	"2024-10-20 19:03:22"	324	3907	69	18	1	1	151	looksmax.org		0	DIY-procedure
/d/21347-subir-de-peso-la-manera-facil	21347	"Subir de peso: La manera fácil"	looksmaxing	"2024-08-24 00:29:34"	"2024-10-20 18:18:10"	854	2611	12	11	0	1	9	looksmax.org		0	dosing/PED
/d/21374-guia-para-entender-mejor-a-las-mujeres-como-tus-relaciones-interpersonales-influyen-en-la-atraccion	21374	"Guía para Entender Mejor a las Mujeres: Cómo tus relaciones interpersonales influyen en la atracción"	looksmaxing	"2024-08-24 14:13:00"	"2024-10-03 03:07:29"	1599	12905	25	14	1	1	92	looksmax.org		0	
/d/21408-por-que-importa-la-pigmentacion-como-optimizar-tu-coloracion	21408	"Por Qué Importa la Pigmentación: Cómo Optimizar Tu Coloración"	looksmaxing	"2024-08-25 00:25:16"	"2026-05-12 08:09:28"	2013	18261	51	32	1	1	1550	looksmax.org		0	
/d/21431-deja-de-ciclar-esteroides-blast-cruise	21431	"Deja de ciclar esteroides, blast & cruise"	anabolicos	"2024-08-25 10:57:09"	"2024-08-30 17:42:17"	238	2107	27	17	1	1	10	looksmax.org		0	dosing/PED
/d/21434-como-realmente-aumentar-tu-testosterona-de-forma-natural	21434	"Cómo REALMENTE aumentar tu testosterona DE FORMA NATURAL"	anabolicos	"2024-08-25 11:52:09"	"2024-09-08 16:45:51"	309	1537	28	18	1	1	2	looksmax.org		0	dosing/PED|sourcing
/d/21439-guia-de-melanotan-2-para-maxear-tu-coloracion-palecels-gtfih	21439	"Guía de Melanotan 2 para MAXear tu Coloración (Palecels GTFIH)"	peptides	"2024-08-25 13:51:16"	"2025-11-17 22:11:40"	951	5831	74	24	1	1	143	looksmax.org		0	dosing/PED
/d/21473-piel-impecable-la-guia-definitiva-para-un-cutis-saludable	21473	"Piel Impecable: La Guía Definitiva para un Cutis Saludable"	softmaxing	"2024-08-26 00:00:02"	"2026-05-23 17:09:37"	1861	11105	37	21	1	1	586	looksmax.org		0	
/d/21482-guia-de-squintmaxxing	21482	"GUÍA DE SQUINTMAXXING"	looksmaxing	"2024-08-26 03:09:14"	"2024-09-20 14:42:24"	161	1010	19	8	1	1	56	looksmax.org		0	
/d/21484-los-mejores-entrenamientos-de-antebrazos	21484	"Los mejores entrenamientos de antebrazos"	looksmaxing	"2024-08-26 03:33:47"	"2024-08-26 03:33:47"	147	147	0	1	0	0	0	looksmax.org		1	
/d/21486-guia-de-entrenamiento-del-cuello	21486	"Guía de Entrenamiento del Cuello"	looksmaxing	"2024-08-26 03:52:53"	"2024-08-31 07:25:59"	128	867	22	12	1	1	37	looksmax.org		0	
/d/21490-guia-para-deshinchar	21490	"GUÍA PARA DESHINCHAR"	softmaxing	"2024-08-26 06:06:28"	"2024-09-15 03:40:23"	410	2070	25	16	1	1	23	looksmax.org		0	
/d/21491-guia-completa-de-como-salir-de-la-vida-incel-y-ser-mejor-que-un-chad-100-garantizado	21491	"GUÍA COMPLETA DE CÓMO SALIR DE LA VIDA INCEL Y SER MEJOR QUE UN CHAD (100 % GARANTIZADO)"	looksmaxing	"2024-08-26 06:07:58"	"2024-09-16 15:22:42"	617	2605	21	14	1	1	8	looksmax.org		0	dosing/PED|DIY-procedure
/d/21540-mini-guia-de-diureticosdesinflamarse	21540	"Mini guía de diuréticos/desinflamarse"	softmaxing	"2024-08-27 01:42:11"	"2024-09-04 20:23:31"	294	1041	23	10	1	1	7	looksmax.org		0	
/d/21546-regulacion-epigenetica-dirigida-a-la-osteogenesis-controlar-el-crecimiento-del-craneo	21546	"Regulación epigenética dirigida a la osteogénesis (Controlar el crecimiento del cráneo)"	anabolicos	"2024-08-27 05:34:19"	"2025-06-05 05:11:43"	291	4279	57	20	1	1	21	looksmax.org		0	dosing/PED
/d/21547-la-conexion-entre-salud-y-belleza-una-guia-completa	21547	"La Conexión Entre Salud y Belleza: Una Guía Completa"	looksmaxing	"2024-08-27 06:11:13"	"2025-08-28 07:14:56"	3123	10092	43	15	1	1	212	looksmax.org		0	
/d/21549-mi-rutina-basica-para-los-labios-delgadolabios-gtfih	21549	"Mi rutina básica para los labios; delgadolabios GTFIH"	softmaxing	"2024-08-27 06:26:19"	"2024-09-11 13:10:57"	274	1243	20	11	1	1	13	looksmax.org		0	dosing/PED|self-harm/hopelessness
/d/21552-descubre-cuanta-t-tienes-sin-un-analisis-de-sangreguia-completa	21552	"DESCUBRE CUÁNTA T TIENES SIN UN ANÁLISIS DE SANGRE(GUÍA COMPLETA)"	looksmaxing	"2024-08-27 07:22:03"	"2024-11-23 06:26:25"	644	4595	44	15	1	1	140	looksmax.org		0	dosing/PED
/d/21571-megathread-definitivo-con-la-lista-de-cada-metodo-hormonal-fisico-y-psicologico-de-testosteronemaxxing-que-funciona-sigo-agregando	21571	"MEGATHREAD DEFINITIVO CON LA LISTA DE CADA MÉTODO HORMONAL FÍSICO Y PSICOLÓGICO DE TESTOSTERONEMAXXING QUE FUNCIONA (SIGO AGREGANDO)"	anabolicos	"2024-08-27 15:52:43"	"2024-10-01 22:37:24"	411	1586	32	9	1	1	33	looksmax.org		0	dosing/PED
/d/21623-riesgo-de-usar-hgh	21623	"RIESGO DE USAR HGH"	anabolicos	"2024-08-28 12:02:40"	"2024-09-10 01:36:30"	643	819	14	9	1	1	2	looksmax.org		0	dosing/PED
/d/21629-lista-de-excusas-que-puedes-usar-para-explicar-cirugias-fraudes	21629	"Lista De Excusas Que Puedes Usar Para Explicar Cirugías/ Fraudes"	looksmaxing	"2024-08-28 15:20:19"	"2026-07-09 21:05:15"	871	4618	27	15	1	1	16	looksmax.org		0	
/d/21635-elasticos-con-brackets	21635	"Elásticos con brackets"	softmaxing	"2024-08-28 17:16:34"	"2024-09-28 13:34:41"	222	903	20	10	1	1	8	looksmax.org		0	
/d/21668-metodo-super-asesino-de-poros-como-deshacerte-de-los-filamentos-sebaceos-viejo-metodo-de-lookism	21668	"Método Súper Asesino de Poros: Cómo Deshacerte de los Filamentos Sebáceos (viejo método de lookism)"	softmaxing	"2024-08-29 12:12:50"	"2025-03-13 01:52:52"	686	734	11	6	1	1	8	looksmax.org		0	
/d/21674-una-guia-sobre-el-ojo-vago-por-que-es-crucial-para-el-looksmax-y-como-arreglarlo	21674	"Una guía sobre el Ojo Vago, Por qué es Crucial para el Looksmax, y Cómo Arreglarlo."	softmaxing	"2024-08-29 14:31:10"	"2026-01-26 16:45:38"	629	3265	27	17	1	1	108	looksmax.org		0	
/d/21741-forma-facil-y-precisa-de-predecir-la-altura-en-la-edad-adulta-menores-de-16cels-gtfih	21741	"Forma fácil y PRECISA de Predecir la Altura en la Edad Adulta (menores de 16cels GTFIH)"	looksmaxing	"2024-08-30 14:37:49"	"2024-09-18 00:05:26"	305	2672	48	15	1	1	20	looksmax.org		0	
/d/21843-como-el-ayuno-aumentara-la-hormona-del-crecimiento	21843	"Cómo el ayuno aumentará la hormona del crecimiento"	looksmaxing	"2024-09-01 08:43:12"	"2024-12-25 14:44:00"	253	1292	18	16	1	1	8	looksmax.org		0	dosing/PED|sourcing
/d/21845-por-el-amor-de-dios-no-comas-comida-grasosa-antes-de-tu-entrenamiento-la-razon-cientifica	21845	"Por el amor de Dios no comas comida grasosa antes de tu entrenamiento (la razón científica)"	looksmaxing	"2024-09-01 08:50:09"	"2024-09-08 11:22:32"	106	329	8	8	0	0	0	looksmax.org		0	
/d/21880-guia-pequena-y-rapida-de-como-hacer-una-subcision-en-casa	21880	"guía pequeña y rápida de cómo hacer una subcisión en casa."	hardmaxing	"2024-09-01 22:00:04"	"2025-04-10 20:04:49"	229	3125	50	21	1	1	143	looksmax.org		0	DIY-procedure
/d/21891-guia-completa-de-ascension-estudios-pronto	21891	"GUÍA COMPLETA DE ASCENSIÓN [Estudios Pronto]"	looksmaxing	"2024-09-02 04:31:11"	"2024-09-26 08:34:53"	826	4566	16	12	0	0	0	looksmax.org		0	dosing/PED
/d/21907-senales-de-que-eres-un-gymcel	21907	"Señales de que eres un Gymcel"	looksmaxing	"2024-09-02 10:35:25"	"2024-10-24 15:50:55"	346	3405	56	21	1	1	10	looksmax.org		0	dosing/PED
/d/21911-5x-mas-hgh-sin-inyecciones	21911	"5x más HGH sin INYECCIONES"	anabolicos	"2024-09-02 12:41:14"	"2024-09-02 18:54:10"	212	867	20	9	1	1	13	looksmax.org		0	dosing/PED
/d/21934-heightmaxxing	21934	Heightmaxxing	anabolicos	"2024-09-02 18:41:18"	"2024-09-09 18:33:39"	174	931	21	11	1	1	5	looksmax.org		0	dosing/PED
/d/21947-guia-para-ser-estoico-para-personas-que-se-pudren-en-los-foros	21947	"Guía para ser Estoico (para personas que se pudren en los foros)."	looksmaxing	"2024-09-02 23:25:10"	"2024-09-03 00:27:15"	332	1334	15	8	1	1	2	looksmax.org		0	
/d/21952-como-convertirse-en-un-chad-guia-completa-de-looksmaxxing	21952	"CÓMO CONVERTIRSE EN UN CHAD (GUÍA COMPLETA DE LOOKSMAXXING)"	looksmaxing	"2024-09-03 01:14:32"	"2024-10-31 00:37:17"	3232	39916	58	47	1	1	44	looksmax.org		0	self-harm/hopelessness
/d/22000-guia-de-afeitado-en-humedo-sin-irritacion-sin-foliculitis-y-un-afeitado-al-ras	22000	"Guía de Afeitado en Húmedo: Sin Irritación, Sin Foliculitis y un Afeitado al Ras"	softmaxing	"2024-09-03 23:02:16"	"2025-09-25 06:02:36"	1182	3067	20	14	1	1	58	looksmax.org		0	
/d/22006-mi-metodo-para-desinflamar-no-solo-evitar-el-agua	22006	"Mi método para desinflamar (no solo evitar el agua)"	softmaxing	"2024-09-04 02:49:38"	"2025-01-04 20:21:40"	459	2414	22	16	0	0	0	looksmax.org		0	dosing/PED
/d/22015-como-y-cuando-fraudear-altura-a-estas-alturas	22015	"CÓMO Y CUÁNDO FRAUDEAR ALTURA - A ESTAS ALTURAS"	looksmaxing	"2024-09-04 09:33:51"	"2024-09-30 15:28:14"	427	2974	39	12	0	0	0	looksmax.org		0	
/d/22021-secreto-hilo-de-guia-de-altura	22021	"(SECRETO) Hilo de Guía de Altura"	looksmaxing	"2024-09-04 12:20:37"	"2025-08-04 02:16:39"	817	9323	68	21	1	1	877	looksmax.org		0	
/d/22032-guia-de-como-administrar-esteroidespeds-orales-te-garantizo-que-lo-estas-haciendo-mal	22032	"Guía De Cómo Administrar Esteroides/PEDs Orales (Te Garantizo Que Lo Estás Haciendo Mal)"	anabolicos	"2024-09-04 16:12:32"	"2024-09-04 22:19:55"	360	3883	60	11	1	1	25	looksmax.org		0	dosing/PED
/d/22071-como-reconocer-la-laxitud-del-parpado-inferior	22071	"Cómo reconocer la laxitud del párpado inferior"	looksmaxing	"2024-09-05 04:42:09"	"2025-03-08 19:46:23"	150	478	18	9	1	1	10	looksmax.org		0	
/d/22162-como-arreglar-el-scleral-show-inferior	22162	"Cómo arreglar el scleral show inferior"	looksmaxing	"2024-09-07 03:08:33"	"2025-03-13 09:04:55"	680	5760	66	20	1	1	206	looksmax.org		0	
/d/22176-lo-basico-para-adolescentes-teencels-aspies-entren-ya	22176	"Lo básico para adolescentes (TEENCELS, ASPIES ENTREN YA)"	looksmaxing	"2024-09-07 12:51:19"	"2024-09-21 00:44:49"	478	2866	56	18	1	1	10	looksmax.org		0	
/d/22212-guia-de-verdad-de-cold-approachpua-ama	22212	"Guía de verdad de cold approach/PUA + AMA"	looksmaxing	"2024-09-07 23:39:34"	"2025-02-02 17:25:10"	1342	22142	98	52	1	1	599	looksmax.org		0	
/d/22228-bueno-voy-a-publicar-la-rutina-para-desinflamarme-que-me-llevan-pidiendo	22228	"Bueno... voy a publicar la rutina para desinflamarme que me llevan pidiendo..."	softmaxing	"2024-09-08 10:44:29"	"2025-03-20 18:25:49"	75	2255	60	27	1	1	58	looksmax.org		0	dosing/PED
/d/22231-como-arreglar-los-hombros-desiguales	22231	"CÓMO ARREGLAR LOS HOMBROS DESIGUALES"	looksmaxing	"2024-09-08 10:51:44"	"2024-09-18 10:48:50"	1522	3026	7	5	1	1	85	looksmax.org		0	
/d/22232-asi-es-como-coges-mujeres-si-tienes-una-pija-grande-pero-cara-fea-y-no-eres-de-59	22232	"Así es cómo coges mujeres si tienes una pija grande pero cara fea y no eres de 5'9+"	looksmaxing	"2024-09-08 11:15:32"	"2024-09-12 12:54:39"	175	1315	18	14	1	1	62	looksmax.org		0	
/d/22234-como-volverte-extremadamente-popular-y-querido	22234	"Cómo volverte extremadamente popular y querido"	looksmaxing	"2024-09-08 13:21:46"	"2024-10-21 18:26:12"	979	2078	16	14	1	1	38	looksmax.org		0	
/d/22290-como-conseguir-heterocromia	22290	"Cómo conseguir heterocromía"	softmaxing	"2024-09-09 18:03:21"	"2024-09-14 20:06:00"	86	633	20	13	1	1	15	looksmax.org		0	
/d/22314-la-guia-oficial-de-las-unas-y-la-glandula-tiroides-trastornos-de-la-tiroides-y-cambios-en-las-unas	22314	"La guía oficial de las uñas y la glándula tiroides: Trastornos de la tiroides y cambios en las uñas"	looksmaxing	"2024-09-10 01:18:26"	"2026-06-19 13:03:29"	1061	7587	49	20	1	1	125	looksmax.org		0	
/d/22399-plan-de-comidas-bulking-de-6000-calorias-diarias-como-htn-de-67	22399	"Plan de comidas bulking de 6000 calorías diarias (como HTN de 6'7)"	looksmaxing	"2024-09-11 16:54:01"	"2024-09-12 03:08:31"	87	2058	35	10	1	1	16	looksmax.org		0	
/d/22453-las-cirugias-son-bien-faciles-de-conseguir-como-conseguir-bimax-o-rhino-gratis-birdcels-gtfih	22453	"Las cirugías son bien fáciles de conseguir (Cómo conseguir Bimax o Rhino gratis) Birdcels GTFIH"	hardmaxing	"2024-09-12 18:11:59"	"2026-02-28 19:00:54"	730	7248	42	23	1	1	5	looksmax.org		0	
/d/22575-proporciones-ideales-para-hombres-gtfih-greycels	22575	"Proporciones Ideales Para Hombres (Gtfih Greycels)"	looksmaxing	"2024-09-15 04:08:32"	"2025-05-13 12:52:57"	155	1337	32	16	1	1	15	looksmax.org		0	
/d/22616-rutina-de-cuidado-de-piel-para-mantener-piel-clara-y-evitar-brotes-cara	22616	"Rutina de cuidado de piel para mantener piel clara y evitar brotes (cara)"	softmaxing	"2024-09-15 21:42:02"	"2024-09-25 16:46:14"	262	1605	31	7	1	1	18	looksmax.org		0	
/d/22637-como-realmente-hablarle-al-sexo-opuesto-guia-definitiva-ropecels-gtfih	22637	"CÓMO REALMENTE HABLARLE AL SEXO OPUESTO. (GUÍA DEFINITIVA) (ROPECELS GTFIH)"	looksmaxing	"2024-09-16 03:59:58"	"2024-10-30 19:53:40"	1887	15090	29	29	1	1	106	looksmax.org		0	
/d/22711-guia-de-como-curar-o-reducir-significativamente-la-intolerancia-a-la-lactosa	22711	"Guía de cómo curar o reducir significativamente la intolerancia a la lactosa"	looksmaxing	"2024-09-17 14:19:41"	"2024-10-03 05:55:49"	876	2120	37	15	1	1	44	looksmax.org		0	
/d/22715-plan-de-entrenamiento-por-cada-musculo-con-peso-corporal-mancuerna-y-barra-de-dominadas-calistenia-y-mancuerna	22715	"Plan de entrenamiento por cada músculo (Con peso corporal, mancuerna y barra de dominadas) | Calistenia y mancuerna"	looksmaxing	"2024-09-17 15:21:18"	"2025-04-14 10:06:20"	636	717	5	5	1	1	78	looksmax.org		0	DIY-procedure
/d/22716-como-potencialmente-conseguir-ojos-mas-hundidos	22716	"Cómo potencialmente conseguir ojos más hundidos"	looksmaxing	"2024-09-17 16:16:56"	"2024-10-17 03:54:20"	380	3112	47	29	1	1	69	looksmax.org		0	DIY-procedure
/d/22772-construye-un-tremendo-culote-jugoso	22772	"CONSTRUYE UN TREMENDO CULOTE JUGOSO"	looksmaxing	"2024-09-18 19:13:40"	"2024-11-09 00:24:03"	1017	3026	21	14	1	1	83	looksmax.org		0	
/d/22778-guia-de-chatgpt-para-la-protrusion-bimaxilar-en-hombres-del-este-de-asia-bimax-protrusioncels-gtfih	22778	"Guía de ChatGpt para la protrusión bimaxilar en hombres del este de Asia (Bimax Protrusioncels GTFIH)"	hardmaxing	"2024-09-18 22:46:58"	"2025-10-11 17:21:35"	1705	3226	1	2	0	0	0	looksmax.org		0	
/d/22785-como-salir-del-estatus-khhv-si-tienes-20-25-anos-siendo-ltnmtn-estes-en-la-universidad-o-no	22785	"Cómo salir del estatus KHHV si tienes 20-25 años siendo LTN/MTN (estés en la universidad o no)"	looksmaxing	"2024-09-19 04:00:14"	"2024-12-03 00:48:58"	1235	8591	48	22	1	1	2	looksmax.org		0	
/d/22789-no-hagas-recomposicion-corporal-y-que-hacer-en-su-lugar	22789	"No hagas recomposición corporal (y qué hacer en su lugar)"	looksmaxing	"2024-09-19 05:19:34"	"2024-11-01 13:34:07"	986	4339	18	10	1	1	52	looksmax.org		0	dosing/PED
/d/22828-guia-mk677	22828	"GUÍA MK677"	anabolicos	"2024-09-20 02:00:59"	"2025-07-15 00:24:26"	296	3279	34	13	0	0	0	looksmax.org		0	dosing/PED
/d/22830-maxxing-basico-de-nt-en-redes-sociales	22830	"Maxxing básico de NT en redes sociales"	looksmaxing	"2024-09-20 02:50:19"	"2024-10-29 20:27:20"	217	1034	19	10	1	1	5	looksmax.org		0	
/d/22978-guia-definitiva-de-mascarilla-para-el-cabello	22978	"guía definitiva de mascarilla para el cabello"	softmaxing	"2024-09-22 20:38:55"	"2025-04-17 11:22:28"	462	6877	65	25	1	1	4	looksmax.org		0	DIY-procedure
/d/23000-desbloqueando-tu-sonrisa-nunca-mas-tengas-una-caries	23000	"Desbloqueando tu sonrisa: Nunca más tengas una caries"	softmaxing	"2024-09-23 08:56:12"	"2025-03-09 04:32:37"	839	2820	16	11	1	1	13	looksmax.org		0	
/d/23006-guia-de-anatomia-entiende-como-funciona-cada-musculo	23006	"Guía de anatomía: Entiende cómo funciona cada músculo"	looksmaxing	"2024-09-23 11:51:39"	"2024-09-23 15:52:54"	325	339	1	2	1	1	4	looksmax.org		0	
/d/23049-hack-de-approach-de-frio-a-calido	23049	"Hack de approach de frío a cálido"	looksmaxing	"2024-09-23 21:31:08"	"2025-04-21 20:41:49"	575	1956	20	14	1	1	2	looksmax.org		0	
/d/23090-mi-rutina-de-hamzamaxxing-parte-1	23090	"Mi rutina de Hamzamaxxing (parte 1)"	looksmaxing	"2024-09-24 21:39:54"	"2024-10-09 23:42:36"	415	1280	13	9	1	1	35	looksmax.org		0	
/d/23098-guia-sobre-como-hacer-tus-comidas-goyslop-favoritas-saludables-en-casa-bbc	23098	"guía sobre cómo hacer tus comidas goyslop favoritas saludables en casa + BBC"	looksmaxing	"2024-09-25 01:58:23"	"2024-09-25 20:47:21"	297	1298	41	12	1	1	44	looksmax.org		0	DIY-procedure
/d/23229-guia-de-looksmaxing-para-blancos-con-ojos-cafes-y-pelo-cafe-gtfih	23229	"GUÍA DE LOOKSMAXING PARA BLANCOS CON OJOS CAFÉS Y PELO CAFÉ GTFIH"	looksmaxing	"2024-09-27 23:04:43"	"2024-10-02 19:55:39"	358	1098	26	10	1	1	12	looksmax.org		0	
/d/23230-como-hacer-softmaxx-basicos	23230	"Cómo hacer softmaxx [básicos]"	softmaxing	"2024-09-27 23:13:11"	"2024-09-28 00:11:22"	293	1642	47	8	0	1	8	looksmax.org		0	dosing/PED|DIY-procedure
/d/23232-cirugias-y-que-hacen	23232	"Cirugías y qué hacen"	hardmaxing	"2024-09-27 23:21:29"	"2024-09-28 00:50:12"	2626	12593	9	6	1	1	5	looksmax.org		0	
/d/23248-como-hablar-con-chicas-funciona-con-autistas-tambien	23248	"CÓMO HABLAR CON CHICAS (FUNCIONA CON AUTISTAS TAMBIÉN)"	looksmaxing	"2024-09-28 08:21:02"	"2024-09-29 16:00:23"	133	1787	45	18	1	1	66	looksmax.org		0	
/d/23252-anquiloglosia-causa-del-crecimiento-hacia-abajo-y-la-falta-de-angularidad	23252	"Anquiloglosia: Causa del crecimiento hacia abajo y la falta de angularidad"	softmaxing	"2024-09-28 12:11:34"	"2025-07-09 13:40:35"	354	2000	14	12	1	1	65	looksmax.org		0	
/d/23289-hilo-muy-raro-sub5incel125-highiq-gymmaxxing-101	23289	"Hilo muy raro sub5incel125 Highiq. Gymmaxxing 101."	looksmaxing	"2024-09-29 02:08:01"	"2024-11-05 23:55:42"	249	986	24	7	1	1	8	looksmax.org		0	disordered-eating
/d/23321-la-importancia-de-finalizar-planes-quirurgicos-rapidamente	23321	"La importancia de finalizar planes quirúrgicos rápidamente"	hardmaxing	"2024-09-29 18:14:52"	"2024-09-30 07:41:56"	160	324	8	6	1	1	1	looksmax.org		0	
/d/23374-como-aumentar-el-apetito-a-traves-de-isrs-e-antihistaminicos	23374	"Cómo aumentar el apetito - a través de ISRS e antihistamínicos"	looksmaxing	"2024-09-30 20:41:13"	"2024-10-04 14:32:43"	1015	6625	53	25	1	1	248	looksmax.org		0	
/d/23387-hilo-de-agua-de-soft-maxes-sin-cope	23387	"Hilo de agua de soft maxes (sin cope)"	softmaxing	"2024-10-01 01:09:29"	"2024-11-03 05:17:29"	364	2576	45	11	1	1	54	looksmax.org		0	sourcing
/d/23456-guia-de-armonia-angular	23456	"Guía de Armonía Angular"	looksmaxing	"2024-10-02 16:39:44"	"2025-04-10 20:09:56"	87	616	17	9	1	1	44	looksmax.org		0	
/d/23516-complicaciones-de-bimax-trimax	23516	"Complicaciones de Bimax / Trimax"	hardmaxing	"2024-10-03 19:30:58"	"2026-06-14 16:19:27"	3692	26058	87	52	1	1	1010	looksmax.org		0	dosing/PED
/d/23527-metodo-de-pe-brutal-inhibcels-bajos-venganse-paca	23527	"Método de PE brutal. [INHIBcels BAJOS VÉNGANSE PACÁ]"	looksmaxing	"2024-10-03 23:24:59"	"2024-10-19 12:15:23"	202	2052	54	19	1	1	155	looksmax.org		0	dosing/PED
/d/23531-manipular-el-cabello-y-el-vello-facial-para-mejorar-failos	23531	"Manipular el cabello y el vello facial para mejorar failos"	softmaxing	"2024-10-04 02:11:33"	"2024-10-22 20:20:48"	426	1048	12	8	1	1	20	looksmax.org		0	
/d/23538-la-mejor-forma-de-desinflar-rapido	23538	"La mejor forma de desinflar rápido"	softmaxing	"2024-10-04 09:46:51"	"2024-10-25 10:25:40"	180	615	10	8	1	1	5	looksmax.org		0	dosing/PED
/d/23573-el-rol-de-la-fascia-en-la-estetica-facial-y-por-que-es-importante-aflojarla	23573	"El rol de la fascia en la estética facial y por qué es importante aflojarla."	looksmaxing	"2024-10-05 05:51:17"	"2026-05-27 16:07:44"	1399	5830	19	12	1	1	86	looksmax.org		0	DIY-procedure
/d/23612-como-hacer-medmaxx-para-el-verano-del-proximo-ano-guia-completa-etnicos-gtfih	23612	"Cómo hacer Medmaxx para el verano del próximo año GUÍA COMPLETA (Etnicos GTFIH)"	looksmaxing	"2024-10-06 13:30:49"	"2025-06-08 10:47:28"	1351	8971	50	17	1	1	474	looksmax.org		0	
/d/23618-deberian-probar-esta-app-gratuita-para-editar-el-rostro	23618	"Deberían probar esta app gratuita para editar el rostro"	looksmaxing	"2024-10-06 17:54:26"	"2024-10-07 11:21:46"	43	299	12	10	1	1	19	looksmax.org		0	
/d/23621-que-carajos-es-el-sindrome-de-marfans	23621	"¿Qué CARAJOS es el SÍNDROME DE MARFANS?"	looksmaxing	"2024-10-06 18:44:52"	"2026-08-07 10:59:17"	447	2063	27	8	1	1	26	looksmax.org		0	
/d/23656-los-mejores-productos-de-cuidado-de-la-piel	23656	"¡¡¡LOS MEJORES PRODUCTOS DE CUIDADO DE LA PIEL!!!"	softmaxing	"2024-10-07 16:39:42"	"2024-11-17 11:30:30"	1096	6327	33	11	1	1	148	looksmax.org		0	
/d/23761-como-bajar-tu-inhib-de-forma-natural	23761	"Cómo bajar tu inhib de forma natural"	looksmaxing	"2024-10-09 21:59:23"	"2024-10-10 06:05:17"	433	2186	22	8	1	1	5	looksmax.org		0	
/d/23777-guia-del-calostro-los-beneficios-del-oro-liquido	23777	"Guía del Calostro: Los Beneficios del Oro Líquido"	looksmaxing	"2024-10-10 05:34:03"	"2025-08-08 04:02:32"	907	5071	45	19	0	1	90	looksmax.org		0	dosing/PED|sourcing
/d/23807-como-no-arruinar-tu-vida-mientras-estes-en-pubertad-gtfih	23807	"Cómo no arruinar tu vida mientras estés en PUBERTAD (GTFIH)"	looksmaxing	"2024-10-10 19:45:24"	"2025-01-18 19:44:07"	185	4674	64	26	1	1	8	looksmax.org		0	
/d/23819-como-usar-hidrocortisona-para-que-tu-distancia-ocular-se-vea-mas-pequena-gente-de-ojos-separados-gtfih-bajo-ci-amigable	23819	"Cómo usar hidrocortisona para que tu distancia ocular se vea más pequeña (gente de ojos separados GTFIH) (BAJO CI AMIGABLE)"	softmaxing	"2024-10-11 03:19:26"	"2025-04-18 09:27:23"	165	1146	24	8	1	1	5	looksmax.org		0	
/d/23821-guia-definitiva-de-muscle-maxxing	23821	"Guía definitiva de muscle maxxing"	looksmaxing	"2024-10-11 07:18:29"	"2024-11-11 16:13:59"	907	2717	16	10	0	0	0	looksmax.org		0	dosing/PED
/d/23867-nt-como-actuar-completamente-como-un-normie	23867	"NT: Cómo Actuar Completamente Como un Normie"	looksmaxing	"2024-10-12 07:42:42"	"2024-11-16 02:12:55"	935	13146	66	49	1	1	65	looksmax.org		0	
/d/23912-guia-de-ll-enanos-entren	23912	"Guía de LL enanos entren"	hardmaxing	"2024-10-13 08:22:49"	"2025-01-08 21:16:55"	786	3656	43	15	1	1	30	looksmax.org		0	
/d/23946-como-aumentar-tu-peso-de-bench-en-20lbs-en-3-semanasprograma-smolov-jr-bench	23946	"CÓMO AUMENTAR TU PESO DE BENCH EN 20LBS EN 3 SEMANAS.(Programa Smolov Jr Bench)"	looksmaxing	"2024-10-14 01:09:42"	"2024-10-21 23:08:01"	202	880	19	6	0	1	6	looksmax.org		0	
/d/23961-el-unico-consejo-verdadero-de-looksmaxxing-despues-de-5-anos-de-looksmaxxing	23961	"El único consejo verdadero de looksmaxxing después de 5 años de looksmaxxing"	looksmaxing	"2024-10-14 15:58:39"	"2024-11-03 16:29:44"	85	706	16	14	1	1	2	looksmax.org		0	DIY-procedure
/d/24056-todo-lo-que-aprendi-en-este-sitio-parte-2	24056	"Todo lo que aprendí en este sitio (Parte 2)"	looksmaxing	"2024-10-16 21:42:15"	"2026-01-06 15:50:00"	9711	57234	32	24	1	1	1485	looksmax.org		0	
/d/24079-todo-lo-que-aprendi-en-este-sitio-parte-1-actualizado	24079	"Todo lo que aprendí en este sitio (Parte 1 Actualizado)"	looksmaxing	"2024-10-17 08:43:15"	"2026-02-26 02:06:06"	14850	72275	31	22	1	1	1571	looksmax.org		0	
/d/24120-inhibmaxx-subestimado	24120	"INHIBMAXX SUBESTIMADO"	looksmaxing	"2024-10-18 08:42:09"	"2024-10-18 14:40:42"	193	396	14	8	0	0	0	looksmax.org		0	
/d/24133-como-medir-el-crecimiento-anterior-de-la-maxila	24133	"CÓMO: MEDIR EL CRECIMIENTO ANTERIOR DE LA MAXILA"	looksmaxing	"2024-10-18 15:40:57"	"2026-03-07 17:45:22"	127	402	14	4	1	1	5	looksmax.org		0	
/d/24153-consejo-nt-camina-y-habla-lentamente	24153	"Consejo NT: camina y habla LENTAMENTE"	looksmaxing	"2024-10-18 22:56:57"	"2026-07-18 12:18:24"	85	860	18	13	1	1	5	looksmax.org		0	
/d/24158-como-exigir-respeto-de-mujeres-y-otros-hombres-guia-alfa	24158	"Cómo exigir respeto de mujeres y otros hombres (GUÍA ALFA)"	looksmaxing	"2024-10-19 01:20:24"	"2024-11-04 12:45:09"	398	1697	15	15	1	1	4	looksmax.org		0	
/d/24195-todos-los-softmax-que-existen-entren-ya-antes-de-la-cirugia	24195	"Todos los softmax que existen (entren ya antes de la cirugía)"	softmaxing	"2024-10-19 23:02:29"	"2024-12-08 14:57:39"	455	1624	28	16	1	1	2	looksmax.org		0	dosing/PED|DIY-procedure
/d/24207-si-eres-etnico-en-occidente-esconde-tu-origen-procedencia-lo-mas-posible-con-las-mujeres	24207	"Si eres étnico en Occidente esconde tu origen / procedencia lo más posible con las mujeres"	looksmaxing	"2024-10-20 07:55:44"	"2024-11-17 17:24:20"	365	7889	83	39	1	1	44	looksmax.org		0	
/d/24216-la-guia-completa-de-looksmaxxing-para-el-normalfag-4-7	24216	"La guía completa de LOOKSMAXXING para el normalfag 4-7"	looksmaxing	"2024-10-20 13:33:23"	"2025-03-18 15:58:14"	2662	2815	12	9	0	1	21	looksmax.org		0	
/d/24235-como-eliminar-la-hinchazon-facial-3-horas-antes-de-la-escuela-mejor-guia	24235	"cómo eliminar la hinchazón facial 3 horas antes de la escuela (MEJOR GUÍA)"	softmaxing	"2024-10-20 19:26:13"	"2024-10-22 15:55:39"	217	1448	31	17	0	1	9	looksmax.org		0	dosing/PED
/d/24287-guia-definitiva-sobre-como-tu-dieta-afecta-tu-crecimiento	24287	"Guía definitiva sobre cómo tu dieta afecta tu crecimiento"	looksmaxing	"2024-10-21 17:24:35"	"2024-10-21 17:27:29"	128	185	4	3	1	1	18	looksmax.org		0	sourcing
/d/24310-como-empezar-a-slayear-siendo-un-mentalcel	24310	"Cómo empezar a slayear siendo un mentalcel"	looksmaxing	"2024-10-21 23:35:45"	"2024-11-29 02:58:23"	1694	12259	46	24	1	1	4	looksmax.org		0	dosing/PED|DIY-procedure
/d/24311-algunos-beneficios-del-sol	24311	"Algunos beneficios del sol"	looksmaxing	"2024-10-22 00:02:03"	"2024-10-22 19:24:21"	354	1488	26	9	1	1	10	looksmax.org		0	dosing/PED
/d/24326-guia-rapida-de-nofap	24326	"Guía rápida de NoFap"	looksmaxing	"2024-10-22 10:50:45"	"2024-11-08 10:05:56"	153	903	22	15	0	0	0	looksmax.org		0	
/d/24335-el-metodo-de-snapchat-para-ligar-chicas-con-fotos	24335	"El Método de Snapchat para ligar chicas (con fotos)"	looksmaxing	"2024-10-22 15:41:07"	"2025-08-14 07:23:41"	203	1539	23	17	1	1	28	looksmax.org		0	
/d/24420-fraudmaxxing-tu-altura-alcanzando-tu-maximo-potencial	24420	"Fraudmaxxing tu Altura: Alcanzando tu Máximo Potencial"	looksmaxing	"2024-10-24 21:06:21"	"2024-10-30 11:06:43"	598	2058	10	7	1	1	16	looksmax.org		0	
/d/24434-todos-los-beneficios-del-nofap-que-puedo-pensar	24434	"Todos los beneficios del nofap que puedo pensar:"	looksmaxing	"2024-10-25 09:04:28"	"2024-11-30 02:52:00"	127	819	20	12	1	1	12	looksmax.org		0	dosing/PED
/d/24503-guia-definitiva-de-prettyboy-maxxing-appealmaxxing	24503	"Guía Definitiva de Prettyboy Maxxing (AppealMaxxing)"	looksmaxing	"2024-10-26 22:09:42"	"2025-09-06 12:22:20"	976	4850	19	15	1	1	20	looksmax.org		0	dosing/PED
/d/24525-todos-los-metodos-para-escapar-del-inceldom	24525	"Todos los métodos para escapar del inceldom"	looksmaxing	"2024-10-27 09:15:26"	"2024-12-11 23:36:35"	959	2330	20	18	0	0	0	looksmax.org		0	
/d/24540-una-guia-sobre-pied-ed-flatline-y-tips-de-como-arreglarlo	24540	"Una Guía sobre PIED / ED / Flatline y tips de cómo arreglarlo."	looksmaxing	"2024-10-27 19:09:14"	"2026-02-27 06:10:21"	1753	1951	31	10	0	1	6	looksmax.org		0	dosing/PED
/d/24633-guia-definitiva-para-tener-una-idea-de-como-entrenar-sin-perder-el-tiempo-basada-en-la-ciencia	24633	"Guía definitiva para tener una idea de cómo entrenar sin perder el tiempo (BASADA EN LA CIENCIA)"	looksmaxing	"2024-10-29 21:31:11"	"2025-11-04 19:06:42"	1550	10599	33	12	1	1	184	looksmax.org		0	dosing/PED
/d/24641-guia-framemax-high-iq	24641	"GUÍA FRAMEMAX HIGH IQ"	looksmaxing	"2024-10-30 07:36:21"	"2025-01-02 23:01:41"	843	4993	24	17	1	1	206	looksmax.org		0	
/d/24694-celulas-nasales-gtfih-pequeno-consejo-para-una-nariz-mas-definida	24694	"CÉLULAS NASALES GTFIH: Pequeño consejo para una nariz más definida"	softmaxing	"2024-10-31 11:38:49"	"2024-11-01 21:51:26"	77	1163	42	11	1	1	5	looksmax.org		0	dosing/PED
/d/24703-softmaxxing-guia-para-el-desarrollo-mandibular	24703	"[SOFTMAXXING] Guía para el Desarrollo Mandibular"	softmaxing	"2024-10-31 16:03:36"	"2026-04-11 23:33:41"	1839	6860	23	18	1	1	172	looksmax.org		0	dosing/PED
/d/24777-manipula-perras-convierte-putas-o-chicas-normales-en-amas-de-casa	24777	"Manipula perras, convierte putas o chicas normales en amas de casa."	looksmaxing	"2024-11-02 02:12:22"	"2025-05-09 14:45:20"	1321	6912	17	13	1	1	5	looksmax.org		0	
/d/24790-asi-es-como-programaria-un-ul-split-solo-con-mancuernas	24790	"Así es como programaría un U/L split solo con mancuernas"	looksmaxing	"2024-11-02 16:13:32"	"2024-11-02 16:14:56"	97	132	3	2	0	0	0	looksmax.org		0	
/d/24791-la-guia-definitiva-de-dream-maxxing-y-evitando-pesadillas	24791	"La Guía Definitiva de Dream Maxxing y Evitando Pesadillas"	softmaxing	"2024-11-02 16:56:32"	"2024-12-29 01:38:50"	2323	9244	23	14	1	1	168	looksmax.org		0	dosing/PED
/d/24798-guia-de-dickmaxxing-excluyendo-clamping-y-bombas	24798	"Guía de Dickmaxxing [Excluyendo Clamping y Bombas]"	looksmaxing	"2024-11-02 18:37:29"	"2024-11-03 01:22:34"	917	1144	16	11	1	1	22	looksmax.org		0	
/d/24818-la-unica-guia-de-dickmax-que-necesitas	24818	"La única guía de dickmax que necesitas"	looksmaxing	"2024-11-03 01:36:24"	"2025-10-21 13:11:57"	89	923	18	10	1	1	4	looksmax.org		0	
/d/24825-rutina-de-movilidad-personal	24825	"Rutina de Movilidad PERSONAL ⚜️"	looksmaxing	"2024-11-03 08:23:22"	"2024-11-03 17:02:02"	513	1257	21	10	1	1	5	looksmax.org		0	dosing/PED
/d/24900-rutina-full-body-optima	24900	"RUTINA FULL BODY ÓPTIMA"	looksmaxing	"2024-11-04 17:34:09"	"2025-04-22 23:21:25"	471	5434	49	22	0	1	4	looksmax.org		0	dosing/PED
/d/24925-como-mantener-una-dieta-y-no-fallar-esta-vez	24925	"CÓMO MANTENER UNA DIETA Y NO FALLAR ESTA VEZ"	looksmaxing	"2024-11-05 05:28:34"	"2024-11-05 05:31:02"	318	332	1	1	0	0	0	looksmax.org		0	
/d/25015-el-hilo-definitivo-de-softmax-gtfihhh	25015	"El hilo definitivo de softmax GTFIHHH"	softmaxing	"2024-11-07 17:32:44"	"2025-10-25 14:25:32"	1121	8933	30	14	1	1	172	looksmax.org		0	disordered-eating
/d/25054-guia-practica-de-greypillers-para-fraudear-el-craneo-de-cacahuate	25054	"Guía práctica de greypillers para fraudear el cráneo de cacahuate"	looksmaxing	"2024-11-08 18:27:51"	"2024-12-24 11:03:41"	638	8305	62	19	1	1	521	looksmax.org		0	
/d/25063-como-ligar	25063	"Cómo ligar"	looksmaxing	"2024-11-08 19:44:07"	"2024-12-20 03:37:32"	479	5997	35	16	0	0	0	looksmax.org		0	
/d/25065-como-ser-un-bad-boy	25065	"Cómo ser un bad boy"	looksmaxing	"2024-11-08 20:03:57"	"2024-12-10 13:49:35"	303	715	13	12	0	0	0	looksmax.org		0	
/d/25111-megathread-de-skincare-lookism	25111	"MEGATHREAD DE SKINCARE (LOOKISM)"	softmaxing	"2024-11-09 17:53:17"	"2024-11-10 19:58:10"	390	4208	21	8	1	1	4	looksmax.org		0	dosing/PED
/d/25149-voicemaxxing-guia-a-fondo-para-alcanzar-97-hz	25149	"Voicemaxxing: Guía a fondo para alcanzar 97 hz"	looksmaxing	"2024-11-10 12:41:17"	"2025-05-24 18:40:22"	1139	8227	52	21	1	1	247	looksmax.org		0	dosing/PED|sourcing
/d/25232-la-hidrocortisona-para-la-nariz-si-funciona	25232	"La Hidrocortisona para la nariz sí funciona"	softmaxing	"2024-11-12 08:55:15"	"2025-10-15 20:29:23"	188	1020	20	17	1	1	16	looksmax.org		0	
/d/25254-guia-facil-de-colageno	25254	"Guía fácil de colágeno"	looksmaxing	"2024-11-12 22:47:01"	"2025-01-07 10:17:08"	275	2197	35	19	0	0	0	looksmax.org		0	dosing/PED|sourcing|DIY-procedure
/d/25261-desglose-completo-de-indicadores-de-interes-ioi-estas-alucinando-o-en-contacto-con-la-realidad	25261	"Desglose completo de indicadores de interés (IOI). ¿Estás alucinando o en contacto con la realidad?"	looksmaxing	"2024-11-13 01:07:57"	"2024-11-21 01:35:04"	460	2819	16	12	1	1	2	looksmax.org		0	
/d/25358-como-no-ser-odiado	25358	"Cómo no ser odiado"	looksmaxing	"2024-11-15 18:54:39"	"2025-12-24 05:27:45"	714	8213	90	37	1	1	61	looksmax.org		0	
/d/25366-nueva-tecnica-de-looksmax-zygomaxx	25366	"¿Nueva técnica de looksmax? (zygomaxx)‼️"	looksmaxing	"2024-11-15 20:25:25"	"2024-12-08 05:47:35"	84	486	11	7	1	1	8	looksmax.org		0	
/d/25378-como-prevenir-hinchazon-mientras-haces-bulkingen-un-ciclo-aas-acuoso-las-mejores-y-las-mas-faciles-y-las-formas-mas-efectivas	25378	"Cómo prevenir hinchazón mientras haces bulking/en un ciclo AAS acuoso (LAS MEJORES Y LAS MÁS FÁCILES Y LAS FORMAS MÁS EFECTIVAS)"	anabolicos	"2024-11-16 01:41:11"	"2024-11-28 21:16:45"	277	1216	18	9	1	1	2	looksmax.org		0	dosing/PED
/d/25389-bueno-voy-a-publicar-mi-rutina-natural-para-profundizar-la-voz-que-me-han-estado-pidiendo	25389	"Bueno... voy a publicar mi rutina natural para profundizar la voz que me han estado pidiendo..."	looksmaxing	"2024-11-16 11:53:40"	"2024-11-17 15:04:22"	84	1108	39	13	1	1	27	looksmax.org		0	dosing/PED
/d/25403-crees-que-tienes-lineas-de-sonrisa-piensalo-de-nuevo	25403	"¿Crees que tienes líneas de sonrisa? Piénsalo de nuevo"	softmaxing	"2024-11-16 16:46:20"	"2024-11-17 01:54:50"	267	631	16	10	1	1	7	looksmax.org		0	
/d/25466-todo-sobre-los-procedimientos-para-cambiar-el-color-de-ojos	25466	"Todo sobre los procedimientos para cambiar el color de ojos"	hardmaxing	"2024-11-18 00:15:15"	"2026-08-10 13:06:43"	853	5613	39	16	1	1	70	looksmax.org		0	dosing/PED
/d/25508-como-aniquilar-la-ansiedad-social-con-imaos-una-guia-practica	25508	"Cómo aniquilar la ansiedad social con IMAOs: Una guía práctica"	looksmaxing	"2024-11-18 20:00:19"	"2026-03-09 11:57:39"	859	1310	22	19	1	1	28	looksmax.org		0	dosing/PED|sourcing
/d/25555-una-lista-completa-de-tips-y-trucos-sociales	25555	"Una lista completa de tips y trucos sociales"	looksmaxing	"2024-11-20 01:52:11"	"2025-01-15 06:41:04"	1120	2615	22	16	1	1	4	looksmax.org		0	
/d/25561-como-lidiar-con-mujeres-que-hacen-catfish	25561	"Cómo lidiar con mujeres que hacen catfish"	looksmaxing	"2024-11-20 07:26:08"	"2025-07-24 02:28:04"	579	6653	71	18	1	1	137	looksmax.org		0	
/d/25562-la-guia-de-heightmaxxing-mas-corta-sin-cope	25562	"la guía de heightmaxxing más corta sin cope"	anabolicos	"2024-11-20 12:22:07"	"2025-02-03 13:33:55"	131	2536	44	16	1	1	6	looksmax.org		0	dosing/PED|self-harm/hopelessness
/d/25624-botb-como-mantenerse-delgado-todo-el-ano-con-superavit-calorico	25624	"BOTB | CÓMO MANTENERSE DELGADO TODO EL AÑO CON SUPERÁVIT CALÓRICO"	looksmaxing	"2024-11-21 14:57:49"	"2024-11-27 02:06:29"	296	3003	51	12	1	1	29	looksmax.org		0	dosing/PED
/d/25634-guia-para-arreglar-tu-horario-de-sueno	25634	"Guía para arreglar tu horario de sueño"	softmaxing	"2024-11-21 19:48:56"	"2024-11-30 12:46:21"	423	1420	34	18	1	1	4	looksmax.org		0	dosing/PED
/d/25760-guia-de-mewing-2024-para-miembros-nuevos	25760	"GUÍA DE MEWING 2024 (PARA MIEMBROS NUEVOS)"	softmaxing	"2024-11-24 15:54:50"	"2025-01-21 13:16:58"	734	4329	38	16	1	1	11	looksmax.org		0	
/d/25806-guia-de-muy-bajo-esfuerzo-para-maximizar-gh	25806	"Guía de muy bajo esfuerzo para maximizar GH"	anabolicos	"2024-11-25 10:29:16"	"2024-12-11 19:51:32"	268	270	1	2	1	1	8	looksmax.org		0	
/d/25823-guia-de-fotos-para-apps-de-citas	25823	"Guía de fotos para apps de citas"	looksmaxing	"2024-11-25 18:50:51"	"2024-12-17 05:17:44"	429	1016	19	10	1	1	1	looksmax.org		0	
/d/25846-caracteristicas-de-modelos-hombres-de-moda-de-alto-nivel	25846	"Características de Modelos Hombres de Moda de Alto Nivel"	looksmaxing	"2024-11-26 06:25:21"	"2025-01-22 00:59:53"	1285	5406	23	21	1	1	283	looksmax.org		0	
/d/25857-zapatos-de-heightfraud-de-elite-para-el-invierno	25857	"Zapatos de heightfraud de élite para el invierno"	looksmaxing	"2024-11-26 15:10:26"	"2025-01-06 21:04:50"	518	2963	27	12	1	1	58	looksmax.org		0	
/d/25866-optimizacion-del-sueno-sueno-lucido-simplificado	25866	"Optimización del sueño + sueño lúcido (simplificado)"	softmaxing	"2024-11-26 18:42:42"	"2025-09-19 00:58:24"	852	1506	18	9	1	1	10	looksmax.org		0	
/d/26007-guia-de-iluminacion-de-ojos-de-nuttheb	26007	"Guía de iluminación de ojos de Nuttheb"	softmaxing	"2024-11-29 16:58:12"	"2026-06-02 01:55:05"	316	4478	66	24	1	1	31	looksmax.org		0	dosing/PED
/d/26033-como-conseguir-hunter-eyes	26033	"Cómo Conseguir Hunter Eyes"	looksmaxing	"2024-11-30 01:10:31"	"2025-06-07 19:52:10"	375	791	17	14	1	1	6	looksmax.org		0	
/d/26068-la-guia-perfecta-de-sleepmaxxing	26068	"La guía PERFECTA de sleepmaxxing"	softmaxing	"2024-11-30 21:41:15"	"2024-12-01 23:38:45"	936	2029	11	7	1	1	15	looksmax.org		0	
/d/26078-guia-completa-del-permanente-ondulado-haircels-de-cabello-lacio-entren-aqui	26078	"Guía completa del permanente ondulado. HAIRCELS DE CABELLO LACIO ENTREN AQUÍ"	softmaxing	"2024-12-01 06:34:11"	"2025-01-10 12:08:23"	1137	6845	15	11	1	1	151	looksmax.org		0	
/d/26139-nuevo-metodo-de-desbloating-marcado-por-ubermog	26139	"nuevo método de desbloating marcado por übermog"	softmaxing	"2024-12-02 15:00:51"	"2025-03-22 23:07:51"	115	3293	80	19	1	1	6	looksmax.org		0	
/d/26217-como-fraudear-con-maquillaje-correctamente	26217	"Cómo fraudear con maquillaje correctamente"	softmaxing	"2024-12-04 03:42:04"	"2025-02-23 20:13:43"	397	1402	15	9	1	1	8	looksmax.org		0	
/d/26238-longevidad-vive-mas-de-120-anos-todo-lo-que-necesitas-saber-gtfhi	26238	"Longevidad - Vive más de 120 años | Todo lo que necesitas saber ¡¡¡GTFHI!!!"	looksmaxing	"2024-12-04 18:01:14"	"2025-01-03 03:59:40"	1277	15221	91	31	1	1	111	looksmax.org		0	
/d/26255-como-limpiar-instantaneamente-tu-nariz-para-evitar-la-respiracion-bucal	26255	"Cómo LIMPIAR INSTANTÁNEAMENTE tu nariz para evitar la respiración bucal"	softmaxing	"2024-12-05 01:06:19"	"2026-06-23 16:40:54"	92	534	14	11	0	1	2	looksmax.org		0	
/d/26268-como-actuar-ante-los-iois	26268	"Cómo Actuar Ante los IOIs"	looksmaxing	"2024-12-05 06:32:06"	"2025-01-19 04:21:22"	748	3489	21	12	1	1	5	looksmax.org		0	
/d/26276-mejor-martillo-para-bonesmashing	26276	"Mejor martillo para Bonesmashing"	hardmaxing	"2024-12-05 16:43:08"	"2026-08-09 06:07:13"	121	1319	33	14	1	1	40	looksmax.org		0	DIY-procedure
/d/26303-mi-bro-split-poco-ortodoxo-de-10-dias-que-te-ayudara-a-poner-40-libras-de-masa-muscular-en-los-proximos-6-mesessin-mamads-framecels-gtfih	26303	"MI BRO SPLIT POCO ORTODOXO DE 10 DÍAS QUE TE AYUDARÁ A PONER 40 LIBRAS DE MASA MUSCULAR EN LOS PRÓXIMOS 6 MESES(SIN MAMAD*S) (FRAMECELS GTFIH)"	looksmaxing	"2024-12-06 12:37:00"	"2025-01-02 03:01:55"	670	3081	19	7	0	0	0	looksmax.org		0	
/d/26407-fallas-esteticas-del-area-de-ojos-insuficiencias-de-tejido-blando-y-subhumanidades-oseas-infraorbitales	26407	"Fallas Estéticas del Área de Ojos: Insuficiencias de Tejido Blando y Subhumanidades Óseas Infraorbitales"	looksmaxing	"2024-12-08 13:24:46"	"2025-02-10 18:03:07"	148	792	16	11	1	1	89	looksmax.org		0	
/d/26412-guia-experimental-para-arreglar-la-asimetria-facial-la-inclinacion-de-la-mandibula-la-desalineacion-de-la-barbilla-y-la-rotacion-del-esfenoides	26412	"Guía experimental para arreglar la asimetría facial, la inclinación de la mandíbula, la desalineación de la barbilla y la rotación del esfenoides"	looksmaxing	"2024-12-08 14:29:46"	"2026-05-25 13:50:16"	1101	10438	31	23	0	1	6	looksmax.org		0	
/d/26442-forma-simple-de-reducir-la-inflamacion	26442	"Forma simple de reducir la inflamación"	looksmaxing	"2024-12-09 03:15:15"	"2024-12-20 23:38:00"	373	601	10	9	1	1	8	looksmax.org		0	dosing/PED|sourcing
/d/26478-acelera-tu-metabolismo-para-quemar-grasa-mas-rapido-ponerte-delgado-para-principiantes-potenciar-hgh	26478	"Acelera tu metabolismo para quemar grasa más rápido. Ponerte delgado para principiantes + potenciar HGH"	looksmaxing	"2024-12-09 23:22:47"	"2025-03-26 23:59:30"	187	1849	40	9	0	0	0	looksmax.org		0	dosing/PED
/d/26480-acelera-tu-metabolismo-para-quemar-grasa-mas-rapido-aumenta-tu-hgh	26480	"Acelera tu metabolismo para quemar grasa más rápido + aumenta tu HGH"	looksmaxing	"2024-12-10 00:07:35"	"2024-12-13 20:46:39"	221	1428	25	11	0	1	20	looksmax.org		0	dosing/PED
/d/26481-como-lograr-un-cuerpo-atractivo-top-facilmente	26481	"Cómo lograr un cuerpo atractivo top fácilmente"	anabolicos	"2024-12-10 00:53:22"	"2025-01-02 22:34:47"	89	2321	77	28	1	1	2	looksmax.org		0	dosing/PED
/d/26486-guia-de-pomada-para-cejas-soy-nuevo-aqui-asi-que-no-me-quemen-por-el-formato	26486	"Guía de Pomada para Cejas (soy nuevo aquí así que no me quemen por el formato)"	softmaxing	"2024-12-10 03:36:22"	"2024-12-12 22:15:51"	105	785	19	8	1	1	13	looksmax.org		0	
/d/26515-como-aumentar-tu-hormona-de-crecimiento-con-suplementos	26515	"cómo aumentar tu hormona de crecimiento con suplementos"	anabolicos	"2024-12-10 23:34:13"	"2025-01-18 01:17:56"	618	2592	20	11	0	0	0	looksmax.org		0	dosing/PED
/d/26556-disolviendo-la-grasa-submental	26556	"disolviendo la grasa submental."	hardmaxing	"2024-12-12 00:07:02"	"2025-10-30 02:58:48"	176	4981	97	33	1	1	149	looksmax.org		0	dosing/PED
/d/26561-mi-experiencia-con-80mg-de-lasix-y-400mg-de-pregabalina	26561	"Mi experiencia con 80mg de Lasix y 400mg de Pregabalina"	anabolicos	"2024-12-12 01:15:39"	"2025-02-03 01:25:15"	897	2083	14	11	1	1	20	looksmax.org		0	dosing/PED|disordered-eating
/d/26598-como-reducir-el-uee-mas-hooding	26598	"Cómo reducir el UEE + Más hooding"	softmaxing	"2024-12-13 02:22:29"	"2026-03-08 16:10:56"	448	2053	18	10	1	1	11	looksmax.org		0	
/d/26626-como-manipular-a-una-chica	26626	"Cómo manipular a una chica"	looksmaxing	"2024-12-13 18:24:01"	"2026-07-27 14:09:14"	285	1930	22	11	0	0	0	looksmax.org		0	
/d/26663-como-jugar-el-juego-de-las-citas-te-va-a-ahorrar-tanto-dolor-tiempo-y-energia	26663	"Cómo jugar el juego de las citas (te va a ahorrar tanto dolor, tiempo y energía)"	looksmaxing	"2024-12-14 15:51:23"	"2025-01-26 09:19:54"	746	5757	24	22	1	1	45	looksmax.org		0	
/d/26702-nueva-guia-gymcel-actualizada-diciembre-2024-sin-mamadas-basada-en-evidencia	26702	"NUEVA GUÍA GYMCEL ACTUALIZADA DICIEMBRE 2024 (SIN MAMADAS, BASADA EN EVIDENCIA)"	looksmaxing	"2024-12-15 15:28:39"	"2025-01-12 07:15:02"	1250	6251	23	10	1	1	70	looksmax.org		0	
/d/26727-tips-de-entrenamiento-de-hombros-para-novatos	26727	"Tips de entrenamiento de hombros para novatos"	looksmaxing	"2024-12-15 22:47:10"	"2024-12-25 09:03:59"	1194	1256	3	4	1	1	4	looksmax.org		0	
/d/26731-probe-si-las-ganancias-de-minoxidil-en-cejas-y-pestanas-son-permanentes-despues-de-15-anos	26731	"Probé si las ganancias de minoxidil en cejas y pestañas son permanentes después de 1.5 años"	looksmaxing	"2024-12-15 23:38:21"	"2025-07-30 06:55:49"	598	3417	58	22	1	1	16	looksmax.org		0	dosing/PED
/d/26762-10-pasos-para-la-vida-perfecta-disenada-para-tu-adn-y-como-la-vida-moderna-gira-inconscientemente-en-torno-a-replicar-la-naturaleza	26762	"10 Pasos para la Vida Perfecta Diseñada para tu ADN | Y Cómo la Vida Moderna Gira Inconscientemente en Torno a Replicar la Naturaleza"	looksmaxing	"2024-12-16 20:59:29"	"2024-12-29 03:20:04"	455	1879	9	8	0	0	0	looksmax.org		0	
/d/26891-como-crecer-mas-alto-durante-la-pubertad-pubertycels-gtfih	26891	"Cómo crecer más alto durante la pubertad (PUBERTYCELS GTFIH)"	looksmaxing	"2024-12-20 15:33:08"	"2025-02-23 17:12:28"	162	3496	54	21	1	1	20	looksmax.org		0	dosing/PED
/d/26899-la-droga-definitiva-modo-dios-de-baja-inhib-guia-completa-de-baclofeno	26899	"LA DROGA DEFINITIVA MODO DIOS DE BAJA INHIB - GUÍA COMPLETA DE BACLOFENO"	looksmaxing	"2024-12-20 19:33:59"	"2026-04-12 05:07:07"	1200	14411	76	34	0	0	0	looksmax.org		0	dosing/PED
/d/26903-guia-completa-para-el-uso-de-esteroides-anabolicos-sin-efectos-secundarios	26903	"Guía Completa para el Uso de Esteroides Anabólicos Sin Efectos Secundarios"	anabolicos	"2024-12-20 20:51:59"	"2025-12-25 05:40:37"	1011	5474	46	24	1	1	16	looksmax.org		0	dosing/PED
/d/26914-cuando-te-acercas-deberias-tener-una-plantilla-a-la-que-recurres-cada-vez-para-estandarizar	26914	"Cuando te acercas deberías tener una plantilla a la que recurres cada vez para estandarizar"	looksmaxing	"2024-12-20 22:39:19"	"2025-01-04 02:49:38"	310	1246	24	22	1	1	58	looksmax.org		0	dosing/PED
/d/26933-guia-de-crecimiento-oseo-dirigido	26933	"Guía de crecimiento óseo dirigido"	peptides	"2024-12-21 16:07:48"	"2025-02-21 01:46:01"	228	4351	76	21	1	1	4	looksmax.org		0	dosing/PED|DIY-procedure
/d/26937-el-perfecto-dia-de-comida	26937	"EL PERFECTO DÍA DE COMIDA"	looksmaxing	"2024-12-21 16:28:07"	"2024-12-21 19:24:36"	87	2426	62	20	1	1	99	looksmax.org		0	sourcing
/d/26960-snacks-y-comidas-de-cuttingleanmaxxing-que-disfruto	26960	"Snacks y Comidas de Cutting/Leanmaxxing que Disfruto"	looksmaxing	"2024-12-22 03:07:33"	"2025-03-23 23:57:53"	592	2161	19	15	1	1	184	looksmax.org		0	
/d/26997-guia-como-ocultar-peptidos-de-los-papas-en-un-refrigerador	26997	"GUÍA CÓMO OCULTAR PÉPTIDOS DE LOS PAPÁS EN UN REFRIGERADOR"	peptides	"2024-12-22 19:08:50"	"2026-07-25 16:22:16"	199	1792	25	12	1	1	26	looksmax.org		0	dosing/PED
/d/27066-como-sacarle-el-maximo-provecho-a-la-blackpill-y-a-este-sitioshizorambling-nuclearbluepillwhitepillntpillcope-entrante	27066	"Cómo sacarle el máximo provecho a la blackpill y a este sitio(SHIZORAMBLING NUCLEAR/BLUEPILL/WHITEPILL/NTPILL/COPE ENTRANTE)"	looksmaxing	"2024-12-24 00:03:55"	"2025-02-12 21:15:29"	1322	4442	15	14	0	0	0	looksmax.org		0	
/d/27071-como-beber-minoxidil-topico-100-seguro	27071	"Cómo beber minoxidil tópico 100% seguro"	looksmaxing	"2024-12-24 05:28:40"	"2025-09-05 16:08:57"	113	1035	32	10	1	1	19	looksmax.org		0	
/d/27155-fraudmaxxing-de-59-a-60-con-plantillas-de-altura-improvisadas-gratis-no-se-ve-sperg-ni-non-nt	27155	"Fraudmaxxing de 5'9 a 6'0 con plantillas de altura improvisadas GRATIS (no se ve sperg ni non NT)"	looksmaxing	"2024-12-26 01:17:42"	"2024-12-27 01:50:12"	172	1479	24	7	1	1	13	looksmax.org		0	
/d/27162-la-guia-definitiva-de-peptidos-para-el-crecimiento-oseo	27162	"La Guía Definitiva de Péptidos para el Crecimiento Óseo"	peptides	"2024-12-26 10:20:40"	"2025-05-03 18:36:58"	638	5388	45	14	1	1	12	looksmax.org		0	dosing/PED
/d/27182-el-truco-del-bicarbonato-de-sodio-pre-entrenamiento-una-guia-breve	27182	"El truco del bicarbonato de sodio pre-entrenamiento: Una guía breve"	looksmaxing	"2024-12-26 18:55:21"	"2026-04-01 02:08:22"	299	1367	13	9	0	0	0	looksmax.org		0	dosing/PED|sourcing
/d/27199-como-arregle-mis-dientes-amarillos-permanentemente-en-dos-horas	27199	"Cómo arreglé mis dientes amarillos permanentemente en dos horas."	softmaxing	"2024-12-27 01:07:52"	"2025-01-14 11:42:09"	49	1464	44	20	1	1	58	looksmax.org		0	
/d/27209-la-unica-guia-de-testosterona-que-vas-a-necesitar-natural-nada-de-roids-sorry	27209	"LA ÚNICA GUÍA DE TESTOSTERONA QUE VAS A NECESITAR [Natural, nada de roids sorry]"	looksmaxing	"2024-12-27 10:25:29"	"2025-02-14 03:07:26"	748	7899	65	28	1	1	79	looksmax.org		0	dosing/PED
/d/27226-10-consejos-de-texto-para-coger-esa-chica-con-la-que-estas-hablando-una-guia-para-arrasar-para-gen-zs-i	27226	"10 CONSEJOS DE TEXTO PARA COGER ESA CHICA CON LA QUE ESTÁS HABLANDO - UNA GUÍA PARA ARRASAR PARA GEN Zs I"	looksmaxing	"2024-12-27 15:57:16"	"2026-03-31 16:27:38"	1603	24667	63	50	1	1	125	looksmax.org		0	
/d/27266-informacion-sobre-mk-667-para-principiantes-facil-de-entender	27266	"información sobre MK-667 para principiantes (Fácil de entender)"	anabolicos	"2024-12-28 03:47:08"	"2025-03-28 15:24:34"	379	832	22	11	1	1	4	looksmax.org		0	dosing/PED
/d/27280-he-dominado-el-arte-de-friendmaxxing-en-linea	27280	"He dominado el arte de friendmaxxing en línea"	looksmaxing	"2024-12-28 11:22:52"	"2024-12-31 19:26:09"	91	962	35	16	1	1	20	looksmax.org		0	
/d/27315-como-thugmaxx-gtifh	27315	"cómo thugmaxx gtifh"	looksmaxing	"2024-12-29 02:16:14"	"2025-01-12 17:58:47"	131	812	18	8	0	0	0	looksmax.org		0	
/d/27326-si-no-estas-usando-la-musica-a-tu-favor-con-las-chicas-que-chingados-estas-haciendo	27326	"Si no estás usando la música a tu favor con las chicas, ¿qué chingados estás haciendo?"	looksmaxing	"2024-12-29 09:02:58"	"2025-09-11 11:06:16"	854	2240	33	21	1	1	4	looksmax.org		0	
/d/27332-no-bebas-aceites-de-semilla-come-carne-cruda	27332	"No bebas aceites de semilla, come carne cruda"	looksmaxing	"2024-12-29 13:18:19"	"2025-01-18 16:59:13"	671	3858	35	16	1	1	23	looksmax.org		0	
/d/27367-guia-definitiva-de-t3t4-para-leanmaxxing-fatcels-entrenle-ya	27367	"Guía Definitiva de T3/T4 para Leanmaxxing | Fatcels ¡¡¡¡ÉNTRENLE YA!!!!"	anabolicos	"2024-12-29 21:40:09"	"2025-04-21 20:31:57"	446	2960	36	13	1	1	40	looksmax.org		0	dosing/PED
/d/27556-para-paladar-estrecho-mse-vs-leforte-segmentario-arco-estrecho-nose-breathingcels-etc-gtfih-alto-esfuerzo	27556	"¿Para paladar estrecho, MSE vs leforte segmentario? Arco estrecho, nose breathingcels etc (GTFIH) alto esfuerzo"	hardmaxing	"2025-01-02 13:24:33"	"2025-03-09 20:44:43"	965	3120	11	9	1	1	100	looksmax.org		0	
/d/27648-aumenta-la-densidad-osea	27648	"AUMENTA LA DENSIDAD ÓSEA"	looksmaxing	"2025-01-03 21:48:47"	"2025-05-12 19:19:46"	746	1739	18	16	1	1	4	looksmax.org		0	
/d/27689-marcar-la-linea-de-la-mandibula-megathread	27689	"Marcar la línea de la mandíbula (MEGATHREAD)"	hardmaxing	"2025-01-04 16:00:40"	"2025-03-13 00:08:12"	149	197	7	8	1	1	80	looksmax.org		0	
/d/27772-celguia-completa-de-remodelacion-del-craneo	27772	"CELGUÍA COMPLETA DE REMODELACIÓN DEL CRÁNEO"	hardmaxing	"2025-01-05 22:09:02"	"2026-03-30 08:57:03"	255	4147	56	19	1	1	219	looksmax.org		0	
/d/27819-desgatekeepeando-conocimiento-esoterico-de-looksmaxxing-de-alto-ci	27819	"DESGATEKEEPEANDO conocimiento esotérico de looksmaxxing de alto CI"	looksmaxing	"2025-01-06 17:30:22"	"2026-03-28 20:17:31"	1173	7154	65	24	1	1	25	looksmax.org		0	
/d/27840-el-split-mas-eficiente-para-lazy-gymcels	27840	"El split más eficiente para lazy gymcels"	looksmaxing	"2025-01-07 05:23:48"	"2025-02-04 04:14:13"	328	1797	21	11	1	1	2	looksmax.org		0	
/d/27889-guia-de-claviclemaxxing-gtfih	27889	"Guía de claviclemaxxing GTFIH"	looksmaxing	"2025-01-08 01:13:42"	"2025-02-09 00:05:03"	629	9474	79	23	1	1	140	looksmax.org		0	dosing/PED
/d/27919-este-es-el-camino-este-es-el-sistema-esta-es-tu-oportunidad-esto-es-todo	27919	"[💘 🍑] Este es el camino — Este es el sistema — Esta es tu oportunidad — Esto es todo [🍑 💘]"	looksmaxing	"2025-01-08 15:57:05"	"2025-01-29 17:20:46"	1404	2883	35	13	1	1	30	looksmax.org		0	
/d/27977-diferencia-entre-feo-y-poco-atractivo	27977	"Diferencia entre feo y poco atractivo"	looksmaxing	"2025-01-09 15:57:48"	"2025-04-02 08:12:14"	91	930	16	10	0	0	0	looksmax.org		0	
/d/27993-la-guia-definitiva-de-approachmaxxing	27993	"LA GUÍA DEFINITIVA DE APPROACHMAXXING"	looksmaxing	"2025-01-09 21:06:56"	"2025-02-15 16:39:51"	1336	7866	23	15	1	1	6	looksmax.org		0	
/d/28018-tabla-de-estatura-no-retrasada	28018	"Tabla de estatura NO RETRASADA."	looksmaxing	"2025-01-10 07:04:42"	"2025-02-17 01:52:53"	433	781	18	11	0	0	0	looksmax.org		0	
/d/28034-desarrollo-del-musculo-temporal	28034	"Desarrollo del músculo temporal."	looksmaxing	"2025-01-10 17:45:44"	"2025-02-27 04:27:56"	514	2454	41	10	1	1	17	looksmax.org		0	
/d/28091-mi-rutina-para-deshinchar	28091	"MI RUTINA PARA DESHINCHAR"	softmaxing	"2025-01-11 18:42:18"	"2026-02-11 21:30:16"	369	2093	12	12	0	0	0	looksmax.org		0	dosing/PED
/d/28095-alimentos-que-suben-la-testo	28095	"ALIMENTOS QUE SUBEN LA TESTO"	looksmaxing	"2025-01-11 19:57:54"	"2025-02-23 13:30:08"	945	2684	25	14	1	1	5	looksmax.org		0	dosing/PED|sourcing
/d/28101-la-pastilla-anti-acne-una-guia-sobre-la-isotretinoina	28101	"La pastilla anti acné: Una guía sobre la isotretinoína"	softmaxing	"2025-01-11 21:49:06"	"2025-09-28 18:53:28"	1448	20613	84	47	1	1	344	looksmax.org		0	dosing/PED
/d/28106-como-subir-la-hgh	28106	"CÓMO SUBIR LA HGH"	anabolicos	"2025-01-11 23:17:54"	"2025-03-01 15:19:27"	958	4154	18	13	0	0	0	looksmax.org		0	dosing/PED
/d/28113-masticacion-basada-en-el-temporal-vs-el-masetero-high-iq	28113	"Masticación basada en el temporal vs el masetero [HIGH IQ]"	looksmaxing	"2025-01-12 03:17:18"	"2025-10-20 19:17:37"	340	1490	24	14	1	1	12	looksmax.org		0	
/d/28136-esteroides-para-conseguir-mas-masa-osea	28136	"ESTEROIDES PARA CONSEGUIR MÁS MASA ÓSEA"	anabolicos	"2025-01-12 15:57:21"	"2025-01-13 18:30:22"	179	1571	28	12	1	1	4	looksmax.org		0	dosing/PED
/d/28138-guia-final-de-formas-de-soft-y-hardmaxing-megahilo	28138	"GUÍA FINAL DE FORMAS DE SOFT Y HARDMAXING [MEGAHILO]"	looksmaxing	"2025-01-12 16:19:30"	"2025-03-03 06:20:19"	1749	10278	39	18	1	1	112	looksmax.org		0	dosing/PED|DIY-procedure
/d/28147-formas-de-framemax-softhardaxing-megahilo	28147	"FORMAS DE FRAMEMAX SOFT/HARDAXING [MEGAHILO]"	looksmaxing	"2025-01-12 16:58:12"	"2025-03-13 05:06:50"	675	2794	39	15	1	1	77	looksmax.org		0	dosing/PED
/d/28166-3-formas-de-cambiar-completamente-tu-area-de-ojos-garantizado-que-aprenderas-al-menos-1-metodo-nuevo	28166	"3 Formas de Cambiar Completamente tu Área de Ojos (GARANTIZADO QUE APRENDERÁS AL MENOS 1 MÉTODO NUEVO)"	softmaxing	"2025-01-13 02:02:38"	"2025-09-27 01:46:42"	672	6778	77	31	1	1	85	looksmax.org		0	
/d/28193-megathread-como-ascender-solo-en-la-pubertad	28193	"[MEGATHREAD] CÓMO ASCENDER (SOLO EN LA PUBERTAD)"	looksmaxing	"2025-01-13 16:23:25"	"2025-03-31 06:46:23"	1473	9202	44	22	1	1	116	looksmax.org		0	
/d/28211-como-obtener-un-estiramiento-facial-usando-el-musculo-alrededor-de-tu-oido	28211	"Cómo obtener un estiramiento facial usando el músculo alrededor de tu oído"	looksmaxing	"2025-01-14 01:44:50"	"2025-11-27 09:42:25"	131	424	10	8	1	1	15	looksmax.org		0	
/d/28292-mega-guia-para-deshincharte-greycels-gtifh	28292	"MEGA GUÍA PARA DESHINCHARTE (GREYCELS GTIFH)"	softmaxing	"2025-01-15 21:06:44"	"2025-04-16 14:40:58"	342	2170	22	15	0	0	0	looksmax.org		0	dosing/PED
/d/28315-como-arregle-mi-acne	28315	"CÓMO ARREGLÉ MI ACNÉ"	softmaxing	"2025-01-16 11:21:29"	"2025-01-26 15:02:12"	248	1099	18	9	0	0	0	looksmax.org		0	dosing/PED|disordered-eating
/d/28326-tutorial-para-greycels-greycels-gtfih	28326	"Tutorial para Greycels (GREYCELS GTFIH)"	looksmaxing	"2025-01-16 15:48:28"	"2025-11-14 22:15:54"	227	1485	36	22	0	0	0	looksmax.org		0	sourcing
/d/28387-guia-youngcel	28387	"guía youngcel"	looksmaxing	"2025-01-17 21:50:45"	"2025-12-20 11:10:20"	473	5186	77	22	1	1	8	looksmax.org		0	dosing/PED|DIY-procedure
/d/28388-guia-completa-de-thugmaxxing-guia-para-volverte-terranigger	28388	"GUÍA COMPLETA DE THUGMAXXING | GUÍA PARA VOLVERTE TERRANIGGER"	looksmaxing	"2025-01-17 21:52:29"	"2026-01-07 21:31:09"	590	2484	18	8	1	1	15	looksmax.org		0	
/d/28416-una-guia-de-heightmaxxing-me-ayudo-a-aumentar-3-cm	28416	"una guía de heightmaxxing me ayudó a aumentar 3 cm"	looksmaxing	"2025-01-18 16:42:05"	"2025-01-18 19:49:37"	214	447	17	8	0	0	0	looksmax.org		0	
/d/28460-tu-altura-y-tus-fortalezas-y-debilidades	28460	"Tu altura y tus fortalezas y debilidades."	looksmaxing	"2025-01-19 18:34:51"	"2025-01-19 21:24:17"	258	2336	60	13	1	1	23	looksmax.org		0	
/d/28500-personalitymaxing-sin-mamadas	28500	"Personalitymaxing sin mamadas"	looksmaxing	"2025-01-20 12:12:48"	"2026-08-10 10:56:39"	761	3677	17	11	0	0	0	looksmax.org		0	dosing/PED
/d/28509-expansor-palatino-complicaciones-y-riesgos-potenciales-leelo-antes-de-instalarlo-gtfih	28509	"EXPANSOR PALATINO. COMPLICACIONES y RIESGOS potenciales!!! (léelo antes de instalarlo) GTFIH"	hardmaxing	"2025-01-20 16:40:52"	"2025-02-27 04:30:43"	453	2004	23	12	1	1	24	looksmax.org		0	sourcing|DIY-procedure
/d/28521-iqmaxxing-la-unica-guia-que-necesitas-para-potenciar-tu-inteligencia-post-mega-alto-iq	28521	"IQmaxxing: La Única Guía Que Necesitas Para Potenciar Tu Inteligencia (Post MEGA Alto IQ)"	looksmaxing	"2025-01-20 23:21:12"	"2026-01-11 12:24:33"	4592	39055	44	34	1	1	1576	looksmax.org		0	
/d/28530-como-ponerte-grande-siendo-adolescente	28530	"CÓMO PONERTE GRANDE SIENDO ADOLESCENTE"	looksmaxing	"2025-01-21 05:21:33"	"2025-03-11 18:27:31"	648	3854	49	18	0	0	0	looksmax.org		0	
/d/28565-iqmaxxing-por-que-el-libro-de-la-inteligencia-esta-mal-y-como-realmente-lograr-un-alto-iq	28565	"IQmaxxing: Por Qué el \"Libro de la Inteligencia\" Está Mal (Y Cómo Realmente Lograr un Alto IQ)"	looksmaxing	"2025-01-21 20:59:36"	"2025-10-21 17:52:45"	6010	60802	66	32	1	1	557	looksmax.org		0	
/d/28621-una-guia-de-donde-conseguir-hormonas-inaccesibles-hghhcg-sin-receta	28621	"Una guía de dónde conseguir hormonas inaccesibles!!! (HGH/HCG SIN RECETA)"	anabolicos	"2025-01-23 05:20:16"	"2025-06-02 12:40:40"	709	5224	33	20	1	1	4	looksmax.org		0	dosing/PED|sourcing
/d/28631-guia-de-lazymaxxing-vol-01-looksmaxxea-siendo-huevon	28631	"GUÍA DE LAZYMAXXING [VOL 0.1] ¡Looksmaxxea siendo huevón!"	looksmaxing	"2025-01-23 12:20:13"	"2025-05-28 19:39:51"	771	4376	21	9	1	1	82	looksmax.org		0	self-harm/hopelessness
/d/28658-como-arreglar-la-sobremordida	28658	"Cómo arreglar la sobremordida"	softmaxing	"2025-01-23 21:46:13"	"2025-03-31 10:10:22"	253	1494	18	10	1	1	52	looksmax.org		0	
/d/28661-guia-de-color-de-ojos-de-nutthebs-2	28661	"guía de color de ojos de nutthebs 2"	softmaxing	"2025-01-23 23:38:29"	"2025-09-03 21:10:44"	237	1708	23	8	1	1	70	looksmax.org		0	
/d/28692-mega-guia-del-protocolo-de-melanotan-ii-para-cumskins-gtifh	28692	"MEGA GUÍA DEL PROTOCOLO DE MELANOTAN II PARA CUMSKINS - GTIFH"	peptides	"2025-01-24 17:16:44"	"2025-10-25 22:25:09"	1106	1364	12	7	1	1	4	looksmax.org		0	dosing/PED
/d/28695-guia-sin-pendejadas-para-arreglar-las-inhibiciones-altas	28695	"Guía sin pendejadas para arreglar las inhibiciones altas"	looksmaxing	"2025-01-24 22:18:26"	"2025-08-15 05:04:32"	826	9527	63	19	0	1	4	looksmax.org		0	dosing/PED
/d/28710-por-que-la-metilacion-del-adn-es-mas-importante-que-el-estrogeno-bajo-para-el-heightmaxxing-lectura-obligatoria	28710	"Por qué la metilación del ADN es más importante que el estrógeno bajo para el heightmaxxing (¡¡¡lectura obligatoria!!!)"	looksmaxing	"2025-01-25 11:19:25"	"2026-03-22 21:00:02"	315	2237	17	11	1	1	156	looksmax.org		0	dosing/PED
/d/28747-guia-de-voicemaxxing-como-desarrollar-una-voz-poderosa-y-fluida	28747	"GUÍA DE VOICEMAXXING: CÓMO DESARROLLAR UNA VOZ PODEROSA Y FLUIDA"	looksmaxing	"2025-01-25 23:13:47"	"2025-01-26 09:15:15"	601	2361	28	10	1	1	2	looksmax.org		0	
/d/28750-deep-voicemaxx-guia-directa-para-una-voz-mas-grave	28750	"Deep-VoiceMaxx: Guía directa para una voz más grave"	looksmaxing	"2025-01-25 23:40:52"	"2025-02-02 20:36:08"	463	937	7	6	1	1	13	looksmax.org		0	
/d/28770-la-unica-guia-de-heightmaxx-que-funciona-botb	28770	"LA ÚNICA GUÍA DE HEIGHTMAXX QUE FUNCIONA (BOTB)"	anabolicos	"2025-01-26 12:27:15"	"2025-02-03 10:26:33"	93	851	23	11	1	1	12	looksmax.org		0	dosing/PED
/d/28782-mi-hijo-va-a-ser-chad-aqui-te-digo-como	28782	"MI HIJO VA A SER CHAD, ¡AQUÍ TE DIGO CÓMO! ⬇️"	looksmaxing	"2025-01-26 17:06:30"	"2025-02-04 06:57:29"	567	1352	20	9	1	1	5	looksmax.org		0	dosing/PED
/d/28799-como-tener-buen-opsec-en-org-una-guia-por-greypiller	28799	"Cómo tener buen opsec en .org (una guía por greypiller)"	looksmaxing	"2025-01-26 20:55:53"	"2025-01-27 19:29:38"	543	7763	50	11	1	1	35	looksmax.org		0	
/d/28901-clase-magistral-de-relaciones	28901	"CLASE MAGISTRAL DE RELACIONES"	looksmaxing	"2025-01-29 03:44:30"	"2025-02-10 17:03:13"	87	317	9	8	1	1	4	looksmax.org		0	
/d/28933-senales-tempranas-de-que-te-va-a-enganar-bajo-valor-mala-eleccion-sin-interes	28933	"Señales tempranas de que te va a engañar, bajo valor, mala elección, sin interés"	looksmaxing	"2025-01-29 17:40:51"	"2025-02-19 04:17:35"	923	3076	12	10	1	1	12	looksmax.org		0	
/d/28938-guia-de-tattoomaxxing-el-softmax-mas-subestimado	28938	"Guía de TATTOOMAXXING (el softmax MÁS subestimado)"	softmaxing	"2025-01-29 20:15:55"	"2025-02-02 19:55:15"	1027	6944	50	27	1	1	206	looksmax.org		0	dosing/PED
/d/28945-collagenmaxxing-la-farmacopea-epidermica	28945	"Collagenmaxxing / La Farmacopea Epidérmica"	anabolicos	"2025-01-30 00:29:41"	"2026-01-03 17:31:05"	542	3072	13	8	0	0	0	looksmax.org		0	dosing/PED
/d/28971-lista-de-rangos-de-altura-practica-no-autismo-como-muh-8-pies-de-alto-60-maquina-mog-bideltoid	28971	"Lista de Rangos de Altura (Práctica, No Autismo Como Muh 8 Pies de Alto 60\" Máquina Mog Bideltoid)"	looksmaxing	"2025-01-30 16:08:16"	"2025-02-19 09:12:09"	201	2597	50	25	1	1	22	looksmax.org		0	
/d/28974-sleepmaxxing-guia-definitiva	28974	"SLEEPMAXXING (GUÍA DEFINITIVA)"	softmaxing	"2025-01-30 17:15:30"	"2025-01-31 09:59:40"	85	519	10	6	0	0	0	looksmax.org	C339	0	dosing/PED
/d/28977-ser-bajo-inhibido-es-simple-la-verdad	28977	"Ser bajo-inhibido es simple, la verdad."	looksmaxing	"2025-01-30 18:57:14"	"2025-06-24 09:19:19"	105	624	18	11	0	0	0	looksmax.org		0	
/d/28981-como-entrenar-inteligente-y-no-como-un-gymcel-gtfih	28981	"Cómo entrenar inteligente y no como un gymcel GTFIH"	looksmaxing	"2025-01-30 20:20:05"	"2025-04-28 18:54:46"	269	3364	36	18	1	1	17	looksmax.org		0	
/d/29002-psicologia-femenina-ii-fantasias-sexuales-y-romanticas	29002	"Psicología Femenina II - Fantasías Sexuales y Románticas"	looksmaxing	"2025-01-31 12:23:29"	"2026-01-24 03:23:49"	10390	60815	45	41	1	1	403	looksmax.org		0	
/d/29139-la-guia-definitiva-de-facepullingpushing-para-ascender-metodos-desconocidos-tienes-que-verla	29139	"La guía DEFINITIVA de Facepulling/Pushing para ascender (métodos desconocidos, TIENES QUE VERLA)"	looksmaxing	"2025-02-03 02:08:56"	"2025-06-04 21:24:43"	1059	15911	39	31	1	1	141	looksmax.org		0	
/d/29147-como-saber-si-alguien-esta-chupando-sus-mejillas-en-una-foto-y-no-ser-estafado-gtfih	29147	"Cómo saber si alguien está chupando sus mejillas en una foto y no ser estafado - GTFIH"	looksmaxing	"2025-02-03 08:11:13"	"2025-02-04 06:15:30"	281	1398	14	10	1	1	124	looksmax.org		0	DIY-procedure
/d/29243-como-crecer-mas-alto-despues-de-que-se-cierran-las-placas	29243	"Cómo crecer más alto después de que se cierran las placas"	looksmaxing	"2025-02-05 22:29:33"	"2025-04-09 20:21:22"	642	5109	48	23	1	1	181	looksmax.org		0	dosing/PED|DIY-procedure
/d/29299-guia-completa-de-high-iq-sobre-edging-para-aumentar-t-y-drive	29299	"GUÍA COMPLETA DE HIGH IQ SOBRE EDGING PARA AUMENTAR T Y DRIVE"	looksmaxing	"2025-02-07 06:25:52"	"2025-07-27 21:47:07"	3429	14573	36	18	1	1	80	looksmax.org		0	
/d/29314-como-crecer-mas-alto-incluso-con-las-placas-de-crecimiento-cerradas-crecimiento-cartilaginoso	29314	"Cómo crecer más alto incluso con las placas de crecimiento cerradas (crecimiento cartilaginoso)"	looksmaxing	"2025-02-07 19:06:02"	"2025-06-08 11:01:24"	1522	20477	70	29	1	1	287	looksmax.org		0	dosing/PED
/d/29324-como-descongestionar-la-nariz-rapido-af	29324	"Cómo descongestionar la nariz rápido af"	softmaxing	"2025-02-08 00:48:38"	"2025-02-09 06:37:47"	219	786	15	10	1	1	8	looksmax.org		0	
/d/29369-tiers-de-estatura-para-foids-blancas-ricas-nt-en-sus-ultimos-anos-de-adolescencia-a-los-20s	29369	"Tiers de Estatura Para Foids Blancas Ricas NT en Sus Últimos Años de Adolescencia a los 20s"	looksmaxing	"2025-02-09 06:46:11"	"2025-02-25 00:59:20"	600	2536	21	9	0	0	0	looksmax.org		0	
/d/29379-guia-de-sungazing-y-moongazing-entrenle	29379	"Guía de Sungazing y Moongazing | ¡¡¡¡¡¡ÉNTRENLE!!!!!!"	looksmaxing	"2025-02-09 11:44:53"	"2025-04-13 14:28:04"	509	2439	38	14	1	1	6	looksmax.org		0	dosing/PED
/d/29385-la-nicotina-es-un-inhibidor-de-la-aromatasa-heightcels-y-pubertcels-gtfih	29385	"La nicotina es un inhibidor de la aromatasa ( heightcels y pubertcels gtfih )"	anabolicos	"2025-02-09 14:33:12"	"2025-04-29 21:06:28"	84	1262	22	16	0	1	80	looksmax.org		0	
/d/29396-como-hacer-looksmaxxingascender-sin-esfuerzo	29396	"Cómo hacer looksmaxxing/ascender sin esfuerzo"	looksmaxing	"2025-02-09 17:07:29"	"2025-10-24 22:05:46"	1355	6320	11	12	1	1	20	looksmax.org		0	dosing/PED|disordered-eating
/d/29410-tabla-objetiva-de-altura-para-hombres	29410	"Tabla objetiva de altura para hombres"	looksmaxing	"2025-02-09 19:15:58"	"2025-03-16 07:54:16"	364	1489	23	16	0	0	0	looksmax.org		0	
/d/29463-tutorial-de-ramus-pushing-no-permanente-y-muy-doloroso	29463	"Tutorial de Ramus Pushing (NO PERMANENTE Y MUY DOLOROSO)"	hardmaxing	"2025-02-10 19:01:48"	"2025-06-06 18:16:30"	337	1994	47	19	1	1	42	looksmax.org		0	
/d/29474-informacion-basica-sobre-como-aumentar-la-sensibilidad-de-los-receptores-de-androgenos-ar	29474	"Información Básica sobre cómo aumentar la Sensibilidad de los Receptores de Andrógenos (AR)"	anabolicos	"2025-02-10 22:22:38"	"2025-12-31 03:49:18"	693	2288	31	17	1	1	20	looksmax.org		0	dosing/PED
/d/29508-guias-de-looksmax-para-asiaticos-metanse-aqui	29508	"GUÍAS DE LOOKSMAX PARA ASIÁTICOS METANSE AQUÍ"	looksmaxing	"2025-02-11 22:13:22"	"2025-04-01 13:59:01"	521	5758	68	23	1	1	35	looksmax.org		0	
/d/29584-guia-para-chavos-jovenes-sobre-como-no-arruinar-tu-vida	29584	"[Guía] Para chavos jóvenes sobre cómo no arruinar tu vida"	looksmaxing	"2025-02-14 00:11:55"	"2025-04-06 03:44:24"	1035	6560	21	12	0	0	0	looksmax.org		0	dosing/PED
/d/29622-guia-de-asimetria-facial	29622	"GUÍA DE ASIMETRÍA FACIAL"	looksmaxing	"2025-02-15 11:02:28"	"2025-03-19 14:12:13"	389	4506	29	13	1	1	38	looksmax.org		0	sourcing
/d/29625-dieta-vegana-para-alto-test	29625	"DIETA VEGANA PARA ALTO TEST"	looksmaxing	"2025-02-15 11:32:20"	"2025-02-19 05:52:54"	231	938	16	13	1	1	49	looksmax.org		0	dosing/PED
/d/29640-nunca-esta-jodidamente-terminado-looksmaxxing-completo-hgh-y-testosterona-100-natural-todos-gtfih	29640	"NUNCA ESTÁ JODIDAMENTE TERMINADO: LOOKSMAXXING COMPLETO HGH Y TESTOSTERONA 100% NATURAL (todos, GTFIH)"	anabolicos	"2025-02-15 21:52:25"	"2025-04-12 06:49:20"	1925	12654	24	22	1	1	4	looksmax.org		0	dosing/PED|self-harm/hopelessness
/d/29669-el-pe-tradicional-es-basura-el-metodo-angion-es-el-futuro	29669	"El PE tradicional es basura – El Método Angion es el Futuro"	looksmaxing	"2025-02-16 18:10:11"	"2025-12-18 14:46:42"	1235	6943	73	23	1	1	39	looksmax.org		0	
/d/29689-la-guia-definitiva-de-oofydoofymaxxing-como-ganar-siendo-un-payaso-adorable-botb	29689	"🤡📈 LA GUÍA DEFINITIVA DE OOFYDOOFYMAXXING: CÓMO GANAR SIENDO UN PAYASO ADORABLE 💀🔥 BOTB"	looksmaxing	"2025-02-17 07:24:57"	"2025-04-28 18:04:35"	794	5658	25	20	1	1	6	looksmax.org		0	
/d/29691-la-verdad-detras-de-dark-triad-vs-light-triad	29691	"La verdad detrás de Dark Triad vs Light Triad.."	looksmaxing	"2025-02-17 08:10:52"	"2025-02-17 12:04:55"	92	650	18	7	1	1	10	looksmax.org		0	DIY-procedure
/d/29746-estudios-judios-y-companias-farmaceuticas-recomiendan-dosis-de-finasterida-demasiado-altas	29746	"ESTUDIOS JUDIOS Y COMPAÑÍAS FARMACÉUTICAS RECOMIENDAN DOSIS DE FINASTERIDA DEMASIADO ALTAS"	looksmaxing	"2025-02-18 16:24:42"	"2025-04-19 04:34:17"	249	1145	23	10	1	1	10	looksmax.org		0	dosing/PED
/d/29750-sin-bullshit-looksmaxxes-actuales-que-deberias-considerar-en-2025	29750	"sin bullshit looksmaxxes actuales que deberías considerar en 2025"	looksmaxing	"2025-02-18 17:35:19"	"2025-03-08 17:30:07"	175	2299	53	25	1	1	12	looksmax.org		0	dosing/PED
/d/29756-12-grasa-corporal-o-muerte-ponerse-delgado-y-mantenerse-delgado-el-mejor-thread-en-org	29756	"12% grasa corporal o MUERTE: Ponerse delgado y MANTENERSE delgado (el mejor thread en .org)"	looksmaxing	"2025-02-18 20:07:23"	"2025-05-08 10:30:08"	1256	6181	38	23	1	1	63	looksmax.org		0	sourcing
/d/29776-guia-de-masticacion-recomendada-para-menores-de-20	29776	"GUÍA DE MASTICACIÓN!! (RECOMENDADA PARA MENORES DE 20)"	softmaxing	"2025-02-19 10:55:24"	"2025-04-05 14:47:54"	405	1330	17	8	1	1	16	looksmax.org		0	
/d/29786-la-causa-oculta-de-la-hinchazon-facial-y-como-arreglarlo	29786	"La Causa Oculta de la Hinchazón Facial (y cómo arreglarlo)"	softmaxing	"2025-02-19 17:33:14"	"2025-03-09 03:40:47"	249	829	13	8	0	0	0	looksmax.org		0	dosing/PED
/d/29800-como-falsificar-tu-estudio-del-sueno-para-obtener-seguro-para-bimax	29800	"Cómo falsificar tu estudio del sueño (para obtener seguro para bimax)"	hardmaxing	"2025-02-20 06:15:20"	"2026-07-27 03:55:22"	337	1153	13	10	0	0	0	looksmax.org		0	DIY-procedure
/d/29835-guia-para-la-nariz	29835	"Guía para la nariz"	softmaxing	"2025-02-21 01:09:29"	"2025-03-02 14:06:22"	305	1027	14	7	0	1	8	looksmax.org		0	sourcing
/d/29839-el-espectro-de-maxila-de-asia-oriental	29839	"El Espectro de Maxila de Asia Oriental"	looksmaxing	"2025-02-21 05:42:13"	"2025-09-25 22:43:16"	33	366	19	15	1	1	100	looksmax.org		0	
/d/29879-repost-guia-de-oldcel-para-heightmaxxing	29879	"Repost: guía de Oldcel para Heightmaxxing"	anabolicos	"2025-02-22 00:52:45"	"2025-10-28 22:02:50"	59	814	24	4	1	1	24	looksmax.org		0	dosing/PED|DIY-procedure
/d/29901-quieres-crecer-mas-de-altura-y-tienes-16-o-menos-gtfih-ahora	29901	"¿Quieres crecer más de altura y tienes 16 o menos? ¡GTFIH ahora!"	looksmaxing	"2025-02-22 16:28:23"	"2025-03-22 00:33:27"	132	2572	52	23	1	1	6	looksmax.org		0	dosing/PED
/d/29909-high-iq-como-vencer-la-vidacomo-ponerse-flacocomo-detener-el-sufrimiento	29909	"(HIGH IQ) - Cómo vencer la vida/cómo ponerse flaco/cómo detener el sufrimiento"	looksmaxing	"2025-02-22 19:44:34"	"2025-03-15 14:07:10"	793	3003	22	12	0	0	0	looksmax.org		0	self-harm/hopelessness
/d/29913-guia-detan-para-indios	29913	"Guía DeTan para Indios"	softmaxing	"2025-02-22 21:15:03"	"2026-05-13 02:52:45"	185	3325	64	21	1	1	79	looksmax.org		0	
/d/29929-el-jutsu-prohibido-para-arreglar-uee	29929	"El Jutsu Prohibido para arreglar UEE"	softmaxing	"2025-02-23 08:49:00"	"2025-03-08 00:51:18"	298	804	16	8	1	1	4	looksmax.org		0	
/d/29942-mega-guia-tabla-completa-de-estatura	29942	"MEGA GUÍA / TABLA COMPLETA DE ESTATURA"	looksmaxing	"2025-02-23 15:11:19"	"2025-12-26 13:39:01"	1021	1449	21	13	1	1	14	looksmax.org		0	
/d/30002-distancia-zygonasal-la-medida-mas-importante-para-maxila-forward-grown-de-nivel-modelo	30002	"Distancia ZygoNasal: La MEDIDA más Importante para Maxila Forward-Grown de Nivel Modelo"	looksmaxing	"2025-02-25 00:44:50"	"2026-02-11 20:32:14"	50	1824	52	29	1	1	179	looksmax.org		0	
/d/30033-retatrutida-la-droga-definitiva-para-perder-grasa-gtfih-viene-el-verano	30033	"Retatrutida: La Droga Definitiva para Perder Grasa (GTFIH, Viene el Verano)"	anabolicos	"2025-02-25 19:09:34"	"2025-06-11 04:47:24"	3946	27484	67	38	1	1	213	looksmax.org		0	dosing/PED
/d/30037-high-iq-las-claves-principales-del-exito-segun-ivantheterrible	30037	"(HIGH IQ) - las claves principales del éxito según ivantheterrible."	looksmaxing	"2025-02-25 20:15:54"	"2025-03-08 18:06:54"	1062	1570	23	10	1	1	15	looksmax.org		0	dosing/PED
/d/30039-gymmaxxing-guia-definitiva-completamente-natural	30039	"Gymmaxxing GUÍA DEFINITIVA COMPLETAMENTE NATURAL"	looksmaxing	"2025-02-25 21:57:21"	"2025-11-10 12:55:53"	708	7051	39	22	1	1	104	looksmax.org		0	dosing/PED
/d/30059-tu-primer-ciclomega-hilo	30059	"Tu Primer Ciclo(MEGA HILO)"	anabolicos	"2025-02-26 13:57:59"	"2026-08-05 20:35:01"	3458	31478	55	23	1	1	112	looksmax.org		0	dosing/PED
/d/30152-la-guia-definitiva-para-ntmaxxear-botb	30152	"🧠✨ LA GUÍA DEFINITIVA PARA NTMAXXEAR ✨🧠 BOTB"	looksmaxing	"2025-02-28 22:05:45"	"2025-05-28 20:45:21"	623	2896	12	10	1	1	4	looksmax.org		0	DIY-procedure
/d/30169-el-manual-de-becky-como-te-manipula-subconscientemente	30169	"El manual de Becky: Cómo te manipula subconscientemente"	looksmaxing	"2025-03-01 09:57:33"	"2025-03-17 16:23:53"	778	6199	28	22	1	1	8	looksmax.org		0	
/d/30190-arregla-la-ansiedad-de-las-presentaciones-anxietycels-gtfih-ansiedad-de-rendimiento	30190	"ARREGLA la ansiedad de las presentaciones | anxietycels GTFIH (Ansiedad de rendimiento)"	looksmaxing	"2025-03-01 20:26:13"	"2026-03-19 20:02:04"	1048	4031	30	11	1	1	17	looksmax.org		0	
/d/30199-cirugias-de-tercio-inferiormandibula-segun-tu-failo-jawcells-gtfih	30199	"Cirugías de tercio inferior/mandíbula según tu failo (jawcells GTFIH)"	hardmaxing	"2025-03-01 23:05:07"	"2025-04-15 18:32:44"	891	2742	8	7	1	1	2	looksmax.org		0	DIY-procedure
/d/30204-mi-protocolo-de-bronceado-como-subhumano-nordico	30204	"Mi Protocolo de Bronceado como Subhumano Nórdico"	softmaxing	"2025-03-02 01:19:27"	"2025-11-20 17:03:10"	449	1959	27	13	1	1	25	looksmax.org		0	dosing/PED|sourcing
/d/30205-no-te-acerques-a-la-chica-que-quieres-sin-saber-esto-guia-funciona-al-100-historia-de-slay	30205	"NO TE ACERQUES a la chica que quieres SIN saber ESTO: **GUÍA** **FUNCIONA AL 100%** **HISTORIA DE SLAY**"	looksmaxing	"2025-03-02 01:34:05"	"2026-01-01 21:11:53"	518	2953	25	23	1	1	2	looksmax.org		0	
/d/30215-guia-completa-de-nichemaxxing	30215	"🎮 GUÍA COMPLETA DE NICHEMAXXING 🎯🎸"	looksmaxing	"2025-03-02 08:21:18"	"2025-04-27 13:38:38"	693	4554	60	21	1	1	66	looksmax.org		0	
/d/30239-la-ciencia-de-la-depresion-necesitas-una-razon-para-estar-deprimido	30239	"La Ciencia De La Depresión: ¿Necesitas Una Razón Para Estar Deprimido?"	looksmaxing	"2025-03-02 21:34:17"	"2026-02-24 01:30:50"	1294	6284	18	17	1	1	7	looksmax.org		0	
/d/30269-epigenetica-la-conexion-entre-belleza-y-salud	30269	"Epigenética: La Conexión Entre Belleza Y Salud"	looksmaxing	"2025-03-03 12:02:29"	"2025-03-08 17:27:25"	1181	13886	37	25	1	1	792	looksmax.org		0	
/d/30280-guia-de-cejas-alternativa-al-prp	30280	"Guía de Cejas (Alternativa al PRP)"	softmaxing	"2025-03-03 16:42:58"	"2025-05-29 14:39:04"	543	1291	18	7	1	1	11	looksmax.org		0	DIY-procedure
/d/30487-por-que-el-hcg-es-obligatorio-para-el-uso-prolongado-de-testosterona-hilo-de-high-iq	30487	"Por qué el HCG es obligatorio para el uso prolongado de Testosterona (Hilo de High IQ)"	anabolicos	"2025-03-08 07:48:45"	"2025-04-28 07:14:49"	1022	7647	41	21	1	1	255	looksmax.org		0	dosing/PED
/d/30512-guia-de-drogas-baratas-para-tontos-simplificada	30512	"Guía de drogas baratas para tontos (Simplificada)"	anabolicos	"2025-03-08 23:17:55"	"2025-03-10 03:29:18"	285	3253	39	18	1	1	285	looksmax.org		0	
/d/30525-el-metodo-definitivo-de-saltar-la-cuerda-bfr-descompresion-para-crecer-de-estatura	30525	"El método definitivo de saltar la cuerda + BFR + descompresión para crecer de estatura"	looksmaxing	"2025-03-09 05:46:44"	"2026-02-28 17:36:12"	1053	5054	21	17	0	0	0	looksmax.org		0	
/d/30538-hilo-de-alto-esfuerzo-guia-de-fotos-para-tinder	30538	"(HILO DE ALTO ESFUERZO) Guía de Fotos para Tinder"	looksmaxing	"2025-03-09 11:25:17"	"2025-07-29 21:11:03"	414	5148	59	19	1	1	350	looksmax.org		0	
/d/30546-mi-plan-de-ascension	30546	"MI PLAN DE ASCENSIÓN"	looksmaxing	"2025-03-09 16:00:14"	"2025-03-28 10:02:02"	853	7475	43	24	1	1	2	looksmax.org		0	dosing/PED
/d/30578-programa-superior-inferior-de-alta-fuerzabajo-volumen-basado-en-evidencia-para-hipertrofia	30578	"Programa Superior-Inferior de Alta Fuerza//Bajo Volumen Basado en Evidencia para Hipertrofia"	looksmaxing	"2025-03-10 13:12:52"	"2026-04-12 10:55:59"	1258	9359	13	12	1	1	87	looksmax.org		0	
/d/30661-aspirina-vitamina-k2-para-sleepmaxxing-looksmax-subestimada	30661	"Aspirina & Vitamina K2 para Sleepmaxxing | Looksmax Subestimada"	looksmaxing	"2025-03-11 16:12:04"	"2025-04-03 18:37:48"	226	1958	25	8	1	1	16	looksmax.org		0	
/d/30679-espironolactona-topica-para-roidcels-acnecels	30679	"Espironolactona tópica (para roidcels acnecels)"	anabolicos	"2025-03-11 20:19:21"	"2025-05-22 20:07:23"	280	2142	27	15	1	1	124	looksmax.org		0	dosing/PED
/d/30708-maxximus-como-conseguir-bone-gainz-insanos-parte-1	30708	"Maxximus -- Cómo Conseguir Bone Gainz Insanos [PARTE 1]"	looksmaxing	"2025-03-12 17:50:31"	"2025-05-29 17:58:04"	756	925	12	8	1	1	11	looksmax.org		0	
/d/30733-para-dejar-de-ser-non-nt-o-si-eres-high-inhib-corre-de-casa	30733	"Para dejar de ser non NT, o si eres high inhib corre de casa."	looksmaxing	"2025-03-13 07:17:17"	"2025-05-26 18:28:26"	447	1935	20	12	1	1	20	looksmax.org		0	
/d/30827-guia-de-calificaciones-org-para-irl-con-celebridades-como-ejemplos	30827	"Guía de Calificaciones .Org Para IRL (Con Celebridades Como Ejemplos)"	looksmaxing	"2025-03-15 14:45:47"	"2025-05-21 10:55:02"	76	1584	50	21	1	1	58	looksmax.org		0	
/d/30830-clasificacion-de-mujeres-con-actricesmodelosinfluencers-como-ejemplos	30830	"Clasificación de Mujeres Con Actrices/Modelos/Influencers Como Ejemplos"	looksmaxing	"2025-03-15 15:09:41"	"2025-12-06 20:18:45"	148	952	15	8	1	1	56	looksmax.org		0	
/d/30916-etapa-de-tanner-y-potencial-de-crecimiento	30916	"Etapa de Tanner y potencial de crecimiento"	looksmaxing	"2025-03-17 17:29:21"	"2025-04-12 04:29:22"	609	2234	15	12	1	1	8	looksmax.org		0	
/d/30993-hilo-de-alto-iq-protocolo-de-deficiencia-de-calcio-para-reabrirse-las-placas-de-crecimiento-cerradas-para-explotar-hgh-durante-una-ventana-de-tiempo	30993	"(HILO DE ALTO IQ) PROTOCOLO DE DEFICIENCIA DE CALCIO PARA REABRIRSE LAS PLACAS DE CRECIMIENTO CERRADAS PARA EXPLOTAR HGH DURANTE UNA VENTANA DE TIEMPO"	looksmaxing	"2025-03-19 14:30:45"	"2026-07-28 22:45:08"	1469	12741	84	30	1	1	425	looksmax.org		0	dosing/PED
/d/30994-investigacion-revolucionaria-de-perdida-de-cabello-el-estradiol-alto-protege-los-foliculos-de-cabello-no-el-dht-bajo-la-finasterida-funciona-diferente-a-lo-que-pensamos	30994	"(INVESTIGACIÓN REVOLUCIONARIA DE PÉRDIDA DE CABELLO) - EL ESTRADIOL ALTO PROTEGE LOS FOLÍCULOS DE CABELLO NO EL DHT BAJO, LA FINASTERIDA FUNCIONA DIFERENTE A LO QUE PENSAMOS"	anabolicos	"2025-03-19 15:04:35"	"2025-11-01 21:10:45"	1364	15212	98	30	1	1	283	looksmax.org		0	dosing/PED
/d/31000-guia-para-facetimear-foids-y-tener-el-angulo-de-camara-perfecto-para-minimizar-falios-y-resaltar-halos	31000	"Guía para FACETIMEAR FOIDS y tener el ángulo de cámara perfecto para MINIMIZAR FALIOS y RESALTAR HALOS"	looksmaxing	"2025-03-19 18:11:33"	"2025-03-20 02:41:15"	387	1764	24	14	0	0	0	looksmax.org		0	
/d/31096-heightmaxing-para-retrasados-guia-2025	31096	"Heightmaxing para retrasados [Guía 2025]"	looksmaxing	"2025-03-21 22:33:36"	"2025-08-08 19:10:47"	1412	17481	55	34	1	1	54	looksmax.org		0	dosing/PED
/d/31123-como-aumente-mi-longitud-5-in-y-circunferencia-75-in-usando-crema-dht	31123	"Cómo aumenté mi longitud ~ .5 in y circunferencia .75 in usando crema DHT"	looksmaxing	"2025-03-22 17:51:55"	"2025-05-12 15:04:14"	449	3532	38	14	0	1	12	looksmax.org		0	dosing/PED|sourcing
/d/31126-guia-completa-de-vascularidad-guia-de-veinmaxxing	31126	"GUÍA COMPLETA DE VASCULARIDAD (GUÍA DE VEINMAXXING)"	looksmaxing	"2025-03-22 18:20:33"	"2025-04-13 05:42:04"	410	894	13	8	0	0	0	looksmax.org		0	dosing/PED
/d/31145-como-saber-si-las-chicas-te-encuentran-gl	31145	"Cómo saber si las chicas te encuentran GL"	looksmaxing	"2025-03-23 09:05:08"	"2025-04-01 07:17:25"	85	1237	38	19	0	0	0	looksmax.org		0	
/d/31250-el-metodo-kanye-guia-de-voicemaxxing	31250	"EL MÉTODO KANYE - GUÍA DE VOICEMAXXING"	looksmaxing	"2025-03-25 13:14:33"	"2025-04-07 08:37:25"	199	546	13	9	1	1	29	looksmax.org		0	
/d/31259-la-rutina-matutina-que-cambia-la-vida-de-aston-hall-la-mejor-rutina-diaria	31259	"LA RUTINA MATUTINA QUE CAMBIA LA VIDA DE ASTON HALL - LA MEJOR RUTINA DIARIA 🏆"	looksmaxing	"2025-03-25 17:17:59"	"2025-04-24 14:09:52"	517	5323	92	26	1	1	521	looksmax.org		0	
/d/31345-mayor-sensibilidad-mayor-aguante-como-sacarle-el-maximo-provecho-al-sexo	31345	"Mayor Sensibilidad > Mayor Aguante. CÓMO SACARLE EL MÁXIMO PROVECHO AL SEXO."	looksmaxing	"2025-03-28 01:25:23"	"2025-07-12 08:27:37"	1094	4345	13	10	1	1	58	looksmax.org		0	
/d/31353-lista-de-compras-de-dieta-primal	31353	"LISTA DE COMPRAS DE DIETA PRIMAL 👁️👁️"	looksmaxing	"2025-03-28 09:06:30"	"2026-01-12 14:14:31"	823	4734	40	18	1	1	180	looksmax.org		0	dosing/PED|sourcing
/d/31358-los-niveles-de-inhibicion-de-mayor-a-menor	31358	"Los NIVELES de INHIBICIÓN de MAYOR a MENOR"	looksmaxing	"2025-03-28 12:18:10"	"2025-04-09 14:52:39"	563	3889	37	24	1	1	2	looksmax.org		0	
/d/31391-el-aceite-de-coco-es-la-mejor-forma-de-leanmaxear-gtfih	31391	"¡El aceite de coco es la mejor forma de leanmaxear! ¡¡¡GTFIH!!!"	looksmaxing	"2025-03-29 08:46:09"	"2025-04-27 18:49:52"	331	2319	23	11	1	1	126	looksmax.org		0	
/d/31404-por-que-deberias-hacer-un-test-de-iq-antes-de-looksmaxxing-primero-necesitas-brainmaxxear	31404	"Por qué deberías hacer un test de IQ antes de looksmaxxing. Primero necesitas brainmaxxear."	looksmaxing	"2025-03-29 17:57:58"	"2025-04-08 22:51:11"	341	2865	19	12	1	1	1	looksmax.org		0	
/d/31408-escapando-de-la-blackpill-por-que-la-bluepill-en-realidad-tiene-razon	31408	"Escapando de la Blackpill: Por qué la Bluepill en realidad tiene razón"	looksmaxing	"2025-03-29 19:48:53"	"2026-07-25 19:37:19"	766	3236	43	23	1	1	7	looksmax.org		0	
/d/31447-encontrar-el-esfuerzo-de-entrenamiento-optimo-para-el-crecimiento-muscular-sin-envejecimiento-facial-prematuro	31447	"Encontrar el Esfuerzo de Entrenamiento Óptimo para el Crecimiento Muscular sin Envejecimiento Facial Prematuro"	looksmaxing	"2025-03-30 18:39:14"	"2025-05-16 22:41:06"	319	478	5	3	1	1	5	looksmax.org		0	
/d/31486-analisis-psicopatas-y-como-reconocerlos-la-triada-oscura	31486	"(Análisis) Psicópatas, y cómo reconocerlos! (La Tríada Oscura)"	looksmaxing	"2025-03-31 06:51:26"	"2026-03-05 19:12:53"	4081	12622	32	12	1	1	168	looksmax.org		0	
/d/31507-usa-formula-humectante-comida-y-manten-la-juventud-del-rostro-para-siempre-lubricacion-del-cabello-piel-y-tejidos-internos-desde-adentro	31507	"Usa fórmula humectante (comida), y mantén la juventud del rostro para siempre (lubricación del cabello, piel y tejidos internos, desde adentro)"	softmaxing	"2025-03-31 18:35:20"	"2025-03-31 23:18:03"	301	8226	59	6	1	1	43	looksmax.org		0	DIY-procedure
/d/31523-fragrancemaxxing-economico-la-guia-definitiva-para-oler-increible-sin-gastar-mucho-clonemaxxing	31523	"Fragrancemaxxing ECONÓMICO: ¡La Guía Definitiva para Oler Increíble SIN GASTAR MUCHO! (Clonemaxxing)"	softmaxing	"2025-04-01 05:45:04"	"2025-05-17 07:01:36"	503	4628	36	15	1	1	292	looksmax.org		0	
/d/31627-una-guia-poco-comun-y-no-tan-retardada	31627	"Una guía poco común y no tan retardada;"	looksmaxing	"2025-04-03 17:30:13"	"2025-04-27 20:20:53"	224	1570	20	8	1	1	8	looksmax.org		0	dosing/PED|DIY-procedure
/d/31643-regalando-el-rey-definitivo-del-desinflamado	31643	"Regalando el rey definitivo del desinflamado"	softmaxing	"2025-04-03 23:32:19"	"2025-05-05 11:18:27"	647	3026	23	15	1	1	29	looksmax.org		0	dosing/PED
/d/31645-sleepmaxxing-el-sueno-es-mas-importante-que-cualquier-suplemento-protocolo-o-cirugia	31645	"(SLEEPMAXXING) El Sueño Es Más Importante Que Cualquier Suplemento, Protocolo o Cirugía"	softmaxing	"2025-04-03 23:49:44"	"2026-01-12 01:40:04"	737	4865	17	15	0	0	0	looksmax.org		0	dosing/PED
/d/31712-la-leche-cruda-es-segura-para-tomar-y-es-la-unica-leche-que-deberias-tomar-jamas	31712	"La LECHE CRUDA es SEGURA para tomar, y es la ÚNICA leche que deberías tomar JAMÁS."	looksmaxing	"2025-04-05 19:06:09"	"2026-03-07 17:09:22"	492	6590	89	30	1	1	176	looksmax.org		0	sourcing
/d/31727-inserciones-musculares-y-estetica-una-guia-visual-corta-para-el-gymcel	31727	"INSERCIONES MUSCULARES Y ESTÉTICA. UNA GUÍA VISUAL CORTA PARA EL GYMCEL"	looksmaxing	"2025-04-06 06:23:26"	"2025-04-06 16:06:51"	1189	5991	57	12	1	1	64	looksmax.org		0	
/d/31729-ultimate-maxxing-megathread-para-ethnics-y-cumskins	31729	"ULTIMATE 🍇MAXXING MEGATHREAD para ETHNICS y CUMSKINS"	looksmaxing	"2025-04-06 08:51:39"	"2025-07-12 14:43:50"	100	1059	27	14	1	1	31	looksmax.org		0	DIY-procedure
/d/31797-una-referencia-visual-corta-de-las-proporciones-y-huesos-del-cuerpo-para-la-estetica	31797	"UNA REFERENCIA VISUAL CORTA DE LAS PROPORCIONES Y HUESOS DEL CUERPO PARA LA ESTÉTICA"	looksmaxing	"2025-04-07 19:36:21"	"2025-04-13 12:13:05"	1997	11285	60	14	1	1	142	looksmax.org		0	
/d/31828-metodo-positive-canthal-tilt-soft-max	31828	"Método POSITIVE CANTHAL TILT (soft max)"	looksmaxing	"2025-04-08 15:00:30"	"2025-11-03 17:13:52"	223	1499	16	8	1	1	28	looksmax.org		0	
/d/31842-guia-definitiva-de-peptidos-y-nootropicos	31842	"Guía Definitiva de Péptidos y Nootrópicos"	peptides	"2025-04-08 21:18:48"	"2025-04-10 20:51:16"	62	1013	25	10	1	1	74	looksmax.org		0	
/d/31852-ostarine-cardarine	31852	"Ostarine | Cardarine"	anabolicos	"2025-04-09 03:41:03"	"2025-04-17 09:08:42"	976	1785	21	5	0	1	3	looksmax.org		0	dosing/PED
/d/31870-desarrollo-oseo-y-la-unica-forma-de-hacerlo	31870	"Desarrollo óseo y la única forma de hacerlo."	anabolicos	"2025-04-09 17:06:35"	"2025-05-14 18:57:36"	433	3229	26	15	0	0	0	looksmax.org		0	dosing/PED
/d/31871-precio-de-implantes-de-mandibula-en-brasil	31871	"Precio de implantes de mandíbula en Brasil"	hardmaxing	"2025-04-09 17:10:45"	"2025-05-09 04:37:34"	310	2130	20	8	1	1	4	looksmax.org		0	
/d/31894-como-prevenir-o-al-menos-frenar-la-locura-mental-completa	31894	"Cómo prevenir, o al menos frenar la locura mental completa."	looksmaxing	"2025-04-10 01:27:19"	"2025-04-14 19:03:04"	314	1219	18	7	1	1	8	looksmax.org		0	
/d/31905-sdip-protocolo-de-inyeccion-derivado-del-semen	31905	"SDIP: PROTOCOLO DE INYECCIÓN DERIVADO DEL SEMEN"	looksmaxing	"2025-04-10 10:20:11"	"2025-12-10 21:55:12"	815	1893	26	12	0	0	0	looksmax.org		0	dosing/PED
/d/31976-mi-guia-para-acabar-con-la-masturbacion-para-siempre	31976	"Mi Guía para Acabar con la Masturbación para Siempre"	looksmaxing	"2025-04-12 07:04:44"	"2025-04-21 18:17:34"	985	11423	49	20	1	1	53	looksmax.org		0	
/d/31985-chingaderas-que-comer-actualizado	31985	"chingaderas que comer (actualizado)"	looksmaxing	"2025-04-12 12:15:30"	"2025-04-27 11:22:22"	487	3643	30	16	1	1	16	looksmax.org		0	dosing/PED|sourcing
/d/32020-guia-carnivora-para-bloatcels	32020	"Guía carnívora para bloatcels"	looksmaxing	"2025-04-13 07:52:47"	"2025-04-30 11:47:44"	230	4282	58	10	1	1	8	looksmax.org		0	DIY-procedure
/d/32026-referencia-actualizada-sobre-los-huesos-y-las-proporciones-del-cuerpo	32026	"REFERENCIA ACTUALIZADA SOBRE LOS HUESOS Y LAS PROPORCIONES DEL CUERPO"	looksmaxing	"2025-04-13 12:48:46"	"2025-06-08 23:50:59"	1987	2661	16	8	1	1	45	looksmax.org		0	
/d/32059-la-guia-de-noc-kent	32059	"La guía de Noc kent"	softmaxing	"2025-04-14 00:37:18"	"2025-08-03 19:02:24"	1870	18195	56	34	1	1	12	looksmax.org		0	dosing/PED|sourcing
/d/32086-mi-guia-de-skincare	32086	"Mi guía de skincare"	softmaxing	"2025-04-14 18:22:17"	"2025-05-07 14:20:51"	375	1649	23	8	0	0	0	looksmax.org		0	sourcing
/d/32097-como-crear-un-guardarropa-apropiado	32097	"CÓMO CREAR UN GUARDARROPA APROPIADO"	looksmaxing	"2025-04-15 02:28:14"	"2025-05-23 15:59:18"	553	1089	12	8	1	1	25	looksmax.org		0	
/d/32130-collagenmaxxing-desvanecer-cicatrices-y-pih	32130	"CollagenMAXXING (Desvanecer CICATRICES y PIH)"	softmaxing	"2025-04-15 17:39:42"	"2025-08-26 18:40:12"	824	3076	29	13	1	1	16	looksmax.org		0	dosing/PED|sourcing
/d/32134-como-obtener-un-escaneo-ct-gratis-mi-experiencia-personal	32134	"¡Cómo obtener un Escaneo CT GRATIS! (Mi experiencia personal)"	looksmaxing	"2025-04-15 20:12:16"	"2025-04-30 08:54:45"	309	334	3	4	1	1	4	looksmax.org		0	
/d/32250-como-predecir-si-tendras-crecimiento-de-altura-semi-exacto	32250	"Cómo predecir si tendrás crecimiento de altura (Semi-Exacto)"	looksmaxing	"2025-04-18 14:53:30"	"2025-06-26 01:08:07"	216	3986	69	25	1	1	21	looksmax.org		0	
/d/32261-charismamaxxing-para-retrasados-sociales-atraccion-general-y-exito	32261	"Charismamaxxing: Para retrasados sociales, atracción general y éxito"	looksmaxing	"2025-04-18 18:10:44"	"2025-05-02 20:10:54"	1611	3331	14	11	1	1	5	looksmax.org		0	dosing/PED
/d/32289-rotacion-ccw-insana-por-masticar-con-los-dientes-frontales-comparado-con-las-muelas	32289	"Rotación CCW insana por masticar con los dientes frontales comparado con las muelas."	looksmaxing	"2025-04-19 01:08:39"	"2026-03-02 18:07:57"	625	12320	69	16	1	1	284	looksmax.org		0	sourcing
/d/32292-como-derrote-el-acne-y-estoy-haciendo-progreso-masivo-hacia-la-piel-de-cristal-mi-historia-mis-lecciones-mis-consejos	32292	"Cómo Derroté el Acné y Estoy Haciendo Progreso Masivo Hacia la Piel de Cristal: Mi Historia, Mis Lecciones, Mis Consejos."	softmaxing	"2025-04-19 01:36:56"	"2025-12-05 22:43:49"	1199	10067	89	30	1	1	167	looksmax.org		0	dosing/PED
/d/32328-como-volverse-chad-guia-completa-de-looksmaxxing	32328	"Cómo volverse chad. Guía completa de looksmaxxing"	looksmaxing	"2025-04-19 16:01:38"	"2025-05-17 19:50:41"	801	9033	52	25	1	1	1328	looksmax.org		0	
/d/32350-guia-de-felicidadagua	32350	"Guía de felicidad(agua)"	looksmaxing	"2025-04-19 22:24:33"	"2025-05-01 11:34:36"	261	286	3	4	0	0	0	looksmax.org		0	self-harm/hopelessness
/d/32393-dormir-con-bandas-ll-en-casa-mis-opiniones-y-una-guia	32393	"DORMIR CON BANDAS (¿LL EN CASA?) - Mis opiniones y una guía."	hardmaxing	"2025-04-20 19:59:28"	"2026-07-25 21:18:35"	692	2190	14	10	1	1	48	looksmax.org		0	DIY-procedure
/d/32395-rutina-de-mantenimiento-de-cuidado-de-la-piel-prevencion-de-envejecimiento-y-acne	32395	"Rutina de Mantenimiento de Cuidado de la Piel (Prevención de Envejecimiento y Acné)"	softmaxing	"2025-04-20 21:08:33"	"2025-04-21 01:20:55"	318	859	21	6	1	1	15	looksmax.org		0	dosing/PED
/d/32453-leanmaxxing-legitimo-como-bajar-de-peso-de-forma-consistente-y-rapida	32453	"Leanmaxxing legítimo - cómo bajar de peso de forma consistente y rápida"	looksmaxing	"2025-04-21 18:05:49"	"2025-09-21 16:34:10"	893	3573	11	8	1	1	11	looksmax.org		0	disordered-eating
/d/32475-como-maximizar-la-dht-igf-1-para-la-densidad-osea-y-una-estructura-osea-de-mogger-cientifico-practico	32475	"Cómo maximizar la DHT + IGF-1 para la densidad ósea y una estructura ósea de mogger (científico + práctico)"	anabolicos	"2025-04-22 03:02:20"	"2025-05-21 08:07:51"	653	8945	45	34	1	1	2	looksmax.org		0	dosing/PED
/d/32481-mega-hilo-la-blackpill-final-todos-los-metodos-para-maximizar-la-prominencia-de-tus-pomulos-y-arco-superciliar	32481	"[MEGA HILO] La Blackpill Final: Todos los Métodos para Maximizar la Prominencia de tus PÓMULOS y ARCO SUPERCILIAR"	looksmaxing	"2025-04-22 13:06:27"	"2026-04-15 02:39:24"	1056	4589	15	11	1	1	168	looksmax.org		0	DIY-procedure
/d/32482-mega-hilo-de-height-maxing-mk2	32482	"Mega hilo de Height maxing (Mk.2)"	looksmaxing	"2025-04-22 14:41:29"	"2025-08-07 03:03:49"	2169	17721	39	20	0	1	236	looksmax.org		0	dosing/PED
/d/32487-encontre-la-cura-para-la-alta-inhibicion	32487	"Encontré la cura para la alta inhibición"	looksmaxing	"2025-04-22 15:42:59"	"2025-04-22 19:31:22"	160	1656	28	10	0	0	0	looksmax.org		0	
/d/32589-circulacion-sanguinea	32589	"Circulación Sanguínea"	looksmaxing	"2025-04-24 23:33:43"	"2025-05-18 03:03:05"	501	1066	4	5	1	1	35	looksmax.org		0	sourcing
/d/32596-mi-plan-de-ciclo-de-ascension-tier-chad	32596	"Mi plan de ciclo de ascensión tier Chad"	anabolicos	"2025-04-25 04:46:33"	"2026-05-24 06:46:20"	1103	11255	29	26	1	1	6	looksmax.org		0	dosing/PED
/d/32599-arrugas-y-guia-de-volufiline-porque-nadie-la-menciona-softmaxxing	32599	"Arrugas y GUÍA DE VOLUFILINE, PORQUE NADIE LA MENCIONA. (softmaxxing)"	softmaxing	"2025-04-25 07:23:02"	"2025-04-25 15:58:51"	341	1221	16	5	1	1	33	looksmax.org		0	dosing/PED
/d/32609-la-forma-correcta-de-corregir-la-deficiencia-de-vitamina-d	32609	"La forma correcta de corregir la deficiencia de vitamina D"	looksmaxing	"2025-04-25 15:03:05"	"2025-05-03 11:21:35"	716	2548	25	12	1	1	18	looksmax.org		0	
/d/32624-como-duermo-como-un-tigre	32624	"Cómo duermo como un tigre."	softmaxing	"2025-04-25 20:30:39"	"2025-05-12 08:43:37"	193	432	14	7	0	0	0	looksmax.org		0	dosing/PED
/d/32625-peligro-de-tomar-test-durante-la-pubertad	32625	"Peligro de tomar test (durante la pubertad)"	anabolicos	"2025-04-25 20:53:48"	"2025-05-29 16:13:57"	323	1451	11	12	1	1	16	looksmax.org		0	dosing/PED
/d/32631-les-comparto-mi-rutina-detallada-de-calistenia	32631	"Les comparto mi rutina detallada de calistenia"	looksmaxing	"2025-04-25 23:29:52"	"2025-10-21 17:37:11"	495	2331	11	12	0	0	0	looksmax.org		0	dosing/PED
/d/32662-guia-definitiva-para-aclarar-la-piel-metodos-sin-cope	32662	"Guía Definitiva Para Aclarar La Piel (Métodos Sin Cope)"	softmaxing	"2025-04-26 18:04:31"	"2025-05-11 19:51:16"	240	933	9	8	1	1	2	looksmax.org		0	dosing/PED|DIY-procedure
/d/32671-heightmaxxing-sin-agujas-cope-leve	32671	"Heightmaxxing sin agujas (cope leve)"	anabolicos	"2025-04-26 22:19:14"	"2025-06-04 00:55:33"	1267	2871	18	12	1	1	2	looksmax.org		0	dosing/PED
/d/32684-las-redes-son-el-metodo-real-tienes-que-ser-nt	32684	"Las redes son el método real (tienes que ser NT)"	looksmaxing	"2025-04-27 11:12:57"	"2025-10-14 13:05:02"	282	1567	16	7	0	0	0	looksmax.org		0	
/d/32708-crecimiento-de-altura-y-grosor-de-huesos	32708	"Crecimiento de altura y grosor de huesos"	looksmaxing	"2025-04-27 21:41:26"	"2025-06-21 10:18:27"	296	714	12	9	0	0	0	looksmax.org		0	dosing/PED
/d/32713-iqmaxxing-para-smartcels	32713	"iqmaxxing para smartcels"	looksmaxing	"2025-04-27 22:50:39"	"2025-11-14 05:37:07"	354	1694	18	12	1	1	101	looksmax.org		0	
/d/32735-la-guia-definitiva-metodos-quirurgicos-para-el-crecimiento-hacia-adelante-del-maxilar-y-la-mandibula	32735	"La Guía Definitiva: Métodos Quirúrgicos para el Crecimiento Hacia Adelante del Maxilar y la Mandíbula"	hardmaxing	"2025-04-28 15:24:49"	"2025-06-23 21:29:04"	1103	2145	10	11	0	0	0	looksmax.org		0	
/d/32758-como-aliviar-y-detener-el-tmjd-temprano-para-prevenir-mas-resorcion-de-la-articulacion-condilar	32758	"Cómo aliviar y detener el TMJD temprano para prevenir más resorción de la articulación condilar"	hardmaxing	"2025-04-29 05:38:06"	"2025-04-29 14:05:29"	947	2321	24	7	1	1	69	looksmax.org		0	
/d/32764-ganancias-de-cuello-101-el-enfoque-basado-en-investigacion	32764	"Ganancias de Cuello 101: El Enfoque Basado en Investigación"	looksmaxing	"2025-04-29 10:55:40"	"2025-05-28 00:46:29"	1535	3641	17	12	1	1	22	looksmax.org		0	
/d/32767-neopeptina-para-la-salud-intestinal-y-la-hinchazon	32767	"Neopeptina para la salud intestinal y la hinchazón"	looksmaxing	"2025-04-29 12:39:25"	"2025-04-30 10:36:35"	266	293	3	1	1	1	4	looksmax.org		0	dosing/PED
/d/32779-guia-de-perdida-de-cabello	32779	"Guía de Pérdida de Cabello"	looksmaxing	"2025-04-29 17:14:52"	"2026-07-23 00:03:47"	345	648	7	5	0	0	0	looksmax.org		0	dosing/PED
/d/32799-para-aquellos-con-los-ojos-muy-juntos	32799	"para aquellos con los ojos muy juntos"	softmaxing	"2025-04-29 21:38:45"	"2025-06-20 20:12:44"	244	774	18	8	1	1	5	looksmax.org		0	
/d/32801-guia-sobre-como-vivir-siendo-visualmente-o-mentalmente-feo	32801	"guía sobre cómo vivir siendo visualmente o mentalmente feo."	looksmaxing	"2025-04-29 21:41:27"	"2025-05-17 22:46:23"	336	3604	47	24	1	1	22	looksmax.org		0	
/d/32832-estrategia-de-boost-de-testosterona-y-carga-y-suplementos	32832	"Estrategia de boost de testosterona y carga, y suplementos"	anabolicos	"2025-04-30 23:28:34"	"2025-05-10 19:06:53"	292	618	5	4	0	1	4	looksmax.org		0	dosing/PED|disordered-eating
/d/32860-coloracion-ideal-para-hombres-de-cada-raza	32860	"Coloración ideal para hombres de cada raza."	looksmaxing	"2025-05-01 19:11:38"	"2025-06-14 08:30:14"	436	2478	22	14	1	1	175	looksmax.org		0	
/d/32870-testosterona-accutane-kisspeptin-10	32870	"Testosterona, Accutane, Kisspeptin-10"	anabolicos	"2025-05-01 22:29:47"	"2026-01-13 16:42:16"	74	740	20	7	0	0	0	looksmax.org		0	dosing/PED
/d/32875-la-mayoria-de-ustedes-no-son-feos-solo-estan-bioquimicamente-castrados-metanse-aqui	32875	"La mayoría de ustedes no son feos, solo están bioquímicamente castrados (METANSE AQUÍ)"	anabolicos	"2025-05-02 01:53:02"	"2025-06-28 03:04:37"	793	4657	31	17	1	1	137	looksmax.org		0	dosing/PED|sourcing|self-harm/hopelessness
/d/32945-suplementos-alternativos-a-adderall-para-aprobar-examenes	32945	"SUPLEMENTOS ALTERNATIVOS A ADDERALL PARA APROBAR EXÁMENES"	looksmaxing	"2025-05-03 23:00:38"	"2026-01-30 21:41:00"	215	1809	33	16	0	0	0	looksmax.org		0	dosing/PED|sourcing
/d/32946-protocolo-de-cuidado-de-piel-y-perdida-de-cabello-de-dankforce1	32946	"Protocolo de Cuidado de Piel y Pérdida de Cabello de Dankforce1"	softmaxing	"2025-05-03 23:01:49"	"2025-05-19 17:30:18"	1899	5066	14	7	0	1	126	looksmax.org		0	dosing/PED
/d/32954-guia-de-ropa-replica-como-fashionmaxxear-siendo-pobre	32954	"Guía de Ropa Réplica: Cómo FashionMaxxear Siendo Pobre"	looksmaxing	"2025-05-04 02:15:29"	"2026-01-26 20:07:45"	595	7740	61	24	1	1	76	looksmax.org		0	
/d/32957-tu-pereza-es-biologica-no-es-tu-culpa-pero-sigue-siendo-tu-responsabilidad	32957	"Tu Pereza es Biológica — No es tu Culpa, Pero Sigue Siendo tu Responsabilidad"	looksmaxing	"2025-05-04 03:40:47"	"2025-05-23 20:42:51"	1340	2643	8	4	1	1	53	looksmax.org		0	
/d/32980-guia-de-socialmaxxing-como-hacer-amigos-en-la-escuela	32980	"GUÍA DE SOCIALMAXXING - Cómo hacer amigos en la escuela"	looksmaxing	"2025-05-04 12:45:09"	"2025-06-09 23:13:08"	1526	10535	21	16	0	0	0	looksmax.org		0	
/d/32988-guia-de-terminologia-de-estetica-facial-blackpill	32988	"Guía de terminología de estética facial blackpill"	looksmaxing	"2025-05-04 15:19:38"	"2025-05-29 12:07:26"	1256	4473	7	8	1	1	2	looksmax.org		0	
/d/33059-como-brillar-este-verano-gtfih	33059	"¡CÓMO BRILLAR ESTE VERANO GTFIH!!!"	looksmaxing	"2025-05-06 03:23:32"	"2025-07-14 12:12:02"	3519	55036	74	32	1	1	30	looksmax.org		0	dosing/PED
/d/33061-guia-de-moda	33061	"Guía de Moda"	looksmaxing	"2025-05-06 04:04:06"	"2025-07-16 17:10:20"	2847	5642	16	12	1	1	34	looksmax.org		0	
/d/33063-stack-pequeno-para-ascender-a-los-16	33063	"Stack pequeño para ascender a los 16"	anabolicos	"2025-05-06 05:22:26"	"2025-09-15 01:00:27"	124	1810	30	11	1	1	12	looksmax.org		0	dosing/PED
/d/33097-testosterona-guia-rapida	33097	"Testosterona: Guía Rápida"	anabolicos	"2025-05-06 21:03:13"	"2026-03-31 13:14:24"	641	2164	10	10	0	0	0	looksmax.org		0	dosing/PED
/d/33106-guia-de-eyebrowmaxxing	33106	"Guía de Eyebrowmaxxing"	softmaxing	"2025-05-07 04:09:33"	"2025-05-21 21:13:02"	496	6174	96	29	1	1	358	looksmax.org	C10	0	sourcing
/d/33108-postura-de-cabeza-adelantada-fhp-la-guia-definitiva-para-looksmaxxear-tu-cuello-y-perfil-lateral	33108	"Postura de Cabeza Adelantada (FHP): La Guía Definitiva para Looksmaxxear Tu Cuello y Perfil Lateral"	looksmaxing	"2025-05-07 04:57:06"	"2025-06-15 20:22:29"	448	1259	9	9	1	1	31	looksmax.org		0	
/d/33113-guia-definitiva-de-hygienemaxxing	33113	"Guía definitiva de HygieneMaxxing"	softmaxing	"2025-05-07 08:19:16"	"2025-05-24 19:35:47"	752	7009	68	24	1	1	242	looksmax.org		0	
/d/33122-rangos-de-edad-de-maximo-atractivo-para-todos-los-arquetipos-masculinos	33122	"Rangos de Edad de Máximo Atractivo Para Todos los Arquetipos Masculinos"	looksmaxing	"2025-05-07 12:46:28"	"2026-01-06 03:36:18"	541	5768	57	17	1	1	416	looksmax.org		0	
/d/33124-como-dejar-de-que-te-hagan-ghostingte-bloqueente-ignoren	33124	"Cómo dejar de que te hagan ghosting/te bloqueen/te ignoren"	looksmaxing	"2025-05-07 12:58:23"	"2025-07-12 18:55:34"	921	5593	18	18	0	0	0	looksmax.org		0	
/d/33129-gymceando-mi-1-ano-de-exp-skinnycels-gtfih	33129	"GYMCEANDO MI 1 AÑO DE EXP (SKINNYCELS GTFIH)"	looksmaxing	"2025-05-07 15:16:15"	"2025-05-16 02:04:05"	431	2160	24	7	1	1	9	looksmax.org		0	disordered-eating
/d/33133-como-ganar-aura-en-la-escuela-statusmaxx-al-instante	33133	"Cómo ganar aura en la escuela: Statusmaxx al instante"	looksmaxing	"2025-05-07 16:48:46"	"2025-05-28 09:58:23"	429	4758	46	23	1	1	272	looksmax.org		0	
/d/33145-hgh-guia-casi-completa	33145	"HGH guía (casi) completa"	anabolicos	"2025-05-07 21:59:05"	"2025-06-04 06:41:12"	751	4095	19	15	0	0	0	looksmax.org		0	dosing/PED|sourcing
/d/33147-testosterona-guia-casi-completa	33147	"Testosterona guía (casi) completa"	anabolicos	"2025-05-07 22:14:29"	"2025-12-12 10:37:21"	825	1790	8	7	1	1	4	looksmax.org		0	dosing/PED
/d/33148-guia-definitiva-para-lipmaxxing	33148	"Guía Definitiva Para LipMaxxing"	softmaxing	"2025-05-07 22:36:51"	"2025-10-29 20:18:36"	1085	7979	40	23	1	1	167	looksmax.org		0	
/d/33197-el-tamano-ideal-del-pene-para-diferentes-arquetipos	33197	"EL TAMAÑO IDEAL DEL PENE PARA DIFERENTES ARQUETIPOS"	looksmaxing	"2025-05-08 21:37:13"	"2025-05-10 19:07:59"	105	456	13	8	1	1	30	looksmax.org		0	
/d/33216-guia-para-mejorar-el-area-de-los-ojos-del-cuidado-de-la-piel-a-la-cirugia	33216	"Guía para Mejorar el Área de los Ojos: Del Cuidado de la Piel a la Cirugía"	looksmaxing	"2025-05-09 10:34:50"	"2025-05-10 08:39:59"	683	1767	17	9	1	1	63	looksmax.org		0	
/d/33241-es-facil-fraudar-un-monton-loco-de-altura	33241	"Es fácil fraudar un montón loco de altura"	looksmaxing	"2025-05-09 21:36:55"	"2025-08-13 19:52:07"	97	1190	24	8	0	0	0	looksmax.org		0	DIY-procedure
/d/33259-guia-para-greycels-como-no-ser-un-retrasado	33259	"Guía para Greycels: Cómo no ser un retrasado"	looksmaxing	"2025-05-10 11:01:48"	"2025-05-26 19:17:55"	397	5400	86	22	1	1	292	looksmax.org		0	sourcing
/d/33275-el-mejor-protocolo-de-melanotan-2	33275	"El mejor protocolo de Melanotan 2"	peptides	"2025-05-10 15:02:48"	"2025-07-31 23:55:53"	1101	5118	26	9	1	1	34	looksmax.org		0	dosing/PED
/d/33314-mi-plan-para-arrasar-este-verano-y-ntmaxxear-tu-tambien-deberias	33314	"MI PLAN PARA ARRASAR ESTE VERANO Y NTMAXXEAR (TÚ TAMBIÉN DEBERÍAS)"	looksmaxing	"2025-05-11 10:50:02"	"2025-05-15 19:27:34"	428	3248	46	20	1	1	64	looksmax.org		0	
/d/33319-leche-cruda-util-o-cope	33319	"\"LECHE CRUDA❗️\" ¿ÚTIL O COPE❓️"	looksmaxing	"2025-05-11 14:48:53"	"2025-05-12 16:21:20"	116	2884	66	24	1	1	30	looksmax.org		0	
/d/33363-crudo	33363	crudo	looksmaxing	"2025-05-12 14:20:03"	"2025-09-06 10:26:12"	788	10228	88	19	1	1	11	looksmax.org		0	sourcing
/d/33423-ascension-de-verano-entrenle-o-desperdicia-otro-verano	33423	"☀️ASCENSIÓN DE VERANO☀️: ÉNTRENLE O DESPERDICIA OTRO VERANO"	looksmaxing	"2025-05-14 01:57:03"	"2025-06-18 18:16:44"	750	1902	24	15	1	1	17	looksmax.org		0	dosing/PED|DIY-procedure
/d/33497-dejame-presentarte-una-nueva-dieta	33497	"Déjame presentarte una NUEVA DIETA"	looksmaxing	"2025-05-15 20:49:15"	"2025-05-22 22:46:34"	195	1473	28	16	0	0	0	looksmax.org		0	
/d/33543-como-triunfar-en-tokio-weeaboos-y-animecels-larguense-de-aqui	33543	"Cómo triunfar en Tokio (weeaboos y animecels lárguense de aquí)"	looksmaxing	"2025-05-17 06:57:34"	"2025-07-24 06:27:30"	919	2567	25	15	1	1	70	looksmax.org		0	
/d/33573-el-reset-definitivo-de-la-piel	33573	"El Reset Definitivo de la Piel"	softmaxing	"2025-05-17 21:23:26"	"2025-06-04 04:27:04"	1124	4874	13	6	1	1	311	looksmax.org		0	sourcing
/d/33622-la-unica-guia-de-looksmaxxing-facial-que-necesitaras-softmaxxing-y-hardmaxxing-incluidos	33622	"La Única Guía de Looksmaxxing Facial Que Necesitarás: Softmaxxing y Hardmaxxing incluidos"	looksmaxing	"2025-05-18 22:30:46"	"2025-05-31 16:28:27"	740	839	8	6	1	1	8	looksmax.org		0	
/d/33633-ligo-mujeres-solo-con-mi-olor-digno-de-botb	33633	"ligo mujeres solo con mi olor (¿¿DIGNO DE BOTB??)"	looksmaxing	"2025-05-19 02:06:32"	"2025-12-09 14:09:31"	1393	5349	62	17	1	1	37	looksmax.org		0	disordered-eating
/d/33644-la-guia-definitiva-para-dormir-gtfih	33644	"La guía definitiva para dormir GTFIH"	softmaxing	"2025-05-19 12:30:13"	"2025-11-12 13:29:51"	2265	4696	10	9	0	0	0	looksmax.org		0	
/d/33687-guia-sin-esfuerzo-de-leanmaxxingperdida-de-peso-100-de-exito-revierte-la-obesidad	33687	"Guía SIN ESFUERZO de Leanmaxxing/Pérdida de Peso (100% DE ÉXITO) (REVIERTE LA OBESIDAD)"	looksmaxing	"2025-05-20 10:20:20"	"2025-07-09 19:33:30"	626	10796	67	17	1	1	78	looksmax.org		0	dosing/PED
/d/33703-como-criar-hijos-moggear	33703	"CÓMO CRIAR HIJOS MOGGEAR"	looksmaxing	"2025-05-20 19:25:09"	"2025-05-24 03:10:51"	329	612	4	3	0	0	0	looksmax.org		0	
/d/33756-como-realizar-analisis-de-investigacion-competitiva-de-smv-en-citas-para-ver-que-smv-necesitas-adquirir-para-conseguir-a-la-chica-que-deseas	33756	"Cómo realizar análisis de investigación competitiva de SMV en citas para ver qué SMV necesitas adquirir para conseguir a la chica que deseas"	looksmaxing	"2025-05-22 03:02:33"	"2025-05-29 04:25:33"	252	1464	13	8	0	0	0	looksmax.org		0	
/d/33791-guia-de-aromatizacion	33791	"GUÍA DE AROMATIZACIÓN"	looksmaxing	"2025-05-22 19:04:11"	"2025-05-30 00:12:09"	523	6824	64	20	1	1	714	looksmax.org		0	
/d/33817-beneficios-para-la-salud-del-adderall	33817	"Beneficios para la Salud del Adderall"	looksmaxing	"2025-05-23 12:51:34"	"2025-05-23 12:51:34"	260	260	0	1	0	1	6	looksmax.org		0	dosing/PED
/d/33839-el-game-no-es-ley-pero-ser-htncl-no-te-va-a-salvar-de-un-game-de-mierda	33839	"El game no es ley, pero ser HTN/CL no te va a salvar de un game de mierda."	looksmaxing	"2025-05-23 23:14:59"	"2025-09-04 00:10:21"	1208	13816	54	29	1	1	6	looksmax.org		0	
/d/33856-como-realmente-medir-tu-altura-lifefuel-para-algunos-de-ustedes	33856	"CÓMO REALMENTE MEDIR TU ALTURA (LIFEFUEL PARA ALGUNOS DE USTEDES)"	looksmaxing	"2025-05-24 10:34:25"	"2025-07-26 09:02:12"	188	1146	32	10	1	1	44	looksmax.org		0	DIY-procedure
/d/33915-guia-de-esteroides-para-gymcels	33915	"Guía de esteroides para gymcels"	anabolicos	"2025-05-25 12:38:16"	"2025-09-05 14:29:09"	950	2982	4	5	0	0	0	looksmax.org		0	dosing/PED|self-harm/hopelessness
/d/33939-la-unica-guia-de-skincare	33939	"- la única guía de skincare -"	softmaxing	"2025-05-25 19:41:57"	"2026-03-22 03:33:41"	544	3488	18	14	0	0	0	looksmax.org		0	dosing/PED
/d/33961-escala-de-atractivo-para-hombres-asiaticos	33961	"Escala de atractivo para hombres asiáticos"	looksmaxing	"2025-05-26 02:48:30"	"2026-03-17 11:38:19"	363	1837	24	14	1	1	101	looksmax.org		0	
/d/33973-color-frauding-101	33973	"Color Frauding 101"	looksmaxing	"2025-05-26 12:18:10"	"2025-06-05 14:51:32"	615	1864	11	8	0	0	0	looksmax.org		0	
/d/33999-por-que-el-psl-siempre-sera-el-estandar-de-oro-sobre-todo-para-los-greys	33999	"Por qué el PSL siempre será el Estándar de Oro (Sobre todo para los greys)"	looksmaxing	"2025-05-26 23:48:24"	"2025-05-30 06:19:58"	728	4144	22	9	1	1	10	looksmax.org		0	
/d/34006-la-razon-mas-simple-de-por-que-no-necesitas-hacer-12-repeticiones	34006	"La razón más simple de por qué no necesitas hacer 12 repeticiones"	looksmaxing	"2025-05-27 04:32:37"	"2025-05-28 19:56:56"	464	479	4	4	0	0	0	looksmax.org		0	
/d/34090-postura-facil-y-rapida-para-los-labios	34090	"Postura fácil y rápida para los labios"	softmaxing	"2025-05-28 21:29:23"	"2025-05-29 11:35:47"	85	379	13	6	1	1	10	looksmax.org		0	
/d/34107-guia-profunda-de-acido-hialuronico-solo-para-los-inteligentes	34107	"GUÍA PROFUNDA DE ÁCIDO HIALURÓNICO - Solo para los Inteligentes."	softmaxing	"2025-05-29 07:42:40"	"2026-08-01 03:36:02"	2897	26116	81	24	1	1	499	looksmax.org		0	
/d/34109-la-verdad-sobre-los-injertos-capilares	34109	"La verdad sobre los injertos capilares"	hardmaxing	"2025-05-29 09:46:26"	"2025-07-09 20:23:30"	1158	2921	17	12	1	1	42	looksmax.org		0	
/d/34120-guia-completa-de-looksmaxing-lectura-obligatoria-para-todos-compatible-con-mujeres-guia-extendida-archivo-looksmaxnet-de-2017	34120	"Guía Completa de Looksmaxing [LECTURA OBLIGATORIA PARA TODOS] [COMPATIBLE CON MUJERES] + Guía Extendida (Archivo Looksmax.net de 2017)"	looksmaxing	"2025-05-29 14:45:37"	"2026-03-26 06:52:56"	5202	47881	37	24	1	1	1366	looksmax.org		0	dosing/PED
/d/34121-no-tienes-6-pies-de-alto-no-se-acabo-la-verdad-como-conquistar-mujeres-cuando-no-eres-alto	34121	"¿No tienes 6 pies de alto? No se acabó — La verdad: Cómo conquistar mujeres cuando no eres alto."	looksmaxing	"2025-05-29 15:00:55"	"2025-10-16 02:38:06"	845	4408	35	16	1	1	126	looksmax.org		0	
/d/34123-como-arreglar-tu-maxilar-retruido-para-todos-los-molestos-chavos-de-13-anos-que-preguntan	34123	"Cómo Arreglar Tu Maxilar Retruido para Todos los Molestos Chavos de 13 Años que Preguntan"	looksmaxing	"2025-05-29 15:32:12"	"2026-05-21 16:23:13"	1312	18581	72	41	1	1	129	looksmax.org		0	
/d/34163-narizmaxxing-definitivo-sin-cirugia-ni-maquillaje	34163	"NARIZMAXXING DEFINITIVO SIN CIRUGÍA NI MAQUILLAJE"	softmaxing	"2025-05-30 11:42:36"	"2025-06-16 07:01:36"	617	1541	36	13	1	1	46	looksmax.org		0	
/d/34220-guia-definitiva-de-jawmaxxing-fundamentos-de-postura-lingual-avanzada	34220	"Guía Definitiva de Jawmaxxing: Fundamentos de Postura Lingual Avanzada"	looksmaxing	"2025-05-31 13:20:21"	"2025-08-08 15:39:52"	2618	10762	10	10	1	1	136	looksmax.org		0	
/d/34272-la-biblia-del-eyemaxxing-la-guia-definitiva-para-eye-maxxing-mal-ingles	34272	"LA BIBLIA DEL EYEMAXXING – La Guía Definitiva para Eye Maxxing (Mal Inglés)"	softmaxing	"2025-06-01 14:33:20"	"2026-01-27 15:03:02"	792	5919	75	24	1	1	214	looksmax.org		0	
/d/34291-profilaxis-de-toxicidad-por-accutaneisotretinoina	34291	"Profilaxis de toxicidad por Accutane/Isotretinoína"	anabolicos	"2025-06-01 23:06:30"	"2025-06-26 15:18:17"	1061	4654	23	11	1	1	30	looksmax.org		0	dosing/PED
/d/34302-megathread-arregla-tu-menton-retraido-antes-de-ir-a-llorarle-a-tu-mama-por-una-cirugia	34302	"[MEGATHREAD] Arregla Tu Mentón Retraído Antes de Ir a Llorarle a Tu Mamá por una Cirugía"	looksmaxing	"2025-06-02 09:34:51"	"2025-06-19 23:44:21"	341	1159	11	8	1	1	58	looksmax.org		0	
/d/34304-secreto-del-area-de-ojos-perfectaguia-definitivamaximizacion-de-pestanasingles-malo	34304	"SECRETO DEL ÁREA DE OJOS PERFECTA/GUÍA DEFINITIVA/MAXIMIZACIÓN DE PESTAÑAS/INGLÉS MALO"	softmaxing	"2025-06-02 11:03:08"	"2025-12-23 21:11:04"	658	1437	14	6	1	1	48	looksmax.org		0	dosing/PED
/d/34351-la-guia-definitiva-de-fashion-y-style-maxxing-incluye-fotos	34351	"La Guía Definitiva de Fashion y Style Maxxing (incluye fotos)"	looksmaxing	"2025-06-03 00:51:14"	"2025-09-18 22:12:55"	1236	12308	47	32	1	1	938	looksmax.org		0	
/d/34353-como-creci-de-53-a-66-en-un-ano-y-como-tu-tambien-puedes-sin-larp-salio-mal-se-puso-sexual	34353	"¡Cómo crecí de 5'3 a 6'6 en un año y cómo tú también puedes! [SIN LARP] [SALIÓ MAL] SE PUSO SEXUAL]"	looksmaxing	"2025-06-03 05:30:58"	"2025-07-01 12:12:15"	539	2382	18	16	1	1	72	looksmax.org		0	dosing/PED
/d/34362-biblia-de-esteroides-la-guia-de-framemaxxing-con-esteroides-ingles-deficiente	34362	"BIBLIA DE ESTEROIDES / LA GUÍA DE FRAMEMAXXING CON ESTEROIDES / INGLÉS DEFICIENTE"	anabolicos	"2025-06-03 15:37:44"	"2025-08-19 10:34:07"	1048	4117	40	13	1	1	72	looksmax.org		0	dosing/PED
/d/34383-como-crear-un-blueprintestrategia-de-looksmaxxing	34383	"CÓMO CREAR UN BLUEPRINT/ESTRATEGIA DE LOOKSMAXXING"	looksmaxing	"2025-06-03 21:36:27"	"2025-06-28 21:23:31"	1519	9383	19	16	1	1	19	looksmax.org		0	
/d/34385-fundamentos-del-cuidado-de-la-piel	34385	"Fundamentos del Cuidado de la Piel"	softmaxing	"2025-06-03 22:02:51"	"2025-11-07 20:46:57"	4201	16935	20	12	1	1	26	looksmax.org		0	dosing/PED
/d/34392-aumentar-el-grosor-de-la-muneca	34392	"aumentar el grosor de la muñeca"	looksmaxing	"2025-06-04 01:29:37"	"2025-07-15 02:36:51"	421	3162	32	20	1	1	141	looksmax.org		0	dosing/PED
/d/34396-niveles-de-crecimiento-facial-descendente-en-cual-estas-tu	34396	"Niveles de crecimiento facial descendente. ¿En cuál estás tú?"	looksmaxing	"2025-06-04 02:59:04"	"2026-04-23 04:43:24"	62	1445	55	32	1	1	279	looksmax.org		0	
/d/34407-grasa-corporal-al-9-en-un-puto-mes	34407	"Grasa corporal al 9% en un puto mes."	looksmaxing	"2025-06-04 10:42:41"	"2025-06-19 23:32:08"	457	2667	28	13	1	1	29	looksmax.org		0	dosing/PED
/d/34411-bam15-version-mas-segura-del-dnp	34411	"*BAM15* ¿versión más segura del dnp?"	anabolicos	"2025-06-04 12:08:42"	"2025-08-04 14:47:30"	668	3218	25	13	1	1	20	looksmax.org		0	dosing/PED
/d/34427-atractivo	34427	Atractivo	looksmaxing	"2025-06-04 19:46:29"	"2025-07-01 13:44:33"	331	2476	31	9	1	1	12	looksmax.org		0	
/d/34429-guia-de-masa-osea-solo-drogas	34429	"guía de masa ósea (solo drogas)"	anabolicos	"2025-06-04 20:01:58"	"2025-08-15 16:16:26"	1060	6331	54	23	1	1	11	looksmax.org		0	dosing/PED
/d/34442-este-es-un-pinche-looksmax-enorme-que-cualquiera-puede-hacer	34442	"Este es un pinche LOOKSMAX enorme que cualquiera puede hacer"	looksmaxing	"2025-06-04 21:41:58"	"2025-06-05 06:22:08"	78	637	16	14	1	1	6	looksmax.org		0	
/d/34473-como-destruir-tu-apetito-si-estas-quebrado-gtfih	34473	"Cómo destruir tu apetito si estás quebrado (GTFIH)"	looksmaxing	"2025-06-05 15:47:15"	"2025-06-18 02:16:32"	258	771	23	9	0	0	0	looksmax.org		0	dosing/PED
/d/34482-guia-de-crecimiento-oseo-post-pubertad-teriparatida	34482	"guía de crecimiento óseo post-pubertad (teriparatida)"	anabolicos	"2025-06-05 19:35:39"	"2026-04-24 20:58:43"	1377	10574	88	30	1	1	302	looksmax.org		0	dosing/PED
/d/34493-la-forma-mas-barata-y-facil-de-desincharte-potassiumaxx	34493	"La forma más barata y fácil de desincharte / Potassiumaxx"	softmaxing	"2025-06-05 22:39:34"	"2025-08-13 18:34:02"	206	1080	14	9	0	0	0	looksmax.org		0	dosing/PED|sourcing
/d/34508-como-conseguir-una-piel-cristalina	34508	"Cómo conseguir una piel cristalina"	softmaxing	"2025-06-06 11:04:50"	"2025-07-02 09:17:27"	1152	5251	14	9	1	1	10	looksmax.org		0	
/d/34521-elimina-el-acne-y-cicatrices-en-un-pinche-mes	34521	"elimina el acne y cicatrices en un pinche mes."	anabolicos	"2025-06-06 16:03:02"	"2025-06-19 23:31:19"	179	796	19	10	0	0	0	looksmax.org		0	dosing/PED
/d/34540-la-verdad-que-necesitas-escuchar-sobre-ser-atractivo	34540	"La verdad que necesitas escuchar sobre ser atractivo"	looksmaxing	"2025-06-07 06:48:04"	"2025-07-09 07:11:20"	757	7655	46	17	1	1	6	looksmax.org		0	
/d/34558-la-verdad-de-la-ascension-dieta-cruda-primitiva	34558	"La verdad de la ascensión: Dieta cruda primitiva"	looksmaxing	"2025-06-07 13:55:16"	"2026-02-24 18:12:21"	232	2614	41	19	1	1	25	looksmax.org		0	
/d/34614-megathread-definitivo-de-looksmaxing-2025-hablando-principalmente-de-correccion-osea-y-soluciones	34614	"MEGATHREAD DEFINITIVO DE LOOKSMAXING 2025 (hablando principalmente de corrección ósea y soluciones)"	looksmaxing	"2025-06-08 16:02:56"	"2025-08-01 15:46:48"	783	4240	35	12	1	1	10	looksmax.org		0	dosing/PED|DIY-procedure
/d/34615-mega-hilo-de-skincare	34615	"MEGA HILO DE SKINCARE"	softmaxing	"2025-06-08 16:12:36"	"2025-08-01 15:53:42"	681	4198	25	9	1	1	5	looksmax.org		0	
/d/34617-megathread-definitivo-del-area-de-los-ojos	34617	"MEGATHREAD DEFINITIVO DEL ÁREA DE LOS OJOS"	softmaxing	"2025-06-08 16:36:22"	"2025-08-01 15:48:02"	658	4234	25	16	1	1	13	looksmax.org		0	
/d/34644-el-potencial-humano-y-la-neuroplasticidad	34644	"El potencial humano y la neuroplasticidad"	looksmaxing	"2025-06-09 01:32:08"	"2025-06-29 18:40:10"	867	3635	23	8	1	1	6	looksmax.org		0	dosing/PED
/d/34661-protocolo-definitivo-de-heightmaxing-66	34661	"PROTOCOLO DEFINITIVO DE HEIGHTMAXING (6'6)"	looksmaxing	"2025-06-09 12:35:47"	"2025-09-25 14:25:08"	1431	9367	29	12	1	1	16	looksmax.org		0	dosing/PED|sourcing
/d/34678-kneesmashing-explicado	34678	"Kneesmashing explicado"	looksmaxing	"2025-06-09 20:44:46"	"2025-08-09 00:52:24"	296	4036	41	19	1	1	8	looksmax.org		0	DIY-procedure
/d/34692-la-megaguia-final-de-fragancias	34692	"¡LA MEGAGUÍA FINAL DE FRAGANCIAS!"	softmaxing	"2025-06-10 11:39:52"	"2025-12-10 23:36:01"	2598	10856	39	16	1	1	791	looksmax.org		0	
/d/34718-guia-sobre-los-ideales-del-tren-superior-masculino-segun-las-mujeres-y-como-calcularlos	34718	"Guía sobre los ideales del tren superior masculino según las mujeres y cómo calcularlos."	looksmaxing	"2025-06-10 21:02:14"	"2025-06-11 13:43:31"	512	1841	23	8	1	1	38	looksmax.org		0	dosing/PED
/d/34730-informacion-extremadamente-valiosa-sobre-que-hacer-y-que-no-hacer-siendo-un-adolescente-que-atraviesa-los-primeros-anos-de-la-pubertad-14-anos-o-menos	34730	"Información extremadamente valiosa sobre qué hacer y qué no hacer siendo un adolescente que atraviesa los primeros años de la pubertad (14 años o menos)"	looksmaxing	"2025-06-11 03:41:00"	"2025-06-23 17:53:06"	1234	2573	14	6	0	0	0	looksmax.org		0	dosing/PED
/d/34735-anglemaxxing-guia-lo-que-los-raters-no-entienden	34735	"AngleMaxxing (Guía); Lo que los raters no entienden"	looksmaxing	"2025-06-11 05:05:34"	"2025-07-09 14:54:49"	1047	1221	11	6	1	1	14	looksmax.org		0	
/d/34775-guia-definitiva-de-heightmaxxing-hgh-ai	34775	"Guía Definitiva de Heightmaxxing - HGH, AI"	anabolicos	"2025-06-11 21:27:46"	"2025-07-10 02:04:51"	1615	6493	12	10	1	1	60	looksmax.org		0	dosing/PED
/d/34784-por-que-las-verduras-te-estan-frenando	34784	"Por qué las verduras te están frenando."	looksmaxing	"2025-06-12 01:45:51"	"2025-10-31 15:16:02"	289	2950	30	18	0	0	0	looksmax.org		0	
/d/34785-la-guia-de-nichemaxxing-gtfih	34785	"LA GUÍA DE NICHEMAXXING [GTFIH]"	looksmaxing	"2025-06-12 02:29:31"	"2025-06-25 04:52:18"	652	2028	9	6	1	1	194	looksmax.org		0	
/d/34795-la-ciencia-del-softmaxxing-todos-los-softmax-que-existen-para-looksmaxing-ciencia-especulativo	34795	"🌟 La ciencia del softmaxxing: Todos los softmax que existen para looksmaxing (Ciencia ✅ + Especulativo 🤔)"	softmaxing	"2025-06-12 09:53:15"	"2025-07-12 13:23:40"	914	1771	7	7	1	1	2	looksmax.org		0	
/d/34815-mi-guia-completa-y-personal-de-como-volverte-nt-hilo-de-alto-esfuerzo-siguiendo-el-hilo-de-at-gaygymmax	34815	"MI GUÍA COMPLETA Y PERSONAL DE CÓMO VOLVERTE NT {Hilo de Alto Esfuerzo, Siguiendo el hilo de @Gaygymmax}"	looksmaxing	"2025-06-12 17:26:51"	"2025-06-16 06:07:52"	663	5408	64	16	1	1	85	looksmax.org		0	
/d/34819-lemonmaxxing-para-el-color-de-ojos	34819	"Lemonmaxxing para el color de ojos"	softmaxing	"2025-06-12 18:50:26"	"2026-06-17 18:37:21"	262	1677	47	17	1	1	12	looksmax.org		0	
/d/34823-las-mejores-y-peores-drogas-low-inhib-segun-mi-experiencia-personal	34823	"Las Mejores Y Peores Drogas Low Inhib Según Mi Experiencia Personal"	looksmaxing	"2025-06-12 19:05:58"	"2026-01-24 03:58:00"	1339	8579	31	20	1	1	12	looksmax.org		0	sourcing
/d/34840-la-unica-guia-de-heightmaxxing-que-necesitas-sin-mamadas-gtfih	34840	"La única guía de heightmaxxing que necesitas ( SIN MAMADAS GTFIH )"	looksmaxing	"2025-06-13 01:50:29"	"2025-11-24 22:06:53"	590	1050	15	9	1	1	2	looksmax.org		0	dosing/PED|sourcing
/d/34861-el-pelo-es-ley-megahilo	34861	"EL PELO ES LEY (MEGAHILO)"	softmaxing	"2025-06-13 13:55:51"	"2025-06-16 18:30:15"	1167	3974	35	13	1	1	74	looksmax.org		0	
/d/34886-la-unica-forma-de-subir-la-testo-desmintiendo-todos-los-copes-iqlets-y-comedores-de-carne-cruda-metanse-aqui	34886	"LA ÚNICA FORMA DE SUBIR LA TESTO (DESMINTIENDO TODOS LOS COPES, IQLETS Y COMEDORES DE CARNE CRUDA — MÉTANSE AQUÍ)"	anabolicos	"2025-06-13 20:55:53"	"2025-09-26 19:03:42"	451	2122	22	14	1	1	133	looksmax.org		0	dosing/PED
/d/34897-medidas-faciales-ideales-deja-de-depender-de-ratios-medidas-blancas	34897	"Medidas Faciales Ideales; Deja de Depender de Ratios; Medidas Blancas"	looksmaxing	"2025-06-14 01:06:38"	"2025-08-19 22:35:52"	93	1722	23	5	1	1	9	looksmax.org		0	
/d/34910-alternativa-facil-de-eyelashmaxxing-a-latisse	34910	"Alternativa fácil de eyelashmaxxing a Latisse"	softmaxing	"2025-06-14 11:53:25"	"2025-07-14 21:14:45"	163	1198	27	11	1	1	5	looksmax.org		0	dosing/PED
/d/34945-como-usar-sarms-para-ascender-facilmente	34945	"Cómo usar SARMS para ascender fácilmente"	anabolicos	"2025-06-14 23:18:20"	"2025-07-02 09:22:05"	428	3652	32	10	0	0	0	looksmax.org		0	dosing/PED
/d/34946-como-ascender-con-sarms-actualizado	34946	"Cómo ascender con SARMS (actualizado)"	anabolicos	"2025-06-15 00:12:49"	"2025-06-15 12:37:12"	542	2225	14	5	0	1	2	looksmax.org		0	dosing/PED
/d/34961-guia-definitiva-para-adolescentes-sobre-como-conseguir-chicas-maximizar-tu-apariencia-y-socializar	34961	"GUÍA DEFINITIVA PARA ADOLESCENTES SOBRE CÓMO CONSEGUIR CHICAS, MAXIMIZAR TU APARIENCIA Y SOCIALIZAR"	looksmaxing	"2025-06-15 08:27:12"	"2025-07-27 11:37:12"	1170	6072	14	13	0	1	10	looksmax.org		0	
/d/34978-megaguia-definitiva-de-rizos	34978	"Megaguía definitiva de rizos"	softmaxing	"2025-06-15 12:25:58"	"2025-06-20 00:46:00"	705	1801	20	9	1	1	12	looksmax.org		0	
/d/34991-guia-del-maxilar	34991	"GUÍA DEL MAXILAR"	looksmaxing	"2025-06-15 16:43:38"	"2025-07-18 18:27:44"	306	1406	22	12	1	1	60	looksmax.org		0	
/d/35006-frame-101-como-maximizar-tu-frame-sin-importar-el-tipo	35006	"FRAME 101: Cómo maximizar tu frame sin importar el tipo"	looksmaxing	"2025-06-15 21:40:34"	"2025-06-22 08:09:31"	487	2940	45	17	1	1	6	looksmax.org		0	dosing/PED|DIY-procedure
/d/35024-guia-para-aumentar-la-masa-muscular-del-tren-superior-y-la-explosividad-para-adolescentes-jovenes-y-principiantes	35024	"Guía para aumentar la masa muscular del tren superior y la explosividad para adolescentes jóvenes y principiantes."	looksmaxing	"2025-06-16 09:48:52"	"2025-06-16 18:48:59"	478	1641	21	9	1	1	2	looksmax.org		0	dosing/PED
/d/35056-como-comprar-y-esconder-gearcompuestos-hilo-de-esfuerzo-medio	35056	"CÓMO COMPRAR Y ESCONDER GEAR/COMPUESTOS (HILO DE ESFUERZO MEDIO)"	anabolicos	"2025-06-16 20:39:16"	"2025-09-06 01:48:39"	957	6520	43	21	0	1	30	looksmax.org		0	sourcing|DIY-procedure
/d/35092-guia-de-collagen-maxxing-basada-en-evidencia	35092	"Guía de collagen-maxxing basada en evidencia"	softmaxing	"2025-06-17 20:46:42"	"2025-08-17 09:51:25"	801	2327	32	12	1	1	6	looksmax.org	C16	0	dosing/PED|DIY-procedure
/d/35145-curso-jawad-filtrado	35145	"Curso jawad filtrado ;/"	looksmaxing	"2025-06-18 20:02:26"	"2026-06-14 12:05:35"	3615	40442	39	31	1	1	45	looksmax.org		0	dosing/PED
/d/35149-interaccion-social-mi-historia-y-guia	35149	"Interacción social: mi historia y guía"	looksmaxing	"2025-06-18 21:35:18"	"2025-07-27 21:04:12"	1783	5985	11	8	0	0	0	looksmax.org		0	
/d/35160-framecels-finalmente-salvados-alarga-el-hueso-clavicular-ahora	35160	"¡FRAMECELS finalmente salvados. Alarga el hueso clavicular ahora!"	looksmaxing	"2025-06-19 03:55:58"	"2025-07-31 18:45:46"	83	937	26	18	1	1	2	looksmax.org		0	
/d/35161-mordida-profunda-dental-vs-esqueletica	35161	"Mordida profunda dental vs esquelética"	hardmaxing	"2025-06-19 04:36:37"	"2025-08-07 02:52:47"	308	2977	47	14	1	1	5	looksmax.org		0	
/d/35179-altura	35179	Altura	looksmaxing	"2025-06-19 16:27:13"	"2025-09-10 14:37:56"	618	2408	24	14	1	1	8	looksmax.org		0	dosing/PED
/d/35230-fuga-de-guia-clavicular-reposteada	35230	"FUGA DE GUÍA CLAVICULAR REPOSTEADA"	looksmaxing	"2025-06-20 16:19:04"	"2026-07-13 10:15:10"	18	189	12	9	1	1	26	looksmax.org		0	
/d/35231-guia-para-normies-cirugia	35231	"Guía Para Normies: Cirugía"	hardmaxing	"2025-06-20 16:30:24"	"2025-06-25 21:11:48"	816	1318	13	6	1	1	39	looksmax.org		0	
/d/35243-la-guia-definitiva-de-nootropicos-ten-motivacion-y-estamina-infinitaestudiar-hacer-dinero	35243	"La guía DEFINITIVA de nootrópicos - ten motivación y estamina infinita(estudiar + hacer dinero)"	looksmaxing	"2025-06-20 20:54:28"	"2026-04-12 14:56:22"	988	1768	18	12	1	1	2	looksmax.org		0	dosing/PED|sourcing
/d/35295-lo-que-estoy-haciendo-para-maximizar-la-pubertad-y-lo-que-deberias-hacer-tu-youngcels-gtfih	35295	"Lo que estoy haciendo para maximizar la pubertad y LO QUE DEBERÍAS HACER TÚ! (youngcels GTFIH)"	anabolicos	"2025-06-21 19:44:20"	"2025-06-23 20:12:53"	237	1579	29	13	1	1	12	looksmax.org		0	dosing/PED
/d/35301-alto-iq-respaldado-con-fuentes-arregla-tu-mandibula-recesiva-con-softmaxing	35301	"[ALTO IQ, RESPALDADO CON FUENTES] Arregla tu mandíbula recesiva con softmaxing"	looksmaxing	"2025-06-21 20:59:14"	"2025-11-05 13:00:32"	1154	3459	14	13	1	1	150	looksmax.org		0	sourcing
/d/35311-como-deshincharte-por-completoverte-lo-mas-grande-posible-antes-de-un-evento-importante-como-lo-hacen-los-fisicoculturistas-antes-de-una-competencia-alto-esfuerzo	35311	"Cómo deshincharte por completo+verte lo más grande posible antes de un evento importante como lo hacen los fisicoculturistas antes de una competencia (ALTO ESFUERZO)"	looksmaxing	"2025-06-22 00:19:59"	"2025-12-03 19:32:03"	1117	3207	11	9	0	0	0	looksmax.org		0	sourcing
/d/35318-guia-stack-experimental-para-aclarar-los-ojos-reprogramacion-del-iris-potenciada-con-exosomas-y-por-que-ningun-otro-stack-funciona	35318	"🧬 [GUÍA] Stack experimental para aclarar los ojos – Reprogramación del iris potenciada con exosomas [Y POR QUÉ NINGÚN OTRO STACK FUNCIONA]"	softmaxing	"2025-06-22 07:33:27"	"2025-09-16 21:07:29"	815	3881	23	15	0	0	0	looksmax.org		0	dosing/PED
/d/35333-mi-guia-de-softmaxxing	35333	"Mi Guía de Softmaxxing"	softmaxing	"2025-06-22 16:07:31"	"2025-08-21 12:55:32"	336	453	10	5	0	0	0	looksmax.org		0	dosing/PED
/d/35355-la-recesion-del-menton-quizas-tenga-arreglo	35355	"La recesión del mentón quizás tenga arreglo"	looksmaxing	"2025-06-22 22:13:44"	"2026-08-11 21:45:21"	1063	18434	64	36	1	1	53	looksmax.org		0	
/d/35490-como-deshincharte-y-que-causa-la-hinchazon-en-si	35490	"Cómo deshincharte- y qué causa la hinchazón en sí."	softmaxing	"2025-06-25 07:14:59"	"2025-08-12 09:24:42"	781	3935	16	12	1	1	28	looksmax.org		0	
/d/35495-guia-la-unica-forma-de-aclarar-tu-color-de-ojos-y-la-cosa-que-falta-en-cada-stack	35495	"[GUÍA] La única forma de aclarar tu color de ojos y la cosa que falta en cada stack."	softmaxing	"2025-06-25 08:48:15"	"2026-01-29 02:10:18"	1912	25274	48	33	1	1	94	looksmax.org		0	dosing/PED
/d/35509-por-que-el-corte-agresivo-no-funciona-la-forma-correcta-de-cortar-fatcels-larguense-de-aqui	35509	"Por qué el corte agresivo no funciona + La forma correcta de cortar (FATCELS LÁRGUENSE DE AQUÍ)"	looksmaxing	"2025-06-25 12:54:33"	"2026-06-09 15:53:07"	756	3023	22	11	1	1	141	looksmax.org		0	
/d/35519-el-stack-1-para-principiantes-sin-inyecciones-sin-refri-sin-androgenos-guia-completa-y-detallada	35519	"El stack #1 para principiantes (sin inyecciones, sin refri, sin andrógenos) 🔥 [Guía COMPLETA y detallada]"	anabolicos	"2025-06-25 16:55:30"	"2026-04-11 10:04:29"	964	11398	54	29	1	1	2	looksmax.org		0	dosing/PED
/d/35534-guia-basica-para-aumentar-altura-naturalmente	35534	"Guía básica para aumentar altura naturalmente"	looksmaxing	"2025-06-25 21:18:48"	"2025-06-25 21:56:22"	365	1444	27	9	1	1	25	looksmax.org		0	dosing/PED
/d/35566-guia-sobre-ho-optimizacion-hormonal	35566	"Guía sobre HO (Optimización Hormonal)"	anabolicos	"2025-06-26 16:57:36"	"2025-09-17 16:12:05"	771	2627	8	8	1	1	56	looksmax.org		0	dosing/PED|sourcing
/d/35581-guia-sobre-aclaramiento-de-piel	35581	"guía sobre aclaramiento de piel"	softmaxing	"2025-06-27 01:28:39"	"2025-06-27 01:44:18"	92	214	9	4	0	1	6	looksmax.org		0	dosing/PED
/d/35582-pubertymaxxing-la-guia-oculta-de-softmaxxing-la-proxima-guia-es-la-de-los-que-se-desarrollan-tarde	35582	"Pubertymaxxing, la guía oculta de softmaxxing... La próxima guía es la de \"Los que se desarrollan tarde\"."	looksmaxing	"2025-06-27 02:35:49"	"2026-05-10 23:35:56"	800	2989	12	9	1	1	4	looksmax.org		0	dosing/PED|sourcing
/d/35593-como-no-te-agarren-con-cirugia	35593	"Cómo no te agarren con cirugía"	hardmaxing	"2025-06-27 09:09:04"	"2025-07-22 21:27:04"	223	2367	34	15	0	0	0	looksmax.org		0	
/d/35597-bone-smashing	35597	"Bone smashing"	hardmaxing	"2025-06-27 11:11:42"	"2025-07-22 10:46:09"	700	2347	37	11	1	1	6	looksmax.org		0	DIY-procedure
/d/35600-como-maximizar-el-potencial-de-tomar-el-sol-en-verano-sube-tu-juventud-testosterona-motivacion-y-cada-stat-biologico	35600	"Cómo maximizar el potencial de tomar el sol en verano: Sube tu juventud, testosterona, motivación y cada stat biológico."	looksmaxing	"2025-06-27 13:23:45"	"2025-07-25 10:37:39"	513	12660	101	17	1	1	28	looksmax.org		0	dosing/PED|DIY-procedure
/d/35675-alturmaxxing-por-farmacologia-la-redpilla-final-la-genetica-carga-la-pistola-la-endocrinologia-jala-el-gatillo	35675	"🧬🦍 Alturmaxxing por Farmacología: La Redpilla Final \"La genética carga la pistola. La endocrinología jala el gatillo.\"	anabolicos	"2025-06-29 04:43:14"	"2025-09-15 06:22:14"	678	1968	19	9	1	1	80	looksmax.org		0	dosing/PED
/d/35695-guia-completa-de-looksmaxxing-para-lurkers	35695	"¡Guía completa de looksmaxxing para lurkers!"	looksmaxing	"2025-06-29 16:07:43"	"2025-09-23 14:15:48"	561	6202	39	17	1	1	35	looksmax.org		0	dosing/PED
/d/35732-guia-de-voice-maxxing	35732	"Guía de Voice Maxxing"	anabolicos	"2025-06-30 05:27:24"	"2026-04-04 22:27:08"	421	1664	16	10	0	0	0	looksmax.org		0	dosing/PED
/d/35760-guias-faciles-para-ustedes-idiotas-sin-cerebro-entren-aqui-putos-ignorantes	35760	"GUÍAS FÁCILES PARA USTEDES IDIOTAS SIN CEREBRO (ENTREN AQUÍ PUTOS IGNORANTES)"	softmaxing	"2025-06-30 17:52:47"	"2025-10-26 04:22:57"	172	2157	49	19	1	1	4	looksmax.org		0	
/d/35802-megahilo-completo-de-appeal-para-negros-con-aliento-a-pito	35802	"Megahilo completo de appeal para negros con aliento a pito"	looksmaxing	"2025-07-01 08:35:16"	"2025-07-01 21:33:11"	581	2083	22	8	1	1	46	looksmax.org		0	dosing/PED
/d/35806-retatrutide-la-triple-g-para-perdida-de-peso-y-salud-metabolica	35806	"Retatrutide: La Triple G para Pérdida de Peso y Salud Metabólica"	anabolicos	"2025-07-01 11:05:01"	"2026-04-13 07:46:50"	1455	16853	49	30	1	1	923	looksmax.org		0	dosing/PED
/d/35814-deberias-practicar-la-exposicion-al-frio-por-sus-efectos-brutales-de-anti-envejecimiento-aumento-de-hormonas-y-mejor-animo-para-superarte	35814	"Deberías practicar la exposición al frío por sus efectos brutales de anti envejecimiento, aumento de hormonas y mejor ánimo para superarte."	looksmaxing	"2025-07-01 13:46:51"	"2025-07-08 13:36:48"	1187	9332	52	10	1	1	6	looksmax.org		0	sourcing
/d/35826-guia-de-thumbpulling-lo-que-me-funciono-a-mi	35826	"Guía de Thumbpulling (lo que me funcionó a mí)"	looksmaxing	"2025-07-01 18:51:33"	"2025-08-01 15:47:39"	306	3828	55	21	1	1	59	looksmax.org		0	
/d/35862-alfa-gratis-para-mis-milfmaxxers	35862	"Alfa gratis para mis milfmaxxers"	looksmaxing	"2025-07-02 14:52:21"	"2025-07-30 22:34:09"	193	3183	63	12	1	1	7	looksmax.org		0	
/d/35887-levantamiento-basado-en-ciencia	35887	"levantamiento basado en ciencia"	looksmaxing	"2025-07-03 01:37:30"	"2025-08-17 17:46:05"	512	2785	18	7	1	1	7	looksmax.org		0	dosing/PED
/d/35940-fenomeno-de-la-teoria-del-twinkmaxxing-por-que-los-flacos-son-altos-y-terminan-creciendo	35940	"Fenómeno de la teoría del twinkmaxxing - Por qué los flacos son altos y terminan creciendo."	looksmaxing	"2025-07-04 00:26:03"	"2026-02-04 03:28:27"	989	10271	44	25	1	1	5	looksmax.org		0	dosing/PED
/d/35967-dht-maxxing-celulas-subdesarrolladas-gtifh	35967	"DHT MAXXING, CÉLULAS SUBDESARROLLADAS GTIFH"	anabolicos	"2025-07-04 15:56:25"	"2025-09-20 15:56:06"	776	2719	35	19	1	1	74	looksmax.org		0	dosing/PED
/d/35983-para-adolescentes-y-greys-como-superar-tu-miedo-a-las-agujas-para-que-puedas-pincharte	35983	"Para adolescentes y greys: Cómo superar tu miedo a las agujas para que puedas pincharte"	looksmaxing	"2025-07-04 22:35:25"	"2025-07-19 21:41:38"	962	9744	67	23	1	1	67	looksmax.org		0	dosing/PED|DIY-procedure
/d/36015-heightmaxxing-101-para-manlets-pubertarios	36015	"Heightmaxxing 101 para MANLETS PUBERTARIOS"	looksmaxing	"2025-07-05 15:51:40"	"2025-07-21 01:40:28"	807	3010	13	8	0	0	0	looksmax.org		0	dosing/PED
/d/36033-como-alterarias-geneticamente-el-color-de-tus-ojos	36033	"CÓMO ALTERARÍAS GENÉTICAMENTE EL COLOR DE TUS OJOS"	softmaxing	"2025-07-05 20:21:42"	"2025-08-04 23:00:15"	1467	6635	31	16	0	1	3	looksmax.org		0	DIY-procedure
/d/36045-guia-sobre-pubertymaxing	36045	"Guía sobre \"Pubertymaxing\"	looksmaxing	"2025-07-06 02:07:15"	"2025-09-01 14:49:02"	1251	6050	24	18	1	1	145	looksmax.org		0	dosing/PED
/d/36120-como-alterarias-geneticamente-tu-estatura	36120	"CÓMO ALTERARÍAS GENÉTICAMENTE TU ESTATURA"	looksmaxing	"2025-07-07 17:55:10"	"2025-10-12 13:45:51"	1223	5264	9	9	0	0	0	looksmax.org		0	DIY-procedure
/d/36157-stack-duro-teorico-para-altura	36157	"STACK DURO TEÓRICO PARA ALTURA"	anabolicos	"2025-07-08 01:40:47"	"2026-03-20 13:42:35"	348	4066	49	16	0	0	0	looksmax.org		0	dosing/PED|sourcing
/d/36179-reporte-mi-experiencia-negativa-con-terapia-de-orina-nunca-bebas-orina-envejecida-es-danina	36179	"Reporte. Mi experiencia negativa con terapia de orina. Nunca bebas orina envejecida, es dañina."	looksmaxing	"2025-07-08 12:14:39"	"2025-07-08 13:36:48"	491	2033	33	11	1	1	21	looksmax.org		0	disordered-eating
/d/36221-reducir-indice-graso	36221	"Reducir índice graso"	looksmaxing	"2025-07-08 23:06:02"	"2025-08-04 17:17:13"	283	345	3	3	0	0	0	looksmax.org		0	
/d/36226-como-la-personalidad-puede-brillar-mas-que-la-apariencia-una-guia-corta-a-la-ascension	36226	"Cómo la personalidad puede brillar más que la apariencia: Una guía corta a la ascensión"	looksmaxing	"2025-07-09 00:37:20"	"2025-07-09 16:08:21"	584	2408	28	12	1	1	16	looksmax.org		0	
/d/36269-la-guia-definitiva-para-convertirse-en-un-nerd	36269	"La Guía Definitiva para Convertirse en un Nerd"	looksmaxing	"2025-07-09 19:35:23"	"2025-10-11 20:41:21"	3976	11881	29	13	1	1	537	looksmax.org		0	
/d/36282-mi-guia-de-cold-approach-ansiedad-social-cels-entren-aqui	36282	"Mi Guía de Cold Approach (Ansiedad-social-cels ENTREN AQUÍ)"	looksmaxing	"2025-07-09 21:56:23"	"2025-08-04 20:52:27"	1097	7933	54	15	1	1	10	looksmax.org		0	dosing/PED
/d/36414-drenaje-del-sistema-linfatico-fuga-de-primalrevolution	36414	"Drenaje del sistema linfático (fuga de primalrevolution)"	looksmaxing	"2025-07-12 00:14:43"	"2025-07-12 02:58:29"	2891	8454	11	6	1	1	8	looksmax.org		0	disordered-eating
/d/36433-guia-de-ntmaxxing-se-acabo-para-los-autismcels	36433	"Guía de NTMaxxing, se acabó para los Autismcels"	looksmaxing	"2025-07-12 12:32:38"	"2025-07-12 18:34:17"	703	718	4	5	0	1	2	looksmax.org		0	dosing/PED
/d/36464-el-blueprint-definitivo-para-el-looksmaxing-real-solo-para-usuarios-nuevos-o-greycels	36464	"El Blueprint Definitivo para el Looksmaxing Real (solo para usuarios nuevos o greycels)"	looksmaxing	"2025-07-12 22:04:38"	"2025-08-05 03:16:34"	970	3912	14	10	1	1	2	looksmax.org		0	dosing/PED
/d/36515-peptidos-de-hormona-de-crecimiento-desglose-completo	36515	"Péptidos de Hormona de Crecimiento; desglose completo"	peptides	"2025-07-13 20:56:32"	"2025-08-14 05:53:10"	1929	32656	74	35	1	1	1356	looksmax.org		0	dosing/PED
/d/36546-como-comer-pez-pequeno-crudo	36546	"Cómo comer pez pequeño crudo"	looksmaxing	"2025-07-14 06:43:11"	"2025-08-19 07:09:46"	107	2023	32	7	1	1	74	looksmax.org		0	
/d/36563-como-sacarle-el-maximo-provecho-al-accutane-deten-los-efectos-secundarios	36563	"Cómo sacarle el máximo provecho al Accutane (Detén los efectos secundarios)"	anabolicos	"2025-07-14 14:26:14"	"2025-08-04 16:26:30"	693	3466	22	7	1	1	4	looksmax.org		0	dosing/PED|disordered-eating|self-harm/hopelessness
/d/36570-como-mantener-tus-indicadores-de-juventud	36570	"Cómo mantener tus indicadores de juventud"	looksmaxing	"2025-07-14 15:58:23"	"2025-07-15 17:46:02"	238	767	18	11	0	0	0	looksmax.org		0	
/d/36618-suplementa-creatina-para-aumentar-la-hormona-masculina-principal-los-huesos-faciales-la-fuerza-para-evitar-el-envejecimiento-por-trabajos-de-mierda-y-rejuvenecimiento-por-el-funcionamiento-celular	36618	"Suplementa Creatina para aumentar la hormona masculina principal, los huesos faciales, la fuerza para evitar el envejecimiento por trabajos de mierda y rejuvenecimiento por el funcionamiento celular."	looksmaxing	"2025-07-15 09:28:05"	"2026-08-05 14:42:49"	957	7637	52	12	1	1	1	looksmax.org		0	dosing/PED
/d/36627-dieta-primal-por-que-es-mejor-y-desmintiendo-un-mito-de-la-nutricion	36627	"Dieta Primal : Por Qué Es Mejor y Desmintiendo un Mito de la Nutrición"	looksmaxing	"2025-07-15 13:29:21"	"2025-09-27 18:24:18"	797	8719	48	17	1	1	81	looksmax.org		0	
/d/36644-como-lograr-glass-skin-guia	36644	"cómo lograr glass skin (guía)"	softmaxing	"2025-07-15 18:47:39"	"2025-08-26 22:01:31"	901	2672	10	7	1	1	29	looksmax.org		0	
/d/36686-como-falsificar-tu-estudio-de-sueno-cirugia-de-mandibula-gratis	36686	"Cómo Falsificar tu Estudio de Sueño - CIRUGÍA DE MANDÍBULA GRATIS"	hardmaxing	"2025-07-16 09:17:58"	"2025-08-11 08:12:54"	307	1384	14	10	0	0	0	looksmax.org		0	dosing/PED
/d/36697-protocolo-de-ciclo-de-cjc-1295-no-dac-e-ipamorelina	36697	"Protocolo de Ciclo de CJC-1295 No DAC e Ipamorelina"	peptides	"2025-07-16 13:32:55"	"2025-08-11 23:41:03"	523	2196	21	11	0	1	60	looksmax.org		0	dosing/PED
/d/36784-falla-asquerosa-de-nariz-ubicacion-retraida-de-las-fosas-nasales-estetica-de-la-base-de-las-fosas	36784	"Falla Asquerosa de Nariz: Ubicación Retraída de las Fosas Nasales (Estética de la Base de las Fosas)"	looksmaxing	"2025-07-17 23:24:46"	"2026-06-27 17:35:28"	586	3324	39	22	1	1	281	looksmax.org		0	
/d/36787-mentalidad-general-para-sub5s-el-unico-consejo-util-que-veras-aqui-excepto-surgerymaxxing	36787	"Mentalidad general para sub5s. El único consejo útil que verás aquí, excepto surgerymaxxing"	looksmaxing	"2025-07-17 23:43:32"	"2025-07-19 15:15:45"	613	1916	33	12	1	1	9	looksmax.org		0	
/d/36788-guia-de-skincare-minimalista-solo-necesitas-3-productos	36788	"GUÍA DE SKINCARE MINIMALISTA (SOLO NECESITAS 3 PRODUCTOS)"	softmaxing	"2025-07-17 23:47:44"	"2026-01-10 01:11:03"	1838	10536	50	30	1	1	54	looksmax.org		0	
/d/36820-guia-paso-a-paso-2025-sobre-como-dominar-fisicamente-a-todos-los-hombres-en-tu-area-local	36820	"Guía Paso-a-Paso 2025 sobre Cómo Dominar Físicamente a Todos los Hombres en Tu Área Local"	looksmaxing	"2025-07-18 15:04:00"	"2025-07-18 22:19:39"	146	758	10	9	1	1	2	looksmax.org		0	
/d/36891-las-unicas-softmaxxes-legitimas	36891	"Las únicas softmaxxes legítimas"	softmaxing	"2025-07-19 15:07:44"	"2025-07-29 05:52:29"	100	965	25	8	0	0	0	looksmax.org		0	
/d/36897-controlando-los-musculos-faciales-para-cambiar-las-cejas-la-nariz-etc	36897	"Controlando los músculos faciales para cambiar las cejas, la nariz, etc"	looksmaxing	"2025-07-19 18:35:15"	"2025-08-28 19:37:17"	349	3003	39	12	1	1	28	looksmax.org		0	
/d/36931-suplementos-para-tomar-indefinidamente-si-estas-usando-gear	36931	"Suplementos para tomar indefinidamente si estás usando gear"	anabolicos	"2025-07-20 03:05:14"	"2025-10-19 14:17:40"	413	3272	28	20	1	1	164	looksmax.org		0	dosing/PED
/d/37120-como-perder-peso-rapido-para-hombres-adolescentes-obesos-para-evitar-detener-el-crecimiento-exceso-de-piel-ademas-gana-crecimiento-de-huesos-y-looks	37120	"Cómo perder peso rápido para hombres adolescentes obesos, para evitar detener el crecimiento, exceso de piel; además gana crecimiento de huesos y looks."	looksmaxing	"2025-07-22 11:26:10"	"2025-07-23 14:00:08"	307	2706	29	13	0	1	4	looksmax.org		0	
/d/37144-cura-tdah-y-mejora-el-desempeno-estudiantil-con-pescado-crudo-alto-en-omega-3	37144	"¡Cura TDAH y mejora el desempeño estudiantil con pescado crudo alto en omega 3!"	looksmaxing	"2025-07-22 18:15:08"	"2026-02-27 20:19:58"	244	1076	12	6	0	0	0	looksmax.org		0	dosing/PED|sourcing
/d/37198-dominando-el-sueno-y-la-vigilia-estrategias-basadas-en-la-ciencia-para-la-salud-mental-y-fisica	37198	"Dominando el sueño y la vigilia (Estrategias basadas en la ciencia para la salud mental y física)"	softmaxing	"2025-07-23 14:44:05"	"2025-07-26 19:12:41"	1348	6062	41	10	1	1	20	looksmax.org		0	
/d/37199-la-unica-formula-de-dht-maximo-que-jamas-necesitaras	37199	"La única fórmula de DHT máximo que jamás necesitarás."	anabolicos	"2025-07-23 16:02:26"	"2025-07-24 16:39:39"	211	989	22	11	0	0	0	looksmax.org		0	dosing/PED|sourcing
/d/37210-como-aumentar-iq-y-diligencia-que-son-los-mejores-predictores-del-exito	37210	"Cómo aumentar IQ y diligencia que son los mejores predictores del éxito."	looksmaxing	"2025-07-23 18:25:55"	"2025-07-24 21:35:06"	383	16803	94	21	1	1	8	looksmax.org		0	dosing/PED|sourcing
/d/37231-una-guia-para-el-uso-de-inhibidores-de-hdac	37231	"Una guía para el uso de inhibidores de HDAC"	anabolicos	"2025-07-23 23:43:57"	"2026-02-22 08:50:15"	380	3021	24	12	0	1	357	looksmax.org		0	dosing/PED|sourcing
/d/37259-mi-guia-para-crecer-de-51-currycel-a-63-chadpreet-en-menos-de-2-anos-creeme-saar	37259	"Mi guía para crecer de 5'1 currycel a 6'3 chadpreet en menos de 2 años ¡créeme saar!"	looksmaxing	"2025-07-24 12:59:17"	"2025-07-24 19:44:41"	270	1420	24	13	1	1	6	looksmax.org		0	dosing/PED|sourcing
/d/37320-como-saber-si-ella-es-una-bop	37320	"Cómo saber si ella es una bop"	looksmaxing	"2025-07-25 17:15:04"	"2025-08-12 08:40:25"	212	2054	22	18	0	0	0	looksmax.org		0	
/d/37328-que-es-dht-y-como-lo-aumentamos-naturalmente	37328	"¿Qué es DHT y cómo lo aumentamos naturalmente?"	anabolicos	"2025-07-25 18:40:36"	"2025-09-16 16:56:32"	446	1204	19	14	1	1	20	looksmax.org		0	dosing/PED
/d/37346-el-stack-de-iqmaxxing-nootropicos	37346	"EL STACK DE IQMAXXING (Nootrópicos)"	looksmaxing	"2025-07-25 23:50:47"	"2026-04-29 17:39:15"	559	5163	54	22	0	0	0	looksmax.org		0	dosing/PED
/d/37381-como-hacer-iqmax	37381	"Cómo hacer IqMax"	looksmaxing	"2025-07-26 15:56:40"	"2026-03-27 01:09:20"	513	3049	24	9	1	1	19	looksmax.org		0	
/d/37435-guia-universal-de-peptidos-como-usar-peptidos	37435	"GUÍA UNIVERSAL DE PÉPTIDOS | ¿Cómo usar Péptidos?"	peptides	"2025-07-27 15:20:23"	"2026-02-25 16:33:08"	697	1727	17	8	1	1	25	looksmax.org		0	dosing/PED
/d/37450-mi-stack-de-looksmaxxing-no-larp-realmente-bueno	37450	"MI STACK DE LOOKSMAXXING (NO LARP, REALMENTE BUENO)"	anabolicos	"2025-07-27 19:11:02"	"2025-08-01 21:38:06"	352	1625	25	8	1	1	14	looksmax.org		0	dosing/PED
/d/37530-reescribiendo-el-iris-el-plano-genetico-para-alterar-el-color-de-ojos-a-traves-de-edicion-genica-somatica-remasterizado	37530	"REESCRIBIENDO EL IRIS: EL PLANO GENÉTICO PARA ALTERAR EL COLOR DE OJOS A TRAVÉS DE EDICIÓN GÉNICA SOMÁTICA [REMASTERIZADO]"	softmaxing	"2025-07-28 21:19:59"	"2026-04-05 03:50:10"	4226	19931	30	14	1	1	479	looksmax.org		0	
/d/37652-guia-completa-para-mantener-la-fertilidad-durantedespues-de-ciclos-de-testosterona	37652	"GUÍA COMPLETA PARA MANTENER LA FERTILIDAD DURANTE/DESPUÉS DE CICLOS DE TESTOSTERONA"	anabolicos	"2025-07-30 06:44:49"	"2026-02-28 20:12:50"	1456	4501	25	11	1	1	123	looksmax.org		0	dosing/PED
/d/37657-el-metodo-mas-facil-para-slayear-garantizado	37657	"El método MÁS FÁCIL para slayear garantizado"	looksmaxing	"2025-07-30 08:23:03"	"2025-08-14 15:05:13"	111	164	4	4	0	0	0	looksmax.org		0	
/d/37676-freak-physique-maxxing-atrae-todas-las-miradas	37676	"Freak physique maxxing: atrae todas las miradas"	looksmaxing	"2025-07-30 13:00:38"	"2025-08-17 13:19:47"	816	8958	59	26	1	1	178	looksmax.org		0	
/d/37686-looksmaxxing-de-color-de-cabello-que-color-de-cabello-deberias-tener	37686	"Looksmaxxing de Color de Cabello (QUÉ COLOR DE CABELLO DEBERÍAS TENER)"	softmaxing	"2025-07-30 14:32:49"	"2025-08-18 11:45:15"	115	581	11	5	1	1	8	looksmax.org		0	
/d/37701-introduccion-al-mk-677	37701	"Introducción al mk-677"	anabolicos	"2025-07-30 17:09:26"	"2025-08-14 00:20:06"	490	3683	35	12	1	1	172	looksmax.org		0	dosing/PED
/d/37721-nueva-informacion-sobre-como-comer-pescado-crudo-gtfih	37721	"¡Nueva información sobre cómo comer pescado crudo! ¡GTFIH!"	looksmaxing	"2025-07-30 20:30:11"	"2025-07-30 21:42:15"	192	1419	22	6	1	1	2	looksmax.org		0	
/d/37729-droga-para-ntmaxxing	37729	"DROGA PARA NTMAXXING"	looksmaxing	"2025-07-30 21:30:14"	"2025-07-31 01:19:27"	523	5464	25	9	1	1	58	looksmax.org		0	
/d/37755-como-lidiar-con-una-sobremordida	37755	"Cómo lidiar con una sobremordida"	hardmaxing	"2025-07-31 02:33:21"	"2025-08-31 16:25:39"	340	685	15	7	1	1	22	looksmax.org		0	sourcing
/d/37758-forma-instantanea-de-dormirse-peligrosa	37758	"Forma instantánea de dormirse (PELIGROSA)"	looksmaxing	"2025-07-31 03:37:30"	"2025-07-31 18:48:35"	189	1903	28	16	1	1	2	looksmax.org		0	
/d/37777-gb-115-el-peptido-anti-ansiedad-que-mogea-benzos-y-alcohol-al-olvido	37777	"GB-115: El péptido anti-ansiedad que mogea benzos y alcohol al olvido"	peptides	"2025-07-31 11:39:31"	"2025-10-21 13:31:32"	326	390	7	5	1	1	10	looksmax.org		0	dosing/PED
/d/37806-la-mejor-forma-de-hacer-cold-approach-a-chicas	37806	"La mejor forma de hacer cold approach a chicas"	looksmaxing	"2025-07-31 18:11:49"	"2025-09-21 03:44:08"	125	744	21	13	1	1	7	looksmax.org		0	
/d/37812-personalitymaxxing-como-atraer-a-una-foid-lectura-obligada	37812	"PERSONALITYMAXXING - CÓMO ATRAER A UNA FOID (LECTURA OBLIGADA)"	looksmaxing	"2025-07-31 19:07:43"	"2025-08-01 21:20:43"	568	3793	30	11	1	1	59	looksmax.org		0	
/d/37902-la-guia-completa-de-peptidos-para-la-piel-acnecielos-gtfih	37902	"LA GUÍA COMPLETA DE PÉPTIDOS PARA LA PIEL (ACNECIELOS GTFIH)"	peptides	"2025-08-01 17:33:55"	"2025-08-19 19:25:40"	2036	2384	11	5	1	1	30	looksmax.org		0	dosing/PED
/d/37916-como-reducir-la-ansiedad-y-el-estres-en-segundos	37916	"Cómo Reducir la Ansiedad y el Estrés en Segundos"	looksmaxing	"2025-08-01 19:48:20"	"2025-08-01 20:29:14"	88	824	19	5	1	1	8	looksmax.org		0	
/d/37933-como-encoger-tus-maseteros	37933	"cómo encoger tus maseteros"	softmaxing	"2025-08-01 22:24:56"	"2025-08-10 01:41:32"	203	441	4	5	0	0	0	looksmax.org		0	
/d/37934-como-deshacerse-de-todos-los-tipos-de-olor-corporal-bajo-esfuerzo-hygienecels-gtfih	37934	"Cómo deshacerse de todos los tipos de olor corporal (Bajo Esfuerzo / Hygienecels GTFIH)"	softmaxing	"2025-08-01 23:10:34"	"2025-08-01 23:25:57"	203	304	5	5	0	0	0	looksmax.org		0	dosing/PED
/d/37951-maximizando-el-potencial-del-bone-smashing-pomulos	37951	"Maximizando el potencial del Bone smashing (pómulos)"	hardmaxing	"2025-08-02 04:25:31"	"2025-09-02 07:49:34"	754	2224	13	12	0	1	2	looksmax.org		0	dosing/PED|DIY-procedure
/d/37956-guia-para-el-uso-de-cjc-1295-no-dac-e-ipamorelina-dacgrf	37956	"GUÍA para el uso de CJC 1295 no dac e Ipamorelina (DAC:GRF)"	peptides	"2025-08-02 06:17:48"	"2026-02-13 19:50:12"	308	2278	23	16	0	0	0	looksmax.org		0	dosing/PED
/d/37962-como-esconder-esteroides-de-tus-padres	37962	"Cómo esconder esteroides de tus padres"	anabolicos	"2025-08-02 09:12:48"	"2025-08-02 09:37:37"	124	287	9	2	0	0	0	looksmax.org		0	
/d/37976-guia-simple-de-fiend-sobre-eritema-post-inflamatorio	37976	"Guía simple de Fiend sobre eritema post-inflamatorio"	softmaxing	"2025-08-02 11:31:57"	"2026-01-28 05:22:04"	244	562	5	5	0	0	0	looksmax.org		0	dosing/PED
/d/38008-higado-de-res-el-alimento-mas-poderoso-de-la-tierra	38008	"HÍGADO DE RES (EL ALIMENTO MÁS PODEROSO DE LA TIERRA)"	looksmaxing	"2025-08-02 18:59:12"	"2025-08-03 08:11:39"	988	6902	84	15	1	1	129	looksmax.org		0	
/d/38027-mejor-peinado-fraud-para-linea-recesiva-gtfih	38027	"¡Mejor peinado fraud para línea recesiva! ¡GTFIH!"	softmaxing	"2025-08-02 22:00:58"	"2025-09-06 16:22:42"	463	1781	29	12	1	1	2	looksmax.org		0	
/d/38067-guia-basica-de-ascension-para-greys	38067	"Guía básica de ascensión para greys"	looksmaxing	"2025-08-03 07:07:29"	"2025-08-15 09:15:08"	641	2582	14	11	1	1	12	looksmax.org		0	dosing/PED|DIY-procedure
/d/38088-planes-de-ciclo-y-looksmaxxing-siendo-un-chavo-de-16	38088	"planes de ciclo y looksmaxxing siendo un chavo de 16"	anabolicos	"2025-08-03 12:41:06"	"2025-11-29 12:50:28"	932	12579	51	18	1	1	2	looksmax.org		0	dosing/PED|DIY-procedure
/d/38124-guia-anti-caida-de-cabello	38124	"Guía anti caída de cabello"	softmaxing	"2025-08-03 20:20:22"	"2025-08-13 14:13:11"	1050	1236	13	8	1	1	2	looksmax.org		0	dosing/PED
/d/38130-las-unicas-formas-reales-de-hacer-dinero-en-este-foro-no-cope	38130	"Las únicas formas reales de hacer dinero en este foro (no cope)"	looksmaxing	"2025-08-03 20:50:02"	"2026-03-08 05:14:41"	1029	5008	32	15	1	1	223	looksmax.org		0	
/d/38149-todo-lo-que-necesitas-saber-sobre-el-sixpack-guia-completa-para-obtenerlos-consejos-y-trucos	38149	"TODO lo que necesitas saber sobre el SIXPACK (Guía completa para obtenerlos + consejos y trucos)"	looksmaxing	"2025-08-04 00:12:19"	"2025-08-04 00:19:21"	1740	7153	15	8	1	1	125	looksmax.org		0	
/d/38171-guia-de-cold-approach-para-ndcels-gtih-nds-80-de-exito	38171	"GUÍA DE COLD APPROACH PARA NDCELS [GTIH NDs , 80% DE ÉXITO]"	looksmaxing	"2025-08-04 08:40:33"	"2026-04-24 10:17:36"	1381	6196	36	16	1	1	37	looksmax.org		0	
/d/38186-potencia-tu-motivacion-de-esta-forma	38186	"Potencia tu motivación de esta forma"	looksmaxing	"2025-08-04 12:21:47"	"2025-08-04 12:51:46"	250	792	8	3	0	0	0	looksmax.org		0	
/d/38262-guia-definitiva-de-peptidos-para-principiantes	38262	"Guía Definitiva de Péptidos para Principiantes 💉"	peptides	"2025-08-05 08:14:53"	"2026-04-02 07:35:48"	1115	4624	28	19	0	1	8	looksmax.org		0	dosing/PED
/d/38274-blueprint-para-looksmaxxing-en-la-infancia	38274	"Blueprint para looksmaxxing en la infancia"	looksmaxing	"2025-08-05 11:40:29"	"2025-10-25 08:07:41"	846	3797	13	9	1	1	2	looksmax.org		0	
/d/38277-como-realmente-ntmax	38277	"cómo realmente ntmax"	looksmaxing	"2025-08-05 11:57:57"	"2025-08-06 01:03:54"	123	829	12	5	1	1	10	looksmax.org		0	
/d/38280-la-guia-definitiva-de-los-surcos-nasolabiales	38280	"La guía definitiva de los surcos nasolabiales"	softmaxing	"2025-08-05 12:04:30"	"2026-05-06 14:46:53"	639	4434	51	23	1	1	84	looksmax.org		0	
/d/38283-nueva-guia-definitiva-del-acne	38283	"Nueva Guía Definitiva del Acné"	softmaxing	"2025-08-05 12:33:17"	"2025-08-18 17:24:32"	970	1587	24	10	1	1	5	looksmax.org		0	dosing/PED
/d/38307-guia-completa-para-bajar-hgh-y-limitar-tu-potencial-de-altura-tallcels-gtfih-o-sigue-siendo-alto-digno-de-botb	38307	"GUÍA COMPLETA PARA BAJAR HGH Y LIMITAR TU POTENCIAL DE ALTURA (TALLCELS GTFIH O SIGUE SIENDO ALTO) DIGNO DE BOTB"	looksmaxing	"2025-08-05 19:37:45"	"2025-08-05 20:14:36"	141	873	13	9	1	1	12	looksmax.org		0	dosing/PED
/d/38371-como-fraudear-tu-area-ocular-con-lentes-de-sol-desglose-completo-por-forma-de-cara	38371	"Cómo fraudear tu área ocular con lentes de sol (Desglose completo por forma de cara)"	looksmaxing	"2025-08-06 15:48:25"	"2026-05-06 21:41:42"	395	1183	4	4	0	0	0	looksmax.org		0	
/d/38398-lee-este-hilo-antes-de-hacerte-una-transferencia-de-grasa-facial	38398	"LEE ESTE HILO antes de hacerte una transferencia de grasa facial"	hardmaxing	"2025-08-06 22:53:13"	"2026-04-19 17:35:02"	860	1854	26	17	1	1	14	looksmax.org		0	
/d/38403-una-guia-para-mejorar-la-vision	38403	"Una guía para mejorar la visión"	looksmaxing	"2025-08-06 23:48:44"	"2025-09-02 10:31:15"	306	323	2	2	1	1	10	looksmax.org		0	
/d/38418-mi-idea-de-heightmax-precio-incluido	38418	"Mi Idea de Heightmax (Precio Incluido)"	anabolicos	"2025-08-07 02:51:36"	"2025-08-14 14:03:38"	223	1356	37	10	1	1	65	looksmax.org		0	dosing/PED
/d/38431-como-hacer-una-bomba-de-pene-casera-alta-calidad	38431	"CÓMO HACER UNA BOMBA DE PENE CASERA (ALTA CALIDAD)"	looksmaxing	"2025-08-07 08:41:14"	"2025-10-31 09:43:41"	472	1441	15	6	1	1	34	looksmax.org		0	DIY-procedure
/d/38455-plan-de-comidas-para-volumen-con-perfil-de-micronutrientes-perfecto	38455	"Plan de Comidas para Volumen con Perfil de Micronutrientes PERFECTO"	looksmaxing	"2025-08-07 16:54:14"	"2025-09-26 12:52:59"	509	2802	27	13	0	0	0	looksmax.org		0	dosing/PED|DIY-procedure
/d/38478-tienes-scleral-show-lee-esto-para-arreglarlo-sin-cirugia	38478	"¿Tienes scleral show? Lee esto para arreglarlo sin cirugía"	looksmaxing	"2025-08-07 21:16:20"	"2025-08-07 22:58:54"	255	765	13	4	1	1	24	looksmax.org		0	
/d/38526-guia-de-coloracion	38526	"Guía de coloración"	softmaxing	"2025-08-08 12:48:52"	"2025-08-08 12:54:16"	112	462	11	6	0	0	0	looksmax.org		0	dosing/PED
/d/38559-como-medir-correctamente-la-envergadura	38559	"Cómo medir correctamente la envergadura"	looksmaxing	"2025-08-08 19:20:59"	"2025-08-22 12:18:09"	97	530	10	6	1	1	10	looksmax.org		0	
/d/38560-guia-de-maxxing-de-cejas-y-pestanas	38560	"Guía de Maxxing de Cejas y Pestañas"	softmaxing	"2025-08-08 20:03:37"	"2025-08-08 20:18:59"	452	709	13	6	1	1	12	looksmax.org		0	
/d/38628-mewing-avanzado-altura-de-maxila-y-rama	38628	"Mewing Avanzado: Altura de Maxila y Rama"	looksmaxing	"2025-08-09 12:38:32"	"2025-08-25 01:12:27"	307	364	7	7	0	0	0	looksmax.org		0	
/d/38644-teriparatida-vs-abaloparatida-cual-analogo-de-pth-es-mejor	38644	"Teriparatida vs Abaloparatida: ¿Cuál análogo de PTH es mejor?"	anabolicos	"2025-08-09 15:29:36"	"2026-03-23 17:06:32"	1300	3446	32	14	0	1	66	looksmax.org		0	dosing/PED
/d/38662-como-arregle-la-mala-textura-de-la-piel-de-mi-frente	38662	"Cómo arreglé la mala textura de la piel de mi frente"	softmaxing	"2025-08-09 19:57:36"	"2025-08-09 20:31:05"	203	310	8	7	1	1	2	looksmax.org		0	dosing/PED
/d/38739-guia-sobre-como-crecer-tu-arco-superciliar	38739	"Guía sobre cómo crecer tu arco superciliar"	looksmaxing	"2025-08-10 17:21:10"	"2025-08-22 00:50:35"	201	675	18	10	1	1	7	looksmax.org		0	dosing/PED
/d/38765-la-proporcion-oculta-que-determina-tus-labios-la-proporcion-del-aspecto-de-la-boca-ft-at-proex	38765	"La proporción oculta que determina tus labios- La Proporción del Aspecto de la Boca | FT @proex"	looksmaxing	"2025-08-10 21:28:46"	"2025-08-12 22:08:56"	205	2640	85	12	1	1	145	looksmax.org		0	
/d/38772-24-tips-para-greys	38772	"24 tips para greys"	looksmaxing	"2025-08-10 22:09:06"	"2025-12-03 18:52:10"	902	12546	71	38	1	1	6	looksmax.org		0	dosing/PED|DIY-procedure
/d/38789-el-secreto-para-una-nariz-mas-pequena-compresion-nasal	38789	"El secreto para una nariz más pequeña (Compresión nasal)"	softmaxing	"2025-08-11 01:51:35"	"2026-04-17 15:40:14"	673	4001	22	7	1	1	82	looksmax.org		0	
/d/38799-como-sentirse-mas-feliz	38799	"cómo sentirse más feliz"	looksmaxing	"2025-08-11 08:01:37"	"2025-08-11 13:17:40"	129	436	10	11	0	0	0	looksmax.org		0	
/d/38850-hongospsilocibina-para-potencialmente-lifemaxxbajar-la-inhib-guia-de-conocimiento-basico-sobre-hongos	38850	"hongos/psilocibina para potencialmente LIFEMAXX/bajar la inhib. GUÍA DE CONOCIMIENTO BÁSICO SOBRE HONGOS"	looksmaxing	"2025-08-11 20:42:04"	"2025-08-11 21:18:04"	780	1806	16	7	1	1	12	looksmax.org		0	dosing/PED
/d/38896-como-ponerte-mamado-y-seguir-mamado-guia-de-physiquemaxxing-de-un-nerd-de-la-kinesiologia	38896	"Cómo ponerte mamado, y seguir mamado - guía de physiquemaxxing de un nerd de la kinesiología"	looksmaxing	"2025-08-12 09:55:57"	"2025-09-19 00:31:14"	1279	2551	4	4	0	0	0	looksmax.org		0	
/d/38925-la-importancia-del-gusto-musical	38925	"La importancia del gusto musical"	looksmaxing	"2025-08-12 18:01:31"	"2025-08-12 19:45:19"	89	2492	83	17	1	1	31	looksmax.org		0	
/d/39008-dormir-invertido-para-crecimiento-maxilar-anterior	39008	"Dormir Invertido para Crecimiento Maxilar Anterior"	looksmaxing	"2025-08-13 16:44:42"	"2025-09-09 00:54:27"	288	3009	23	12	1	1	107	looksmax.org		0	
/d/39043-area-ocular-para-atractivo	39043	"Área ocular para atractivo"	looksmaxing	"2025-08-13 21:43:18"	"2025-08-13 23:14:01"	84	363	9	7	0	0	0	looksmax.org		0	
/d/39057-guia-ok-de-como-tener-mejor-piel	39057	"Guía ok de cómo tener mejor piel"	softmaxing	"2025-08-14 01:42:46"	"2025-08-14 17:18:22"	490	1338	32	9	1	1	26	looksmax.org		0	dosing/PED
/d/39092-guia-de-stylemaxing	39092	"Guía de Stylemaxing"	looksmaxing	"2025-08-14 13:44:24"	"2025-08-14 16:36:00"	198	953	12	11	1	1	33	looksmax.org		0	
/d/39156-los-inhibidores-de-aromatasa-pueden-no-ser-tan-efectivos-como-piensas	39156	"Los inhibidores de aromatasa pueden no ser tan efectivos como piensas."	anabolicos	"2025-08-15 02:41:37"	"2025-09-18 17:55:05"	434	1910	15	7	0	0	0	looksmax.org		0	dosing/PED
/d/39166-la-biblia-del-acne-guia-completa-para-una-piel-limpia	39166	"La Biblia del Acné : Guía completa para una piel limpia"	softmaxing	"2025-08-15 04:52:22"	"2025-08-15 05:20:36"	820	1670	17	9	1	1	76	looksmax.org		0	
/d/39188-guia-completa-para-el-overbite-sobremordida	39188	"Guía completa para el overbite (sobremordida)"	hardmaxing	"2025-08-15 11:39:44"	"2025-08-25 19:46:38"	403	1615	17	8	0	1	4	looksmax.org		0	DIY-procedure
/d/39211-como-descalcificar-la-glandula-pineal-y-ascender	39211	"Cómo descalcificar la glándula pineal y ascender"	looksmaxing	"2025-08-15 17:22:20"	"2026-01-27 18:46:58"	2202	4331	11	8	0	1	74	looksmax.org		0	dosing/PED
/d/39233-como-hacer-leche-agriafilviili-leche-fermentada	39233	"Cómo hacer leche agria/fil/viili (leche fermentada)"	looksmaxing	"2025-08-15 21:51:53"	"2025-08-15 23:26:56"	144	1787	40	8	1	1	30	looksmax.org		0	
/d/39284-esta-pildora-aumentara-tu-testosterona-total-y-libre	39284	"Esta píldora aumentará tu testosterona total y libre"	anabolicos	"2025-08-16 15:27:06"	"2025-08-16 15:54:03"	256	685	5	2	0	1	28	looksmax.org		0	dosing/PED|sourcing
/d/39290-6ft6-elevate-bamboo-wolf-brutal-20-metodos-filtrados	39290	"6ft6 , Elevate , Bamboo , Wolf , Brutal 2.0 ( Métodos Filtrados )"	looksmaxing	"2025-08-16 17:03:59"	"2025-08-16 18:58:33"	96	559	20	11	1	1	20	looksmax.org		0	
/d/39308-sube-de-nivel-tus-dead-hangs	39308	"SUBE DE NIVEL tus dead-hangs"	looksmaxing	"2025-08-16 21:13:32"	"2025-08-17 11:22:50"	107	268	5	5	0	0	0	looksmax.org		0	
/d/39325-guia-de-como-conseguir-novia	39325	"GUÍA de cómo conseguir novia"	looksmaxing	"2025-08-16 22:57:45"	"2025-08-17 00:30:39"	480	4615	37	18	0	0	0	looksmax.org		0	
/d/39419-mk677-y-que-es	39419	"MK677 Y Qué Es"	anabolicos	"2025-08-17 21:11:06"	"2025-10-02 07:04:40"	365	1640	23	12	1	1	19	looksmax.org		0	dosing/PED
/d/39486-lista-de-peores-a-mejores-esteroides-lista-de-peptidos-pronto	39486	"Lista de peores a mejores esteroides (lista de péptidos pronto)"	anabolicos	"2025-08-18 13:07:15"	"2025-08-19 14:14:49"	611	1226	7	6	0	1	10	looksmax.org		0	dosing/PED
/d/39495-plan-de-ascenso-farmacologico	39495	"Plan de ascenso farmacológico"	anabolicos	"2025-08-18 14:41:16"	"2025-08-23 12:01:11"	307	746	6	3	0	0	0	looksmax.org		0	dosing/PED
/d/39542-todo-lo-que-necesitas-sobre-la-higiene-bucal	39542	"Todo lo que necesitas sobre la Higiene Bucal."	softmaxing	"2025-08-18 20:19:01"	"2025-08-18 22:12:06"	569	2299	12	8	1	1	68	looksmax.org		0	
/d/39572-caninoscolmillos-sus-efectos-en-el-atractivo	39572	"Caninos/Colmillos: sus efectos en el atractivo"	looksmaxing	"2025-08-19 03:31:30"	"2025-09-19 04:27:59"	909	3164	29	14	1	1	37	looksmax.org		0	
/d/39588-guia-mogger-de-microneedling-en-casa	39588	"Guía MOGGER de Microneedling en Casa"	softmaxing	"2025-08-19 10:29:08"	"2025-09-13 19:18:33"	530	4448	32	17	1	1	105	looksmax.org		0	DIY-procedure
/d/39595-alternativa-natural-a-minoxidil-y-lociones-faciales	39595	"Alternativa natural a minoxidil y lociones faciales."	softmaxing	"2025-08-19 13:25:15"	"2025-08-20 13:40:05"	100	2921	40	9	1	1	30	looksmax.org		0	
/d/39665-rutina-para-cabello-rizado	39665	"RUTINA PARA CABELLO RIZADO"	softmaxing	"2025-08-20 05:21:40"	"2025-08-25 19:47:09"	954	6396	25	9	1	1	101	looksmax.org		0	
/d/39797-guia-rapida-de-frauding-para-looksmaxxers-adolescentes-con-problemas-de-padres-como-esconder-agujas-pedir-peptidos-etc	39797	"guía rápida de frauding para looksmaxxers adolescentes con problemas de padres (cómo esconder agujas, pedir péptidos, etc.)"	looksmaxing	"2025-08-21 07:29:50"	"2025-08-26 01:23:50"	1307	6784	36	13	1	1	61	looksmax.org		0	sourcing
/d/39825-accutane-que-es-dosificacion-y-mas	39825	"Accutane, qué es, dosificación y más"	anabolicos	"2025-08-21 13:15:54"	"2025-12-10 20:23:31"	1167	9462	64	20	1	1	71	looksmax.org		0	
/d/39865-todos-deberian-circadianrythmaxear	39865	"Todos deberían circadianrythmaxear"	softmaxing	"2025-08-21 21:16:55"	"2025-08-21 21:16:55"	73	73	0	1	0	0	0	looksmax.org		1	
/d/39889-como-ponerse-mamado-asap-segun-la-ciencia	39889	"Cómo ponerse mamado ASAP según la ciencia"	looksmaxing	"2025-08-22 00:56:07"	"2025-08-30 11:26:40"	1340	13447	67	24	1	1	221	looksmax.org		0	
/d/39891-el-compuesto-del-que-nadie-habla-nr-para-la-calidad-de-la-piel-y-el-antienvejecimiento	39891	"El compuesto del que nadie habla: NR para la calidad de la piel y el antienvejecimiento"	anabolicos	"2025-08-22 01:13:21"	"2025-08-23 08:13:02"	321	1832	30	19	1	1	68	looksmax.org		0	dosing/PED
/d/39939-la-guia-definitiva-del-trasplante-capilar	39939	"La guía definitiva del trasplante capilar"	hardmaxing	"2025-08-22 11:42:26"	"2025-10-26 23:35:46"	994	4031	9	8	1	1	155	looksmax.org		0	
/d/40018-fuga-de-la-guia-de-imad-skywalker	40018	"Fuga de la Guía de Imad Skywalker"	looksmaxing	"2025-08-23 03:07:16"	"2026-07-05 04:53:33"	56	569	26	21	0	1	30	looksmax.org		0	
/d/40122-por-que-nunca-deberias-comer-carbohidratos-y-verduras-objetivo	40122	"Por qué nunca deberías comer carbohidratos y verduras (Objetivo)"	looksmaxing	"2025-08-24 10:23:05"	"2025-08-24 13:03:20"	154	3106	46	14	1	1	126	looksmax.org		0	
/d/40212-como-usar-aceite-de-ricino-y-sus-beneficios-para-el-cabello	40212	"Cómo usar aceite de ricino y sus beneficios (para el cabello)"	softmaxing	"2025-08-25 13:47:33"	"2025-09-20 22:28:57"	253	1049	15	6	1	1	3	looksmax.org		0	
/d/40247-consejos-y-reglas-para-incels-y-sub5s-santo-grial-para-incels	40247	"consejos y reglas para incels y sub5s (santo grial para incels)"	looksmaxing	"2025-08-25 20:46:20"	"2025-09-24 17:53:49"	746	4583	22	13	0	0	0	looksmax.org		0	disordered-eating
/d/40345-guia-para-los-raros-de-la-prepa	40345	"GUÍA para los \"Raros\" de la Prepa"	looksmaxing	"2025-08-26 21:17:15"	"2025-09-24 16:51:01"	1096	4729	41	17	0	0	0	looksmax.org		0	
/d/40454-salud-intestinal-101-indicadores-clave-y-como-optimizarlos	40454	"Salud Intestinal 101: Indicadores Clave y Cómo Optimizarlos"	looksmaxing	"2025-08-27 22:54:54"	"2025-11-27 10:26:02"	1168	9996	92	22	1	1	182	looksmax.org		0	
/d/40472-para-nuevos-usuarios-de-org-que-no-tienen-desventaja-genetica	40472	"Para nuevos usuarios de org que no tienen desventaja genética"	looksmaxing	"2025-08-28 05:29:43"	"2025-12-30 02:42:34"	1112	8970	26	15	1	1	5	looksmax.org		0	dosing/PED
/d/40485-como-nuestras-mentes-pueden-cambiarnos	40485	"Cómo nuestras mentes pueden cambiarnos"	looksmaxing	"2025-08-28 11:51:06"	"2025-08-28 15:39:58"	1091	2091	8	6	0	0	0	looksmax.org		0	
/d/40563-como-pasar-de-blanco-a-moreno-gtfih	40563	"Cómo pasar de blanco a moreno (GTFIH!)"	softmaxing	"2025-08-29 01:59:31"	"2025-09-07 17:13:29"	273	3717	55	19	1	1	175	looksmax.org		0	dosing/PED
/d/40590-guia-completa-del-entrenamiento-craneal-integrado-ict	40590	"GUÍA COMPLETA DEL ENTRENAMIENTO CRANEAL INTEGRADO (ICT)"	looksmaxing	"2025-08-29 11:33:06"	"2025-09-08 15:03:00"	471	629	13	6	1	1	20	looksmax.org		0	dosing/PED
/d/40634-arreglar-los-pies-planos-mas-altura-oldcels-entren-aqui	40634	"Arreglar los pies planos = más altura, oldcels entren aquí"	looksmaxing	"2025-08-29 17:59:07"	"2025-08-29 19:45:29"	471	1041	7	6	1	1	12	looksmax.org		0	
/d/40651-como-hice-whitemaxxing	40651	"Cómo hice whitemaxxing"	softmaxing	"2025-08-29 21:34:52"	"2026-02-21 21:31:22"	125	3084	64	30	1	1	73	looksmax.org		0	
/d/40665-languagemaxxing-como-aprender-un-nuevo-idioma-puede-cambiarlo-todo	40665	"Languagemaxxing: Cómo aprender un nuevo idioma puede cambiarlo todo."	looksmaxing	"2025-08-30 00:25:23"	"2025-09-09 16:32:15"	380	2705	39	14	0	0	0	looksmax.org		0	
/d/40671-guia-legit-de-monoparpados-a-parpados-dobles-ricecels-gtfih	40671	"Guía LEGIT de Monopárpados a Párpados Dobles (RICECELS GTFIH)"	softmaxing	"2025-08-30 02:37:02"	"2025-11-24 02:09:06"	286	441	11	6	0	0	0	looksmax.org		0	DIY-procedure
/d/40675-como-suplementarse-para-potenciar-gh	40675	"Cómo suplementarse para potenciar GH"	anabolicos	"2025-08-30 04:25:53"	"2026-07-14 21:51:46"	152	897	11	6	1	1	9	looksmax.org		0	dosing/PED
/d/40706-plan-de-escape-para-manlets-alargamiento-de-piernas-o-implantes-de-talon	40706	"Plan de Escape para Manlets: ¿Alargamiento de Piernas o Implantes de Talón?"	hardmaxing	"2025-08-30 13:23:49"	"2026-01-07 20:30:07"	419	2717	29	15	1	1	39	looksmax.org		0	
/d/40762-como-no-terminar-como-yo	40762	"cómo NO terminar como yo"	looksmaxing	"2025-08-30 21:42:46"	"2025-08-30 22:29:34"	51	1163	56	12	1	1	48	looksmax.org		0	
/d/40764-ducha-max-tomando-la-mejor-ducha	40764	"Ducha-Max | Tomando la Mejor Ducha"	softmaxing	"2025-08-30 21:47:34"	"2025-08-31 14:31:21"	401	2974	42	19	1	1	291	looksmax.org		0	
/d/40783-coloracion-contraste-que-es-y-como-puedes-optimizarlo	40783	"Coloración & Contraste: ¿Qué es y Cómo puedes optimizarlo?"	looksmaxing	"2025-08-31 02:15:35"	"2025-10-10 23:30:30"	3413	42718	66	30	1	1	570	looksmax.org		0	
/d/40787-cafeina-la-droga-subestimada-y-por-que-deberias-usarla	40787	"Cafeína: La Droga Subestimada, y Por Qué Deberías Usarla"	looksmaxing	"2025-08-31 03:41:48"	"2025-10-22 07:39:08"	988	3843	34	13	1	1	10	looksmax.org		0	
/d/40789-cascarones-de-huevo-calcio-gratis-que-ustedes-npcs-tiran-a-la-basura	40789	"Cascarones de huevo – Calcio gratis que ustedes NPCs tiran a la basura"	looksmaxing	"2025-08-31 05:44:51"	"2026-04-19 16:08:03"	929	8608	77	23	1	1	166	looksmax.org		0	dosing/PED|sourcing
/d/40794-bloqueador-androgenico-topico-para-la-piel	40794	"Bloqueador androgénico tópico para la piel"	softmaxing	"2025-08-31 08:00:32"	"2025-08-31 10:54:38"	147	856	14	3	0	0	0	looksmax.org		0	
/d/40877-el-mejor-fraud-del-que-tu-no-has-oido-hablar	40877	"El mejor fraud del que TÚ no has oído hablar"	looksmaxing	"2025-09-01 03:45:01"	"2025-09-23 00:43:06"	772	5799	73	11	1	1	20	looksmax.org		0	
/d/40896-secretos-de-looksmax-que-nadie-habla-aqui-botb	40896	"Secretos de looksmax que nadie habla aquí (BOTB?)"	looksmaxing	"2025-09-01 09:41:01"	"2026-04-12 16:11:56"	237	1441	16	12	0	0	0	looksmax.org		0	
/d/40903-guia-para-principiantes-zigomaticos-maxilar-gonios-etc	40903	"Guía para principiantes (Zigomáticos, Maxilar, Gonios, etc.)"	looksmaxing	"2025-09-01 11:10:27"	"2025-09-04 01:32:51"	484	518	7	4	1	1	8	looksmax.org		0	
/d/40914-cirugia-maxxing-desglose-completo-de-procedimientos-faciales-maxila-menton-cigomaticos-paladar-etc	40914	"[CIRUGÍA MAXXING] Desglose Completo de Procedimientos Faciales (Maxila, Mentón, Cigomáticos, Paladar, etc"	hardmaxing	"2025-09-01 13:59:52"	"2025-11-27 16:32:33"	422	864	8	6	0	0	0	looksmax.org		0	
/d/40939-eres-mas-atractivo-que-la-persona-promedio-una-introduccion-a-la-terminologia-del-looksmaxxing	40939	"¿Eres más atractivo que la persona promedio?: Una Introducción a la Terminología del Looksmaxxing"	looksmaxing	"2025-09-01 17:45:16"	"2026-01-27 21:52:49"	1687	19272	43	28	1	1	67	looksmax.org		0	
/d/40982-nootropicos-que-vale-la-pena-considerar	40982	"Nootrópicos que vale la pena considerar"	looksmaxing	"2025-09-02 05:43:08"	"2025-10-01 19:29:05"	65	1408	42	20	1	1	25	looksmax.org		0	
/d/41002-guia-paso-a-paso-como-pedir-almacenar-y-esconder-esteroidespeptidos-como-adolescente	41002	"Guía Paso a Paso: Cómo Pedir, Almacenar y Esconder esteroides/péptidos como Adolescente"	anabolicos	"2025-09-02 15:12:54"	"2026-05-23 18:04:17"	2246	26546	33	21	1	1	552	looksmax.org		0	sourcing
/d/41007-guia-para-la-felicidad	41007	"guía para la felicidad"	looksmaxing	"2025-09-02 16:37:12"	"2025-10-15 11:22:31"	1324	6766	25	21	1	1	2	looksmax.org		0	dosing/PED
/d/41071-como-medir-todos-los-ratios-faciales-solo-perfil-frontal	41071	"cómo medir todos los ratios faciales (SOLO perfil FRONTAL)"	looksmaxing	"2025-09-03 11:39:35"	"2025-11-23 15:09:28"	778	1453	20	7	1	1	42	looksmax.org		0	
/d/41124-como-encontrar-tu-estilo-de-moda	41124	"¿Cómo encontrar TU estilo de moda?"	looksmaxing	"2025-09-03 21:23:55"	"2025-09-04 09:35:54"	669	1423	8	5	1	1	42	looksmax.org		0	
/d/41144-side-effect-cells-y-pubertycels-gtfih-como-hacer-cualquier-concentracion-de-finasterida-topica-ridiculamente-barata	41144	"SIDE EFFECT CELLS Y PUBERTYCELS GTFIH Cómo hacer CUALQUIER concentración de finasterida tópica RIDÍCULAMENTE BARATA"	looksmaxing	"2025-09-04 05:52:08"	"2025-09-04 06:55:02"	172	356	7	3	1	1	8	looksmax.org		0	dosing/PED
/d/41166-como-tener-la-piel-perfecta-todo-lo-que-necesitas-saber	41166	"CÓMO TENER LA PIEL PERFECTA: Todo Lo Que Necesitas Saber"	softmaxing	"2025-09-04 14:31:51"	"2026-03-01 17:57:43"	1047	7564	27	10	1	1	92	looksmax.org		0	
/d/41215-accutane	41215	Accutane	anabolicos	"2025-09-04 23:53:00"	"2025-09-12 12:36:25"	738	2512	6	6	0	0	0	looksmax.org		0	disordered-eating
/d/41264-reversion-pre-caries-cachando-las-caries-antes-de-que-pasen	41264	"REVERSIÓN PRE-CARIES (cachando las caries antes de que pasen)"	softmaxing	"2025-09-05 14:44:35"	"2026-01-20 11:58:34"	2093	2353	18	8	1	1	47	looksmax.org		0	
/d/41355-guia-definitiva-de-la-piel	41355	"Guía definitiva de la piel"	softmaxing	"2025-09-06 14:11:36"	"2025-11-29 13:40:34"	475	5101	36	14	1	1	204	looksmax.org		0	dosing/PED
/d/41418-drogas-dignas-de-mejorar-tu-apariencia	41418	"Drogas dignas de mejorar tu apariencia."	anabolicos	"2025-09-06 23:43:06"	"2026-01-15 11:17:44"	1531	11335	75	24	1	1	90	looksmax.org		0	dosing/PED|disordered-eating
/d/41474-como-oler-bien	41474	"Cómo oler bien 😊"	softmaxing	"2025-09-07 15:07:36"	"2025-09-21 21:15:48"	762	5035	54	18	1	1	116	looksmax.org		0	
/d/41478-que-es-la-rosacea-y-como-se-trata	41478	"Qué es la rosácea y cómo se trata"	softmaxing	"2025-09-07 15:34:01"	"2026-06-06 15:07:48"	592	4737	30	11	1	1	127	looksmax.org		0	
/d/41503-manual-de-finasterida-oral-minoxidil-topico-todo-lo-que-necesitas-saber	41503	"Manual de Finasterida Oral + Minoxidil Tópico (Todo lo que necesitas saber)"	anabolicos	"2025-09-07 18:23:39"	"2025-10-14 10:32:30"	2266	6756	17	8	0	0	0	looksmax.org		0	dosing/PED
/d/41524-formula-para-conquistar-en-la-vida-nocturna-thread-de-alto-esfuerzo	41524	"Fórmula para conquistar en la vida nocturna: thread de alto esfuerzo"	looksmaxing	"2025-09-07 21:10:37"	"2026-03-20 18:05:19"	2715	26582	53	31	0	0	0	looksmax.org		0	dosing/PED|DIY-procedure
/d/41570-insultos-comunes-de-foids-y-como-contrarrestarlos	41570	"Insultos Comunes de Foids y Cómo Contrarrestarlos"	looksmaxing	"2025-09-08 13:04:20"	"2026-03-26 08:18:27"	141	1414	23	19	1	1	12	looksmax.org		0	
/d/41574-necesitas-esto-para-una-apariencia-insanamente-buena-ict	41574	"Necesitas esto para una apariencia insanamente buena. / (ICT)"	looksmaxing	"2025-09-08 14:05:46"	"2025-09-20 10:57:55"	855	3421	20	6	1	1	5	looksmax.org		0	
/d/41575-como-saber-si-eres-mtn-basado-en-la-vida-real	41575	"Cómo saber si eres MTN (basado en la vida real)"	looksmaxing	"2025-09-08 14:15:17"	"2025-10-10 04:22:19"	116	996	20	13	0	0	0	looksmax.org		0	
/d/41621-la-presencia-es-como-la-apariencia-se-convierte-en-atraccion	41621	"La presencia es cómo la apariencia se convierte en atracción"	looksmaxing	"2025-09-09 02:02:55"	"2025-09-09 02:57:56"	495	597	6	5	1	1	15	looksmax.org		0	
/d/41624-como-dejar-de-forma-efectiva-la-adiccion-a-la-nicotina-usando-farmacos-para-adictos	41624	"Cómo dejar de forma efectiva la adicción a la nicotina usando fármacos. (Para adictos)"	anabolicos	"2025-09-09 02:57:41"	"2025-10-05 16:37:34"	367	4583	67	29	1	1	157	looksmax.org		0	dosing/PED
/d/41637-condense-toda-la-info-de-salud-de-bryan-johnson-en-una-lista-accionable-aqui-esta	41637	"Condensé toda la info de salud de Bryan Johnson en una lista accionable - Aquí está"	looksmaxing	"2025-09-09 06:54:49"	"2025-09-09 07:31:45"	512	690	6	6	1	1	11	looksmax.org		0	
/d/41676-guia-de-mejora-de-habilidades-sociales-para-hmtn	41676	"Guía de Mejora de Habilidades Sociales (para HMTN+)"	looksmaxing	"2025-09-09 18:04:53"	"2025-12-16 01:09:29"	556	2767	24	11	1	1	8	looksmax.org		0	self-harm/hopelessness
/d/41680-lo-que-todo-sub5-necesita-a-traves-de-hardmaxxing	41680	"Lo que todo sub5 necesita a través de hardmaxxing"	hardmaxing	"2025-09-09 18:33:33"	"2025-09-10 10:42:21"	35	50	2	2	0	0	0	looksmax.org		0	
/d/41684-lo-que-alguien-necesita-hacer-para-ascender-siendo-menor-de-18	41684	"Lo que alguien necesita hacer para ascender siendo menor de 18"	looksmaxing	"2025-09-09 19:50:21"	"2025-09-09 20:15:28"	76	507	15	9	0	0	0	looksmax.org		0	
/d/41710-la-guia-definitiva-del-urkcelmaxxing-botb	41710	"LA GUÍA DEFINITIVA DEL URKCELMAXXING (BOTB) 💯"	looksmaxing	"2025-09-10 02:58:08"	"2025-09-10 03:08:12"	594	655	7	6	1	1	6	looksmax.org		0	
/d/41866-rutina-de-pecho	41866	"rutina de pecho"	looksmaxing	"2025-09-12 11:59:30"	"2025-10-18 21:43:01"	165	823	14	5	1	1	9	looksmax.org		0	
/d/41870-como-entrenar-la-espalda-efectivamente	41870	"Cómo entrenar la espalda efectivamente"	looksmaxing	"2025-09-12 13:22:21"	"2025-10-18 21:40:23"	409	4659	23	8	1	1	131	looksmax.org		0	
/d/41962-acabo-con-el-cope-la-unica-guia-de-estetica-facial-que-vas-a-necesitar	41962	"ACABO CON EL COPE: La Única Guía de Estética Facial Que Vas a Necesitar"	looksmaxing	"2025-09-13 14:29:53"	"2025-09-30 15:03:29"	1215	13884	54	23	1	1	18	looksmax.org		0	
/d/42021-la-verdad-sobre-accutane-un-medicamento-que-cambia-la-vida-o-una-moda-pasajera	42021	"La verdad sobre- Accutane un medicamento que cambia la vida o una moda pasajera"	anabolicos	"2025-09-14 12:41:26"	"2026-01-15 12:36:56"	790	9110	65	32	1	1	359	looksmax.org		0	
/d/42040-la-forma-facil-y-real-de-ascender-guia	42040	"LA FORMA FÁCIL Y REAL DE ASCENDER. (GUÍA)"	looksmaxing	"2025-09-14 18:06:52"	"2026-02-12 12:53:47"	1028	2154	8	8	1	1	20	looksmax.org		0	DIY-procedure
/d/42096-como-empezar-a-hacer-looksmaxxing	42096	"Cómo empezar a hacer looksmaxxing"	looksmaxing	"2025-09-15 17:26:26"	"2025-09-15 21:28:03"	781	6288	24	10	1	1	234	looksmax.org		0	dosing/PED
/d/42119-guia-de-dimorfismo-softmax	42119	"Guía De Dimorfismo Softmax"	looksmaxing	"2025-09-16 00:25:57"	"2025-10-01 18:26:54"	189	1143	22	9	0	0	0	looksmax.org		0	dosing/PED|sourcing
/d/42134-la-grasa-es-beneficiosa-durante-la-pubertad	42134	"La grasa es beneficiosa durante la pubertad"	looksmaxing	"2025-09-16 07:05:04"	"2025-09-16 21:12:10"	178	964	20	9	1	1	8	looksmax.org		0	
/d/42182-semax	42182	Semax	peptides	"2025-09-17 00:17:56"	"2025-11-25 21:41:47"	859	2798	20	9	1	1	22	looksmax.org		0	dosing/PED
/d/42221-plan-completo-de-looksmaxx-de-18-meses-de-incel-sub5-a-htn	42221	"Plan completo de looksmaxx de 18 meses: de incel sub5 a HTN"	looksmaxing	"2025-09-17 15:19:50"	"2025-09-17 15:40:10"	417	688	12	4	0	0	0	looksmax.org		0	dosing/PED
/d/42298-como-ascender-de-ltn-a-chadlite	42298	"Cómo ascender de LTN a Chadlite"	looksmaxing	"2025-09-18 13:07:56"	"2026-04-19 17:53:40"	532	10181	89	44	1	1	668	looksmax.org		0	dosing/PED
/d/42307-guia-verdadera-de-perdida-de-grasa	42307	"Guía Verdadera de Pérdida de Grasa"	looksmaxing	"2025-09-18 14:50:55"	"2025-10-02 13:57:01"	324	709	9	7	0	1	6	looksmax.org		0	
/d/42321-la-droga-milagrosa-rapamicina	42321	"La droga milagrosa- Rapamicina"	anabolicos	"2025-09-18 18:35:09"	"2025-10-13 14:21:40"	917	10296	52	22	1	1	696	looksmax.org		0	
/d/42339-guia-completa-de-gymmaxx-basada-en-ciencia	42339	"Guía COMPLETA de gymmaxx basada en ciencia"	looksmaxing	"2025-09-18 21:39:14"	"2025-11-12 16:04:20"	934	7078	84	17	1	1	5	looksmax.org		0	dosing/PED
/d/42404-como-ascender-en-1-mes	42404	"Cómo ascender en 1 mes"	looksmaxing	"2025-09-19 18:37:16"	"2025-09-23 05:57:12"	84	602	23	11	0	0	0	looksmax.org		0	DIY-procedure
/d/42432-iqmaxxing-un-deep-dive-profundo-en-cerebrolysin	42432	"IQMaxxing : Un deep dive profundo en Cerebrolysin."	anabolicos	"2025-09-20 09:10:22"	"2026-05-31 07:52:05"	1221	10202	85	27	1	1	258	looksmax.org		0	
/d/42440-piel-clara-es-una-mejora-estetica-de-alto-nivel-guia-completa-explicacion	42440	"Piel Clara Es una Mejora Estética de Alto Nivel: Guía Completa + Explicación"	softmaxing	"2025-09-20 11:57:34"	"2026-05-15 01:05:51"	347	1090	13	11	0	0	0	looksmax.org		0	
/d/42516-guia-corta-de-skincare	42516	"Guía corta de skincare"	softmaxing	"2025-09-21 14:39:37"	"2025-10-16 20:20:07"	292	924	17	10	0	0	0	looksmax.org		0	
/d/42527-como-deshacerte-de-las-lineas-de-expresion-y-arrugas-el-peptido-botox-snap-8-smilelinecels-gtfih	42527	"| CÓMO DESHACERTE DE LAS LÍNEAS DE EXPRESIÓN Y ARRUGAS | El Péptido Botox - Snap-8 SMILELINECELS GTFIH |"	peptides	"2025-09-21 16:53:43"	"2026-03-06 06:59:00"	416	866	13	7	1	1	24	looksmax.org		0	
/d/42535-guia-para-acercarte-a-las-mujeres-y-de-personalidad	42535	"Guía para acercarte a las mujeres y de personalidad"	looksmaxing	"2025-09-21 17:49:36"	"2025-10-09 23:20:01"	951	6181	33	19	1	1	129	looksmax.org		0	
/d/42542-guia-de-skincare-de-rskincareaddiction	42542	"Guía de skincare de r/SkincareAddiction"	softmaxing	"2025-09-21 19:22:18"	"2025-09-30 10:01:28"	2226	2333	6	6	0	1	2	looksmax.org		0	
/d/42564-todos-los-metodos-para-eliminar-cicatrices-de-acne-e-hiperpigmentacion	42564	"TODOS los métodos para eliminar cicatrices de acné e hiperpigmentación"	softmaxing	"2025-09-22 01:30:14"	"2025-10-10 17:42:41"	2754	12765	16	11	1	1	18	looksmax.org		0	
/d/42608-guia-para-tener-piel-clara-con-esteroidesaltos-androgenos	42608	"Guía para tener piel clara con esteroides/altos andrógenos"	anabolicos	"2025-09-22 17:42:55"	"2025-09-22 20:48:08"	229	3604	39	15	1	1	2	looksmax.org		0	dosing/PED
/d/42649-como-ascendio-damian-kater-sus-cejas	42649	"¿Cómo ascendió Damian Kater sus cejas?"	softmaxing	"2025-09-23 05:02:54"	"2026-05-20 00:46:10"	212	1469	27	14	1	1	90	looksmax.org		0	
/d/42675-botox-uno-de-los-looksmaxxes-mas-subestimados	42675	"Botox- Uno de los Looksmaxxes Más Subestimados"	hardmaxing	"2025-09-23 15:12:45"	"2026-01-20 14:35:14"	1024	15674	56	25	1	1	1513	looksmax.org		0	dosing/PED
/d/42750-equivalentes-de-implantes-de-pecho-bbl-cirugias-de-alto-impacto-en-el-smv	42750	"Equivalentes de implantes de pecho / BBL - Cirugías de alto impacto en el SMV"	hardmaxing	"2025-09-24 15:58:26"	"2025-09-25 10:28:25"	576	1593	24	11	1	1	10	looksmax.org		0	dosing/PED
/d/42792-guia-de-semax-pt2-213-de-aumento-despues-de-una-semana	42792	"Guía de Semax (Pt2) ¿¿21.3% de aumento después de una semana??"	peptides	"2025-09-25 00:18:19"	"2026-01-31 11:09:45"	934	3787	14	7	1	1	27	looksmax.org		0	dosing/PED
/d/42797-como-puede-un-nigeriano-de-52-ascender-a-cl	42797	"Cómo puede un nigeriano de 5'2 ascender a CL"	hardmaxing	"2025-09-25 04:23:46"	"2025-10-31 04:25:43"	909	4526	42	18	1	1	39	looksmax.org		0	
/d/42887-relleno-uno-de-los-looksmax-mas-subestimados	42887	"Relleno- uno de los looksmax más subestimados"	hardmaxing	"2025-09-26 14:57:22"	"2026-06-25 17:11:03"	491	6628	50	19	1	1	600	looksmax.org		0	
/d/42958-como-medir-con-precision-la-recesion-facial	42958	"Cómo medir con precisión la recesión facial."	looksmaxing	"2025-09-27 09:35:39"	"2025-10-15 22:56:20"	164	251	6	7	1	1	8	looksmax.org		0	
/d/43003-como-abordar-a-una-mujer-101-por-ghostboyswag	43003	"Cómo Abordar a una mujer [101 por GhostBoySwag]"	looksmaxing	"2025-09-27 21:08:21"	"2025-09-29 07:27:52"	612	6807	40	20	1	1	44	looksmax.org		0	
/d/43039-todos-los-androgenos-y-sus-roles-en-el-fisico	43039	"Todos los andrógenos y sus roles en el físico"	anabolicos	"2025-09-28 07:37:33"	"2025-11-13 05:22:18"	705	1356	8	7	0	0	0	looksmax.org		0	dosing/PED
/d/43040-para-novatos-intermedios-y-usuarios-avanzados-guia-completa-de-perdida-de-grasa	43040	"Para Novatos, Intermedios y Usuarios Avanzados - Guía Completa de Pérdida de Grasa"	looksmaxing	"2025-09-28 08:52:27"	"2025-10-10 15:27:36"	1628	8515	16	13	0	0	0	looksmax.org		0	
/d/43058-guia-simple-para-dormir-bien	43058	"Guía simple para dormir bien"	softmaxing	"2025-09-28 15:13:05"	"2025-09-28 15:37:44"	705	801	5	5	0	0	0	looksmax.org		0	dosing/PED
/d/43067-corrige-tu-asimetria-amplia-tu-mandibula-y-proyecta-tu-cara-hacia-adelante-metodo-de-facepulling-de-mas-alto-iq	43067	"Corrige tu asimetría, Amplía tu mandíbula y Proyecta tu cara hacia adelante. MÉTODO DE FACEPULLING DE MÁS ALTO IQ"	looksmaxing	"2025-09-28 18:11:31"	"2026-04-27 03:18:02"	90	4260	76	24	1	1	29	looksmax.org		0	
/d/43106-guia-bpc-157-tb-500-para-remodelado-de-suturas-ganancias-cigomaticas-de-15mm	43106	"[Guía] BPC-157 + TB-500 para Remodelado de Suturas: Ganancias Cigomáticas de 1.5mm."	peptides	"2025-09-28 23:55:59"	"2025-09-29 00:44:45"	1150	4304	6	6	0	0	0	looksmax.org		0	dosing/PED
/d/43122-la-guia-completa-para-el-dominio-social	43122	"La Guía Completa para el Dominio Social"	looksmaxing	"2025-09-29 09:18:07"	"2025-10-12 17:52:40"	6504	66618	74	33	1	1	32	looksmax.org		0	
/d/43148-estilizacion-al-maximo-spezzatura-atrayendo-chicas-de-calidad	43148	"ESTILIZACIÓN AL MÁXIMO, SPEZZATURA, ATRAYENDO CHICAS DE CALIDAD"	looksmaxing	"2025-09-29 17:40:01"	"2025-11-02 18:00:59"	2443	5211	13	9	1	1	80	looksmax.org		0	
/d/43166-como-dejar-el-porno-de-verdad	43166	"|| Cómo dejar el porno de verdad ||"	looksmaxing	"2025-09-29 21:22:20"	"2025-11-30 12:49:28"	634	4818	42	21	1	1	6	looksmax.org		0	dosing/PED
/d/43188-la-guia-definitiva-de-softmax-todo-lo-que-necesitas-para-ascender	43188	"La guía definitiva de softmax (todo lo que necesitas para ascender)"	softmaxing	"2025-09-30 09:12:44"	"2025-09-30 16:56:41"	392	1877	29	11	0	0	0	looksmax.org		0	dosing/PED
/d/43204-volufiline-funciona-aqui-esta-todo-lo-que-necesitas-saber	43204	"VOLUFILINE: ¿Funciona? - Aquí Está Todo Lo Que Necesitas Saber"	softmaxing	"2025-09-30 16:21:11"	"2025-12-29 10:45:07"	239	3156	48	21	1	1	171	looksmax.org		0	
/d/43261-por-que-la-mayoria-de-los-greys-la-cagan-con-las-valoraciones-de-cara	43261	"Por qué la mayoría de los greys la cagan con las valoraciones de cara"	looksmaxing	"2025-10-01 06:57:45"	"2025-10-09 03:23:17"	301	2392	23	11	1	1	71	looksmax.org		0	
/d/43302-por-que-tus-ancestros-solian-ser-mejores-que-tu-y-como-imitarlos	43302	"Por qué tus ancestros solían ser mejores que tú y cómo imitarlos."	looksmaxing	"2025-10-01 18:33:06"	"2025-10-02 05:33:45"	841	5796	38	13	1	1	286	looksmax.org		0	sourcing
/d/43305-los-disruptores-endocrinos-estan-matando-tu-testosterona-aqui-te-muestro-como-mitigarlos	43305	"Los disruptores endocrinos ESTÁN MATANDO tu testosterona. Aquí te muestro cómo mitigarlos."	looksmaxing	"2025-10-01 19:24:48"	"2025-10-01 22:08:26"	656	2578	15	8	1	1	54	looksmax.org		0	dosing/PED
/d/43345-la-guia-basica-para-tiktokcels-grays-y-retardos-water	43345	"LA GUÍA BÁSICA / PARA TIKTOKCELS, GRAYS Y RETARDOS / WATER"	looksmaxing	"2025-10-02 09:34:05"	"2025-11-02 03:17:48"	535	2272	10	8	1	1	36	looksmax.org		0	DIY-procedure
/d/43346-el-santo-grialthumbpulling-bonesmashing	43346	"EL SANTO GRIAL...THUMBPULLING / BONESMASHING"	looksmaxing	"2025-10-02 09:37:06"	"2025-10-11 10:16:39"	249	2355	37	21	1	1	11	looksmax.org		0	DIY-procedure
/d/43398-como-entrenar-realmente-tu-musculo-masetero-y-no-es-mascando-chicle	43398	"Cómo entrenar realmente tu músculo masetero (y no es mascando chicle)"	looksmaxing	"2025-10-02 21:46:00"	"2025-10-02 22:10:50"	248	485	16	8	1	1	8	looksmax.org		0	
/d/43412-guia-de-horrormaxxing	43412	"Guía de horrormaxxing"	hardmaxing	"2025-10-03 02:01:12"	"2025-10-03 14:44:08"	63	124	6	6	1	1	5	looksmax.org		0	dosing/PED
/d/43413-guia-para-brain-maxxing-101sin-boludeces	43413	"Guía para BRAIN MAXXING 101(SIN BOLUDECES)"	looksmaxing	"2025-10-03 02:04:22"	"2025-10-03 14:47:33"	299	707	10	6	1	1	32	looksmax.org		0	sourcing
/d/43454-botb-blackpill-todas-las-areas-de-la-vida-glosario	43454	"[BOTB] Blackpill - Todas las áreas de la vida - Glosario"	looksmaxing	"2025-10-03 17:48:34"	"2025-10-23 10:10:01"	887	4299	21	14	1	1	16	looksmax.org		0	dosing/PED
/d/43462-la-guia-definitiva-para-el-looksminning-como-hacer-looksmin	43462	"La Guía Definitiva para el Looksminning (CÓMO HACER LOOKSMIN)"	looksmaxing	"2025-10-03 19:01:11"	"2025-11-03 17:03:52"	895	1821	11	12	1	1	34	looksmax.org		0	
/d/43468-guia-simple-de-ascension-general	43468	"Guía Simple de Ascensión General"	looksmaxing	"2025-10-03 20:05:02"	"2025-10-03 20:11:34"	337	1065	7	7	0	1	48	looksmax.org		0	dosing/PED|sourcing
/d/43469-por-que-la-personalidad-es-sin-ironia-mas-importante-que-el-fisico	43469	"Por qué la personalidad es sin ironía más importante que el físico"	looksmaxing	"2025-10-03 20:12:56"	"2025-11-22 21:54:50"	1139	11296	38	26	1	1	556	looksmax.org		0	
/d/43483-la-teoria-oofy-doofy-es-ley-y-la-conclusion-natural-para-personas-no-autistas-cualquiera-que-afirme-tener-blackpill-divina-es-1-retardado-2-maricon	43483	"La teoría Oofy Doofy es ley y la conclusión natural para personas no autistas. Cualquiera que afirme tener ""blackpill divina"" es (1) retardado (2) maricón."	looksmaxing	"2025-10-03 23:13:16"	"2025-10-18 20:47:20"	614	3793	33	14	1	1	2	looksmax.org		0	sourcing
/d/43487-guia-basica-de-hgh	43487	"Guía Básica de HGH"	anabolicos	"2025-10-04 01:22:28"	"2026-07-25 19:06:06"	5180	69187	69	39	1	1	18	looksmax.org		0	dosing/PED|sourcing
/d/43506-como-entrenar-para-el-smv	43506	"Cómo entrenar para el SMV"	looksmaxing	"2025-10-04 13:22:57"	"2025-10-28 04:31:51"	924	3075	18	10	1	1	82	looksmax.org		0	
/d/43521-guia-ultimate-de-crecimiento-oseo-para-incels-sin-plata-aumentar-masa-osea	43521	"🔹 GUÍA ULTIMATE de crecimiento óseo PARA INCELS SIN PLATA (Aumentar masa ósea)"	looksmaxing	"2025-10-04 17:24:05"	"2026-02-25 22:24:00"	1933	21098	30	26	1	1	1773	looksmax.org		0	dosing/PED|sourcing
/d/43538-la-guia-completa-de-la-triada-oscura	43538	"La Guía Completa de la Tríada Oscura"	looksmaxing	"2025-10-04 20:10:06"	"2026-05-19 06:57:32"	170	1800	29	24	1	1	6	looksmax.org		0	
/d/43584-gordos-metanse-aqui-ya	43584	"Gordos, métanse aquí ya"	looksmaxing	"2025-10-05 04:28:29"	"2025-10-27 13:22:22"	1453	10842	55	22	1	1	115	looksmax.org		0	
/d/43590-el-bonesmashing-es-mas-complicado-de-lo-que-crees	43590	"El Bonesmashing es más complicado de lo que crees"	looksmaxing	"2025-10-05 06:57:45"	"2025-12-21 11:48:02"	258	2566	26	13	0	0	0	looksmax.org		0	DIY-procedure
/d/43609-gtfih-evalua-tu-zona-de-la-boca	43609	"GTFIH Evalúa tu zona de la boca"	looksmaxing	"2025-10-05 15:00:29"	"2025-11-05 10:22:04"	90	856	13	6	1	1	155	looksmax.org		0	
/d/43616-guia-definitiva-de-softmaxxing-asciende-1psl-gtfih	43616	"GUÍA DEFINITIVA DE SOFTMAXXING - ASCIENDE 1PSL (GTFIH)"	softmaxing	"2025-10-05 16:23:07"	"2026-02-10 03:37:31"	1613	9233	55	29	1	1	91	looksmax.org		0	dosing/PED|DIY-procedure
/d/43622-como-tener-el-area-de-ojos-de-un-chad	43622	"Cómo tener el área de ojos de un Chad"	softmaxing	"2025-10-05 18:58:19"	"2026-05-14 11:16:27"	3150	26501	76	43	1	1	1516	looksmax.org		0	dosing/PED|sourcing
/d/43640-adderallr-cii	43640	"ADDERALL® (CII)"	anabolicos	"2025-10-06 01:30:38"	"2025-10-06 02:33:32"	583	2659	29	10	1	1	34	looksmax.org		0	dosing/PED
/d/43688-ghk-cu-su-problema-de-perdida-de-potencia-y-como-arreglarlo	43688	"GHK-CU, su problema de pérdida de potencia y cómo arreglarlo"	peptides	"2025-10-06 22:28:30"	"2025-12-22 02:31:22"	276	2704	16	13	1	1	36	looksmax.org		0	
/d/43708-como-verse-bien-en-videos-y-fotos-guia	43708	"CÓMO VERSE BIEN EN VIDEOS Y FOTOS (Guía)"	looksmaxing	"2025-10-07 12:42:34"	"2025-10-26 03:40:53"	468	948	7	5	1	1	9	looksmax.org		0	
/d/43809-aqui-te-digo-por-que-eres-feo-guia-completa-de-como-saber-donde-tienes-recesion	43809	"Aquí te digo por qué ERES FEO | Guía completa de cómo saber dónde tienes recesión."	looksmaxing	"2025-10-06 00:26:11"	"2026-08-13 03:00:19"	1184	13129	51	31	1	1	416	looksmax.org		0	
/d/43900-guia-de-heightmaxxing-2025-3-niveles	43900	"Guía de Heightmaxxing 2025 (3 Niveles)"	looksmaxing	"2025-10-09 17:42:10"	"2025-11-24 16:49:12"	738	4188	67	25	1	1	16	looksmax.org		0	dosing/PED
/d/43914-cual-estimulante-elegir-studycels-gtfih	43914	"cuál estimulante elegir (studycels GTFIH)"	looksmaxing	"2025-10-09 21:09:39"	"2025-12-04 20:36:53"	717	2627	24	9	0	0	0	looksmax.org		0	dosing/PED
/d/43932-como-ligar-mini-guia	43932	"Cómo Ligar (Mini Guía)"	looksmaxing	"2025-10-09 23:45:23"	"2025-11-02 23:31:31"	145	1427	29	7	1	1	3	looksmax.org		0	
/d/43938-la-guia-de-softmaxx-mas-efectiva	43938	"La Guía de Softmaxx Más Efectiva"	softmaxing	"2025-10-10 01:39:58"	"2025-12-30 02:46:24"	907	2719	18	16	1	1	224	looksmax.org		0	
/d/43981-la-guia-definitiva-de-mt2-probada-personalmente	43981	"La Guía Definitiva de MT2 (probada personalmente)"	peptides	"2025-10-10 16:59:37"	"2026-03-02 19:19:19"	671	2302	17	10	0	0	0	looksmax.org		0	dosing/PED
/d/44057-deberias-comer-cascaras-de-huevo	44057	"¿Deberías Comer Cáscaras De Huevo?"	looksmaxing	"2025-10-11 08:42:01"	"2025-10-16 15:03:24"	260	448	9	4	0	0	0	looksmax.org		0	dosing/PED|sourcing
/d/44061-como-ascender-2-puntos-facialmente-si-eres-pobre	44061	"Cómo ascender 2 puntos (facialmente) si eres pobre"	looksmaxing	"2025-10-11 09:52:39"	"2025-10-11 10:09:26"	82	887	31	11	1	1	16	looksmax.org		0	
/d/44068-como-aumentar-los-niveles-de-igf-1-tanto-de-forma-natural-como-con-peptidos	44068	"Cómo aumentar los niveles de IGF-1 tanto de forma natural como con péptidos"	peptides	"2025-10-11 11:12:35"	"2025-11-22 11:52:10"	433	1788	14	10	1	1	63	looksmax.org		0	dosing/PED
/d/44080-la-mejor-guia-de-maxxing-de-cejas	44080	"La mejor guía de maxxing de cejas"	softmaxing	"2025-10-11 14:10:53"	"2025-10-11 14:57:10"	117	878	15	8	1	1	10	looksmax.org		0	
/d/44254-un-analisis-a-fondo-de-la-testosterona-que-es-y-que-hace	44254	"Un Análisis a Fondo de la Testosterona: Qué Es y Qué Hace"	anabolicos	"2025-10-12 21:28:34"	"2025-10-30 17:14:23"	736	1556	14	9	1	1	66	looksmax.org		0	dosing/PED
/d/44264-por-que-cuando-y-como-gymcelear-correctamente	44264	"POR QUÉ, CUÁNDO Y CÓMO GYMCELEAR CORRECTAMENTE"	looksmaxing	"2025-10-12 22:28:25"	"2026-01-17 03:57:49"	1158	12298	78	26	1	1	217	looksmax.org		0	
/d/44326-guia-bronceado-todo-el-ano-rutina-de-protector-solar-en-invierno-gotas-de-bronceador-en-verano	44326	"[GUÍA] Bronceado Todo el Año (Rutina de Protector Solar en Invierno + Gotas de Bronceador en Verano)"	softmaxing	"2025-10-13 17:03:22"	"2025-11-01 11:39:57"	430	857	19	9	0	0	0	looksmax.org		0	
/d/44329-deja-la-adiccion-a-la-nicotina-y-mas-como-hacer-cleanmaxx-en-2025	44329	"Deja la Adicción a la Nicotina y Más: Cómo hacer Cleanmaxx en 2025"	looksmaxing	"2025-10-13 17:41:04"	"2025-11-11 07:13:40"	473	1077	16	11	1	1	14	looksmax.org		0	
/d/44352-mi-experiencia-con-accutane	44352	"Mi experiencia con Accutane"	anabolicos	"2025-10-13 21:14:36"	"2025-12-10 19:54:28"	463	2458	15	8	1	1	18	looksmax.org		0	dosing/PED|disordered-eating
/d/44369-como-aumentar-los-globulos-rojos-de-forma-natural-para-dar-el-efecto-doping	44369	"Cómo aumentar los glóbulos rojos de forma natural para dar el efecto (doping)."	anabolicos	"2025-10-14 02:42:40"	"2025-12-23 00:34:24"	515	1975	16	15	0	0	0	looksmax.org		0	dosing/PED|sourcing
/d/44387-como-dejar-la-nicotina	44387	"CÓMO DEJAR LA NICOTINA"	looksmaxing	"2025-10-14 13:06:12"	"2026-01-24 10:06:24"	280	1234	24	16	0	0	0	looksmax.org		0	
/d/44413-modo-mitigacion-la-ciencia-de-mantenerse-saludable-mientras-se-usan-esteroides	44413	"Modo Mitigación: La Ciencia de Mantenerse Saludable Mientras se Usan Esteroides"	anabolicos	"2025-10-14 16:36:18"	"2025-12-07 00:49:46"	4877	29446	18	16	0	1	21	looksmax.org		0	dosing/PED|sourcing
/d/44446-por-que-necesitas-empezar-a-gymcelling-gtfih	44446	"Por qué necesitas empezar a gymcelling GTFIH"	looksmaxing	"2025-10-14 21:59:48"	"2025-10-21 19:53:19"	234	511	8	6	1	1	17	looksmax.org		0	
/d/44500-guia-completa-de-cirugia-de-mandibula-bimax	44500	"Guía completa de cirugía de mandíbula (bimax)"	hardmaxing	"2025-10-15 14:32:27"	"2026-08-12 01:59:48"	1190	1314	9	8	1	1	20	looksmax.org		0	
/d/44504-tecnica-de-manipulacion-de-la-cia-parte-1-eres-de-tipo-significancia-aceptacion-o-aprobacion	44504	"Técnica de manipulación de la CIA parte 1: ¿Eres de tipo significancia, aceptación o aprobación?"	looksmaxing	"2025-10-15 15:03:54"	"2025-10-31 09:13:13"	495	3626	14	12	1	1	2	looksmax.org		0	
/d/44524-construyendo-mejor-los-huesos-una-guia-basada-en-evidencia	44524	"Construyendo Mejor los Huesos: Una Guía Basada en Evidencia"	anabolicos	"2025-10-15 17:53:14"	"2026-02-16 15:18:05"	7394	31871	46	28	1	1	38	looksmax.org		0	dosing/PED
/d/44534-stack-duro-para-altura-se-busca-asesoramiento-para-mods-sin-analogos-de-pth	44534	"Stack duro para altura ( se busca asesoramiento para mods ) sin análogos de PTH :)"	anabolicos	"2025-10-15 20:03:28"	"2025-11-04 11:59:03"	195	340	10	8	0	0	0	looksmax.org		0	dosing/PED
/d/44557-como-manipular-a-los-demas-para-conseguir-lo-que-quieres-guia-nd-para-arrasar	44557	"Cómo manipular a los demás para conseguir lo que quieres: guía ND para arrasar."	looksmaxing	"2025-10-16 01:55:58"	"2025-10-16 12:01:12"	751	1019	7	6	1	1	9	looksmax.org		0	
/d/44574-la-revolucion-neuroplastica-mecanismos-y-metodos-para-reprogramar-el-cerebro	44574	"La Revolución Neuroplástica: Mecanismos y Métodos para Reprogramar el Cerebro"	anabolicos	"2025-10-16 07:50:38"	"2025-11-04 16:21:55"	4559	9273	25	9	0	0	0	looksmax.org		0	dosing/PED
/d/44578-26-tips-mas-para-greys	44578	"26 tips más para greys"	looksmaxing	"2025-10-16 09:40:49"	"2026-04-01 15:21:23"	1385	20598	55	31	1	1	407	looksmax.org		0	dosing/PED
/d/44580-mecanica-muscular-la-ciencia-de-la-hipertrofia-eficiente	44580	"\"Mecánica muscular: la ciencia de la hipertrofia eficiente\"	looksmaxing	"2025-10-16 10:07:26"	"2025-10-29 23:20:44"	1336	1440	6	5	1	1	6	looksmax.org		0	
/d/44581-para-los-negros-de-zygos-planos	44581	"para los negros de zygos planos"	anabolicos	"2025-10-16 10:24:46"	"2026-04-02 21:00:32"	204	2097	32	12	1	1	222	looksmax.org		0	dosing/PED
/d/44585-alimentando-el-crecimiento-el-rol-fisiologico-de-los-macronutrientes-en-la-hipertrofia-muscular-y-el-metabolismo-de-grasas	44585	"Alimentando el Crecimiento: El Rol Fisiológico de los Macronutrientes en la Hipertrofia Muscular y el Metabolismo de Grasas"	looksmaxing	"2025-10-16 11:16:52"	"2025-12-20 07:35:30"	3680	11079	13	12	1	1	14	looksmax.org		0	sourcing
/d/44586-el-megathread-de-optimizacion-humana-entrenamiento-nutricion-desarrollo-oseo-estetica-mitigacion-de-riesgos-y-mejora-cognitiva	44586	"El Megathread de Optimización Humana: Entrenamiento, Nutrición, Desarrollo Óseo, Estética, Mitigación de Riesgos, y Mejora Cognitiva"	looksmaxing	"2025-10-16 11:24:33"	"2025-12-02 14:45:56"	56	1537	15	9	1	1	36	looksmax.org		0	
/d/44602-el-metodo-de-skincare-desconocido-del-que-nadie-habla-para-hombres-todos-gftih	44602	"EL MÉTODO DE SKINCARE DESCONOCIDO DEL QUE NADIE HABLA PARA HOMBRES (TODOS GFTIH)"	softmaxing	"2025-10-16 15:15:07"	"2025-10-17 22:29:31"	123	416	7	7	1	1	10	looksmax.org		0	dosing/PED
/d/44625-como-convertirte-en-un-hombre	44625	"Cómo convertirte en un hombre."	looksmaxing	"2025-10-16 18:21:36"	"2026-05-13 15:03:50"	468	4883	64	20	1	1	74	looksmax.org		0	dosing/PED|DIY-procedure
/d/44650-glow-stack-que-es-y-que-hace	44650	"Glow stack: qué es y qué hace"	peptides	"2025-10-16 22:49:27"	"2026-01-29 05:58:11"	341	3213	43	15	1	1	70	looksmax.org		0	dosing/PED
/d/44665-en-serio-levanta-mas-minas-leyendo-ts	44665	"En serio, levanta más minas leyendo ts"	looksmaxing	"2025-10-17 05:02:16"	"2025-10-17 18:19:19"	89	433	9	6	1	1	4	looksmax.org		0	
/d/44721-como-arreglar-tu-resecion	44721	"Como arreglar tu resecion"	looksmaxing	"2025-10-18 00:05:10"	"2025-11-05 03:50:13"	11	43	5	6	0	0	0			0	
/d/44732-que-determina-objetivamente-el-atractivo-fisico-de-la-cara-de-un-hombre	44732	"¿Qué determina objetivamente el atractivo físico de la cara de un hombre?"	looksmaxing	"2025-10-18 04:50:30"	"2025-11-17 15:18:16"	1923	9833	24	18	1	1	226	looksmax.org		0	
/d/44762-los-beneficios-fisicos-y-mentales-del-adderall-y-por-que-deberiasno-deberias-tomarlo	44762	"Los beneficios físicos y mentales del Adderall (y por qué deberías/no deberías tomarlo)"	looksmaxing	"2025-10-18 16:35:00"	"2025-12-05 23:28:00"	791	5704	65	24	0	0	0	looksmax.org		0	
/d/44793-guia-de-heightmaxxing-avanza-o-hazte-mas-alto-sin-importar-la-edad-sin-propaganda-de-drogas-chinas	44793	"GUÍA DE HEIGHTMAXXING AVANZA O HAZTE MÁS ALTO SIN IMPORTAR LA EDAD. SIN PROPAGANDA DE DROGAS CHINAS"	looksmaxing	"2025-10-18 22:15:22"	"2025-11-12 14:23:08"	574	3176	28	15	1	1	7	looksmax.org		0	
/d/44794-extraccion-de-bola-de-bichat-el-hardmaxx-perfecto-o-el-peor-error-que-puedes-cometer	44794	"Extracción de Bola de Bichat: ¿El Hardmaxx Perfecto O El Peor Error Que Puedes Cometer?"	hardmaxing	"2025-10-18 22:16:46"	"2025-11-25 01:29:53"	402	1116	22	13	1	1	13	looksmax.org		0	
/d/44835-aburrimiento-mehathread-gtfih	44835	"ABURRIMIENTO MEHATHREAD GTFIH"	looksmaxing	"2025-10-19 11:48:52"	"2025-10-27 15:14:52"	489	1158	20	9	1	1	4	looksmax.org		0	dosing/PED|self-harm/hopelessness
/d/44886-los-mejores-ejercicios-para-cada-grupo-muscular	44886	"Los mejores ejercicios para cada grupo muscular"	looksmaxing	"2025-10-19 22:01:47"	"2025-10-20 02:35:02"	180	2894	69	9	1	1	25	looksmax.org		0	
/d/44922-guia-definitiva-para-perder-peso	44922	"Guía Definitiva para Perder Peso"	looksmaxing	"2025-10-20 11:08:21"	"2026-03-12 10:06:50"	6925	69484	38	20	1	1	76	looksmax.org		0	
/d/44945-guia-de-blanqueamiento-de-dientes-simplificada	44945	"GUÍA DE BLANQUEAMIENTO DE DIENTES SIMPLIFICADA"	softmaxing	"2025-10-20 16:30:54"	"2025-12-11 16:48:07"	148	1269	27	16	0	1	8	looksmax.org		0	
/d/44949-los-mejores-ejercicios-para-el-frame	44949	"Los mejores ejercicios para el frame"	looksmaxing	"2025-10-20 16:58:20"	"2025-11-02 03:39:44"	363	797	7	6	0	0	0	looksmax.org		0	
/d/44960-trembolona-recomposicion-de-proximo-nivel-pero-a-que-costo	44960	"Trembolona: Recomposición de Próximo Nivel pero a Qué Costo"	anabolicos	"2025-10-20 17:50:10"	"2025-12-11 20:47:32"	1885	21365	57	29	1	1	530	looksmax.org		0	dosing/PED
/d/45000-el-cuerpo-femenino-ideal	45000	"El cuerpo femenino ideal"	looksmaxing	"2025-10-21 04:33:47"	"2025-11-29 20:42:39"	168	3774	84	21	1	1	248	looksmax.org		0	
/d/45002-fightmaxxing-las-pautas-generales-del-combate-cuerpo-a-cuerpo	45002	"🥊FIGHTMAXXING: las pautas generales del combate cuerpo a cuerpo"	looksmaxing	"2025-10-21 04:48:57"	"2025-12-19 10:34:05"	1687	22903	84	34	1	1	2	looksmax.org		0	
/d/45008-como-sobrevivir-1g-dnp-lo-hice-yo-mismo	45008	"CÓMO SOBREVIVIR 1G DNP (LO HICE YO MISMO)"	anabolicos	"2025-10-21 08:01:10"	"2025-10-21 11:12:42"	151	275	7	4	0	0	0	looksmax.org		0	dosing/PED
/d/45084-como-dejar-de-ser-timidoraro	45084	"Cómo Dejar de Ser Tímido/Raro"	looksmaxing	"2025-10-22 02:08:34"	"2025-11-17 14:49:19"	693	4298	44	23	1	1	86	looksmax.org		0	
/d/45098-como-califico-opiniones	45098	"Cómo califico (¿opiniones?)"	looksmaxing	"2025-10-22 08:30:13"	"2025-11-04 01:50:55"	862	902	7	5	0	0	0	looksmax.org		0	
/d/45135-consejos-para-colorear-cejas-rubio-fresa	45135	"Consejos para colorear cejas rubio fresa"	softmaxing	"2025-10-22 16:03:45"	"2025-10-22 20:06:04"	102	140	4	4	1	1	5	looksmax.org		0	
/d/45146-guia-completa-de-thugmax-deathnics-y-third-worldcels-gtfih	45146	"Guía completa de Thugmax (deathnics y third worldcels GTFIH)"	looksmaxing	"2025-10-22 17:31:11"	"2025-10-24 04:56:02"	398	2048	15	11	1	1	33	looksmax.org		0	
/d/45148-como-maximizar-la-pubertad-de-forma-natural-explicacionguia	45148	"Cómo maximizar la pubertad de forma NATURAL. (Explicación+Guía)"	looksmaxing	"2025-10-22 17:43:57"	"2026-01-10 15:52:10"	874	7501	51	20	1	1	237	looksmax.org		0	
/d/45202-guia-de-autobronceado	45202	"Guía de autobronceado"	softmaxing	"2025-10-23 06:57:40"	"2026-07-19 05:19:11"	1776	6109	29	15	1	1	88	looksmax.org		0	
/d/45221-como-verte-mas-atractivo-con-el-grooming-facial	45221	"Cómo verte más atractivo con el grooming facial."	softmaxing	"2025-10-23 13:27:36"	"2025-10-24 09:49:03"	746	1708	12	5	1	1	67	looksmax.org		0	
/d/45222-skinmaxxing-desde-piel-propensa-al-acne-edicion-pie-acne-quistico	45222	"Skinmaxxing desde piel propensa al acné (edición PIE + acné quístico)"	softmaxing	"2025-10-23 13:28:51"	"2026-01-28 13:47:52"	1286	2617	8	6	1	1	10	looksmax.org		0	
/d/45234-verdadero-eyemaxxing	45234	"Verdadero EYEMAXXING"	softmaxing	"2025-10-23 15:56:13"	"2025-12-20 01:59:20"	1865	12056	57	20	1	1	2	looksmax.org		0	
/d/45253-guia-completa-del-area-de-los-ojos	45253	"Guía Completa del Área de los Ojos"	looksmaxing	"2025-10-23 18:08:39"	"2025-11-03 14:11:55"	99	528	25	9	1	1	120	looksmax.org	C781	0	sourcing
/d/45268-como-maximizar-igf-1	45268	"CÓMO MAXIMIZAR IGF-1"	anabolicos	"2025-10-23 20:23:50"	"2025-10-23 21:03:45"	184	724	15	9	1	1	6	looksmax.org		0	dosing/PED
/d/45269-guia-fundamental-de-morph-con-gimp-alternativa-a-photoshop	45269	"Guía fundamental de morph con GIMP (alternativa a Photoshop)"	looksmaxing	"2025-10-23 20:24:51"	"2025-11-07 14:09:16"	1653	3180	9	6	1	1	65	looksmax.org		0	
/d/45293-guia-dihh-max-gtfih-2026	45293	"GUÍA DIHH MAX (GTFIH) 2026"	looksmaxing	"2025-10-24 03:32:46"	"2025-11-16 18:03:04"	798	2614	17	14	1	1	4	looksmax.org		0	dosing/PED|DIY-procedure
/d/45326-guia-nt-para-entornos-sociales	45326	"Guía NT para entornos sociales"	looksmaxing	"2025-10-24 12:57:18"	"2025-11-16 13:37:28"	925	14956	87	31	1	1	2	looksmax.org		0	self-harm/hopelessness
/d/45477-solucion-casera-de-glutation-sublingual-basada-en-evidencia-para-aclarar-la-piel-guia-completa	45477	"Solución Casera de Glutatión Sublingual Basada en Evidencia para Aclarar la Piel - Guía Completa"	softmaxing	"2025-10-25 21:06:54"	"2026-04-28 21:35:43"	3747	26951	33	24	1	1	739	looksmax.org		0	dosing/PED
/d/45518-guia-sobre-como-acercarse-a-las-mujeres	45518	"Guía sobre cómo acercarse a las mujeres"	looksmaxing	"2025-10-26 11:36:48"	"2025-12-17 10:21:11"	410	5922	41	26	1	1	6	looksmax.org		0	
/d/45526-como-usar-bpc157-para-ganancias-instantaneas	45526	"Cómo usar BPC157 para ganancias instantáneas"	peptides	"2025-10-26 12:32:14"	"2025-10-27 03:01:06"	157	615	9	7	1	1	2	looksmax.org		0	dosing/PED
/d/45530-la-guia-definitiva-sobre-como-no-ser-un-completo-retardado-mientras-estes-en-org	45530	"La Guía Definitiva Sobre Cómo No Ser Un COMPLETO RETARDADO Mientras Estés En .org"	looksmaxing	"2025-10-26 13:16:34"	"2025-12-07 19:20:29"	219	4647	96	32	1	1	68	looksmax.org		0	
/d/45601-cascada-de-heightmaxxing	45601	"CASCADA de Heightmaxxing"	anabolicos	"2025-10-27 00:46:08"	"2025-12-16 02:27:15"	1067	6809	36	16	1	1	168	looksmax.org		0	dosing/PED|sourcing
/d/45653-tutorial-de-ejercicios-para-el-orbicularis-oculi	45653	"tutorial de ejercicios para el orbicularis oculi"	looksmaxing	"2025-10-27 13:37:15"	"2025-10-27 13:44:31"	325	348	5	5	1	1	8	looksmax.org		0	
/d/45726-como-me-roidmaxxee-a-los-17-para-ser-mas-gracioso-fotos-protocolo	45726	"Cómo me roidmaxxeé a los 17 para ser más gracioso (fotos, +protocolo)"	anabolicos	"2025-10-27 21:35:05"	"2025-11-13 14:07:07"	450	1886	35	18	0	0	0	looksmax.org		0	dosing/PED|sourcing
/d/45728-mi-experiencia-en-una-dieta-primal	45728	"Mi experiencia en una dieta primal"	looksmaxing	"2025-10-27 22:08:38"	"2025-11-20 17:53:33"	389	1183	7	7	0	0	0	looksmax.org		0	
/d/45749-peptidos-por-que-los-peptidos-son-extremadamente-peligrosos-y-por-que-no-deberias-hacerlos	45749	"Péptidos: Por qué los péptidos son extremadamente peligrosos y por qué no deberías hacerlos"	peptides	"2025-10-28 01:09:44"	"2025-11-08 11:55:08"	74	478	25	8	1	1	16	looksmax.org		0	dosing/PED
/d/45750-por-que-eres-un-cornudo	45750	"Por qué eres un cornudo"	looksmaxing	"2025-10-28 01:25:23"	"2025-10-28 01:47:29"	277	1345	19	8	1	1	31	looksmax.org		0	
/d/45818-el-plano-maestro-del-heightmaxxing	45818	"El plano maestro del heightmaxxing"	looksmaxing	"2025-10-28 17:36:41"	"2025-11-08 17:42:44"	921	1893	9	7	0	0	0	looksmax.org		0	dosing/PED|DIY-procedure
/d/45825-cjc-vs-hgh-greys-gtfih	45825	"CJC vs HGH (GRISES, ENTREN AQUÍ)"	peptides	"2025-10-28 18:32:39"	"2026-01-22 22:18:21"	309	494	6	6	1	1	16	looksmax.org		0	dosing/PED
/d/45844-como-revisar-si-tus-placas-de-crecimiento-todavia-estan-abiertas-sin-radiografia	45844	"Cómo revisar si tus placas de crecimiento todavía están abiertas (sin radiografía)"	looksmaxing	"2025-10-28 20:53:24"	"2025-10-29 16:24:02"	313	1079	13	8	1	1	11	looksmax.org		0	
/d/45846-como-saber-si-realmente-estas-fit-o-solo-delgado	45846	"Cómo saber si realmente estás fit o solo delgado"	looksmaxing	"2025-10-28 21:08:22"	"2025-10-28 21:18:21"	190	671	7	5	0	0	0	looksmax.org		0	
/d/45849-por-que-los-ejercicios-faciales-son-cope-y-que-hacer-en-su-lugar	45849	"Por qué los ejercicios faciales son cope (y qué hacer en su lugar)"	looksmaxing	"2025-10-28 21:20:55"	"2025-10-28 21:34:43"	338	1203	10	4	1	1	2	looksmax.org		0	dosing/PED
/d/45872-como-saber-si-tienes-deficiencia-de-gh-sin-analisis-de-sangre	45872	"Cómo saber si tienes deficiencia de GH (sin análisis de sangre)"	anabolicos	"2025-10-29 00:40:06"	"2026-05-31 17:28:45"	351	770	7	6	0	0	0	looksmax.org		0	
/d/45888-guia-de-kitty-maxxing-como-conseguir-chicas-con-gatitos	45888	"Guía de kitty maxxing cómo conseguir chicas con gatitos"	looksmaxing	"2025-10-29 05:19:36"	"2025-10-29 05:31:52"	242	685	9	3	1	1	2	looksmax.org		0	
/d/45924-butirato-que-es-y-como-afecta-tu-estatura-salud-y-sensibilidad-a-los-androgenos	45924	"Butirato - ¿Qué es? Y cómo afecta tu ESTATURA, SALUD y SENSIBILIDAD A LOS ANDRÓGENOS"	looksmaxing	"2025-10-29 14:49:45"	"2025-11-27 14:20:31"	1005	1443	16	7	1	1	18	looksmax.org		0	dosing/PED|sourcing
/d/45944-como-saber-si-tus-cigomaticos-estan-subdesarrollados-vs-escondidos-por-grasa	45944	"Cómo Saber Si Tus Cigomáticos Están Subdesarrollados vs Escondidos por Grasa"	looksmaxing	"2025-10-29 16:34:04"	"2025-10-29 16:44:26"	109	315	7	4	0	0	0	looksmax.org		0	
/d/46006-guia-de-blanqueamiento-de-dientes	46006	"Guía de Blanqueamiento de Dientes"	softmaxing	"2025-10-30 03:36:05"	"2026-01-10 01:34:16"	277	2089	20	9	1	1	18	looksmax.org		0	DIY-procedure
/d/46047-guia-de-melanotan-2-inspirada-en-mpmd	46047	"Guía de Melanotan-2 (Inspirada en MPMD)"	peptides	"2025-10-30 14:35:23"	"2026-05-23 16:37:53"	701	3835	51	12	1	1	89	looksmax.org	C2354	0	dosing/PED
/d/46094-anfetaminas-estimulantes-para-la-escuelatrabajo-mi-experiencia-mi-consejo-alto-esfuerzo	46094	"Anfetaminas (Estimulantes) - Para la escuela/trabajo - Mi experiencia + Mi consejo / ALTO ESFUERZO /"	looksmaxing	"2025-10-30 21:42:57"	"2026-03-18 17:14:59"	379	1831	30	16	0	0	0	looksmax.org		0	dosing/PED
/d/46100-el-ciclo-de-randle-la-trampa-metabolica-oculta-que-destruye-tu-estetica	46100	"El Ciclo de Randle: La trampa metabólica oculta que destruye tu estética"	looksmaxing	"2025-10-30 23:01:01"	"2025-10-31 20:28:14"	705	2660	36	18	1	1	75	looksmax.org		0	dosing/PED
/d/46116-guia-completa-de-como-pase-de-sub5-a-mtn	46116	"Guía completa de cómo pasé de sub5 a mtn"	looksmaxing	"2025-10-31 01:59:32"	"2025-10-31 05:34:30"	600	1698	13	6	1	1	34	looksmax.org		0	dosing/PED|DIY-procedure
/d/46149-sintetizando-disolventes-de-grasa-en-casa	46149	"Sintetizando disolventes de grasa en casa"	hardmaxing	"2025-10-31 12:45:29"	"2026-02-08 06:21:53"	540	613	7	6	0	1	3	looksmax.org		0	DIY-procedure
/d/46207-guia-completa-de-fashionmaxxing	46207	"Guía Completa de Fashionmaxxing"	looksmaxing	"2025-10-31 23:01:21"	"2026-06-16 20:57:09"	1998	11151	47	23	1	1	394	looksmax.org		0	
/d/46234-como-oscurecer-temporalmente-las-cejas-en-solo-5-minutos-guia-super-facil	46234	"Cómo oscurecer temporalmente las cejas en solo 5 minutos [Guía súper fácil]"	softmaxing	"2025-11-01 10:27:22"	"2025-11-04 15:29:14"	72	847	31	14	0	0	0	looksmax.org		0	
/d/46284-guia-de-la-sonrisa	46284	"Guía de la Sonrisa"	looksmaxing	"2025-11-01 23:06:18"	"2026-03-23 22:04:02"	993	1159	15	7	1	1	21	looksmax.org		0	
/d/46293-guia-de-slaying-en-redes-sociales-para-adolescentes-como-aumentar-tus-probabilidades-de-ligar-explotando-las-redes-sociales	46293	"GUÍA DE SLAYING EN REDES SOCIALES PARA ADOLESCENTES: Cómo aumentar tus probabilidades de \"ligar\" explotando las redes sociales"	looksmaxing	"2025-11-02 02:03:58"	"2026-08-10 22:33:38"	1112	3453	23	13	1	1	1	looksmax.org		0	
/d/46312-guia-definitiva-de-bonesmashing-con-hgh	46312	"Guía definitiva de bonesmashing con HGH"	anabolicos	"2025-11-02 10:38:59"	"2025-11-18 14:50:53"	233	851	20	15	1	1	40	looksmax.org		0	dosing/PED|DIY-procedure
/d/46319-cuidado-de-la-piel	46319	"Cuidado de la piel"	softmaxing	"2025-11-02 12:18:33"	"2025-11-02 15:34:05"	99	460	6	4	0	0	0	looksmax.org		0	
/d/46325-no-te-molestes-en-hacer-nada-si-no-tienes-una-buena-capacidad-de-atencion	46325	"No Te Molestes En Hacer Nada Si No Tienes Una Buena Capacidad De Atención"	looksmaxing	"2025-11-02 14:57:58"	"2025-11-11 19:16:48"	273	1170	21	12	1	1	10	looksmax.org		0	dosing/PED|DIY-procedure
/d/46351-rutina-facil-de-softmaxxing-skincare-y-debloat-principiantes	46351	"🧴Rutina fácil de softmaxxing - skincare y debloat (principiantes)"	softmaxing	"2025-11-02 18:32:13"	"2025-11-24 19:30:41"	659	2499	13	9	0	1	60	looksmax.org		0	dosing/PED
/d/46399-plan-de-ascension-realista-mogear-para-el-1-de-julio-de-2026	46399	"Plan de ascensión realista - MOGear para el 1 de julio de 2026"	looksmaxing	"2025-11-03 01:47:39"	"2026-01-09 18:10:39"	611	3980	24	14	1	1	2	looksmax.org		0	dosing/PED|sourcing
/d/46416-como-tener-suenos-lucidos	46416	"Cómo Tener Sueños Lúcidos"	looksmaxing	"2025-11-03 06:08:59"	"2025-11-03 07:26:20"	163	963	17	6	0	0	0	looksmax.org		0	
/d/46446-corte-de-pelo-verdad-nvke	46446	"CORTE DE PELO - VERDAD NVKE"	softmaxing	"2025-11-03 14:15:01"	"2025-11-20 03:44:22"	466	515	5	4	0	0	0	looksmax.org		0	
/d/46448-grasa-corporal-como-medir-de-verdad-tu-de-grasa-corporal-y-tu-progreso-para-looksmaxing-estetica-facial	46448	"GRASA CORPORAL: Cómo Medir De Verdad Tu % de Grasa Corporal y Tu Progreso Para Looksmaxing (Estética Facial)"	looksmaxing	"2025-11-03 14:38:55"	"2026-05-21 16:11:00"	544	1430	10	5	1	1	25	looksmax.org		0	
/d/46577-es-heightmaxxing-cope-guia	46577	"¿Es heightmaxxing cope? (GUÍA)"	looksmaxing	"2025-11-04 20:24:53"	"2025-11-04 21:03:32"	317	1053	12	7	1	1	28	looksmax.org		0	dosing/PED
/d/46605-guia-corta-de-charisma-maxxing-primer-post-pero-gtfih	46605	"Guía corta de Charisma-maxxing (primer post, pero GTFIH)"	looksmaxing	"2025-11-05 03:53:58"	"2025-11-05 06:44:57"	938	990	7	6	1	1	5	looksmax.org		0	
/d/46631-otra-forma-de-averiguar-el-largo-de-tu-rama-mandibular	46631	"Otra forma de averiguar el largo de tu rama mandibular"	looksmaxing	"2025-11-05 11:14:31"	"2025-11-05 11:49:03"	297	779	17	7	1	1	50	looksmax.org		0	
/d/46700-aceite-de-ricino-ricinus-oil	46700	"Aceite de ricino (Ricinus oil)"	softmaxing	"2025-11-05 18:00:30"	"2025-11-26 12:01:54"	206	670	13	7	0	0	0	looksmax.org		0	
/d/46708-clasificacion-por-tiers-de-cirugias-y-procedimientos-segun-el-roi-potencial-retorno-de-inversion	46708	"Clasificación por tiers de cirugías y procedimientos según el ROI potencial (retorno de inversión)"	hardmaxing	"2025-11-05 19:21:54"	"2026-07-30 00:29:23"	1170	4085	20	12	1	1	11	looksmax.org		0	
/d/46733-nunca-entrenes-tus-piernas	46733	"Nunca entrenes tus piernas"	looksmaxing	"2025-11-06 00:20:47"	"2025-11-07 08:22:54"	144	2007	34	23	0	0	0	looksmax.org		0	
/d/46741-wtf-gymcelling-bien-hecho	46741	"WTF. GYMCELLING BIEN HECHO."	looksmaxing	"2025-11-06 02:29:01"	"2025-11-19 00:47:11"	641	5245	45	14	1	1	6	looksmax.org		0	dosing/PED
/d/46854-como-conseguir-un-lefort-barato-u-otras-cirugias-hecho-por-estudiantes-de-medicina-gtfih	46854	"Cómo conseguir un Lefort BARATO (u otras cirugías) hecho por estudiantes de medicina (GTFIH)"	hardmaxing	"2025-11-07 02:27:08"	"2025-11-12 05:25:13"	1362	5820	30	13	0	0	0	looksmax.org		0	
/d/46937-la-verdad-sobre-el-pillde-iq	46937	"La verdad sobre el pillde IQ"	looksmaxing	"2025-11-07 20:28:41"	"2026-03-03 13:20:45"	5991	38845	23	22	1	1	648	looksmax.org		0	
/d/46941-lo-que-aprendi-en-los-ultimos-dos-dias	46941	"lo que aprendí en los últimos dos días"	looksmaxing	"2025-11-07 21:14:33"	"2025-12-09 16:50:14"	1281	4849	15	7	1	1	2	looksmax.org		0	
/d/46943-guia-completa-de-indicadores-de-salud	46943	"Guía completa de indicadores de salud."	softmaxing	"2025-11-07 21:44:14"	"2025-12-15 12:02:36"	1197	3908	24	14	1	1	16	looksmax.org		0	
/d/46990-la-guia-completa-de-nootropicos-o-como-alcanzar-el-zen-cognitivo	46990	"La guía completa de nootrópicos (o cómo alcanzar el zen cognitivo)"	looksmaxing	"2025-11-08 12:47:25"	"2026-06-09 16:10:57"	1943	17454	19	13	1	1	26	looksmax.org		0	
/d/46999-como-defraudar-4-pulgadas	46999	"cómo defraudar 4 pulgadas+"	looksmaxing	"2025-11-08 13:54:40"	"2025-12-12 19:55:22"	446	1121	13	8	1	1	100	looksmax.org		0	
/d/47100-guia-de-pestanas	47100	"Guía de Pestañas"	softmaxing	"2025-11-09 11:46:10"	"2026-01-17 08:56:34"	973	2617	24	11	1	1	83	looksmax.org		0	dosing/PED|DIY-procedure
/d/47105-implantes-faciales-una-introduccion-simple	47105	"Implantes faciales - una introducción simple"	hardmaxing	"2025-11-09 12:39:18"	"2025-11-09 12:59:49"	947	3043	12	6	1	1	125	looksmax.org		0	
/d/47120-guia-de-medicion-del-ancho-de-hombros-bidelt-acromial-como-medir-correctamente	47120	"Guía de Medición del Ancho de Hombros (Bidelt & Acromial) – Cómo Medir Correctamente"	looksmaxing	"2025-11-09 16:07:23"	"2026-05-05 03:17:26"	230	1277	7	7	0	0	0	looksmax.org		0	
/d/47137-el-racepill-y-como-usarlo-para-looksmaxxing	47137	"El racepill y cómo usarlo para looksmaxxing"	looksmaxing	"2025-11-09 18:37:52"	"2025-11-24 12:33:49"	2829	56792	92	44	1	1	1765	looksmax.org		0	
/d/47176-todas-las-cirugias-de-ojos-y-parpados-explicadas-guia-completa	47176	"Todas las cirugías de ojos y párpados explicadas - Guía completa"	hardmaxing	"2025-11-10 01:10:07"	"2025-11-11 17:56:05"	1907	5495	12	9	1	1	166	looksmax.org		0	
/d/47289-la-importancia-de-la-fortaleza-auricular-musculos-del-oido	47289	"La importancia de la fortaleza auricular (músculos del oído)"	looksmaxing	"2025-11-10 22:15:02"	"2026-02-23 15:33:10"	289	1538	18	5	1	1	23	looksmax.org		0	
/d/47324-guia-de-cejas	47324	"Guía de Cejas"	softmaxing	"2025-11-11 07:28:41"	"2025-12-10 14:15:30"	186	603	7	5	0	1	90	looksmax.org		0	sourcing
/d/47325-como-usar-estimulantes-de-forma-sostenible-para-la-vidaapariencia-sin-tolerancemaxxing	47325	"Cómo Usar Estimulantes de Forma Sostenible para la Vida/Apariencia Sin Tolerancemaxxing"	looksmaxing	"2025-11-11 07:30:49"	"2026-05-30 21:48:49"	711	7813	34	31	1	1	696	looksmax.org		0	dosing/PED
/d/47335-como-armar-correctamente-un-stack-de-heightmax	47335	"Cómo armar correctamente un stack de heightmax"	anabolicos	"2025-11-11 11:01:36"	"2025-12-06 03:24:51"	1346	5866	14	9	0	0	0	looksmax.org		0	dosing/PED
/d/47420-el-arte-de-la-fachada-ganarte-amigos-e-incrementar-tu-simpatia	47420	"El Arte de la Fachada - Ganarte amigos e incrementar tu simpatía"	looksmaxing	"2025-11-12 05:18:39"	"2025-11-12 13:36:29"	3087	12738	17	6	0	0	0	looksmax.org		0	
/d/47516-peptidos-que-son	47516	"Péptidos: ¿Qué son?"	peptides	"2025-11-12 22:48:20"	"2025-12-20 05:59:37"	474	7179	68	26	1	1	173	looksmax.org		0	dosing/PED
/d/47517-puedes-fraudear-el-atractivo-si-estas-mamado-y-tienes-una-estatura-decente-por-que-necesitas-ir-al-gym	47517	"Puedes fraudear el atractivo si estás mamado y tienes una estatura decente (por qué necesitas ir al gym)"	looksmaxing	"2025-11-12 22:51:47"	"2025-11-25 13:28:23"	638	1643	17	11	1	1	27	looksmax.org		0	
/d/47553-la-guia-mas-facil-para-accutane	47553	"LA GUÍA MÁS FÁCIL PARA ACCUTANE"	anabolicos	"2025-11-13 06:51:04"	"2026-01-07 14:03:15"	362	1887	21	11	0	0	0	looksmax.org		0	dosing/PED
/d/47575-mega-guia-de-tretinoina-skincare-antiedad-high-iq	47575	"MEGA GUÍA DE TRETINOÍNA SKINCARE ANTIEDAD HIGH IQ"	softmaxing	"2025-11-13 14:38:10"	"2026-07-30 19:04:52"	989	8274	27	23	0	1	2	looksmax.org		0	disordered-eating
/d/47665-la-guia-definitiva-de-leanmaxxing-ponte-delgado-eficientemente	47665	"La Guía DEFINITIVA de Leanmaxxing [PONTE DELGADO EFICIENTEMENTE]"	looksmaxing	"2025-11-14 02:03:08"	"2026-01-08 00:43:47"	1397	4275	10	11	1	1	116	looksmax.org		0	
/d/47676-guia-de-labios-softmax	47676	"GUÍA DE LABIOS (SOFTMAX)"	softmaxing	"2025-11-14 04:23:50"	"2025-12-24 14:31:03"	367	1498	11	9	1	1	70	looksmax.org		0	dosing/PED
/d/47815-guia-corta-para-incels-sobre-como-ser-feliz	47815	"Guía corta para incels sobre cómo ser feliz"	looksmaxing	"2025-11-15 02:54:44"	"2025-11-15 10:48:08"	624	2751	20	12	1	1	4	looksmax.org		0	self-harm/hopelessness
/d/47856-aumenta-la-testosterona-de-forma-natural	47856	"Aumenta la Testosterona de Forma Natural"	anabolicos	"2025-11-15 13:41:07"	"2026-01-14 00:20:52"	732	2728	41	16	0	0	0	looksmax.org		0	dosing/PED
/d/47872-esconder-peptidos-y-mas-obvio-refrigerados-principiantes-deben-leer	47872	"Esconder Péptidos y Más - (OBVIO Refrigerados) - Principiantes DEBEN LEER"	peptides	"2025-11-15 16:15:25"	"2025-12-22 17:25:34"	700	5603	21	8	1	1	83	looksmax.org		0	
/d/47894-framemaxx	47894	framemaxx	looksmaxing	"2025-11-15 19:27:34"	"2025-12-07 10:04:37"	378	1575	8	7	0	0	0	looksmax.org		0	dosing/PED
/d/47895-guia-de-slaymaxxing-para-hombres-bajitos-quizas-no-este-todo-perdido	47895	"GUÍA DE SLAYMAXXING PARA HOMBRES BAJITOS (QUIZÁS NO ESTÉ TODO PERDIDO)"	looksmaxing	"2025-11-15 19:37:07"	"2025-12-14 09:11:51"	1143	4898	16	15	1	1	5	looksmax.org		0	
/d/47954-como-cure-mi-eczema-y-mis-experiencias-teniendolo	47954	"Cómo \"curé\" mi eczema y mis experiencias teniéndolo."	softmaxing	"2025-11-16 05:06:23"	"2026-01-29 00:14:47"	845	984	6	4	1	1	34	looksmax.org		0	dosing/PED
/d/47963-como-hago-fraude-de-59-a-60-pies-facilmente	47963	"Cómo hago fraude de 5'9 a 6'0 pies fácilmente"	softmaxing	"2025-11-16 07:57:46"	"2025-12-08 06:01:31"	450	3326	22	18	1	1	11	looksmax.org		0	
/d/47974-como-hacer-crecer-el-pelo-rapido-y-veloz	47974	"Cómo hacer crecer el pelo rápido y veloz"	softmaxing	"2025-11-16 10:40:57"	"2026-07-08 01:00:09"	1982	19307	19	16	0	0	0	looksmax.org		0	dosing/PED
/d/47993-por-que-las-cejas-y-las-pestanas-son-uno-de-los-mejores-softmaxxes-mini-guia	47993	"¿Por qué las cejas y las pestañas son uno de los mejores softmaxxes? [MINI GUÍA]"	softmaxing	"2025-11-16 13:18:16"	"2026-03-02 20:43:13"	252	1356	22	14	1	1	36	looksmax.org		0	
/d/48026-guia-actualizada-de-melanotan-2-inspirada-en-mpmd	48026	"Guía Actualizada de Melanotan-2 (Inspirada en MPMD)"	peptides	"2025-11-16 17:51:07"	"2026-01-22 21:30:14"	828	3514	21	11	1	1	55	looksmax.org	C2354	0	dosing/PED
/d/48028-guia-pre-pubertad-lee-esto-si-no-estas-en-la-pubertad	48028	"Guía Pre Pubertad | Lee esto si no estás en la pubertad"	looksmaxing	"2025-11-16 18:09:41"	"2025-12-02 06:02:41"	846	6108	17	8	1	1	75	looksmax.org		0	
/d/48038-guia-high-iq-de-como-me-cogi-a-mi-maestra-de-ingles-gtfih	48038	"GUÍA HIGH IQ De Cómo Me Cogí A Mi Maestra De Inglés (GTFIH)"	looksmaxing	"2025-11-16 19:24:46"	"2025-12-15 04:19:34"	527	2305	19	16	0	1	4	looksmax.org		0	
/d/48051-como-hipertrofiar-el-musculo-cigomatico-thread-de-iq-moderadamente-alto-hollowcheekcels-gtfih	48051	"Cómo hipertrofiar el músculo cigomático (thread de IQ moderadamente alto, hollowcheekcels GTFIH)"	softmaxing	"2025-11-16 20:54:09"	"2026-01-17 03:41:08"	485	3733	30	15	1	1	70	looksmax.org		0	
/d/48094-como-ocultar-la-caida-del-cabello-y-minimizar-su-apariencia-sin-implantes-durante-tu-adolescencia-y-principios-de-los-20-gtfih	48094	"Cómo ocultar la caída del cabello y minimizar su apariencia sin implantes durante tu adolescencia y principios de los 20. GTFIH"	softmaxing	"2025-11-17 10:40:16"	"2025-12-10 06:00:47"	721	1961	21	9	1	1	31	looksmax.org		0	dosing/PED|sourcing
/d/48143-como-conquistar-mujeres-con-estilo-musica-y-siendo-gentil	48143	"CÓMO CONQUISTAR MUJERES CON ESTILO, MÚSICA Y SIENDO GENTIL"	softmaxing	"2025-11-17 17:45:33"	"2025-11-17 18:09:14"	219	1992	32	12	1	1	70	looksmax.org		0	
/d/48193-arrugas-del-sueno-y-envejecimiento-guia	48193	"Arrugas del sueño y envejecimiento—(Guía)"	softmaxing	"2025-11-17 23:32:13"	"2025-11-18 00:24:12"	1302	5739	10	7	1	1	246	looksmax.org		0	
/d/48287-una-guia-para-la-autodisciplina	48287	"Una Guía para la Autodisciplina"	looksmaxing	"2025-11-18 23:33:43"	"2025-12-26 00:22:45"	728	2326	25	8	1	1	8	looksmax.org		0	
/d/48303-guia-definitiva-de-perdida-de-peso-calorias-cardio-suplementos	48303	"Guía Definitiva de Pérdida de Peso (Calorías, Cardio, Suplementos)"	looksmaxing	"2025-11-19 02:57:56"	"2025-12-10 06:15:05"	1190	1640	11	7	0	1	3	looksmax.org		0	dosing/PED|disordered-eating
/d/48370-lista-de-rangos-de-peptidos-looksmaxing-sin-cope	48370	"LISTA DE RANGOS DE PÉPTIDOS LOOKSMAXING (SIN COPE)"	peptides	"2025-11-19 15:57:48"	"2026-05-26 18:36:22"	55	247	15	11	0	0	0	looksmax.org		0	dosing/PED
/d/48390-como-construir-efectivamente-un-fisico-estetico-segun-la-ciencia	48390	"Cómo construir efectivamente un físico estético según la ciencia"	looksmaxing	"2025-11-19 17:59:02"	"2025-12-24 00:16:57"	411	1646	15	8	0	1	2	looksmax.org		0	dosing/PED
/d/48405-el-ciclo-de-randle-por-at-foidletslayer	48405	"El ciclo de Randle por @foidletslayer"	looksmaxing	"2025-11-19 19:51:14"	"2025-11-24 07:54:10"	689	4984	65	17	1	1	29	looksmax.org	C2419	0	dosing/PED
/d/48413-ciclo-de-randle-por-at-foidletslayer	48413	"Ciclo de Randle por @foidletslayer"	looksmaxing	"2025-11-19 20:30:06"	"2025-11-20 03:56:27"	754	1955	7	4	1	1	4	looksmax.org	C2419	0	dosing/PED
/d/48429-como-superar-los-atracones	48429	"CÓMO SUPERAR LOS ATRACONES"	looksmaxing	"2025-11-19 21:55:15"	"2025-12-08 21:06:06"	279	816	13	8	0	0	0	looksmax.org		0	
/d/48435-verduras-plantas-son-inutiles-sacalas-de-tu-dieta-ahora-explicacion	48435	"VERDURAS (PLANTAS) SON INÚTILES SÁCALAS DE TU DIETA AHORA (EXPLICACIÓN)"	looksmaxing	"2025-11-19 22:39:39"	"2025-11-26 17:19:39"	502	1177	11	7	1	1	5	looksmax.org		0	sourcing
/d/48479-por-que-funcionan-las-siestas-maximiza-la-recuperacion-el-rendimiento-y-la-estetica-explicacion-guia	48479	"¡POR QUÉ FUNCIONAN LAS SIESTAS! Maximiza la Recuperación, el Rendimiento y la Estética (Explicación + Guía)"	softmaxing	"2025-11-20 09:34:08"	"2025-12-24 14:11:00"	1449	3981	18	9	1	1	17	looksmax.org		0	dosing/PED
/d/48518-coloracion-como-elegir-la-coloracion-ideal-segun-tu-color-de-ojos	48518	"Coloración: Cómo elegir la coloración ideal según tu color de ojos"	softmaxing	"2025-11-20 17:56:40"	"2026-03-17 12:26:50"	1730	16705	43	26	1	1	522	looksmax.org		0	
/d/48530-batido-de-chocolate-con-claras-de-huevo-receta-deliciosa	48530	"Batido de chocolate con claras de huevo (receta deliciosa)"	looksmaxing	"2025-11-20 18:48:58"	"2025-11-25 13:03:45"	169	173	1	2	1	1	2	looksmax.org		0	dosing/PED
/d/48543-la-importancia-del-hueso-esfenoides-en-la-simetria-facial	48543	"La importancia del hueso esfenoides en la simetría facial"	looksmaxing	"2025-11-20 19:46:50"	"2025-12-06 09:21:29"	556	1102	4	5	1	1	15	looksmax.org		0	
/d/48594-como-logras-follar-a-una-mujer	48594	"¿Cómo logras follar a una mujer?"	looksmaxing	"2025-11-21 06:21:32"	"2026-01-13 01:08:05"	119	1224	20	19	1	1	2	looksmax.org		0	
/d/48699-biblia-completa-de-softmaxxing	48699	"Biblia completa de softmaxxing"	softmaxing	"2025-11-22 01:29:59"	"2026-05-12 07:59:23"	1166	14251	64	36	1	1	639	looksmax.org		0	
/d/48765-diy-de-shoelifts-extra-suma-media-pulgada-a-tu-fraude	48765	"DIY de shoelifts extra [suma media pulgada a tu fraude]"	softmaxing	"2025-11-22 16:37:41"	"2025-11-23 10:31:46"	127	2983	54	19	1	1	80	looksmax.org		0	DIY-procedure
/d/48824-la-mejor-guia-sobre-expansion-palatina	48824	"La Mejor Guía sobre Expansión Palatina"	hardmaxing	"2025-11-23 03:20:50"	"2026-07-14 19:34:50"	1361	16139	46	34	1	1	162	looksmax.org		0	DIY-procedure
/d/48831-la-mejor-rutina-de-cuidado-de-la-piel-que-me-funciono-parte-1	48831	"La mejor rutina de cuidado de la piel que me funcionó Parte 1"	softmaxing	"2025-11-23 06:45:17"	"2026-05-14 22:08:04"	428	4341	34	13	1	1	46	looksmax.org		0	dosing/PED
/d/48855-sensibilidad-del-receptor-de-hormona-como-puede-afectar-tus-dosis	48855	"Sensibilidad del receptor de hormona- cómo puede afectar tus dosis"	anabolicos	"2025-11-23 12:04:20"	"2025-11-23 17:43:55"	464	4266	25	17	1	1	46	looksmax.org		0	dosing/PED
/d/48865-guia-de-bb-cream-para-retrasados	48865	"Guía de BB-Cream ( para retrasados )"	softmaxing	"2025-11-23 13:40:18"	"2026-05-22 12:20:41"	709	4670	26	14	1	1	119	looksmax.org		0	
/d/48922-solucion-de-dutasterida-25mg	48922	"Solución de Dutasterida 2.5mg"	softmaxing	"2025-11-23 19:59:06"	"2025-12-17 13:41:18"	96	402	11	7	0	1	3	looksmax.org		0	dosing/PED
/d/49033-la-guia-definitiva-de-mejillas-hundidas	49033	"La Guía DEFINITIVA de Mejillas Hundidas."	hardmaxing	"2025-11-24 05:53:08"	"2026-04-28 15:40:18"	1866	27904	71	37	1	1	552	looksmax.org		0	
/d/49048-mayor-roi-todo-lo-que-hago-para-fraudear-1-3-puntos-durante-una-citaagarre	49048	"MAYOR ROI: todo lo que hago para fraudear 1-3 puntos durante una cita/agarre."	looksmaxing	"2025-11-24 12:03:19"	"2025-12-04 08:17:00"	1006	6604	28	17	1	1	77	looksmax.org		0	dosing/PED|DIY-procedure
/d/49126-guia-definitiva-para-perdida-de-grasa-sin-suplementosiq-alto	49126	"GUÍA DEFINITIVA Para Pérdida de Grasa [Sin Suplementos][IQ ALTO]"	looksmaxing	"2025-11-24 20:05:51"	"2025-12-10 07:13:00"	1482	6056	15	9	1	1	216	looksmax.org		0	
/d/49207-dieta-definitiva-y-algunos-consejos-para-looksmaxxing-longevidad	49207	"Dieta definitiva y algunos consejos para looksmaxxing + longevidad"	looksmaxing	"2025-11-25 10:57:45"	"2026-01-20 21:09:01"	201	798	12	9	0	0	0	looksmax.org		0	sourcing
/d/49316-como-conseguir-una-forma-de-cara-estetica-y-evitar-verte-hinchado-por-la-hipertrofia-del-masetero	49316	"Cómo conseguir una forma de cara estética y evitar verte \"hinchado\" por la hipertrofia del masetero"	looksmaxing	"2025-11-25 23:12:30"	"2026-02-06 20:20:40"	437	1572	25	12	1	1	15	looksmax.org		0	
/d/49319-guia-profunda-de-gym-maxing-maximizando-la-hipertrofia	49319	"Guía profunda de Gym maxing (maximizando la hipertrofia)"	looksmaxing	"2025-11-25 23:28:45"	"2025-12-14 16:42:01"	800	989	9	6	1	1	10	looksmax.org		0	dosing/PED
/d/49324-guia-de-gym-maxing	49324	"Guía de gym maxing"	looksmaxing	"2025-11-26 00:07:18"	"2025-11-26 17:09:24"	472	1571	12	6	0	0	0	looksmax.org		0	dosing/PED
/d/49378-esclerotica-blanca-dientes-blancos-el-softmax-de-contraste-mas-facil	49378	"Esclerótica blanca + dientes blancos : el softmax de contraste más fácil"	softmaxing	"2025-11-26 13:17:32"	"2025-11-26 14:54:37"	508	1276	9	4	1	1	20	looksmax.org		0	
/d/49386-contraste-que-es-por-que-importa-y-como-mejorarlo	49386	"Contraste — Qué Es, Por Qué Importa y Cómo Mejorarlo"	softmaxing	"2025-11-26 15:01:04"	"2025-12-17 16:31:13"	915	2129	16	10	1	1	75	looksmax.org		0	
/d/49387-como-obtener-maxila-mas-alta-sin-cirugia-oro-para-sfscels	49387	"Cómo obtener maxila más alta sin cirugía, Oro para sfscels"	hardmaxing	"2025-11-26 15:12:22"	"2026-01-19 14:33:11"	105	855	24	8	1	1	8	looksmax.org		0	
/d/49441-lo-basico-de-habilidades-sociales-que-nadie-aqui-practica	49441	"Lo básico de habilidades sociales (que nadie aquí practica)"	looksmaxing	"2025-11-26 21:41:19"	"2025-11-26 22:18:36"	202	919	17	9	0	1	12	looksmax.org		0	
/d/49446-la-guia-completa-de-proporciones-y-angulos-faciales	49446	"La Guía Completa de Proporciones y Ángulos Faciales"	looksmaxing	"2025-11-26 22:12:07"	"2026-07-22 19:04:56"	927	7418	44	17	1	1	592	looksmax.org		0	
/d/50095-monticulos-periorales-un-failo-pasado-por-alto-que-podrias-tener	50095	"Montículos Periorales, un Failo pasado por alto que podrías tener"	hardmaxing	"2025-11-26 23:25:08"	"2026-05-29 13:56:56"	225	1606	18	10	1	1	80	looksmax.org		0	
/d/50160-ciclo-de-esteroides-en-invierno-para-explotar	50160	"Ciclo de esteroides en invierno para explotar"	anabolicos	"2025-11-27 00:37:29"	"2025-12-21 03:10:19"	120	1216	14	12	1	1	2	looksmax.org		0	dosing/PED
/d/55590-buena-armonia-buena-nariz	55590	"Buena armonía = buena nariz"	looksmaxing	"2019-10-09 16:18:18"	"2019-10-09 18:09:11"	232	365	11	9	1	1	12	looksmax.org		0	
/d/56003-thugmaxxing-para-los-autistasmentalcels	56003	"thugmaxxing para los autistas/mentalcels"	looksmaxing	"2019-10-16 18:59:12"	"2019-10-17 00:12:32"	242	452	9	9	1	1	6	looksmax.org		0	
/d/56215-si-la-parca-de-norwood-te-visita	56215	"Si la parca de Norwood te visita"	softmaxing	"2019-10-05 16:20:17"	"2019-10-05 17:28:28"	66	83	2	3	1	1	1	looksmax.org		0	
/d/56718-guia-de-softmaxxingbatemanmaxxing-de-kade	56718	"Guía de Softmaxxing/Batemanmaxxing de Kade"	softmaxing	"2019-11-02 03:52:02"	"2020-03-01 10:39:33"	296	765	14	13	1	1	4	looksmax.org		0	
/d/57077-eye-maxxing-hack1-todos-gtfih-edit-hilo-copy-paste-de-kingkellzlooksmaxxingcom	57077	"EYE-MAXXING HACK#1 (¡TODOS GTFIH!) Edit: Hilo Copy & Paste de Kingkellz/Looksmaxxing.com"	softmaxing	"2019-10-11 21:58:59"	"2019-10-18 13:00:02"	227	810	18	17	1	1	58	looksmax.org		0	
/d/57090-nunca-te-hagas-poner-expansores-palatales	57090	"Nunca te hagas poner expansores palatales"	softmaxing	"2019-11-06 17:33:39"	"2019-11-06 19:40:56"	26	763	17	9	1	1	9	looksmax.org		0	
/d/57202-guia-para-los-que-tienen-cabello-rizado	57202	"Guía para los que tienen cabello rizado"	softmaxing	"2019-10-26 16:41:38"	"2024-10-18 19:17:52"	190	1393	29	17	1	1	41	looksmax.org		0	
/d/57697-guia-de-clasificaciones-por-estatura	57697	"Guía de clasificaciones por estatura"	looksmaxing	"2019-11-13 18:05:08"	"2019-11-14 00:36:37"	99	239	25	21	1	1	6	looksmax.org		0	
/d/57728-como-ser-atractivo	57728	"Cómo ser atractivo"	looksmaxing	"2019-10-29 07:50:49"	"2019-10-29 17:33:06"	415	2212	54	30	1	1	43	looksmax.org		0	
/d/57739-escala-1-5-de-sun	57739	"Escala 1-5 de Sun"	looksmaxing	"2019-10-29 14:43:08"	"2019-10-29 15:54:11"	198	532	10	11	0	0	0	looksmax.org		0	
/d/57850-guia-de-bodymaxing-para-el-skinnyfag-promedio	57850	"Guía de Bodymaxing Para el Skinnyfag Promedio"	looksmaxing	"2019-11-02 19:59:16"	"2019-11-02 21:16:26"	1247	1740	16	13	1	1	22	looksmax.org		0	sourcing|disordered-eating
/d/57864-el-megahilo-definitivo-de-boxeo	57864	"El MEGAHILO DEFINITIVO DE BOXEO"	looksmaxing	"2019-11-22 18:33:01"	"2020-08-19 06:21:01"	2014	3745	36	22	1	1	59	looksmax.org		0	DIY-procedure
/d/57955-mejora-del-sueno-reduciendo-emf	57955	"Mejora del sueño reduciendo EMF"	softmaxing	"2019-11-26 19:22:54"	"2019-11-26 23:09:19"	512	583	11	10	1	1	21	looksmax.org		0	dosing/PED|DIY-procedure
/d/57969-camino-a-una-noche-saludable	57969	"Camino a una noche saludable"	softmaxing	"2019-11-18 22:51:48"	"2019-11-19 15:06:18"	15	293	16	10	1	1	5	looksmax.org		0	
/d/57977-reglas-18-para-perder-la-virginidad	57977	"Reglas 18+ para perder la virginidad"	looksmaxing	"2019-11-25 19:25:15"	"2019-12-06 14:38:35"	486	2671	46	28	1	1	63	looksmax.org		0	
/d/58161-los-looksmaxes-mas-baratos	58161	"Los looksmaxes más baratos"	looksmaxing	"2019-12-04 09:19:06"	"2019-12-08 00:23:14"	59	288	17	15	1	1	11	looksmax.org		0	
/d/58163-guia-completa-de-crecimiento-fraudward	58163	"Guía completa de crecimiento Fraudward"	hardmaxing	"2019-12-04 21:56:12"	"2019-12-04 22:46:54"	347	809	12	4	1	1	14	looksmax.org		0	
/d/58197-juego-de-textosdeslizandote-a-los-dm-101-tips	58197	"Juego de textos/deslizándote a los DM 101-tips"	looksmaxing	"2019-11-09 22:34:36"	"2019-11-10 19:49:15"	151	1919	36	18	0	0	0	looksmax.org		0	
/d/58201-unifice-toda-la-teoria-de-looks-en-una-calificacion-irl	58201	"Unificé toda la teoría de looks en una calificación irl"	looksmaxing	"2019-11-14 20:36:12"	"2019-11-14 21:00:13"	114	625	14	6	1	1	2	looksmax.org		0	
/d/58241-consejo-de-habilidades-sociales-la-gente-siempre-responde-mas-positivamente-cuando-tienes-sentido-del-humor	58241	"Consejo de habilidades sociales: la gente siempre responde más positivamente cuando tienes sentido del humor"	looksmaxing	"2019-11-11 14:36:52"	"2019-11-22 15:52:15"	85	796	22	20	1	1	2	looksmax.org		0	
/d/58291-caracteristicas-del-chico-malo-que-las-mujeres-desean	58291	"Características del chico malo que las mujeres desean"	looksmaxing	"2019-12-11 04:53:22"	"2019-12-11 17:45:16"	341	1995	25	15	1	1	34	looksmax.org		0	sourcing
/d/58310-la-forma-mas-facil-de-dormir-boca-arriba	58310	"La forma más fácil de dormir boca arriba"	softmaxing	"2019-12-13 11:10:58"	"2025-05-08 20:19:51"	95	197	7	7	1	1	10	looksmax.org		0	
/d/58312-guia-2020-como-mantener-a-la-mujer-en-linea	58312	"Guía 2020: cómo mantener a la mujer en línea"	looksmaxing	"2019-11-29 16:28:03"	"2019-11-29 20:45:44"	126	1307	33	25	1	1	4	looksmax.org		0	
/d/58324-guia-de-compra-de-face-pullers	58324	"Guía de compra de face pullers"	softmaxing	"2019-12-11 15:37:49"	"2021-05-23 22:19:26"	244	2192	40	15	1	1	58	looksmax.org		0	sourcing
/d/58355-3-pruebas-rapidas-y-faciles-de-subhumanidad	58355	"3 pruebas rápidas y fáciles de subhumanidad"	looksmaxing	"2019-11-15 21:09:14"	"2019-11-16 06:50:57"	149	1829	59	27	1	1	50	looksmax.org		0	self-harm/hopelessness
/d/58366-estirar-tu-columna-te-hace-mas-alto	58366	"ESTIRAR TU COLUMNA TE HACE MÁS ALTO"	softmaxing	"2019-12-04 03:21:53"	"2019-12-04 05:23:16"	163	505	11	8	0	1	8	looksmax.org		0	
/d/58397-como-engendrar-hijos-slayer	58397	"Cómo engendrar hijos slayer"	looksmaxing	"2019-12-05 05:16:34"	"2019-12-05 11:21:17"	121	702	17	10	1	1	10	looksmax.org		0	
/d/58657-guia-para-destruir-completamente-los-centros-de-miedo-en-tu-cerebro	58657	"Guía para destruir completamente los centros de miedo en tu cerebro"	looksmaxing	"2019-12-28 03:00:07"	"2019-12-28 10:06:05"	123	713	14	12	0	0	0	looksmax.org		0	
/d/58670-la-base-de-datos-mas-grande-de-infografias-sobre-entrenamiento-de-fuerza-y-acondicionamiento-high-iq-gymcels-gtfih	58670	"La base de datos más grande de infografías sobre entrenamiento de fuerza y acondicionamiento [HIGH IQ GYMCELS GTFIH]"	looksmaxing	"2019-11-18 16:42:02"	"2021-03-30 11:39:56"	106	432	7	7	1	1	12	looksmax.org		0	
/d/58722-como-probar-tu-crecimiento-hacia-adelante-pics-inside-mira-como-se-vera-tu-cara-despues-de-hacer-facepull	58722	"Cómo probar tu crecimiento hacia adelante (Pics inside). Mira cómo se verá tu cara después de hacer facepull."	softmaxing	"2019-12-12 21:42:45"	"2023-09-01 01:47:28"	113	4017	70	26	1	1	79	looksmax.org		0	
/d/58737-para-todos-los-curries-si-alguna-vez-quieren-una-calificacion-honesta-de-autistas-psl	58737	"Para todos los curries - si alguna vez quieren una calificación honesta de autistas PSL"	looksmaxing	"2019-12-21 19:36:22"	"2019-12-21 23:01:33"	121	1154	39	10	1	1	80	looksmax.org		0	
/d/58795-formas-en-que-te-estan-moggeando-sin-que-te-des-cuenta	58795	"Formas en que te están MOGGEANDO sin que te des cuenta"	looksmaxing	"2019-12-23 05:00:24"	"2019-12-24 01:18:02"	805	1874	21	21	1	1	10	looksmax.org		0	
/d/58874-importancia-de-la-vitamina-k2-si-tomas-vitamina-d	58874	"Importancia de la Vitamina K2 si tomas Vitamina D"	looksmaxing	"2019-11-29 19:08:34"	"2020-04-21 15:49:09"	89	1385	48	23	1	1	22	looksmax.org		0	
/d/58907-como-entrenar-tus-pantorrillas-en-un-gimnasio-casero	58907	"Cómo entrenar tus pantorrillas en un gimnasio casero"	looksmaxing	"2020-01-01 00:31:14"	"2020-01-03 02:01:37"	190	1586	18	11	1	1	29	looksmax.org		0	DIY-procedure
/d/58915-como-lograr-que-tu-novia-se-quede-contigo-y-te-ame-mas	58915	"Cómo lograr que tu novia se quede contigo y te ame más"	looksmaxing	"2019-11-28 00:44:39"	"2019-11-28 21:03:57"	296	575	25	20	1	1	6	looksmax.org		0	
/d/58929-mejillas-hundidas-un-arma-de-doble-filo	58929	"Mejillas hundidas: Un arma de doble filo"	looksmaxing	"2019-12-05 02:30:49"	"2019-12-05 10:22:31"	131	1419	37	15	1	1	24	looksmax.org		0	
/d/59095-el-cabello-debe-depender-de-la-formatamano-del-craneo	59095	"El cabello debe depender de la forma/tamaño del cráneo"	softmaxing	"2019-12-30 22:24:56"	"2019-12-31 19:59:18"	81	226	5	5	0	0	0	looksmax.org		0	
/d/59149-respuestas-para-usar-contra-mujeres	59149	"Respuestas para usar contra mujeres."	looksmaxing	"2020-01-09 20:28:05"	"2020-01-09 22:20:56"	97	656	19	17	1	1	2	looksmax.org		0	
/d/59222-guia-de-lookmaxing-de-carnivorediet-lista-completa-15-metodos	59222	"Guía de LookMaxing de CarnivoreDiet - Lista Completa [15 Métodos]"	looksmaxing	"2019-12-11 13:40:04"	"2019-12-11 15:33:52"	302	361	4	5	1	1	1	looksmax.org		0	
/d/59344-megahilo-de-gymcelling	59344	"Megahilo de gymcelling"	looksmaxing	"2019-12-04 10:18:04"	"2019-12-05 18:06:25"	391	1904	38	18	1	1	43	looksmax.org		0	sourcing
/d/59432-mandibula-asimetrica-gtfih	59432	"¿Mandíbula asimétrica? GTFIH"	looksmaxing	"2019-12-01 16:14:28"	"2019-12-01 16:15:28"	108	244	1	2	0	0	0	looksmax.org		1	
/d/59690-dejame-repetirme-una-vez-mas-no-vayas-por-pelo-corto-si-tu-craneo-es-estrecho	59690	"Déjame repetirme una vez más, NO VAYAS POR PELO CORTO SI TU CRÁNEO ES ESTRECHO"	softmaxing	"2020-01-24 18:30:23"	"2020-01-25 18:24:12"	28	152	9	9	1	1	16	looksmax.org		0	
/d/59745-cuanto-cuesta-el-heightmaxxing	59745	"Cuánto Cuesta el Heightmaxxing"	hardmaxing	"2020-01-27 16:06:02"	"2020-01-27 17:59:18"	101	232	6	4	1	1	10	looksmax.org		0	dosing/PED
/d/59797-una-guia-completa-del-ayuno-para-bajar-de-peso	59797	"Una guía completa del ayuno para bajar de peso"	looksmaxing	"2019-12-17 05:12:09"	"2021-06-23 09:29:06"	1379	2832	10	10	1	1	16	looksmax.org		0	dosing/PED
/d/59821-recurso-base-de-datos-de-rostros-de-lookism	59821	"RECURSO: Base de datos de rostros de Lookism"	looksmaxing	"2020-02-04 14:34:08"	"2023-08-26 08:18:08"	106	310	10	10	1	1	2	looksmax.org		0	
/d/59829-como-solia-atraer-mujeres-en-ambientes-casuales-o-formales	59829	"Cómo solía atraer mujeres en ambientes casuales o formales."	looksmaxing	"2020-01-31 22:48:44"	"2020-02-04 02:45:41"	231	1120	37	17	1	1	18	looksmax.org		0	
/d/59837-negacion-plausible-para-looksmaxxing-como-aplicar-fight-club	59837	"Negación Plausible para Looksmaxxing (cómo aplicar fight club)"	looksmaxing	"2020-01-05 21:29:42"	"2020-01-25 13:14:49"	439	2199	16	12	1	1	2	looksmax.org		0	
/d/59884-guia-para-calificar-psl	59884	"Guía para calificar PSL"	looksmaxing	"2019-12-12 04:14:49"	"2020-08-29 23:11:04"	218	1523	31	21	1	1	1	looksmax.org		0	
/d/60015-nsfw-miniguia-sobre-como-pleasuremaxear-y-orgasmax-para-circumcisedcels	60015	"[NSFW] miniguía sobre cómo pleasuremaxear y orgasmax para circumcisedcels"	hardmaxing	"2019-12-28 13:56:48"	"2019-12-28 18:16:07"	48	259	4	3	1	1	2	looksmax.org		0	
/d/60055-lista-de-suplementos-que-pueden-aumentar-tu-testosterona	60055	"Lista de suplementos que pueden aumentar tu testosterona"	anabolicos	"2020-02-19 14:14:12"	"2020-02-19 16:30:38"	22	162	6	3	1	1	33	looksmax.org		0	dosing/PED
/d/60183-la-armoniasimetria-esta-subestimada-aqui	60183	"La armonía/simetría está subestimada aquí"	looksmaxing	"2020-01-11 15:16:21"	"2020-01-11 18:42:15"	134	556	15	11	1	1	6	looksmax.org		0	
/d/60335-facil-maxing-para-celes-uk	60335	"Fácil maxing para celes UK"	softmaxing	"2020-01-17 12:02:40"	"2020-01-17 14:47:44"	78	441	13	6	0	0	0	looksmax.org		0	
/d/60353-tostadas-francesas-anabolicas	60353	"Tostadas Francesas Anabólicas"	looksmaxing	"2020-01-24 18:20:10"	"2020-01-24 18:26:31"	36	48	1	2	1	1	36	looksmax.org		0	
/d/60398-guia-de-nariz-podria-ser-cope	60398	"Guía de nariz podría ser cope"	softmaxing	"2020-01-26 04:54:51"	"2020-01-26 05:00:07"	65	109	4	4	1	1	13	looksmax.org		0	
/d/60426-como-dejar-de-masturbarse	60426	"Cómo dejar de masturbarse"	looksmaxing	"2020-01-05 21:23:56"	"2020-01-05 22:49:36"	109	308	14	11	0	0	0	looksmax.org		0	
/d/60478-como-hacer-teethwhiteningmaxx	60478	"Cómo hacer TeethWhiteningmaxx"	softmaxing	"2020-01-23 01:17:59"	"2020-01-23 04:23:26"	88	909	10	8	0	0	0	looksmax.org		0	
/d/60590-plantillas-de-4cm-20	60590	"Plantillas de 4cm 2.0"	softmaxing	"2020-01-12 12:01:19"	"2020-01-12 18:57:38"	49	514	16	12	0	1	4	looksmax.org		0	
/d/60609-mi-guia-gratis-y-facil-para-fatcels-para-bajar-de-peso	60609	"Mi guía GRATIS y fácil para fatcels para bajar de peso"	looksmaxing	"2020-01-15 21:29:18"	"2020-01-16 03:02:10"	350	562	8	7	0	0	0	looksmax.org		0	dosing/PED|disordered-eating
/d/60647-como-medir-el-crecimiento-craneal-real-y-cientifico	60647	"Cómo medir el crecimiento craneal real y científico."	hardmaxing	"2020-01-07 09:24:33"	"2020-01-07 09:28:25"	480	482	1	2	1	1	13	looksmax.org		0	
/d/60714-como-tomar-finasterida-sin-los-efectos-secundarios	60714	"Cómo tomar Finasterida sin los efectos secundarios"	softmaxing	"2020-01-02 18:25:42"	"2020-01-03 13:57:50"	25	360	12	10	1	1	20	looksmax.org		0	dosing/PED
/d/60759-como-quemar-grasa-corporal-rapido	60759	"Cómo quemar grasa corporal rápido"	looksmaxing	"2020-01-12 23:22:41"	"2021-09-03 12:08:14"	507	1286	17	15	1	1	4	looksmax.org		0	dosing/PED|DIY-procedure
/d/61034-gtfih-bonecels-sonido-para-el-crecimiento-oseo	61034	"[GTFIH BONECELS] Sonido para el crecimiento óseo"	hardmaxing	"2020-01-22 16:09:04"	"2020-01-23 02:56:24"	202	959	20	12	1	1	54	looksmax.org		0	sourcing
/d/61040-razones-por-las-que-de-verdad-deberias-tomar-suficiente-agua	61040	"Razones por las que de verdad deberías tomar suficiente agua"	looksmaxing	"2020-01-19 11:49:03"	"2020-01-21 17:10:26"	392	843	18	14	1	1	7	looksmax.org		0	
/d/61046-una-forma-interesante-de-potenciar-inmunidad-y-looksmax	61046	"Una forma interesante de potenciar inmunidad y looksmax"	anabolicos	"2020-03-19 16:49:35"	"2020-04-01 21:52:31"	106	114	2	3	1	1	2	looksmax.org		0	dosing/PED
/d/61161-como-verse-de-puta-madre	61161	"Cómo verse de puta madre"	looksmaxing	"2020-01-24 16:46:42"	"2020-01-24 20:41:01"	87	489	12	9	1	1	5	looksmax.org		0	
/d/61206-ideas-creativas-para-coger-ademas-de-la-apariencia	61206	"Ideas creativas para coger además de la apariencia"	looksmaxing	"2020-03-07 20:05:50"	"2020-03-16 13:17:13"	571	1215	8	3	1	1	22	looksmax.org		0	
/d/61216-guias-practicas-para-el-tratamiento-hormonal-transgenero-ftm	61216	"Guías prácticas para el tratamiento hormonal transgénero FTM"	anabolicos	"2020-03-06 20:14:56"	"2020-03-07 01:12:14"	211	568	13	12	0	0	0	looksmax.org		0	dosing/PED
/d/61220-como-fraudear-hasta-que-te-hagas-tus-cirugias	61220	"Cómo fraudear hasta que te hagas tus cirugías"	softmaxing	"2020-01-29 16:40:03"	"2020-01-29 18:02:06"	342	361	4	4	1	1	25	looksmax.org		0	
/d/61253-guia-definitiva-de-la-altura-de-la-ceja-wip	61253	"Guía definitiva de la altura de la ceja. ^WIP^"	softmaxing	"2020-01-18 15:22:48"	"2020-10-05 15:19:52"	544	655	8	8	1	1	26	looksmax.org		0	
/d/61541-blanqueamiento-de-dientes-gtfh	61541	"Blanqueamiento de dientes GTFH"	softmaxing	"2020-01-28 01:29:41"	"2020-01-28 02:14:44"	218	467	9	6	1	1	11	looksmax.org		0	
/d/61675-trucos-de-lipmaxing	61675	"Trucos de lipmaxing"	softmaxing	"2020-02-03 15:48:43"	"2020-02-03 16:46:44"	85	432	14	7	0	0	0	looksmax.org		0	
/d/61725-consejo-de-fashionmaxxing-para-manlets-adelanto-de-la-gran-guia-de-fashionmaxxing	61725	"Consejo de fashionmaxxing para manlets (adelanto de la gran guía de fashionmaxxing)"	softmaxing	"2020-04-04 04:57:44"	"2020-04-04 05:19:44"	46	354	8	6	1	1	4	looksmax.org		0	
/d/61759-guia-definitiva-aceite-de-menta-solucion-para-la-caida-del-cabello	61759	"[GUÍA DEFINITIVA] ACEITE DE MENTA : Solución para la caída del cabello (?)"	softmaxing	"2020-02-25 16:43:29"	"2020-02-26 12:14:55"	690	822	10	6	1	1	40	looksmax.org		0	dosing/PED
/d/61776-patillas-optimas	61776	"Patillas óptimas"	softmaxing	"2020-02-25 19:25:47"	"2020-02-25 19:55:11"	192	237	4	4	1	1	10	looksmax.org		0	
/d/61858-que-es-el-sindrome-de-cara-larga-enfoques-para-diagnostico-quirurgico-y-tratamiento	61858	"Qué es el Síndrome de Cara Larga, enfoques para diagnóstico quirúrgico y tratamiento"	hardmaxing	"2020-02-11 14:54:44"	"2020-02-11 15:10:19"	2555	2558	2	3	1	1	33	looksmax.org		0	
/d/62178-la-guia-heightmax-mas-facil-gtfih	62178	"LA GUÍA HEIGHTMAX MÁS FÁCIL [GTFIH]"	looksmaxing	"2020-02-16 00:01:40"	"2020-02-16 02:31:31"	388	1507	12	10	1	1	131	looksmax.org		0	dosing/PED|sourcing
/d/62351-el-whitemaxxing-es-posible-tutorial-para-etnicos	62351	"El whitemaxxing es posible. Tutorial para étnicos."	looksmaxing	"2020-04-06 02:43:27"	"2020-04-06 05:21:19"	556	1222	5	6	1	1	30	looksmax.org		0	
/d/62353-microdosis-de-hormonas	62353	"Microdosis de hormonas"	anabolicos	"2020-02-25 01:19:11"	"2020-03-07 11:18:51"	186	549	9	6	1	1	30	looksmax.org		0	dosing/PED
/d/62374-que-es-exactamente-ep1-la-via-de-senalizacion-ampk-resumen-basico	62374	"¿Qué es exactamente? EP1 - La vía de señalización AMPK (Resumen básico)"	looksmaxing	"2020-03-06 21:48:46"	"2021-10-19 15:40:29"	658	1603	13	7	1	1	6	looksmax.org		0	
/d/62564-pelo-grueso-como-la-verga	62564	"Pelo grueso como la verga"	softmaxing	"2020-03-22 16:40:22"	"2020-04-07 19:06:59"	75	207	6	6	0	0	0	looksmax.org		0	
/d/62594-terapia-de-luz-roja-gratis	62594	"Terapia de luz roja gratis"	softmaxing	"2020-04-23 20:56:59"	"2020-04-24 10:58:40"	233	414	15	13	1	1	8	looksmax.org		0	dosing/PED
/d/62671-juego-de-nicho-una-alternativa-al-rtt	62671	"Juego de nicho: una alternativa al RTT"	looksmaxing	"2020-04-29 13:28:31"	"2020-04-30 15:57:33"	453	1126	19	10	1	1	34	looksmax.org		0	
/d/62777-una-guia-para-speakmaxxing	62777	"Una guía para speakmaxxing"	looksmaxing	"2020-04-21 17:23:36"	"2020-04-21 18:50:14"	471	1141	11	6	1	1	11	looksmax.org		0	
/d/62949-hilo-y-discusion-definitivos-para-curar-la-oneitis	62949	"Hilo y discusión definitivos para curar la oneitis"	looksmaxing	"2020-03-26 10:42:51"	"2020-03-28 17:49:41"	816	1775	25	13	1	1	4	looksmax.org		0	
/d/63000-identifica-ingredientes-de-productos-de-cuidado-de-piel-con-skincarisma	63000	"Identifica ingredientes de productos de cuidado de piel con SkinCarisma"	softmaxing	"2020-04-18 23:26:13"	"2020-04-21 13:57:13"	105	131	2	3	1	1	4	looksmax.org		0	
/d/63106-guia-del-stack-eca	63106	"Guía del stack ECA"	anabolicos	"2020-04-24 06:36:29"	"2020-04-24 08:30:21"	1107	2285	6	6	0	0	0	looksmax.org		0	dosing/PED
/d/63318-como-corregir-completamente-la-postura-de-espalda-y-cabeza	63318	"Cómo corregir completamente la postura de espalda y cabeza."	softmaxing	"2020-04-28 15:57:53"	"2020-04-28 17:50:44"	33	190	11	10	1	1	10	looksmax.org		0	
/d/63328-baraja-de-cirugias	63328	"Baraja de Cirugías"	hardmaxing	"2020-05-22 00:55:42"	"2020-05-22 01:01:29"	708	750	2	2	1	1	46	looksmax.org		0	
/d/63336-hilo-real-de-iqmaxxing-para-gaslighting	63336	"Hilo real de IQmaxxing para gaslighting"	looksmaxing	"2020-05-22 20:23:54"	"2020-05-22 21:50:12"	495	798	7	5	0	1	6	looksmax.org		0	
/d/63420-nacl-09-vs-agua-bac-para-inyecciones-de-hgh	63420	"NaCl 0.9% vs Agua BAC para Inyecciones de HGH"	anabolicos	"2020-04-18 21:06:39"	"2020-04-19 21:38:59"	23	324	11	5	0	0	0	looksmax.org		0	dosing/PED
/d/63423-un-recordatorio-sobre-como-tomar-medidas-faciales	63423	"un recordatorio sobre cómo tomar medidas faciales"	looksmaxing	"2020-04-18 21:29:54"	"2020-04-18 21:54:03"	44	196	6	5	1	1	4	looksmax.org		0	
/d/63546-como-aumentar-el-tamano-de-la-mandibula-fwhr	63546	"Cómo Aumentar el Tamaño de la Mandíbula (FWHR)"	softmaxing	"2020-04-23 11:03:33"	"2020-04-23 14:07:43"	150	271	13	13	1	1	18	looksmax.org		0	
/d/63593-como-literalmente-la-mayoria-de-ustedes-pueden-tener-sexo-dejen-de-complicar-esta-mierda	63593	"Cómo literalmente la mayoría de ustedes pueden tener sexo, dejen de complicar esta mierda"	looksmaxing	"2020-03-30 02:04:12"	"2020-03-30 06:14:20"	119	2343	33	19	1	1	11	looksmax.org		0	
/d/63609-guia-de-face-pulling-100-funciona	63609	"Guía de Face Pulling 100% funciona"	hardmaxing	"2020-03-12 22:30:10"	"2020-03-12 23:03:46"	39	567	18	6	1	1	8	looksmax.org		0	
/d/63637-el-fraude-de-cabello-largo-a-fwhr-es-una-muy-mala-idea	63637	"El Fraude de Cabello Largo a FWHR es una Muy Mala Idea"	softmaxing	"2020-05-10 11:23:24"	"2020-05-10 15:00:01"	49	183	5	5	1	1	7	looksmax.org		0	
/d/63644-soft-maxes-para-tu-area-ocular	63644	"Soft maxes para tu área ocular"	softmaxing	"2020-04-26 23:48:48"	"2020-05-20 20:03:23"	50	328	14	9	0	0	0	looksmax.org		0	
/d/63717-consigue-una-voz-profunda-en-2-horas-parte-1	63717	"Consigue una voz PROFUNDA en 2 horas parte 1"	looksmaxing	"2020-05-21 08:42:51"	"2020-07-10 16:49:35"	289	1021	19	19	1	1	18	looksmax.org		0	
/d/63790-por-que-el-ayuno-y-el-cardio-extremo-hiit-nunca-son-la-respuesta-para-una-cara-masculina-a-largo-plazo	63790	"Por qué el ayuno y el cardio extremo (HIIT) nunca son la respuesta para una cara masculina a largo plazo"	looksmaxing	"2020-05-25 21:29:34"	"2020-05-26 00:23:13"	243	1138	12	4	1	1	12	looksmax.org		0	
/d/63929-revisa-tus-vitaminasminerales-cronometercom	63929	"Revisa tus vitaminas/minerales (Cronometer.com)"	looksmaxing	"2020-04-18 21:10:52"	"2020-04-19 20:29:53"	136	441	14	8	1	1	40	looksmax.org		0	
/d/63994-voicemaxxing-instantaneo	63994	"VOICEMAXXING INSTANTÁNEO"	looksmaxing	"2020-05-05 23:34:23"	"2020-05-06 00:45:19"	64	338	13	9	1	1	4	looksmax.org		0	
/d/64010-deepvoicemaxx	64010	Deepvoicemaxx	looksmaxing	"2020-04-15 11:40:02"	"2020-10-15 19:46:48"	618	1447	13	10	1	1	34	looksmax.org		0	
/d/64066-el-mejor-estilo-de-cabello-y-barba-para-tu-forma-de-cara	64066	"El mejor estilo de cabello y barba para tu forma de cara"	softmaxing	"2020-06-05 21:14:08"	"2020-06-06 05:30:05"	691	853	10	8	1	1	52	looksmax.org		0	
/d/64222-la-dieta-es-importante-incluso-si-no-estas-gordo	64222	"La dieta es importante incluso si no estás gordo"	looksmaxing	"2020-04-23 08:48:47"	"2020-04-23 09:31:58"	844	1187	6	5	0	0	0	looksmax.org		0	
/d/64227-intentando-armar-el-rompecabezas-del-voicemaxxing	64227	"Intentando armar el rompecabezas del voicemaxxing"	looksmaxing	"2020-05-14 21:32:56"	"2020-05-15 21:17:19"	130	1646	28	17	1	1	24	looksmax.org		0	dosing/PED
/d/64275-como-saber-si-tienes-los-pomulos-altos	64275	"Cómo saber si tienes los pómulos altos"	looksmaxing	"2020-03-29 22:58:30"	"2020-03-29 23:19:38"	102	202	7	8	0	1	2	looksmax.org		0	
/d/64277-estimulacion-por-presion-profunda-para-dormir	64277	"Estimulación por Presión Profunda para Dormir"	softmaxing	"2020-04-30 16:38:03"	"2020-04-30 17:32:47"	116	161	5	3	1	1	53	looksmax.org		0	
/d/64480-la-guia-definitiva-de-que-comer-la-verdad	64480	"La guía definitiva de qué comer la verdad"	looksmaxing	"2020-06-10 15:38:34"	"2020-06-11 08:42:13"	813	1167	18	13	1	1	8	looksmax.org		0	DIY-procedure
/d/64562-lista-de-algunos-failos-no-faciales-menores-y-como-puedes-arreglartelos	64562	"Lista de algunos failos no faciales menores y cómo puedes arreglartelos"	looksmaxing	"2020-05-11 07:32:33"	"2020-06-02 06:45:41"	494	939	10	7	0	0	0	looksmax.org		0	
/d/64643-como-averiguar-donde-estas-con-una-persona-en-instagram	64643	"Cómo averiguar dónde estás con una persona en instagram"	looksmaxing	"2020-06-29 04:21:29"	"2020-06-29 05:17:00"	263	716	15	8	1	1	2	looksmax.org		0	
/d/64687-como-bajar-tus-cejas-de-verdad-mi-guia	64687	"Cómo bajar tus cejas de verdad (MI GUÍA)"	softmaxing	"2025-11-27 22:44:27"	"2025-11-27 23:09:06"	270	658	5	4	1	1	25	looksmax.org		0	DIY-procedure
/d/64737-inyecta-test	64737	"¡INYECTA! ¡TEST!"	anabolicos	"2020-05-07 10:36:58"	"2020-05-07 15:55:31"	68	500	14	12	1	1	10	looksmax.org		0	dosing/PED
/d/64744-guia-completa-de-subcision-diy-acnescarcels-gftih-y-notas-muy-importantes-de-mi-propio-viaje	64744	"Guía completa de subcisión DIY (acnescarcels GFTIH y notas muy importantes de mi propio viaje)"	hardmaxing	"2025-11-28 01:23:51"	"2026-06-21 03:42:23"	3583	35502	62	24	1	1	499	looksmax.org		0	dosing/PED|DIY-procedure
/d/64778-tutorial-de-corte-del-canto-medial	64778	"Tutorial de Corte del Canto Medial"	hardmaxing	"2025-11-28 01:59:34"	"2026-02-03 22:30:06"	449	4690	59	24	1	1	139	looksmax.org		0	
/d/64928-megathread-como-maximizar-la-pubertad-para-adolescentes	64928	"[MEGATHREAD] Cómo Maximizar la Pubertad para Adolescentes"	looksmaxing	"2025-11-28 07:54:30"	"2026-02-16 00:17:23"	4779	88141	93	35	1	1	973	looksmax.org		0	dosing/PED
/d/64949-ensalada-facil-potenciadora-de-testosterona	64949	"Ensalada Fácil Potenciadora de Testosterona"	looksmaxing	"2020-05-11 04:08:03"	"2020-05-11 09:01:53"	56	143	8	9	1	1	1	looksmax.org		0	dosing/PED
/d/65062-que-deberias-comer	65062	"QUÉ DEBERÍAS COMER"	looksmaxing	"2020-06-25 11:27:42"	"2020-06-25 13:10:01"	395	674	11	11	1	1	5	looksmax.org		0	dosing/PED|DIY-procedure
/d/65140-como-dejar-de-respirar-por-la-boca-frente-a-la-computadora-o-durante-el-sueno	65140	"Cómo dejar de respirar por la boca frente a la computadora o durante el sueño."	softmaxing	"2020-05-20 12:57:29"	"2020-05-20 13:52:26"	248	414	4	4	0	0	0	looksmax.org		0	
/d/65300-que-hace-que-una-cara-se-vea-limpia	65300	"Qué hace que una cara se vea limpia"	looksmaxing	"2025-11-28 16:26:49"	"2025-12-28 20:10:59"	832	1898	11	8	1	1	50	looksmax.org		0	
/d/65351-caracteristicas-agresivas-vs-caracteristicas-masculinas	65351	"Características Agresivas VS Características Masculinas"	looksmaxing	"2020-05-14 23:15:44"	"2020-05-19 08:56:34"	90	370	15	9	1	1	14	looksmax.org		0	dosing/PED
/d/65376-dieta-para-bajar-de-peso-rapido	65376	"Dieta para bajar de peso rápido"	looksmaxing	"2020-05-25 05:15:10"	"2020-05-25 17:01:48"	428	521	5	5	1	1	28	looksmax.org		0	
/d/65401-como-cepillarte-los-dientes-correctamente	65401	"CÓMO CEPILLARTE LOS DIENTES CORRECTAMENTE"	softmaxing	"2020-06-23 11:42:41"	"2020-06-25 02:59:35"	350	690	7	7	1	1	6	looksmax.org		0	
/d/65420-aclarado-de-labios-con-laser-lifefuel-para-etnicos	65420	"Aclarado de labios con láser [Lifefuel para étnicos]"	softmaxing	"2020-06-24 15:46:13"	"2020-07-28 18:17:57"	304	756	11	9	1	1	34	looksmax.org		0	
/d/65559-alto-esfuerzo-recordatorio-narrow-mouthcel-gtfhi	65559	"[ALTO ESFUERZO] [RECORDATORIO] NARROW MOUTHCEL GTFHI"	softmaxing	"2020-05-18 23:56:42"	"2020-05-19 02:54:48"	61	430	14	9	1	1	12	looksmax.org		0	
/d/65633-por-que-necesitas-hacer-dieta-inversa-despues-de-un-cut	65633	"¡POR QUÉ NECESITAS HACER DIETA INVERSA DESPUÉS DE UN CUT!"	looksmaxing	"2025-11-28 20:23:59"	"2025-12-17 19:28:04"	433	1715	7	3	0	0	0	looksmax.org		0	dosing/PED
/d/65638-eyebrow-maxxing-para-cels-de-baja-inhibicion	65638	"Eyebrow maxxing para cels de baja inhibición"	softmaxing	"2020-05-31 22:23:01"	"2020-06-21 00:45:58"	726	778	4	5	1	1	20	looksmax.org		0	
/d/65682-como-asegurar-que-tu-hijo-se-convierta-en-un-chad	65682	"Cómo asegurar que tu hijo se convierta en un chad"	looksmaxing	"2020-05-30 18:05:12"	"2022-02-16 23:26:18"	889	1863	11	9	0	0	0	looksmax.org		0	dosing/PED
/d/65730-piel-como-collagenmaxx	65730	"Piel: Cómo collagenmaxx"	softmaxing	"2025-11-28 22:52:21"	"2026-01-24 22:35:51"	1073	7333	39	21	1	1	5	looksmax.org		0	dosing/PED
/d/65837-guia-suprema-de-ascension-para-usuarios-de-it	65837	"GUÍA SUPREMA DE ASCENSIÓN PARA USUARIOS DE IT"	anabolicos	"2020-07-02 01:55:15"	"2020-07-02 02:13:19"	83	107	3	4	1	1	20	looksmax.org		0	dosing/PED
/d/66094-consistencymaxxing-o-como-maximizar-tu-progreso	66094	"Consistencymaxxing, o cómo maximizar tu progreso"	looksmaxing	"2020-07-20 17:40:42"	"2020-07-27 20:22:50"	162	370	9	5	0	0	0	looksmax.org		0	
/d/66173-libere-la-guia-de-peptidos-que-deberias-leer	66173	"Liberé la guía de péptidos que deberías leer"	peptides	"2025-11-29 15:22:27"	"2025-12-30 15:46:43"	111	844	23	11	1	1	27	looksmax.org		0	dosing/PED|sourcing
/d/66221-guia-ultimate-de-looksmaxxing-tbh	66221	"Guía Ultimate de Looksmaxxing tbh"	looksmaxing	"2020-06-09 20:52:45"	"2020-06-10 17:00:47"	171	651	15	15	1	1	3	looksmax.org		0	dosing/PED
/d/66247-guia-para-deshincharse	66247	"Guía para deshincharse"	looksmaxing	"2025-11-29 17:03:48"	"2026-02-15 18:41:24"	437	1683	7	3	0	0	0	looksmax.org		0	
/d/66254-ejercicios-faciales-copecels-entren-aqui	66254	"\"Ejercicios\" Faciales Copecels ENTREN AQUÍ"	softmaxing	"2020-06-08 14:10:05"	"2020-11-28 02:19:55"	482	514	4	5	1	1	26	looksmax.org		0	
/d/66319-hazte-revisar-los-niveles-de-estrogeno-y-testosterona	66319	"Hazte revisar los niveles de estrógeno y testosterona"	anabolicos	"2020-07-14 22:48:28"	"2020-07-15 15:02:39"	94	452	6	4	1	1	17	looksmax.org		0	dosing/PED
/d/66334-ciclo-de-crecimiento-capilar-y-perdida-de-cabello-todo-lo-que-necesitas-saber	66334	"Ciclo de Crecimiento Capilar y Pérdida de Cabello (Todo lo que Necesitas Saber)"	softmaxing	"2020-06-12 06:49:20"	"2020-06-17 18:05:11"	440	580	6	4	1	1	14	looksmax.org		0	dosing/PED
/d/66344-consigue-una-mandibula-de-adonis	66344	"Consigue una mandíbula de Adonis...."	hardmaxing	"2020-06-22 14:53:27"	"2020-06-22 21:23:13"	409	1253	15	14	1	1	63	looksmax.org		0	
/d/66352-arreglar-el-sudor-de-las-axilas	66352	"Arreglar el sudor de las axilas"	softmaxing	"2020-04-26 03:06:18"	"2020-04-26 03:31:15"	238	286	2	2	1	1	4	looksmax.org		0	dosing/PED
/d/66369-entrenamiento-optimo-de-cuello-20	66369	"Entrenamiento Óptimo de Cuello 2.0"	looksmaxing	"2020-06-16 20:03:08"	"2020-06-16 21:31:38"	151	533	18	12	1	1	34	looksmax.org		0	
/d/66459-sleepmaxxing	66459	Sleepmaxxing	softmaxing	"2020-08-05 13:23:46"	"2020-08-05 23:39:31"	419	1084	9	8	0	1	5	looksmax.org	C339	0	sourcing
/d/66624-como-arrasar-en-la-escuelaprepa	66624	"Cómo arrasar en la Escuela/Prepa"	looksmaxing	"2020-07-24 19:15:14"	"2020-07-28 10:09:14"	1336	2268	17	8	1	1	13	looksmax.org		0	
/d/66744-harto-de-cicatrices-de-acne-asi-que-aqui-esta-mi-plan-para-piel-clara-por-septiembre	66744	"Harto de cicatrices de acné, así que aquí está mi plan para piel clara por septiembre:"	softmaxing	"2020-07-27 11:37:21"	"2020-08-01 21:53:35"	77	322	7	5	0	1	2	looksmax.org		0	
/d/66772-rutina-de-entrenamiento-ideal-para-principiantes	66772	"Rutina de Entrenamiento Ideal para Principiantes"	looksmaxing	"2020-07-26 04:17:19"	"2023-11-13 18:38:56"	2081	6246	12	12	1	1	19	looksmax.org		0	dosing/PED
/d/66835-gym-maxx-con-20-30-usd-minimo	66835	"GYM MAXX CON 20-30$ USD MÍNIMO"	looksmaxing	"2020-07-29 02:11:05"	"2020-08-19 11:38:30"	282	467	8	8	1	1	4	looksmax.org		0	
/d/66840-esteroides-vs-cierre-de-placas-de-crecimiento-gtfih-pubermaxxers	66840	"Esteroides vs Cierre de Placas de Crecimiento GTFIH PUBERMAXXERS"	anabolicos	"2020-05-23 04:27:01"	"2020-05-31 22:25:25"	211	708	18	10	1	1	19	looksmax.org		0	dosing/PED
/d/66890-arregla-los-hombros-inclinados-minusvalia-enorme	66890	"Arregla los Hombros Inclinados (minusvalía enorme)"	softmaxing	"2020-06-23 19:08:10"	"2020-06-26 18:55:06"	83	190	7	6	1	1	8	looksmax.org		0	
/d/66959-mesocefalico-y-chamae-ortocranico-cualquier-otra-cosa-es-subhumano	66959	"Mesocefálico y chamae-/ortocránico. Cualquier otra cosa es subhumano."	looksmaxing	"2020-05-26 00:50:56"	"2023-04-04 20:17:08"	40	210	7	5	1	1	20	looksmax.org		0	
/d/67015-piel-impecable-para-tontos-como-tu	67015	"Piel impecable para tontos como tú"	softmaxing	"2020-05-16 03:27:20"	"2020-05-17 01:08:41"	121	338	9	7	0	0	0	looksmax.org		0	
/d/67020-la-rutina-de-skincare-mas-barata-y-efectiva-para-piel-seca-o-normal	67020	"La rutina de skincare más barata y efectiva (para piel seca o normal)"	softmaxing	"2020-07-02 23:47:38"	"2020-07-03 00:11:44"	585	681	12	6	1	1	42	looksmax.org		0	
/d/67060-como-localizar-la-parte-mas-prominente-de-tus-pomulos-es-decir-la-cigoma	67060	"Cómo localizar la parte más prominente de tus pómulos (es decir, la cigoma)"	looksmaxing	"2020-07-01 00:16:21"	"2020-07-01 01:23:18"	78	165	3	4	0	0	0	looksmax.org		0	
/d/67106-frame-maxxing-ponte-ancho	67106	"Frame maxxing - Ponte ANCHO"	looksmaxing	"2020-08-05 16:08:27"	"2020-08-05 16:20:30"	554	741	12	11	1	1	10	looksmax.org		0	dosing/PED
/d/67375-no-hagas-mewing-si-planeas-hacerte-mse	67375	"No hagas mewing si planeas hacerte MSE"	softmaxing	"2020-07-11 01:43:14"	"2022-08-16 21:31:31"	266	1115	10	11	1	1	7	looksmax.org		0	
/d/67455-guia-de-social-maxxing	67455	"Guía de Social Maxxing"	looksmaxing	"2020-08-19 20:54:07"	"2020-08-19 22:16:02"	179	278	12	5	1	1	16	looksmax.org		0	
/d/67537-la-rutina-de-lavado-de-cabello-mas-efectiva-y-simple	67537	"La rutina de lavado de cabello más efectiva y simple"	softmaxing	"2020-05-26 00:42:27"	"2020-06-01 15:43:18"	215	920	8	5	0	0	0	looksmax.org		0	
/d/67689-framemaxxing-101-o-por-que-nunca-mogearas	67689	"Framemaxxing 101 o Por Qué Nunca Mogearás"	looksmaxing	"2020-07-03 12:57:51"	"2020-07-05 09:44:08"	142	416	12	7	1	1	16	looksmax.org		0	dosing/PED
