url,title,source,disposition
/d/10008-por-que-no-deberias-masturbarte-razones-cientificas,Por qué no deberías masturbarte [RAZONES CIENTÍFICAS],looksmax.org,CONSOLIDATE
/d/10018-la-inclinacion-pelvica-esta-arruinando-tu-estetica-aqui-te-digo-como-arreglarla,LA INCLINACIÓN PÉLVICA ESTÁ ARRUINANDO TU ESTÉTICA. AQUÍ TE DIGO CÓMO ARREGLARLA.,looksmax.org,REWRITE
/d/10036-como-tener-una-mandibula-de-chad-en-4-meses-y-pasar-de-310-710,Cómo tener una mandíbula de chad en 4 meses y pasar de 3/10 -> 7/10,looksmax.org,REWRITE
/d/10048-un-serum-de-vitamina-c-que-es-mejor-que-el-ce-ferulic-de-skinceuticals,Un Sérum de Vitamina C que es MEJOR que el CE Ferulic de SkinCeuticals,looksmax.org,REWRITE
/d/10064-mi-guia-de-vello-facial,MI GUÍA DE VELLO FACIAL,looksmax.org,REWRITE
/d/10078-looksmaxea-ya-o-cuelga-la-soga-guia-suicida-para-curries,LOOKSMAXEA YA O CUELGA LA SOGA: GUÍA SUICIDA PARA CURRIES,looksmax.org,REMOVE_URGENT
/d/10084-acabando-con-el-cope-de-la-mandibula-de-una-vez-por-todas,Acabando con el cope de la mandíbula de una vez por todas,looksmax.org,REWRITE
/d/1010-guia-de-ensanchamiento-bucal,Guía de ensanchamiento bucal,looksmax.org,REWRITE
/d/10100-guia-esencial-de-coolguymaxxing-nerds-venganse-para-aca,Guía Esencial de CoolGuyMaxxing ( Nerds Vénganse Para Acá ),looksmax.org,REWRITE
/d/10106-la-depresion-no-es-un-desequilibrio-en-la-quimica-del-cerebro-sino-un-desequilibrio-en-tu-microbiota-intestinal-y-como-arreglarlo,La depresión no es un desequilibrio en la química del cerebro; sino un desequilibrio en tu microbiota intestinal (y cómo arreglarlo),looksmax.org,REMOVE_URGENT
/d/10107-checklist-de-vida-social-basica-para-slayers,Checklist de vida social básica para slayers,looksmax.org,REWRITE
/d/10142-guia-para-que-los-blancos-envejezcan-como-un-asiatico,guía para que los blancos envejezcan como un asiático,looksmax.org,REMOVE_URGENT
/d/10148-tienes-demasiado-dinero-y-quieres-statusmaxxear-prmaxxing,¿Tienes demasiado dinero y quieres statusmaxxear? (PRMaxxing),looksmax.org,REWRITE
/d/10152-como-medir-la-altura-desmontando-a-los-fraudulentos-de-altura,CÓMO MEDIR LA ALTURA (DESMONTANDO A LOS FRAUDULENTOS DE ALTURA),looksmax.org,REWRITE
/d/10160-autistas-del-coloridosubtonos-venganse-para-aca-cuales-de-los-siguientes-coloridossubtonos-conviene-tener,AUTISTAS DEL COLORIDO/SUBTONOS VÉNGANSE PARA ACÁ: ¿Cuáles de los siguientes coloridos/subtonos conviene tener?,looksmax.org,REWRITE
/d/10191-estableci-un-nuevo-ratio-y-medidas-para-pulir-remodelar-y-mejorar-dramaticamente-las-cejas-en-hombres-mi-analisis,Establecí un nuevo ratio y medidas para pulir; remodelar y mejorar dramáticamente las cejas en hombres (mi análisis),looksmax.org,REWRITE
/d/10229-crea-el-tuyo-edicion-champu,Crea el tuyo (edición champú),looksmax.org,REWRITE
/d/10231-mejora-tu-desempeno-y-humor-con-sustancias-naturales-gtfih,Mejora tu DESEMPEÑO y HUMOR con sustancias naturales | (GTFIH),looksmax.org,REWRITE
/d/10232-lo-que-aprendi-despues-de-anos-de-looksmaxxing,LO QUE APRENDÍ DESPUÉS DE AÑOS DE LOOKSMAXXING,looksmax.org,REWRITE
/d/10240-la-escala-de-atractivo-con-fotos,La escala de atractivo; con fotos,looksmax.org,REWRITE
/d/10259-como-no-joder-tu-cuerpo-con-vitaminassupps-retard,Cómo no joder tu cuerpo con vitaminas/supps (retard),looksmax.org,REWRITE
/d/10262-mi-dieta-realista-de-mogger-cero-carbos-y-azucar,Mi dieta realista de mogger; cero carbos y azúcar.,looksmax.org,REMOVE_URGENT
/d/10281-lo-que-he-aprendido-sobre-la-respiracion-correcta-en-los-ultimos-anos-guia-definitiva,Lo que he aprendido sobre la Respiración Correcta en los últimos años (GUÍA DEFINITIVA),looksmax.org,REWRITE
/d/10289-guia-de-piel-limpia-cabello-magnifico-version-corta,Guía de piel limpia + cabello magnífico (versión corta),looksmax.org,REMOVE_URGENT
/d/10291-guia-definitiva-para-dientes-blancos-sin-ningun-efecto-secundario-gtfih-dientes-amarillos-cels,Guía definitiva para dientes blancos sin ningún efecto secundario (GTFIH dientes-amarillos-cels),looksmax.org,REWRITE
/d/10292-guia-de-ntmaxxing-para-ustedes-autistas,Guía de NTmaxxing para ustedes autistas,looksmax.org,REWRITE
/d/10293-guia-el-peinado-correcto-segun-tu-norwood,GUÍA- el peinado correcto según tu NORWOOD.,looksmax.org,REWRITE
/d/10294-sabe-que-tan-unatractivo-eres-pasos,SABE QUÉ TAN (UN)ATRACTIVO ERES + pasos,looksmax.org,REWRITE
/d/10326-mi-ultimo-y-definitivo-plan-para-cambiar-mi-cara-atractivo-belleza-salud-etc,Mi último y definitivo plan para cambiar mi cara (atractivo; belleza; salud; etc...),looksmax.org,REWRITE
/d/10343-no-desperdicies-tu-prime,No desperdicies tu prime,looksmax.org,REWRITE
/d/10353-guia-de-softmaxx-para-principiantes,Guía de Softmaxx para Principiantes,looksmax.org,REWRITE
/d/10397-las-cejas-son-mas-importantes-de-lo-que-se-cree-tanto-para-el-atractivo-facial-como-para-la-comunicacion-no-verbal,Las cejas son más importantes de lo que se cree; tanto para el atractivo facial como para la comunicación no verbal,looksmax.org,REWRITE
/d/10402-guia-definitiva-sobre-machiavellianmaxxing,Guía definitiva sobre Machiavellianmaxxing,looksmax.org,REWRITE
/d/10419-guia-de-psychopathmaxxxing,Guía de PsychopathMaxxxing,looksmax.org,REWRITE
/d/10431-guia-de-confidencemaxxxing-la-confianza-se-gana-no-se-finge,Guía de ConfidenceMaxxxing: La Confianza se GANA; no se FINGE,looksmax.org,REWRITE
/d/10434-nutricion-optima-para-un-looksmaxxer-la-mayoria-de-los-consejos-de-nutricion-aqui-son-basura-sera-demasiado-high-iq-para-la-mayoria-de-ustedes,Nutrición óptima para un Looksmaxxer. (la mayoría de los consejos de nutrición aquí son basura; SERÁ DEMASIADO HIGH IQ PARA LA MAYORÍA DE USTEDES),looksmax.org,REMOVE_URGENT
/d/1044-guia-la-solucion-a-la-caida-del-cabello-para-cualquiera-que-este-perdiendo-su-cabello,Guía: La solución a la caída del cabello - Para cualquiera que esté perdiendo su cabello,looksmax.org,REWRITE
/d/10461-test-definitivo-para-saber-si-estas-feo,Test definitivo para saber si estás feo,looksmax.org,REWRITE
/d/10486-la-disminucion-del-atractivo-a-medida-que-envejecemos-es-causada-en-parte-por-la-perdida-y-debilidad-osea-facial,La Disminución del Atractivo a Medida que Envejecemos Es Causada en Parte por la Pérdida y Debilidad Ósea Facial,looksmax.org,REMOVE_URGENT
/d/10487-como-tus-huesos-cambiaran-con-el-ejercicio-y-las-tecnicas-de-empuje-traccion-sobre-los-huesos-de-tu-cara-gtfih,Cómo tus huesos cambiarán con el ejercicio y las técnicas de empuje-tracción sobre los huesos de tu cara (GTFIH),looksmax.org,REWRITE
/d/10508-cuando-dejar-de-leanmaxxing-sin-matematicas,Cuándo dejar de leanmaxxing (sin matemáticas),looksmax.org,REWRITE
/d/10515-el-gran-reinicio-de-dopamina-como-recuperar-el-control-de-tu-vida,😱😱😱 El Gran Reinicio de Dopamina 😱😱😱 - Cómo recuperar el control de tu vida 🚀,looksmax.org,REMOVE_URGENT
/d/10566-que-es-la-clase-alta-y-como-tener-un-estilo-de-clase-alta-guia,¿Qué es la clase alta? Y cómo tener un estilo de clase alta [Guía],looksmax.org,REWRITE
/d/10572-como-ser-low-inhib-me-hace-ascender-charla-sobre-desinflamar,CÓMO SER LOW INHIB ME HACE ASCENDER + charla sobre desinflamar,looksmax.org,REWRITE
/d/10581-por-que-el-marco-es-todo-lo-que-importa-cuando-se-trata-del-fisico-ideal-mirada-femenina,Por qué el marco es todo lo que importa cuando se trata del físico ideal (mirada femenina),looksmax.org,REWRITE
/d/10584-guia-de-posturemaxxing-posturecels-gtfinh,Guía de posturemaxxing (Posturecels GTFINH),looksmax.org,REWRITE
/d/10595-guia-de-como-hacer-que-tu-novia-nunca-te-deje-aunque-chad-la-quiera,Guía De Cómo Hacer Que Tu Novia Nunca Te Deje (Aunque Chad La Quiera),looksmax.org,REMOVE_URGENT
/d/10604-como-reparar-el-pectus-excavatum-y-flare-de-costillas-la-mejor-guia-de-todo-internet,Cómo Reparar el Pectus Excavatum y Flare de Costillas: La Mejor Guía de Todo Internet,looksmax.org,REWRITE
/d/10605-guia-completa-sobre-los-sarms-mas-populares,Guía completa sobre los SARMs más populares,looksmax.org,REWRITE
/d/10607-niveles-de-heightmaxxing-y-que-esperar,Niveles de heightmaxxing y qué esperar,looksmax.org,REWRITE
/d/10631-una-guia-para-saber-tu-dificultad-de-ascensionpotencial-de-looksmaxing-donde-estas-tu-parado,Una guía para saber tu dificultad de ascensión/potencial de looksmaxing (¿Dónde estás TÚ parado?),looksmax.org,REWRITE
/d/10632-una-guia-sencilla-para-empezar-con-el-mms,Una guía sencilla para empezar con el MM&S,looksmax.org,REWRITE
/d/10668-oversize-slim-fit-lo-que-sea-guia-para-encontrar-ropa-que-te-quede-perfecta-tips-simples,Oversize; Slim Fit; Lo Que Sea - GUÍA PARA ENCONTRAR ROPA QUE TE QUEDE PERFECTA. TIPS SIMPLES,looksmax.org,REWRITE
/d/10669-como-pase-de-no-tener-vida-de-citas-a-ser-llamado-lindo-mi-estrategia,Cómo pasé de no tener vida de citas a ser llamado lindo. Mi estrategia,looksmax.org,REWRITE
/d/10670-starboymaxxing-preparate-para-2023-el-fin-de-todos-los-copers-prettyboy-masc-maesthetic,💎Starboymaxxing⭐ (Prepárate para 2023) - El fin de todos los copers prettyboy; masc; maesthetic,looksmax.org,REWRITE
/d/1068-como-frenar-y-revertir-el-proceso-de-envejecimiento,Cómo frenar (y revertir) el proceso de envejecimiento,looksmax.org,REMOVE_URGENT
/d/10691-guia-definitiva-para-hacer-framemaxxing-botb-pls,guía definitiva para hacer framemaxxing botb pls,looksmax.org,REMOVE_URGENT
/d/1072-mi-stack-de-longevidad-basado-en-ciencia-para-extender-tu-prime,Mi stack de longevidad basado en ciencia para extender tu prime,looksmax.org,REWRITE
/d/10740-actualizado-como-conseguir-fotos-ilimitadas-de-alta-calidad-de-ti-mismo,Actualizado Cómo Conseguir Fotos Ilimitadas de Alta Calidad de Ti Mismo,looksmax.org,REWRITE
/d/10742-guia-para-conocer-stacies-en-la-prepa-y-la-universidad,Guía para CONOCER Stacies en la prepa y la universidad,looksmax.org,REWRITE
/d/10746-la-jerarquia-de-la-estetica-una-lectura-obligatoria,La Jerarquía De La Estética (¡Una Lectura Obligatoria!),looksmax.org,REWRITE
/d/10747-como-detener-y-combatir-la-perdida-de-cabello-el-pilar-principal-del-looksmaxing,CÓMO DETENER Y COMBATIR LA PÉRDIDA DE CABELLO: El Pilar Principal del Looksmaxing,looksmax.org,REWRITE
/d/10793-guia-definitiva-de-chewing-2022,Guía Definitiva de Chewing [2022],looksmax.org,REWRITE
/d/10794-como-arreglar-tu-postura-retrasada-101,Cómo arreglar tu postura retrasada 101,looksmax.org,REWRITE
/d/10815-como-crecer-como-un-hongo-salvaje-el-mejor-stack-de-potenciadores-de-rendimiento-de-todos-los-tiempos,CÓMO CRECER COMO UN HONGO SALVAJE - EL MEJOR STACK DE POTENCIADORES DE RENDIMIENTO DE TODOS LOS TIEMPOS,looksmax.org,REWRITE
/d/1093-las-cejas-gruesas-son-un-meme,Las cejas GRUESAS SON UN MEME,looksmax.org,REWRITE
/d/10947-nichemaxxing-emoeboy,Nichemaxxing Emo/Eboy,looksmax.org,REWRITE
/d/10963-como-pase-de-tener-la-piel-llena-de-granos-a-radiante-en-un-mes,Cómo pasé de tener la piel LLENA DE GRANOS a RADIANTE en un mes.,looksmax.org,REWRITE
/d/10982-air-force-1-y-lifts-resultados-del-mundo-real,Air force 1 y Lifts - resultados del mundo real,looksmax.org,REWRITE
/d/10996-jfl-si-te-banas-con-jabon,Jfl si te bañas con jabón,looksmax.org,REWRITE
/d/11012-voy-a-empezar-a-ultradosarme-de-vitamina-a-ultimo-recurso-contra-el-acne,Voy a empezar a ultradosarme de vitamina A (último recurso contra el acné),looksmax.org,REWRITE
/d/11023-clasificacion-de-productos-the-ordinary,Clasificación de productos The Ordinary,looksmax.org,REWRITE
/d/11028-everyday-bro-ppl-la-mejor-rutina-de-gymmaxing,Everyday Bro-PPL. La mejor rutina de gymmaxing.,looksmax.org,REWRITE
/d/11056-la-guia-de-tinder-de-hamza,La guía de Tinder de Hamza,looksmax.org,REWRITE
/d/1106-el-ciclo-de-randle-posible-respuesta-a-problemas-hormonales-problemas-de-piel-problemas-de-animo,El Ciclo de Randle - Posible respuesta a Problemas Hormonales; Problemas de Piel; Problemas de Ánimo; ...,looksmax.org,REMOVE_URGENT
/d/11072-guia-de-stylemaxxing-para-dummies-101,Guía de Stylemaxxing - Para Dummies 101,looksmax.org,REWRITE
/d/11140-top-5-caracteristicas-incel-si-tienes-cualquiera-de-estos-rasgos-nunca-tendras-exito,Top 5 características incel. Si tienes cualquiera de estos rasgos nunca tendrás éxito.,looksmax.org,REWRITE
/d/11159-guia-para-llegar-al-menos-a-htn-todocel-gtfih-alto-esfuerzo,Guía para llegar al menos a htn (¡¡¡¡¡¡¡¡¡¡¡¡ todocel gtfih!) [ALTO ESFUERZO],looksmax.org,REMOVE_URGENT
/d/11188-como-ascendi-desde-el-inceldom,Cómo ascendí desde el inceldom,looksmax.org,REWRITE
/d/11200-como-ascender-siendo-adolescente-de-3-psl-a-6-psl-gtfih-todos,Cómo ascender siendo adolescente de 3 psl a 6 psl. GTFIH todos.,looksmax.org,REMOVE_URGENT
/d/11264-neurogenesis-y-por-que-no-puedes-ensenarle-trucos-nuevos-a-un-perro-viejo-como-potenciar-quimicamente-tu-cognicion-de-verdad,Neurogénesis y por qué no puedes enseñarle trucos nuevos a un perro viejo; cómo potenciar químicamente tu cognición de verdad,looksmax.org,REWRITE
/d/11266-como-hacer-que-una-chica-se-sienta-como-mierda-dark-triad-maxxers-gtfih,Cómo hacer que una chica se sienta como MIERDA (Dark triad maxxers GTFIH),looksmax.org,REWRITE
/d/11274-guia-de-leanmaxing-sin-esfuerzo,Guía de leanmaxing sin esfuerzo,looksmax.org,REMOVE_URGENT
/d/11279-conviertete-en-un-introvertido-seguro-de-si-mismo,¡CONVIÉRTETE EN UN INTROVERTIDO SEGURO DE SÍ MISMO !,looksmax.org,REWRITE
/d/1129-mi-guia-de-expansion-maxilar-mediante-softmaxxing-depthcels-gtfih,Mi guía de expansión maxilar mediante softmaxxing (depthcels GTFIH),looksmax.org,REWRITE
/d/1131-como-construir-hueso-facial-guia-sobre-el-crecimiento-craneofacial-hacia-adelante-y-la-remodelacion-osea-mi-hipotesis,Cómo construir hueso facial; guía sobre el crecimiento craneofacial hacia adelante y la remodelación ósea. Mi hipótesis.,looksmax.org,REMOVE_URGENT
/d/1132-guia-de-geomaxxing-en-mena-parte-1-madztn-marruecos-argelia-tunez,Guía de geomaxxing en MENA parte 1: 🇲🇦🇩🇿🇹🇳 (Marruecos; Argelia; Túnez),looksmax.org,REWRITE
/d/11322-mi-guia-completa-de-ciclo-de-trembolona-y-clembuterol,Mi guía completa de ciclo de trembolona y clembuterol,looksmax.org,REWRITE
/d/11326-alzas-de-calcetin-sock-lifts-aumento-de-estatura-facil-actualizacion,Alzas de calcetín (Sock lifts) ¡AUMENTO DE ESTATURA FÁCIL! actualización,looksmax.org,REWRITE
/d/1133-la-proyeccion-del-maxilar-superior-es-la-clave-de-la-estetica,La proyección del MAXILAR SUPERIOR es la clave de la estética,looksmax.org,REWRITE
/d/11330-aqui-esta-como-conseguir-un-pene-enorme,Aquí está cómo conseguir un pene enorme,looksmax.org,REWRITE
/d/11355-tips-utiles-para-leanmaxxing,Tips útiles para leanmaxxing,looksmax.org,REWRITE
/d/11357-estudio-meta-de-gazemaxxing,Estudio meta de gazemaxxing,looksmax.org,REWRITE
/d/11378-la-vida-sin-testosterona-no-vale-la-pena,La vida sin testosterona no vale la pena,looksmax.org,REWRITE
/d/11405-formula-herbal-asiatica-secreta-ht042-para-heightmaxxing,Fórmula Herbal Asiática Secreta HT042 para Heightmaxxing,looksmax.org,REMOVE_URGENT
/d/11427-guia-de-entrenamiento-de-antebrazos,Guía de entrenamiento de antebrazos,looksmax.org,REWRITE
/d/11446-forma-facil-de-coger-mucho-sin-prostitutas,Forma fácil de coger mucho (Sin prostitutas),looksmax.org,REWRITE
/d/1147-maximizando-el-tamano-del-pito,Maximizando el tamaño del pito,looksmax.org,REWRITE
/d/11488-livagen-bioregulador-para-una-expresion-genica-juvenil-mini-guia,Livagen: Bioregulador para una Expresión Génica Juvenil (Mini-Guía),looksmax.org,REWRITE
/d/11489-folistatina-un-inhibidor-de-miostatina-para-acelerar-el-crecimiento-muscular-mini-guia,Folistatina: Un Inhibidor de Miostatina Para Acelerar el Crecimiento Muscular (Mini-Guía),looksmax.org,REWRITE
/d/11502-solucion-real-para-la-testosterona-baja-y-otros-problemas-de-salud,Solución real para la testosterona baja (y otros problemas de salud),looksmax.org,REMOVE_URGENT
/d/11503-como-ser-extremadamente-carismatico-las-viejas-te-van-a-venerar,Cómo ser extremadamente carismático (las viejas te van a venerar),looksmax.org,REWRITE
/d/11513-tecnica-como-ligar-chicas-de-clase,Técnica: Cómo ligar chicas de clase,looksmax.org,REWRITE
/d/11526-guia-de-fuerza-de-agarre,Guía de fuerza de agarre,looksmax.org,REMOVE_URGENT
/d/11573-como-mejorar-tu-sueno,Cómo mejorar tu sueño,looksmax.org,REWRITE
/d/1158-drogas-prosociales-una-guia-para-usar-sustancias-para-subir-la-escalera-social,Drogas prosociales: una guía para usar sustancias para subir la escalera social,looksmax.org,REWRITE
/d/11581-la-version-mas-ntnon-nt-de-todo-lo-que-te-podrias-estar-preguntando-gtfih,La versión más NT/non-NT de todo lo que te podrías estar preguntando (¡GTFIH!),looksmax.org,REWRITE
/d/11582-los-9-tiers-del-ratio-de-midface,Los 9 tiers del ratio de midface,looksmax.org,REWRITE
/d/11583-los-9-tiers-de-ipd-masculino-basados-en-estadisticas,Los 9 tiers de IPD masculino ( basados en estadísticas ),looksmax.org,REMOVE_URGENT
/d/11595-como-medir-el-pene-correctamente,Cómo medir el pene correctamente,looksmax.org,REWRITE
/d/11626-notas-sobre-el-comportamiento-de-la-mujer-y-los-errores-tipicos-del-hombre,NOTAS SOBRE EL COMPORTAMIENTO DE LA MUJER Y LOS ERRORES TÍPICOS DEL HOMBRE,looksmax.org,REWRITE
/d/11644-2023-lista-completa-de-rasgos-faciales-slayerchadimpactantes-y-como-conseguirlos,2023: Lista completa de rasgos faciales SLAYER/CHAD/IMPACTANTES (¡y cómo conseguirlos!),looksmax.org,REWRITE
/d/11656-guia-de-ascension-de-softmaxxing,GUÍA DE ASCENSIÓN DE SOFTMAXXING,looksmax.org,REWRITE
/d/11694-la-tretinoina-funciona,La Tretinoína FUNCIONA,looksmax.org,REMOVE_URGENT
/d/11696-solo-3-formas-legit-para-deepvoicemaxxing-el-resto-es-todo-cope,Solo 3 formas legit para deepvoicemaxxing (el resto es todo cope),looksmax.org,REWRITE
/d/11707-califica-rutina-simple-de-entrenamiento-para-widthsthetics,Califica rutina simple de entrenamiento para widthsthetics,looksmax.org,REWRITE
/d/11708-la-rutina-de-entrenamiento-minimalist-mogger-basada-en-la-estetica-visualizada,La rutina de entrenamiento “Minimalist Mogger” basada en la estética. Visualizada.,looksmax.org,REWRITE
/d/11710-si-o-no-cabello-largo-en-hombres,SI O NO cabello largo en hombres,looksmax.org,REWRITE
/d/11722-clubmaxxing-una-guia,Clubmaxxing una guía,looksmax.org,REWRITE
/d/11726-meatpulling-por-que-nunca-deberias-cortar-carne-si-quieres-maximizar-tu-desarrollo-oseo-facial,Meatpulling | Por qué nunca deberías cortar carne si quieres maximizar tu desarrollo óseo facial,looksmax.org,REWRITE
/d/11728-cuencas-oculares-mas-estrechas-que-las-crestas-frontales-orbitas-de-mierda,Cuencas Oculares Más Estrechas Que las Crestas Frontales = Órbitas de Mierda,looksmax.org,REWRITE
/d/1173-como-logre-un-fisico-chad-de-forma-natural-mi-rutina-de-ejercicio-detallada,Cómo logré un físico Chad de forma natural (mi rutina de ejercicio detallada),looksmax.org,REWRITE
/d/11772-el-curso-de-optimizacion-hormonal-estetico-primal-es-pura-basura-y-un-puto-engano,El curso de optimización hormonal estético primal es pura basura y un puto engaño !!,looksmax.org,REMOVE_URGENT
/d/11795-como-no-ser-un-tonto-tamanos-de-pene,Cómo no ser un tonto. Tamaños de pene,looksmax.org,REMOVE_URGENT
/d/1182-reduccion-del-tamano-de-la-nariz-via-softmaxing-o-por-que-quiza-no-necesites-una-rino,Reducción del tamaño de la nariz vía Softmaxing; o Por qué quizá NO necesites una Rino,looksmax.org,REWRITE
/d/11836-mi-guia-que-escribi-como-notas-antes-sobre-la-dieta-ray-peat,mi guía que escribí como notas antes sobre la dieta ray peat,looksmax.org,REWRITE
/d/11838-como-conseguir-una-mandibula-concava-como-timothee-chalamet-jeremy-meeks-o-connor-murphy,Cómo conseguir una mandíbula cóncava como Timothée Chalamet; Jeremy Meeks o Connor Murphy,looksmax.org,REWRITE
/d/11844-el-mejor-programa-de-hit-para-un-fisico-moggeador,El mejor programa de H.I.T para un físico moggeador,looksmax.org,REWRITE
/d/11849-calculadora-de-smv-rapida-y-sencilla,Calculadora de SMV rápida y sencilla,looksmax.org,REWRITE
/d/1185-como-hacer-un-aparato-face-puller-para-el-face-puller-o-face-bow-de-at-copeandrope,Cómo hacer un aparato Face Puller para el Face Puller o Face Bow de @CopeAndRope,looksmax.org,REMOVE_URGENT
/d/11854-todos-deberiamos-usar-esteroides-aqui-te-digo-por-que,Todos deberíamos usar esteroides (aquí te digo por qué),looksmax.org,REWRITE
/d/11855-el-papel-del-calcio-vitamina-d3-y-vitamina-k2-en-maximizar-el-crecimiento-de-la-altura,El Papel del Calcio; Vitamina D3 y Vitamina K2 en Maximizar el Crecimiento de la Altura,looksmax.org,REWRITE
/d/11861-guia-de-entrenamientogymmaxing-nutricion-enfocada-en-estetica-para-mejorar-la-atraccion,Guía de Entrenamiento/Gymmaxing & Nutrición Enfocada en Estética para Mejorar la Atracción,looksmax.org,REWRITE
/d/11874-sclera-maxxing-como-blanqueariluminar-los-blancos-de-los-ojos,Sclera-maxxing. Cómo blanquear/iluminar los blancos de los ojos.,looksmax.org,REWRITE
/d/11876-gtfih-si-estas-haciendo-framemaxxing,GTFIH SI ESTÁS HACIENDO FRAMEMAXXING,looksmax.org,REWRITE
/d/11902-como-triunfar-en-tinder-si-no-tienes-buenas-fotos,Cómo triunfar en Tinder si no tienes buenas fotos,looksmax.org,REWRITE
/d/11904-lookism-clasico-archivado-como-hacer-medmax-guia-completa-nerdics-gtfih-por-idealmaxilla,[Lookism-Clásico Archivado] Cómo hacer Medmax - Guía completa (Nerdics GTFIH) por IdealMaxilla,looksmax.org,REMOVE_URGENT
/d/11907-guia-definitiva-de-aumento-de-altura-botb,guía definitiva de aumento de altura BOTB,looksmax.org,REWRITE
/d/1191-guia-completa-de-la-dieta-primal,Guía completa de la dieta primal,looksmax.org,REWRITE
/d/11923-curar-ginecomastia-raloxifene-cabergoline-exemestane,[CURAR GINECOMASTIA] raloxifene + cabergoline + exemestane,looksmax.org,REWRITE
/d/11930-explicando-la-importancia-del-amor-en-la-adolescencia-copecels-no-hagan-clic,Explicando la Importancia del Amor en la Adolescencia (Copecels no hagan clic),looksmax.org,REMOVE_URGENT
/d/1194-como-blanquear-tu-piel-la-guia-oficial-la-verdad-sobre-el-blanqueamiento-de-piel,Cómo blanquear tu piel; la guía oficial (la verdad sobre el blanqueamiento de piel),looksmax.org,REWRITE
/d/11953-neandertal-vs-cromanon-diferencias-fisicas-y-como-saber-si-tienes-rasgos-neandertales-lista-detallada-incluida-algo-de-teoria,Neandertal vs. Cromañón: diferencias físicas y cómo saber si tienes rasgos neandertales (lista detallada incluida + algo de teoría),looksmax.org,REWRITE
/d/12011-guia-oficial-de-tips-e-ideas-de-shitmaxxing,Guía oficial de tips e ideas de shitmaxxing,looksmax.org,REMOVE_URGENT
/d/12021-no-puedes-construir-musculo-haciendo-hipertrofia-siendo-natural,No puedes construir músculo haciendo hipertrofia siendo natural,looksmax.org,REWRITE
/d/12024-la-guia-definitiva-de-breeding,la guía definitiva de breeding,looksmax.org,REWRITE
/d/12037-hilo-como-hacer-que-tu-perfume-dure-por-horas,(HILO) CÓMO HACER QUE TU PERFUME DURE POR HORAS 🌬,looksmax.org,REWRITE
/d/12049-glosario-de-los-tercios-superior-medio-e-inferior-de-la-cara,Glosario de los Tercios Superior; Medio e Inferior de la Cara,looksmax.org,REWRITE
/d/12067-gua-sha-de-jade-como-conseguir-una-cara-mas-marcada-bloatcels-metanse-aqui,Gua Sha de Jade - Cómo conseguir una cara más marcada (bloatcels métanse aquí),looksmax.org,REWRITE
/d/12080-guia-para-parecer-nt,Guía para parecer NT,looksmax.org,REWRITE
/d/1209-guia-para-lograr-piel-de-nivel-modelo,Guía para lograr piel de nivel modelo,looksmax.org,REWRITE
/d/12094-los-rastas-son-clave-para-la-ascension-hombres-negros,Los rastas son clave para la ascensión (HOMBRES NEGROS),looksmax.org,REWRITE
/d/12102-entrenamiento-ppl-de-alta-frecuencia-2-programas,Entrenamiento PPL de Alta Frecuencia (2 Programas),looksmax.org,REWRITE
/d/12114-mi-stack-de-crecimiento-muy-completo-sin-peptidos,MI STACK DE CRECIMIENTO MUY COMPLETO SIN PÉPTIDOS,looksmax.org,REWRITE
/d/12117-maximizar-hgh-natural-de-verdad-la-unica-mejor-forma-de-hacerlo,Maximizar HGH natural de verdad. La única mejor forma de hacerlo,looksmax.org,REMOVE_URGENT
/d/12121-rutina-de-chad,Rutina de Chad,looksmax.org,REWRITE
/d/12154-masticar-para-un-ramus-mas-alto-si-es-menor-de-25,Masticar para un ramus más alto (si es menor de 25),looksmax.org,REWRITE
/d/12184-como-convertirte-en-un-chico-anime-muzzle-maxxing,CÓMO CONVERTIRTE EN UN CHICO ANIME (MUZZLE MAXXING),looksmax.org,REWRITE
/d/12201-como-triunfar-en-el-antro-un-metodo-a-prueba-de-autismo,CÓMO TRIUNFAR EN EL ANTRO - UN MÉTODO A PRUEBA DE AUTISMO,looksmax.org,REWRITE
/d/12204-como-hacer-un-glow-up-dorado-para-el-verano,Cómo hacer un glow up dorado para el Verano,looksmax.org,REWRITE
/d/12212-como-hice-crecer-mi-dedo-mas-largo-handcels-gtfih,Cómo hice crecer mi dedo más largo (HANDCELS GTFIH),looksmax.org,REWRITE
/d/12219-maquillaje-para-hombres-la-mejor-forma-de-fraudear-como-hacerlo,Maquillaje para hombres; la mejor forma de fraudear; ¿cómo hacerlo?,looksmax.org,REWRITE
/d/12239-por-que-los-pantalones-cargo-son-imprescindibles-en-2023,Por qué los pantalones cargo son imprescindibles en 2023,looksmax.org,REWRITE
/d/12258-hilo-de-nosemaxxing,HILO DE NOSEMAXXING 👃,looksmax.org,REMOVE_URGENT
/d/1226-guia-cientifica-completa-de-whitemaxxing-para-quitar-el-bronceado-y-aclararblanquear-la-piel-para-curriesblackies-toda-la-informacion-vital-que-necesitas,Guía científica completa de whitemaxxing para quitar el bronceado y aclarar/blanquear la piel para curries/blackies (toda la información vital que necesitas),looksmax.org,REWRITE
/d/12269-guia-de-cejaspestanas-ideales-tematica-de-breaking-bad,guía de cejas/pestañas ideales (TEMÁTICA DE BREAKING BAD),looksmax.org,REWRITE
/d/12297-looksmax-subestimado-posicion-para-dormir,Looksmax subestimado (POSICIÓN PARA DORMIR),looksmax.org,REWRITE
/d/12301-espejo-espejo-en-la-pared-como-te-ves-realmente-para-otras-personas,Espejo espejo en la pared (cómo te ves realmente para otras personas),looksmax.org,REWRITE
/d/12308-guia-definitiva-de-looksmaxing-sin-boludez,Guía definitiva de looksmaxing (sin boludez),looksmax.org,REMOVE_URGENT
/d/1232-la-biblia-de-los-pomulos-hundidos-y-la-curva-ogee-deshinchate-y-consigue-la-cara-mas-delgada-del-mundo-con-esta-guia-completa-de-estetica-craneofacial,La Biblia de los Pómulos Hundidos y la Curva Ogee: Deshinchate y consigue la cara más delgada del mundo con esta guía completa de estética craneofacial,looksmax.org,REWRITE
/d/12360-unimaxxing-una-guia,Unimaxxing: Una Guía,looksmax.org,REWRITE
/d/12368-como-tener-una-nariz-recta-y-respingada-de-forma-natural-y-permanente-sin-cirugia,Cómo tener una nariz recta y respingada de forma natural y permanente (sin cirugía),looksmax.org,REWRITE
/d/12375-el-gymmaxxing-no-importa-una-mierda-si-no-estas-entrenando-el-cuello,El gymmaxxing no importa una mierda si no estás entrenando el cuello,looksmax.org,REWRITE
/d/12387-aumentar-estatura,aumentar estatura,looksmax.org,REWRITE
/d/12414-11-formas-de-aumentar-la-hormona-del-crecimiento-gh-y-el-factor-de-crecimiento-similar-a-la-insulina-1-igf-1,11 formas de aumentar la Hormona del Crecimiento (GH) y el Factor de Crecimiento Similar a la Insulina 1 (IGF-1),looksmax.org,REWRITE
/d/12416-como-el-protector-bucal-hizo-que-mis-pomulos-y-mandibula-se-marcaran-mas,CÓMO EL PROTECTOR BUCAL HIZO QUE MIS POMULOS Y MANDIBULA SE MARCARAN MAS,looksmax.org,REWRITE
/d/12431-solo-necesitas-rinoplastia-en-estos-2-casos-de-lo-contrario-te-arruinara-la-cara,Solo necesitas rinoplastia en estos 2 casos; de lo contrario te arruinará la cara,looksmax.org,REWRITE
/d/12448-hilo-guia-de-darktriadmaxx,Hilo Guía de DarkTriadMaxx,looksmax.org,REWRITE
/d/12477-como-conseguir-hunter-eyes-permanentemente-sin-mamadas,Cómo conseguir Hunter Eyes permanentemente - Sin Mamadas,looksmax.org,REMOVE_URGENT
/d/12498-como-evitar-los-xenoestrogenos,¿Cómo evitar los xenoestrógenos?,looksmax.org,REMOVE_URGENT
/d/12509-pectus-excavatum-update-a-los-60-dias-de-la-cirugia-una-guia-para-quien-quiera-corregirselo,Pectus Excavatum; update a los 60 días de la cirugía: una guía para quien quiera corregírselo,looksmax.org,REWRITE
/d/12511-algunas-formas-de-hacer-el-ayuno-intermitente-mas-beneficioso-y-facil,Algunas formas de hacer el ayuno intermitente más beneficioso y fácil,looksmax.org,REMOVE_URGENT
/d/1256-introduccion-al-mayor-heightmaxx-jamas-descubierto-regeneracion-de-placas-de-crecimiento-mediante-factores-de-crecimiento-y-mscs,Introducción al mayor heightmaxx jamás descubierto: regeneración de placas de crecimiento mediante factores de crecimiento y MSCs,looksmax.org,REMOVE_URGENT
/d/12576-como-moggear-en-las-fotos,Cómo moggear en las fotos,looksmax.org,REWRITE
/d/1262-guia-definitiva-para-conseguir-mujeres-en-instagram,Guía definitiva para conseguir mujeres en Instagram,looksmax.org,REWRITE
/d/12657-los-mejores-y-peores-lugares-para-acercarte-a-una-chica,Los mejores y peores lugares para acercarte a una chica:,looksmax.org,REWRITE
/d/1267-como-alcanzar-6-placas-abiertas-o-no-microfracturacion-descompresion-crecimiento-natural-y-drogas,Cómo alcanzar 6'; placas abiertas o no (MICROFRACTURACIÓN; DESCOMPRESIÓN; CRECIMIENTO NATURAL y DROGAS),looksmax.org,REWRITE
/d/12673-calculadora-de-atractivo-que-de-verdad-tiene-sentido,Calculadora de atractivo (que de verdad tiene sentido),looksmax.org,REWRITE
/d/12679-guia-para-pestanas-y-cejas-moggeras,Guía para pestañas y cejas moggeras,looksmax.org,REWRITE
/d/1272-la-guia-definitiva-de-fragancias-y-feromonas,La Guía Definitiva de Fragancias y Feromonas,looksmax.org,REMOVE_URGENT
/d/12725-la-guia-definitiva-para-charismamaxxing-dominando-el-lenguaje-corporal-la-tonalidad-de-voz-y-el-humor,LA GUÍA DEFINITIVA PARA CHARISMAMAXXING: DOMINANDO EL LENGUAJE CORPORAL; LA TONALIDAD DE VOZ Y EL HUMOR,looksmax.org,REWRITE
/d/12729-como-hacer-que-tu-perfil-de-citas-sea-nt,Cómo hacer que tu perfil de citas sea NT,looksmax.org,REWRITE
/d/12756-la-manera-mas-rapida-de-crecer-tu-instagram-automaticamente-para-principiantes-guia-oficial-2023,La manera más rápida de crecer tu Instagram automáticamente (Para Principiantes) (Guía Oficial 2023),looksmax.org,REWRITE
/d/12763-clasificacion-de-formas-de-looksmaxxing-de-mas-util-a-inutil-ejemplos,Clasificación de formas de Looksmaxxing de más útil a inútil (Ejemplos),looksmax.org,REMOVE_URGENT
/d/12787-trucos-de-tinder-para-ligarte-milfs,Trucos de Tinder para ligarte MILFs,looksmax.org,REWRITE
/d/1281-lipovela-el-disolvente-de-grasa-todo-en-uno-moga-aqualyx-uc-es-mas-barato-que-ambos,LIPOVELA EL DISOLVENTE DE GRASA TODO EN UNO [Moga Aqualyx & UC] + es más barato que ambos,looksmax.org,REWRITE
/d/12816-guia-de-un-greycel-para-ser-mas-social-guia-13-volverse-popular,Guía de un Greycel para Ser Más Social (Guía 1/3 VOLVERSE POPULAR),looksmax.org,REWRITE
/d/12839-guia-completa-de-softmaxing,GUÍA COMPLETA DE SOFTMAXING,looksmax.org,REWRITE
/d/12857-guia-definitiva-de-softmaxing-nunca-antes-vista,GUÍA DEFINITIVA DE SOFTMAXING (NUNCA ANTES VISTA),looksmax.org,REMOVE_URGENT
/d/12872-la-guia-ultimate-de-lipmaxxing-mas-real,LA GUÍA ULTIMATE DE LIPMAXXING MÁS REAL,looksmax.org,REWRITE
/d/1288-la-biblia-del-sleepmaxxing-entiende-por-que-y-como-tener-el-mejor-descanso-nocturno-profundo-posible-con-esta-megaguia-de-sueno-llena-de-valor,La Biblia del Sleepmaxxing: entiende por qué y cómo tener el mejor descanso nocturno profundo posible con esta megaguía de sueño llena de valor,looksmax.org,REWRITE
/d/12892-manipulacion-de-musculos-faciales-ep1-aumentarreducir-el-filtrum,Manipulación de Músculos Faciales Ep.1: Aumentar/Reducir el filtrum,looksmax.org,REWRITE
/d/12906-guia-como-actuar-como-un-modelo-masculino-en-publico-comportamiento-potencialmente-turboaspie-incluido,GUÍA CÓMO ACTUAR COMO UN MODELO MASCULINO EN PÚBLICO - COMPORTAMIENTO POTENCIALMENTE TURBOASPIE INCLUIDO,looksmax.org,REWRITE
/d/12909-guia-de-colorimetria-entiende-la-colorimetria-ideal-y-maneras-de-mejorar-tu-colorimetria-remasterizado,Guía de Colorimetría: Entiende la Colorimetría Ideal y Maneras de Mejorar tu Colorimetría (Remasterizado),looksmax.org,REWRITE
/d/12912-hacer-catfish-como-una-gigastacy-con-el-sex-appeal-maxeado-mi-mini-guia-de-alto-iq-desde-experiencia-personal,hacer catfish como una gigastacy con el sex-appeal maxeado (mi mini guía; de ALTO IQ desde experiencia personal),looksmax.org,REWRITE
/d/12926-como-coger-una-guia-practica,Cómo Coger: una Guía Práctica,looksmax.org,REWRITE
/d/1293-como-salir-de-la-subhumanidad-por-klinefelter,Cómo salir de la subhumanidad por Klinefelter,looksmax.org,REWRITE
/d/12975-la-guia-definitiva-de-estilos-de-cabello,La Guía Definitiva de Estilos de Cabello,looksmax.org,REWRITE
/d/12978-la-unica-guia-de-cabello-que-vas-a-necesitar-en-tu-vida-garantizado,La única guía de Cabello que vas a necesitar en tu VIDA ( GARANTIZADO ),looksmax.org,REWRITE
/d/1298-guia-para-entender-comportamientos-percibidos-en-caras-heroicosegurobueno-vs-villanomisteriosomalo,Guía para Entender Comportamientos Percibidos en Caras - Heroico/Seguro/Bueno vs Villano/Misterioso/Malo,looksmax.org,REWRITE
/d/12985-aclarado-de-piel-un-enfoque-cientifico-para-lograr-los-resultados-deseados,Aclarado de piel: un enfoque científico para lograr los resultados deseados,looksmax.org,REWRITE
/d/12993-guia-roidmaxx-manten-tu-cabello,GUÍA ROIDMAXX MANTÉN TU CABELLO,looksmax.org,REMOVE_URGENT
/d/13013-tabla-de-altura-precisa,Tabla de altura precisa,looksmax.org,REWRITE
/d/13040-looksmax-subestimado-jewelrymaxxing,Looksmax subestimado (Jewelrymaxxing),looksmax.org,REWRITE
/d/13057-la-chinpill-y-el-perfil-lateral-hundido,La chinpill y el perfil lateral hundido,looksmax.org,REWRITE
/d/13060-como-hacer-framemaxx-legitimamente-guia-mega-thread,Cómo hacer Framemaxx Legítimamente Guía (MEGA THREAD),looksmax.org,REMOVE_URGENT
/d/13071-como-deshinchar-tu-cara-muy-rapido-guia-rapida,Cómo deshinchar tu cara muy rápido. (Guía Rápida),looksmax.org,REWRITE
/d/13075-el-mewing-es-legitimo-con-pruebas-puberty-cels-gtfih,EL MEWING ES LEGÍTIMO CON PRUEBAS (puberty cels gtfih),looksmax.org,REWRITE
/d/13096-la-guia-definitiva-de-tanmaxxing,¡La guía definitiva de TanMaxxing!,looksmax.org,REWRITE
/d/13112-looksmaxxing-en-el-gym-101-todo-lo-que-necesitas-saber-sobre-el-desarrollo-de-la-figura,LOOKSMAXXING EN EL GYM 101: TODO LO QUE NECESITAS SABER SOBRE EL DESARROLLO DE LA FIGURA,looksmax.org,REWRITE
/d/13117-2023-guia-mas-reciente-de-sarms,[2023] Guía más reciente de SARMs,looksmax.org,REWRITE
/d/13129-come-como-un-cavernicola-para-la-estetica-guia-de-dieta,Come como un CAVERNÍCOLA para la estética. ¡¡GUÍA DE DIETA!!,looksmax.org,REMOVE_URGENT
/d/13144-como-hacer-mewing-correctamente-la-mejor-guia-de-mewing-del-internet,Cómo hacer mewing correctamente | La mejor guía de mewing del internet,looksmax.org,REWRITE
/d/13168-la-unica-guia-de-cuidado-de-piel-que-jamas-necesitaras,La única guía de cuidado de piel que jamás necesitarás,looksmax.org,REWRITE
/d/13173-la-guia-definitiva-de-bronceado-para-un-tono-de-piel-mas-calido-y-deseable,La guía definitiva de bronceado para un tono de piel más cálido y deseable,looksmax.org,REWRITE
/d/13175-hardmaxxes-del-area-de-los-ojos-con-ejemplos,Hardmaxxes del área de los ojos (con ejemplos),looksmax.org,REWRITE
/d/13177-el-costo-de-arreglar-un-tercio-medio-largo-y-estrecho-es-200000,El costo de \arreglar\ un tercio medio largo y estrecho es 200.000$,looksmax.org,REWRITE
/d/13194-como-leanmaxxing-rapido-legit-debes-verlo,Cómo leanmaxxing rápido legit debes verlo,looksmax.org,REWRITE
/d/13202-guia-de-ropemaxxing-heightmaxxing,GUÍA DE ROPEMAXXING (HEIGHTMAXXING),looksmax.org,REMOVE_URGENT
/d/13214-consigue-ipl-para-una-piel-eternamente-perfecta,CONSIGUE IPL PARA UNA PIEL ETERNAMENTE PERFECTA,looksmax.org,REWRITE
/d/1323-la-guia-mas-avanzada-de-facepulling-me-tomo-1-ano-perfeccionarla-f1-facepulling,LA GUÍA MÁS AVANZADA DE FACEPULLING (ME TOMÓ 1 AÑO PERFECCIONARLA) F1 FACEPULLING,looksmax.org,REWRITE
/d/13232-como-usar-el-porno-para-ascender,Cómo usar el porno para ascender,looksmax.org,REWRITE
/d/13241-simples-cosas-que-hacer-y-no-hacer-en-los-mensajes,Simples cosas que hacer y no hacer en los mensajes,looksmax.org,REWRITE
/d/13244-alto-esfuerzo-guia-sobre-los-lunares-por-que-existen-y-como-prevenirlosquitarlos-looksmax-quirurgico-barato,(ALTO ESFUERZO) Guía sobre los lunares: por qué existen y cómo prevenirlos/quitarlos. Looksmax quirúrgico barato,looksmax.org,REWRITE
/d/13254-por-que-vitamina-d-y-magnesio-son-esenciales-y-los-has-estado-usando-mal,Por Qué Vitamina D y Magnesio son ESENCIALES y los has estado USANDO MAL,looksmax.org,REMOVE_URGENT
/d/13265-ntmaxxing-estrategias-para-parecer-mas-neurotipico-una-guia-completa,[NTMAXXING] Estrategias para Parecer Más Neurotípico: Una Guía Completa,looksmax.org,REWRITE
/d/1328-avance-de-cuero-cabelludo-la-unica-solucion-para-una-frente-grande,Avance de cuero cabelludo - La única solución para una frente grande,looksmax.org,REWRITE
/d/13282-una-revision-de-que-hace-que-una-cara-sea-femenina-y-que-no,Una revisión de qué hace que una cara sea femenina y qué no.,looksmax.org,REWRITE
/d/13286-nsfw-deja-tu-adiccion-a-la-pornografia-y-asciende-gtfih,[NSFW] DEJA TU ADICCIÓN A LA PORNOGRAFÍA Y ASCIENDE (GTFIH),looksmax.org,REWRITE
/d/13305-como-textear-a-las-mujeres-verdad-de-alto-iqblackpill,Cómo textear a las mujeres [Verdad de alto IQ+Blackpill],looksmax.org,REWRITE
/d/1331-la-guia-suprema-para-lipmaxing,LA GUÍA SUPREMA PARA LIPMAXING,looksmax.org,REWRITE
/d/13319-retinol-vs-tretinoina-guia-completa-y-comparacion,Retinol vs. Tretinoína | Guía completa y comparación,looksmax.org,REWRITE
/d/1333-elevando-el-hueso-hioides,Elevando el HUESO HIOIDES,looksmax.org,REWRITE
/d/13355-leanmaxxing-extremo-metodo-de-sangria,Leanmaxxing Extremo (Método de Sangría),looksmax.org,REWRITE
/d/13369-guia-definitiva-sin-mamadas-de-mejillas-hundidas-newcomers-gtfih,¡GUÍA DEFINITIVA SIN MAMADAS DE MEJILLAS HUNDIDAS! NEWCOMERS GTFIH,looksmax.org,REWRITE
/d/13378-la-mejor-forma-de-crecer-mas-alto-cualquier-edad-guia-para-nuevos,LA MEJOR FORMA DE CRECER MÁS ALTO (CUALQUIER EDAD; GUÍA PARA NUEVOS),looksmax.org,REWRITE
/d/13391-drenar-sangre-para-desintoxicar-tu-cuerpo,Drenar sangre para desintoxicar tu cuerpo,looksmax.org,REMOVE_URGENT
/d/13401-guia-de-bonesmashing,Guía de Bonesmashing,looksmax.org,REMOVE_URGENT
/d/13403-la-tretinoina-es-un-meme-mejor-dermarolea-2mm-y-exfolia-justo-despues,La tretinoína es un meme. Mejor dermarolea (2mm) y exfolia justo después,looksmax.org,REMOVE_URGENT
/d/13405-guia-de-universidades-de-eu-con-las-chicas-mas-facilesputas-y-mas-buenas-de-un-slayer-changlite-local,GUÍA DE UNIVERSIDADES DE E.U. CON LAS CHICAS MÁS FÁCILES/PUTAS Y MÁS BUENAS - DE UN SLAYER CHANGLITE LOCAL,looksmax.org,REMOVE_URGENT
/d/13407-2023-guia-secreta-de-hairmaxxing-por-arditi-miembros-nuevos-venganse-para-aca,[2023] GUÍA SECRETA DE HAIRMAXXING POR ARDITI (MIEMBROS NUEVOS VÉNGANSE PARA ACÁ),looksmax.org,REWRITE
/d/1343-guia-definitiva-para-maximizar-status,Guía DEFINITIVA para MAXIMIZAR STATUS,looksmax.org,REWRITE
/d/13455-guia-definitiva-como-volverte-low-inhib-usando-drogas-legales-mi-experiencia-y-consejos,Guía definitiva: cómo volverte low inhib usando drogas legales (mi experiencia y consejos),looksmax.org,REMOVE_URGENT
/d/13477-la-leche-y-las-hormonas,La leche y las hormonas,looksmax.org,REMOVE_URGENT
/d/13483-como-manipular-a-las-mujeres-usando-su-ciclo-menstrual-bien-facil,Cómo manipular a las mujeres usando su ciclo menstrual (bien fácil),looksmax.org,REWRITE
/d/13488-si-sufres-de-trastorno-de-atm-acufenos-y-dolor-nervioso-en-el-cuello-junto-con-sfs-lee-este-articulo,Si sufres de trastorno de ATM; acúfenos y dolor nervioso en el cuello junto con sfs lee este artículo,looksmax.org,REWRITE
/d/13501-recuerda-siempre-ocultar-tus-esfuerzos,Recuerda siempre ocultar tus esfuerzos,looksmax.org,REWRITE
/d/13508-testmaxx-definitivo-enfoques-poco-comunes-para-amplificar-niveles-de-t-gtfih-megahilo,TESTMAXX DEFINITIVO: Enfoques Poco Comunes para Amplificar Niveles de T (GTFIH) (megahilo),looksmax.org,REWRITE
/d/13510-edicion-fashionmaxxing-de-presupuesto-gtfih,EDICIÓN FASHIONMAXXING DE PRESUPUESTO! (GTFIH),looksmax.org,REWRITE
/d/13518-gymmax-actualizado,GYMMAX ACTUALIZADO,looksmax.org,REWRITE
/d/13527-como-edgarmaxxear-latinocels-gtfih,Cómo Edgarmaxxear (¡Latinocels GTFIH!),looksmax.org,REWRITE
/d/13558-metodo-natural-de-buen-sueno,Método natural de buen sueño,looksmax.org,REWRITE
/d/13577-guia-basica-para-trasplantes-de-cabello,Guía básica para trasplantes de cabello,looksmax.org,REWRITE
/d/13580-deepvoice-max-definitivo,DEEPVOICE MAX DEFINITIVO,looksmax.org,REWRITE
/d/13611-la-mejor-guia-de-softmaxxing,LA MEJOR GUÍA DE SOFTMAXXING,looksmax.org,REWRITE
/d/1362-extracciones-dentales-por-que-deberias-evitarlas-con-datos-presentados,EXTRACCIONES DENTALES: POR QUÉ DEBERÍAS EVITARLAS CON DATOS PRESENTADOS,looksmax.org,REWRITE
/d/13622-chat-gpt-confirma-el-bonesmashing,Chat GPT confirma el bonesmashing,looksmax.org,REMOVE_URGENT
/d/13624-aumenta-tu-testosterona-a-traves-de-este-plan-de-entrenamiento-basado-en-ciencia,AUMENTA TU TESTOSTERONA A TRAVÉS DE ESTE PLAN DE ENTRENAMIENTO BASADO EN CIENCIA,looksmax.org,REWRITE
/d/1363-crecimiento-anterior-101,Crecimiento anterior - 101 ⍟,looksmax.org,REWRITE
/d/13631-si-tienes-cabello-negro-natural-debes-aclararlo-a-castano-inmediatamente-ethnics-gtfih,¡Si tienes cabello negro natural; debes aclararlo a castaño INMEDIATAMENTE! (Ethnics GTFIH),looksmax.org,REMOVE_URGENT
/d/13664-miniguia-como-pasar-de-semi-hooded-a-fully-hooded-metodo-nunca-antes-mostrado,Miniguía: Cómo pasar de semi-hooded a fully hooded (método nunca antes mostrado),looksmax.org,REWRITE
/d/1370-guia-definitiva-sobre-carbohidratos-ciclo-de-randle-calorias-peso-y-ciencia-nutricional-por-que-los-humanos-son-carnivoros-hipercarnivoros-obligados-alto-qi,Guía definitiva sobre carbohidratos; Ciclo de Randle; calorías; peso y ciencia nutricional | Por qué los humanos son carnívoros hipercarnívoros obligados | Alto QI,looksmax.org,REWRITE
/d/1373-no-pierdas-tiempo-promoviendo-el-crecimiento-craniofacial-contra-reloj-en-la-adolescencia-tardia-tecnicas-naturales-y-evidencia-notas-laterales,(NO PIERDAS TIEMPO) Promoviendo el Crecimiento Craniofacial Contra-Reloj en la Adolescencia Tardía: Técnicas Naturales y Evidencia + Notas Laterales,looksmax.org,REMOVE_URGENT
/d/13731-guia-de-calistenia-con-rutinas-para-brokecels,Guía de calistenia con rutinas para brokecels,looksmax.org,REWRITE
/d/13752-el-metodo-del-ballooning-peneano-mina-de-oro-perdida-de-lookism-metanse-aqui,EL MÉTODO DEL BALLOONING PENEANO [MINA DE ORO PERDIDA DE LOOKISM MÉTANSE AQUÍ],looksmax.org,REWRITE
/d/13765-como-cambiar-tu-mandibula-por-completo-en-9-meses-softmaxx-con-fotos,CÓMO CAMBIAR TU MANDÍBULA POR COMPLETO EN 9 MESES SOFTMAXX (CON FOTOS),looksmax.org,REWRITE
/d/13770-como-ser-low-inhib-inhibcels-altos-metanse-aqui,CÓMO SER LOW INHIB (INHIBCELS ALTOS MÉTANSE AQUÍ),looksmax.org,REMOVE_URGENT
/d/13788-guia-para-la-buena-salud-healthmaxxing,Guía para la buena salud (Healthmaxxing),looksmax.org,REWRITE
/d/13794-por-esto-no-tienes-las-mejillas-hundidas,POR ESTO NO TIENES LAS MEJILLAS HUNDIDAS,looksmax.org,REWRITE
/d/13811-solucion-final-como-deshacerte-de-los-granitos-de-la-rasurada-para-siempre,SOLUCIÓN FINAL | CÓMO DESHACERTE DE LOS GRANITOS DE LA RASURADA PARA SIEMPRE,looksmax.org,REWRITE
/d/13836-deberiamos-aspirar-a-la-armonia-como-normie,Deberíamos aspirar a la Armonía ( Como Normie ),looksmax.org,REWRITE
/d/13851-disminuyendo-prolactina-aumentando-dopamina-naturalmente-high-inhibcells-gtfi,Disminuyendo Prolactina; Aumentando Dopamina NATURALMENTE (HIGH-INHIBCELLS GTFI),looksmax.org,REMOVE_URGENT
/d/13864-como-curar-el-autismo-mega-hilo-lee-o-eres-gay-botb,Cómo Curar el AUTISMO [MEGA HILO] LEE O ERES GAY [¿BOTB?],looksmax.org,REWRITE
/d/13866-guia-de-skinmaxxing-sin-mamadas-efectiva-simple-y-respaldada-por-la-ciencia,GUÍA DE SKINMAXXING SIN MAMADAS EFECTIVA SIMPLE Y RESPALDADA POR LA CIENCIA,looksmax.org,REWRITE
/d/13868-guia-definitiva-de-werewolfmaxxing,GUÍA DEFINITIVA DE WEREWOLFMAXXING,looksmax.org,REWRITE
/d/1387-consejo-sobre-sarms-de-un-coach-con-5-anos-de-experiencia,Consejo sobre SARMs de un coach con 5+ años de experiencia,looksmax.org,REWRITE
/d/13871-la-guia-de-3-pasos-de-mixedmogger-muy-simple-muy-facil-muy-efectiva-para-slayear-en-la-prepa,La guía de 3 pasos de mixedmogger; muy simple; muy fácil; muy efectiva para slayear en la prepa,looksmax.org,REWRITE
/d/13888-nuevo-peptido-cosmetico-para-colagenopiel-perfecta,[NUEVO] ¡PÉPTIDO COSMÉTICO! (PARA COLÁGENO/PIEL PERFECTA) 💊💉,looksmax.org,REWRITE
/d/13910-mejor-stack-para-heightmaxxing-cubriendo-todo,Mejor stack para heightmaxxing cubriendo todo.,looksmax.org,REWRITE
/d/13920-soluciones-de-softmaxxing-para-cara-de-caballocara-angosta,Soluciones de softmaxxing para cara de caballo/cara angosta,looksmax.org,REWRITE
/d/13922-la-proyeccion-maxilar-superior-es-la-clave-de-la-estetica,La proyección maxilar SUPERIOR es la clave de la estética,looksmax.org,REWRITE
/d/13926-guia-de-scleramaxxing-de-dannydipss,Guía de SCLERAMAXXING de dannydipss,looksmax.org,REWRITE
/d/1395-como-ligar-siendo-adolescente-guia-de-instagram-maxxing,CÓMO LIGAR SIENDO ADOLESCENTE {GUÍA DE INSTAGRAM MAXXING},looksmax.org,REWRITE
/d/13979-regimen-de-softmaxx-que-me-ascendio-de-mejor-amigo-a-novio,Régimen de softmaxx que me ascendió de mejor amigo a novio.,looksmax.org,REWRITE
/d/1398-guia-de-looksmaxxing-de-cabello-cabello-bueno-equivale-a-vida-buena,Guía de Looksmaxxing de Cabello: Cabello Bueno EQUIVALE a Vida Buena,looksmax.org,REMOVE_URGENT
/d/13981-como-conseguir-fotos-desnudas-de-chicas,Cómo conseguir fotos desnudas de chicas,looksmax.org,REWRITE
/d/13992-el-tipo-de-cuerpo-masculino-ideal-segun-las-mujeresbonytobeastly,EL TIPO DE CUERPO MASCULINO IDEAL SEGÚN LAS MUJERES(bonytobeastly),looksmax.org,REWRITE
/d/14018-como-aprovechar-mse-y-face-mask,Cómo aprovechar MSE y Face Mask,looksmax.org,REMOVE_URGENT
/d/14028-referencia-rapida-de-sarms-para-gymcels-novatos-retrasados,Referencia rápida de SARMs para gymcels novatos retrasados,looksmax.org,REMOVE_URGENT
/d/14029-crecimiento-milagroso-de-cabello-en-solo-un-periodo-de-38-dias-de-nofap-explicado-resultados-fotos,Crecimiento milagroso de cabello en solo un periodo de 38 días de NoFap [Explicado] + Resultados (Fotos),looksmax.org,REWRITE
/d/14033-como-vivir-lo-mas-posible-thread,CÓMO VIVIR LO MÁS POSIBLE (THREAD) 👴⏳,looksmax.org,REWRITE
/d/14047-nombres-para-cambiar-tu-nombre-legal-que-te-hacen-instantaneamente-mas-atractivo,Nombres para cambiar tu nombre legal que te hacen instantáneamente más atractivo:,looksmax.org,REWRITE
/d/14050-plan-de-ascension,Plan de Ascensión,looksmax.org,REMOVE_URGENT
/d/14052-el-perfume-masculino-mas-sexy-2023,EL PERFUME MASCULINO MÁS SEXY (2023),looksmax.org,REMOVE_URGENT
/d/14054-encontre-una-forma-de-desinflar,Encontré una forma de desinflar,looksmax.org,REWRITE
/d/14057-la-guia-definitiva-de-vampiremaxxing,LA GUÍA DEFINITIVA DE VAMPIREMAXXING,looksmax.org,REWRITE
/d/14068-como-ascender-con-la-ayuda-de-aparatos-de-ortodoncia,CÓMO ASCENDER CON LA AYUDA DE APARATOS DE ORTODONCIA,looksmax.org,REMOVE_URGENT
/d/14085-escala-de-psl-para-la-preparatoria,Escala de PSL para la preparatoria,looksmax.org,REWRITE
/d/14093-guia-de-fragrance-maxing-las-mejores-fragancias-y-punto-elecciones-obvias,Guía de Fragrance Maxing - Las Mejores Fragancias Y Punto - Elecciones Obvias,looksmax.org,REWRITE
/d/14105-guia-completa-de-suplementos-diseno-simple,Guía Completa de Suplementos (Diseño Simple),looksmax.org,REMOVE_URGENT
/d/14107-mixedmogger-filtra-el-curso-de-mewingworld,¡mixedmogger filtra el curso de Mewing.World!!!,looksmax.org,REWRITE
/d/14112-considera-los-suplementos-de-colageno-el-mejor-y-mas-barato-es-la-grenetina,Considera los suplementos de COLÁGENO: el mejor (y más barato) es la GRENETINA !!!!!!,looksmax.org,REWRITE
/d/14117-desbloqueando-el-poder-de-los-huevos-tu-guia-definitiva-para-la-salud-y-el-bienestar,Desbloqueando el Poder de los Huevos: Tu Guía Definitiva para la Salud y el Bienestar,looksmax.org,REMOVE_URGENT
/d/14118-como-conquistar-a-las-morras-en-los-clubs-del-uk,Cómo conquistar a las morras en los clubs del UK,looksmax.org,REWRITE
/d/14120-como-arreglar-tus-dientes-y-por-lo-tanto-tu-mandibula,Cómo arreglar tus dientes y; por lo tanto; tu mandíbula,looksmax.org,REMOVE_URGENT
/d/1413-guia-completa-sobre-como-creci-25-pulgadas-en-3-4-mesesspinecels-y-torsocels-gtfih,Guía completa sobre cómo crecí 2.5 pulgadas en 3-4 meses(Spinecels y torsocels GTFIH),looksmax.org,REWRITE
/d/14138-hormonas-importantes-para-construir-musculo-y-tips-sobre-como-mejorarlas,Hormonas Importantes Para Construir Músculo Y Tips Sobre Cómo Mejorarlas,looksmax.org,REWRITE
/d/1414-guia-de-aumento-de-altura-la-mejor-guia-sobre-como-crecer-mas-alto-en-internet-remasterizada,Guía de Aumento de Altura: La Mejor Guía Sobre Cómo Crecer Más Alto En Internet (Remasterizada),looksmax.org,REWRITE
/d/14141-guia-loca-de-instagram-maxing-la-mejor-jamas-escrita-entrevista-con-mark-zuckerberg,Guía loca de instagram maxing - La mejor jamás escrita - Entrevista con Mark Zuckerberg,looksmax.org,REWRITE
/d/14167-como-volverte-low-inhib-de-forma-natural,Cómo volverte low inhib de forma natural,looksmax.org,REWRITE
/d/14170-megaguia-para-reducir-uee,MEGAGUÍA PARA REDUCIR UEE,looksmax.org,REWRITE
/d/14176-una-guia-completa-sobre-la-hidroquinona-blanqueamiento-de-la-piel,UNA GUÍA COMPLETA SOBRE LA HIDROQUINONA (BLANQUEAMIENTO DE LA PIEL),looksmax.org,REWRITE
/d/14195-como-lograr-el-arquetipo-del-antiheroe,Cómo lograr el arquetipo del antihéroe,looksmax.org,REWRITE
/d/14205-la-formula-para-la-ascension,La Fórmula para la Ascensión,looksmax.org,REWRITE
/d/14215-haz-que-tus-niveles-de-hgh-e-igf-1-se-disparen-naturalmente-con-poco-esfuerzo,Haz que tus niveles de hGH e IGF-1 se DISPAREN naturalmente con poco esfuerzo,looksmax.org,REWRITE
/d/1423-como-blanqueo-mi-piel,Cómo blanqueo mi piel,looksmax.org,REWRITE
/d/14242-como-cagar-una-guia-detallada,CÓMO CAGAR; una guía detallada.,looksmax.org,REWRITE
/d/14247-guia-completa-de-rad-140-gymcels-entren-aqui,GUÍA COMPLETA DE RAD-140 (GYMCELS ENTREN AQUÍ),looksmax.org,REWRITE
/d/14258-guia-de-personalitymaxxing-botb-celebracion-del-post-numero-100,GUÍA DE PERSONALITYMAXXING BOTB ¡Celebración del post número 100! 😃💅,looksmax.org,REWRITE
/d/1426-por-que-los-culturistas-tienen-mandibulas-tan-grandes-sin-siquiera-entrenarla-y-por-que-tu-tambien-puedes-hacer-crecer-tu-mandibula-como-ellos,Por qué los culturistas tienen mandíbulas tan grandes sin siquiera entrenarla; y por qué tú también puedes hacer crecer tu mandíbula como ellos.,looksmax.org,REWRITE
/d/14261-lista-de-rangos-de-alimentos,Lista de rangos de alimentos,looksmax.org,REWRITE
/d/14284-como-mejorar-tu-pensamiento-cognitivo,Cómo Mejorar Tu Pensamiento Cognitivo,looksmax.org,REMOVE_URGENT
/d/14308-7-aromas-que-te-hacen-mas-atractivo-segun-la-ciencia,7 aromas que te hacen más atractivo; según la ciencia 🧪 💨💕,looksmax.org,REMOVE_URGENT
/d/1431-la-radiologia-detras-del-desarrollo-facial-e-indicadores-del-crecimiento-corporal-como-saber-si-aun-estas-creciendo,La Radiología detrás del Desarrollo Facial e Indicadores del Crecimiento Corporal; Cómo saber si aún estás creciendo.,looksmax.org,REWRITE
/d/14320-15-mejores-alimentos-para-potenciar-los-niveles-de-dht-gtfih,15 MEJORES ALIMENTOS PARA POTENCIAR LOS NIVELES DE DHT (GTFIH),looksmax.org,REMOVE_URGENT
/d/14322-como-manipular-y-coger-con-cualquier-chava-usando-su-ciclo-menstrual-y-la-ciencia-bien-facil,Cómo manipular y coger con cualquier chava usando su ciclo menstrual y la ciencia (bien fácil),looksmax.org,REWRITE
/d/14329-dark-triad-explicado,Dark Triad Explicado,looksmax.org,REWRITE
/d/14330-guia-definitiva-de-kpopmaxxing-de-un-gookologo-util-hasta-para-no-gooks-entren-aqui,GUÍA DEFINITIVA DE KPOPMAXXING (DE UN GOOKÓLOGO) (ÚTIL HASTA PARA NO-GOOKS) (ENTREN AQUÍ),looksmax.org,REWRITE
/d/14334-mejores-ejercicios-para-desarrollar-brazos-de-superheroe-nuevo-metodo,MEJORES EJERCICIOS PARA DESARROLLAR BRAZOS DE SUPERHÉROE 💪 (NUEVO MÉTODO),looksmax.org,REWRITE
/d/14336-los-graycelis-necesitan-darse-cuenta-de-que-significa-realmente-la-triada-oscura,Los graycelis necesitan darse cuenta de qué significa realmente la \tríada oscura\.,looksmax.org,REWRITE
/d/1434-la-guia-definitiva-para-encontrar-foids-nd-y-armar-tu-roster-para-todos-los-rankingsratings,LA guía definitiva para encontrar foids nd y armar tu roster (PARA TODOS los rankings/ratings),looksmax.org,REWRITE
/d/14340-accutane-para-principiantes,Accutane Para Principiantes,looksmax.org,REMOVE_URGENT
/d/14344-ustedes-cabrones-no-saben-como-funciona-un-trasplante-de-cabello,Ustedes cabrones NO saben cómo funciona un trasplante de cabello,looksmax.org,REWRITE
/d/14354-como-aprender-y-usar-la-mirada-femenina,Cómo aprender y usar la mirada femenina,looksmax.org,REWRITE
/d/14356-como-calificar-tu-atraccion-facial,Cómo calificar tu atracción facial,looksmax.org,REWRITE
/d/14357-manten-bajo-tu-nivel-de-cortisol,Mantén bajo tu nivel de cortisol,looksmax.org,REWRITE
/d/14359-una-guia-para-manejar-la-ginecomastia-con-farmacos,Una guía para manejar la ginecomastia con fármacos,looksmax.org,REWRITE
/d/1436-guia-definitiva-androgenmax-estrogenmin,GUÍA DEFINITIVA ANDROGENMAX ESTROGENMIN,looksmax.org,REWRITE
/d/14362-como-esto-todos-los-dias,Como esto todos los días,looksmax.org,REWRITE
/d/14387-guia-para-dejar-de-desarrollar-oneitis-y-ser-autentico-y-tener-abundancia,Guía para dejar de desarrollar oneitis y ser auténtico y tener abundancia,looksmax.org,REWRITE
/d/14388-los-softmaxxes-mas-efectivos-a-disposicion-de-un-incel,Los softmaxxes más efectivos a disposición de un incel.,looksmax.org,REMOVE_URGENT
/d/14394-la-guia-definitiva-de-manipulacionpsicologia-oscura-parte-1,La guía DEFINITIVA de manipulación/psicología oscura. parte 1,looksmax.org,REWRITE
/d/14395-la-guia-definitiva-para-hacerte-una-chaqueta,La guía definitiva para hacerte una chaqueta,looksmax.org,REWRITE
/d/14402-los-mejores-aromas-para-atraer-mujeres,Los mejores aromas para atraer mujeres 💨🔥💐💕,looksmax.org,REWRITE
/d/14410-,,looksmax.org,REWRITE
/d/14413-la-guia-definitiva-natural-para-un-buen-tamano-de-v,La Guía Definitiva Natural para un Buen Tamaño de V,looksmax.org,REMOVE_URGENT
/d/14428-como-profundizar-tu-voz-mediante-el-canto,Cómo profundizar tu voz mediante el CANTO,looksmax.org,REWRITE
/d/14456-lo-unico-en-lo-que-los-chavos-deben-enfocarse-durante-sus-anos-de-desarrollo-youngcels-gtfih,Lo único en lo que los chavos deben enfocarse durante sus años de desarrollo [youngcels GTFIH],looksmax.org,REMOVE_URGENT
/d/14466-la-guia-realmente-simplificada-para-eliminar-las-ojeras,La Guía REALMENTE Simplificada para Eliminar las Ojeras,looksmax.org,REWRITE
/d/14468-booty-maxing-101-guia-completa-para-construir-un-culo-de-slayer,Booty-maxing 101 (Guía COMPLETA para construir un CULO de slayer),looksmax.org,REWRITE
/d/14472-metete-aqui-ya-si-tienes-nariz-de-judio,Métete aquí ya si tienes nariz de judío,looksmax.org,REWRITE
/d/14478-guia-de-semenmaxxing-y-spermaxxing-una-guia-para-mejorar-la-fertilidad-masculina-y-eyacular-mas,Guía de Semenmaxxing y Spermaxxing: Una guía para mejorar la fertilidad masculina y eyacular más,looksmax.org,REWRITE
/d/1448-disolvi-mi-grasa-facial-una-introduccion-a-lemonbottle,DISOLVÍ MI GRASA FACIAL - UNA INTRODUCCIÓN A LEMONBOTTLE,looksmax.org,REMOVE_URGENT
/d/14499-guia-completa-de-looksmaxxing,Guía COMPLETA de Looksmaxxing,looksmax.org,REMOVE_URGENT
/d/14516-como-ser-un-macho-alfa-guia-oficial-betas-vayanse,Cómo ser un macho alfa - guía oficial. betas váyanse,looksmax.org,REWRITE
/d/1454-filtrando-el-metodo-og-de-debloat-100-cualquier-bf,FILTRANDO EL MÉTODO OG DE DEBLOAT 100% - CUALQUIER BF%,looksmax.org,REWRITE
/d/14541-looksmaxxing-presupuestado-guia-definitiva-para-pobretones-entren-pelados,Looksmaxxing Presupuestado: Guía Definitiva para Pobretones (ENTREN PELADOS),looksmax.org,REWRITE
/d/14542-como-replicar-la-luz-solar-de-espectro-completo-en-interiores-la-prueba-definitiva-de-focos-con-datos,Cómo replicar la luz solar de espectro completo en interiores: ¡La prueba definitiva de focos! (con datos) ☀️⛅️,looksmax.org,REMOVE_URGENT
/d/14548-mi-plan-para-ligar-con-chicas-altemoartsy-en-mi-ciudad,Mi plan para ligar con chicas alt/emo/artsy en mi ciudad,looksmax.org,REWRITE
/d/14550-como-cualquiera-puede-conseguir-mejillas-hundidas-por-menos-de-100-no-en-serio,Cómo CUALQUIERA puede conseguir Mejillas Hundidas por menos de 100$ (No; en serio),looksmax.org,REMOVE_URGENT
/d/14580-el-eyelid-pulling-funciona-para-reducir-la-exposicion-del-parpado-superior,El eyelid pulling funciona para reducir la exposición del párpado superior,looksmax.org,REWRITE
/d/14598-todos-los-que-les-cuesta-conciliar-el-sueno-metanse-mini-guia,Todos los que les cuesta conciliar el sueño MÉTANSE (mini guía),looksmax.org,REWRITE
/d/14604-la-guia-definitiva-para-un-digital-detox,La Guía Definitiva para un DIGITAL DETOX,looksmax.org,REWRITE
/d/14609-optimizando-la-produccion-natural-de-testosterona,Optimizando la Producción Natural de Testosterona,looksmax.org,REWRITE
/d/1461-megahilo-neuromaxxing,MEGAHILO NEUROMAXXING,looksmax.org,REWRITE
/d/14616-guia-mas-basada-para-estar-jacked-dejar-de-escuchar-homosexuales,GUÍA MÁS BASADA PARA ESTAR JACKED (DEJAR DE ESCUCHAR HOMOSEXUALES),looksmax.org,REWRITE
/d/14617-como-conseguir-bitches-edicion-bbc,Cómo conseguir bitches (edición BBC),looksmax.org,REWRITE
/d/14621-el-jugo-de-naranja-deshincha-tu-cara,El jugo de naranja deshincha tu cara,looksmax.org,REWRITE
/d/14636-explicacion-completa-sobre-la-ley-de-wolff,Explicación Completa Sobre la ley de Wolff,looksmax.org,REWRITE
/d/14639-evita-los-efectos-secundarios-del-minoxidil-colageno,Evita los efectos secundarios del minoxidil - Colágeno ✨,looksmax.org,REWRITE
/d/1466-joven-de-18-anos-mtn-guia-de-mi-plan-de-ascension,Joven de 18 Años MTN: Guía de Mi Plan de Ascensión,looksmax.org,REWRITE
/d/14668-como-medir-tu-ratio-con-el-escalado-de-pixeles,Cómo medir tu ratio con el Escalado de Píxeles,looksmax.org,REWRITE
/d/14670-consejos-para-selfies-del-goat,Consejos para selfies del GOAT,looksmax.org,REWRITE
/d/14702-guia-a-prueba-de-todo-para-ser-un-slayer-en-30-dias-lifefuel-nt,GUÍA A PRUEBA DE TODO PARA SER UN SLAYER EN 30 DÍAS. LIFEFUEL NT.,looksmax.org,REWRITE
/d/14706-una-guia-de-softmaxxing-para-ipdcels-bajos-olvidate-de-tu-sueno-guajiro-de-las-obo,Una guía de Softmaxxing para IPDcels bajos: Olvídate de tu sueño guajiro de las OBO.,looksmax.org,REWRITE
/d/14737-lo-que-necesitas-para-triunfar-en-2023,Lo que necesitas para triunfar en 2023,looksmax.org,REWRITE
/d/14746-mi-primer-analisis-facial,Mi primer análisis facial,looksmax.org,REWRITE
/d/1476-pelo-ser-guapo-es-como-el-70-de-tu-attractiveness-hacia-las-mujeres-prime-mi-experiencia-del-ultimo-ano-wfotos-clave-mayor-de-ascension-para-los-negros,PELO/ ser \guapo\ es como el 70% de tu attractiveness hacia las mujeres prime: Mi Experiencia del Último Año w/fotos + Clave Mayor de Ascensión para los negros,looksmax.org,REWRITE
/d/14772-guia-completa-sobre-la-tretinoina-como-usarla-de-la-mejor-forma,Guía Completa sobre la Tretinoína + Cómo Usarla de la Mejor Forma,looksmax.org,REWRITE
/d/14812-lista-de-dificultad-de-feature-maxxing,Lista de Dificultad de Feature Maxxing,looksmax.org,REWRITE
/d/1482-guia-de-mewing-detallada,GUÍA DE MEWING (DETALLADA),looksmax.org,REWRITE
/d/14824-fraudear-estatura-101-manlets-entren-ya,Fraudear estatura 101 [MANLETS ENTREN YA],looksmax.org,REWRITE
/d/14828-guia-de-calificacion-para-subhumano-ltnb-mtnb-htnb-chadstacylite-chadstacy-gigachadgigastacy,Guía de Calificación Para Subhumano; LTN/B; MTN/B; HTN/B; Chad/Stacylite; Chad/Stacy; Gigachad/Gigastacy,looksmax.org,REWRITE
/d/14829-este-hilo-va-a-cambiar-tu-viaje-de-looksmaxxing-se-que-estara-en-la-junta-botb,Este hilo va a cambiar tu viaje de looksmaxxing (sé que estará en la junta botb),looksmax.org,REWRITE
/d/14836-guia-como-reducir-las-ojeras-bajo-los-ojos-version-de-bajo-costo,guía: cómo reducir las ojeras bajo los ojos (versión de bajo costo),looksmax.org,REWRITE
/d/14851-la-mejor-escala-de-rating-por-aspiringchanglite,LA MEJOR ESCALA DE RATING POR ASPIRINGCHANGLITE,looksmax.org,REWRITE
/d/1486-osteotomia-le-fort-iii,Osteotomía Le Fort III,looksmax.org,REWRITE
/d/14861-reduciendo-arrugas-con-la-edad,Reduciendo arrugas con la edad,looksmax.org,REMOVE_URGENT
/d/14862-todo-en-uno-guia-de-hookupnoviasocialcirclemaxxing-para-mtn,[TODO-EN-UNO] GUÍA de HookUp/Novia/Socialcirclemaxxing para => MTN,looksmax.org,REWRITE
/d/14867-guia-basica-de-cuidado-de-la-piel-para-principiantes,Guía Básica de Cuidado de la Piel para Principiantes,looksmax.org,REWRITE
/d/14892-nuevo-metodo-de-thumb-pulling,¿¿¿nuevo método de thumb pulling???,looksmax.org,REWRITE
/d/14911-como-saber-realmente-como-te-ves-distorsioncels-de-lente-larguense-a-la-verga,CÓMO SABER REALMENTE CÓMO TE VES ( DISTORSIÓNCELS DE LENTE LÁRGUENSE A LA VERGA),looksmax.org,REWRITE
/d/1492-cambio-de-color-de-ojos-softmax-legitimo-gtfih,CAMBIO DE COLOR DE OJOS SOFTMAX LEGÍTIMO (GTFIH),looksmax.org,REWRITE
/d/14926-guia-detallada-de-estiramientos-para-una-mejor-postura,Guía Detallada de Estiramientos para una Mejor Postura,looksmax.org,REWRITE
/d/1498-mega-thread-de-disolucion-de-grasa,Mega-Thread de Disolución de Grasa,looksmax.org,REMOVE_URGENT
/d/15039-como-conquistar-chicas-segun-un-tipo-con-2500-matches-en-hinge,Cómo conquistar chicas según un tipo con 2;500 matches en Hinge,looksmax.org,REWRITE
/d/15047-dejar-la-pornografia-es-facil-de-verdad,Dejar la pornografía es fácil (de verdad),looksmax.org,REWRITE
/d/15049-guia-para-ligar-con-viejas,Guía para ligar con viejas,looksmax.org,REWRITE
/d/15056-guia-de-terapia-post-ciclo,Guía de Terapia Post Ciclo,looksmax.org,REWRITE
/d/1507-guia-looksmaxxing-anti-envejecimiento-permanecer-un-chad-para-siempre,Guía Looksmaxxing Anti-Envejecimiento: ¿Permanecer un Chad para Siempre?,looksmax.org,REWRITE
/d/15071-impacto-del-igf-1-testosterona-en-estructura-osea-y-desarrollo-consejo-extra,Impacto del IGF-1; Testosterona en Estructura Ósea y Desarrollo + Consejo Extra,looksmax.org,REWRITE
/d/15074-por-que-la-dht-no-causa-caida-de-cabello,por qué la DHT no causa caída de cabello,looksmax.org,REWRITE
/d/15088-vitaminmaxing-como-las-vitaminas-pueden-cambiar-tu-vida,VITAMINMAXING - Cómo las vitaminas pueden cambiar tu vida.,looksmax.org,REMOVE_URGENT
/d/1511-como-conseguir-tu-fisico-sonado-sin-efectos-secundarios,Cómo conseguir tu físico soñado sin efectos secundarios:,looksmax.org,REMOVE_URGENT
/d/15147-como-conseguir-dreads-tipo-tiktok-que-de-verdad-se-vean-bien-blackcels-gtfih,Cómo conseguir Dreads tipo tiktok que de verdad se vean bien (BLACKCELS GTFIH),looksmax.org,REWRITE
/d/15169-guia-definitiva-de-cejas-sin-mamadas,Guía definitiva de cejas (SIN MAMADAS),looksmax.org,REWRITE
/d/15177-9-cosas-que-las-mujeres-notan-primero,9 Cosas Que Las Mujeres Notan Primero,looksmax.org,REWRITE
/d/15202-como-realmente-deshacerse-del-acne-de-una-vez-por-todas-sin-accutane-sin-giladas-que-alguien-entre,Cómo REALMENTE deshacerse del acné de una vez por todas SIN Accutane (SIN GILADAS; QUE ALGUIEN ENTRE),looksmax.org,REMOVE_URGENT
/d/15218-calificaciones-psl-objetivas-para-los-mas-extremos,CALIFICACIONES PSL OBJETIVAS PARA LOS MÁS EXTREMOS,looksmax.org,REWRITE
/d/1522-haciendole-trampa-a-la-ansiedad-social-drogas-que-me-hicieron-dejar-de-valer-verga-y-por-que-la-mayoria-de-los-consejos-son-una-mierda,HACIÉNDOLE TRAMPA A LA ANSIEDAD SOCIAL: Drogas Que Me Hicieron Dejar de Valer Verga (Y Por Qué la Mayoría de los Consejos son una Mierda),looksmax.org,REWRITE
/d/15222-como-conseguir-una-mejor-maxila,cómo conseguir una mejor maxila,looksmax.org,REWRITE
/d/15225-elimina-el-acne-acne-quistico-en-semanas-con-poco-dinero,Elimina el acné (& acné quístico) en semanas con poco dinero,looksmax.org,REWRITE
/d/1524-la-unica-guia-de-infraorbital-que-necesitaras,La Única Guía de Infraorbital que Necesitarás,looksmax.org,REWRITE
/d/15257-guia-completa-de-cuidado-de-la-piel-aprobada-por-desviados-sexuales-de-sephoramaxxing,GUÍA COMPLETA DE CUIDADO DE LA PIEL (APROBADA POR DESVIADOS SEXUALES DE SEPHORAMAXXING),looksmax.org,REWRITE
/d/15261-rutina-postural-de-5-minutos-perfecta-arregla-tu-postura-subhumana,Rutina Postural de 5 Minutos PERFECTA (ARREGLA TU POSTURA SUBHUMANA),looksmax.org,REWRITE
/d/15284-rasgos-de-la-triada-oscura-que-hacen-que-las-mujeres-se-vengan-guia-completa-de-looksmaxxing-de-la-triada-oscura-fisico-y-no-fisico,RASGOS DE LA TRÍADA OSCURA QUE HACEN QUE LAS MUJERES SE VENGAN: Guía completa de looksmaxxing de la tríada oscura (físico y no físico),looksmax.org,REWRITE
/d/15301-jerarquia-de-estetica-breve-y-actualizada-ideal-para-principiantes,Jerarquía de Estética (Breve y Actualizada) -- (IDEAL PARA PRINCIPIANTES),looksmax.org,REWRITE
/d/15313-guia-cientifica-sobre-somatostatina-e-importancia-en-heightmaxxing-alto-esfuerzo,Guía Científica sobre Somatostatina e Importancia en Heightmaxxing (ALTO ESFUERZO),looksmax.org,REWRITE
/d/15344-como-heightfraudear-obligatorio-si-mides-menos-de-6,Cómo Heightfraudear (OBLIGATORIO SI MIDES MENOS DE 6'),looksmax.org,REWRITE
/d/15356-el-sodio-bajo-es-peor-para-la-retencion-de-agua-debloaters-metanse-aqui,El Sodio Bajo es PEOR para la retención de agua (debloaters métanse aquí),looksmax.org,REWRITE
/d/1536-mi-regimen-actual-de-bonesmashing-guia,Mi Régimen Actual de Bonesmashing + Guía,looksmax.org,REMOVE_URGENT
/d/15360-aprovecha-la-ventaja-de-la-pubertad-los-factores-mas-importantes-durante-la-pubertad,Aprovecha la Ventaja de la Pubertad: Los Factores Más Importantes Durante la Pubertad,looksmax.org,REWRITE
/d/15375-rutinas-de-entrenamiento-de-jeff-seid-consigue-el-cuerpo-de-tus-suenos-en-2024,RUTINAS DE ENTRENAMIENTO DE JEFF SEID (¡Consigue el Cuerpo de tus Sueños en 2024!),looksmax.org,REWRITE
/d/1538-una-guia-sobre-los-fenotipos,Una Guía sobre los Fenotipos,looksmax.org,REWRITE
/d/15425-fragancias-para-hombres-la-unica-guia-que-necesitaras,Fragancias Para Hombres: La Única Guía Que Necesitarás,looksmax.org,REWRITE
/d/1544-por-que-la-dht-es-una-pendejada-inutil-y-deberia-ser-nukeada-hasta-el-suelo,Por qué la DHT es una pendejada inútil y debería ser NUKEADA HASTA EL SUELO,looksmax.org,REWRITE
/d/1547-como-tomar-aromasin-para-heightmaxxing-dosis-metodo-de-ingesta-efectos-secundarios-y-como-prevenirlosminimizarlos-una-guia-detallada,Cómo tomar Aromasin para heightmaxxing-Dosis; Método de ingesta; Efectos secundarios y cómo prevenirlos/minimizarlos - Una Guía Detallada,looksmax.org,REWRITE
/d/1548-mi-transformacion-insana-a-los-18-fotos,MI TRANSFORMACIÓN INSANA A LOS 18 + FOTOS,looksmax.org,REWRITE
/d/15480-caida-de-cabello-masculina-ciencia-tratamiento-efectos-secundarios-futuro,Caída de Cabello Masculina: Ciencia; Tratamiento; Efectos Secundarios; Futuro,looksmax.org,REWRITE
/d/15495-la-mirada-femenina-esta-malentendida,La Mirada Femenina está Malentendida,looksmax.org,REWRITE
/d/15513-los-looks-masculinos-mas-atractivos-para-mujeres-por-rango-de-edad-guia-completa,Los Looks Masculinos Más Atractivos para Mujeres por Rango de Edad (Guía Completa),looksmax.org,REWRITE
/d/15516-masticar-para-una-mejor-estetica-facial,Masticar para una mejor estética facial,looksmax.org,REWRITE
/d/15519-los-incels-a-menudo-me-preguntan-como-acercarse-a-las-mujeres,Los incels a menudo me preguntan cómo acercarse a las mujeres,looksmax.org,REWRITE
/d/15524-escenarios-de-fraude-con-lentes-de-contacto,Escenarios de fraude con lentes de contacto,looksmax.org,REWRITE
/d/1553-guia-definitiva-sin-rodeos-de-cavitacion-ultrasonica-uc-para-la-cara-mi-experiencia-con-13-sesiones,Guía Definitiva Sin Rodeos de Cavitación Ultrasónica (UC) para la Cara – Mi Experiencia con 13 Sesiones,looksmax.org,REWRITE
/d/15548-como-conseguir-un-craneo-blanco-siendo-etnico-parte-1-asiatico,Cómo Conseguir un Cráneo BLANCO siendo Étnico Parte 1: Asiático,looksmax.org,REMOVE_URGENT
/d/1555-maxxing-del-area-bajo-los-ojos-y-bajo-el-menton,MAXXING del Área Bajo los Ojos y Bajo el Mentón,looksmax.org,REWRITE
/d/15561-como-crecer-13cm-en-6-meses-sin-cirugia-con-placas-de-crecimiento-cerradas,Cómo crecer 13cm en 6 meses sin cirugía con placas de crecimiento cerradas,looksmax.org,REMOVE_URGENT
/d/15601-guia-para-arreglar-la-asimetria-de-cejas-guia-completa-de-looksmaxx,GUÍA PARA ARREGLAR LA ASIMETRÍA DE CEJAS (Guía completa de looksmaxx),looksmax.org,REWRITE
/d/15625-tu-altura-es-buena-entra-aqui-para-descubrirlo,¿TU ALTURA ES BUENA? ENTRA AQUÍ PARA DESCUBRIRLO,looksmax.org,REWRITE
/d/15638-como-estoy-venciendo-el-acne-y-como-podrias-hacerlo-tu-tambien,Cómo estoy venciendo el acné y cómo podrías hacerlo tú también,looksmax.org,REMOVE_URGENT
/d/15649-alto-esfuerzo-ranking-de-estilos-de-fitness-fatcels-y-framecells-gtfih-softmaxxing,[Alto Esfuerzo] Ranking de Estilos de Fitness (FATCELS Y FRAMECELLS GTFIH) {SOFTMAXXING},looksmax.org,REWRITE
/d/15670-como-fraudo-72-cm-viendome-nt-sin-riesgo-de-que-me-atrapen,Cómo fraudo 7.2 cm viéndome NT sin riesgo de que me atrapen,looksmax.org,REWRITE
/d/15689-califica-mi-esteticacomo-ponerse-bien-jodidamente-grande-para-mojar-a-las-mujeres,Califica mi Estética/¡cómo ponerse bien jodidamente grande para mojar a las mujeres!,looksmax.org,REWRITE
/d/15693-es-seguro-tomar-minoxidil-topico-aqui-esta-el-porque,Es seguro tomar Minoxidil tópico; aquí está el porqué,looksmax.org,REWRITE
/d/15727-antienvejecimiento-una-guia-para-combatir-la-indefectable-pildora-de-la-edad,Antienvejecimiento: Una Guía para Combatir la Indefectable Píldora de la Edad,looksmax.org,REWRITE
/d/1576-guia-de-esteroides-de-alto-ci-bajo-esfuerzo,Guía de esteroides de alto CI - Bajo Esfuerzo,looksmax.org,REWRITE
/d/15764-puedes-saber-si-una-foid-va-a-estar-atraida-a-ti-o-no-solo-por-como-se-ve,Puedes saber si una foid va a estar atraída a ti o no solo por cómo se ve,looksmax.org,REWRITE
/d/15765-tomate-la-pildora-del-colesterol-testmaxxers-metanse-aqui-ya-carajo,TÓMATE LA PÍLDORA DEL COLESTEROL (Testmaxxers MÉTANSE AQUÍ YA CARAJO),looksmax.org,REWRITE
/d/15787-dopamina-la-hormona-de-los-superhombres,Dopamina: la hormona de los superhombres,looksmax.org,REWRITE
/d/1579-mi-estrategia-para-conseguir-cientos-de-seguidores-en-ig-metodo-del-agujero-de-conejo,MI ESTRATEGIA PARA CONSEGUIR CIENTOS DE SEGUIDORES EN IG (MÉTODO DEL AGUJERO DE CONEJO),looksmax.org,REWRITE
/d/15799-metodo-probado-para-elevar-el-hueso-hioides-parte-2,MÉTODO PROBADO PARA ELEVAR EL HUESO HIOIDES [PARTE 2],looksmax.org,REWRITE
/d/1580-guia-para-bajar-la-inhibicion-thread-de-alta-calidad-gtfih-merecedor-de-botb,GUÍA PARA BAJAR LA INHIBICIÓN [THREAD DE ALTA CALIDAD GTFIH] ✅ [MERECEDOR DE BOTB🏆?],looksmax.org,REWRITE
/d/15815-patrones-de-masticacion-modificados,Patrones de masticación modificados,looksmax.org,REWRITE
/d/15836-importante-balance-de-aminoacidos,IMPORTANTE - ¡¡¡Balance de Aminoácidos!!!,looksmax.org,REMOVE_URGENT
/d/15865-guia-para-corregir-la-asimetria-facial,Guía para corregir la asimetría facial,looksmax.org,REWRITE
/d/15867-roidmaxxing-sin-roids-t-maxxing-leer-ahora-obligatorio,Roidmaxxing sin roids. (T-MAXXING) LEER AHORA OBLIGATORIO,looksmax.org,REWRITE
/d/15900-forma-infalible-de-saber-si-tu-oneitis-te-gusta,Forma infalible de saber si tu oneitis te gusta,looksmax.org,REWRITE
/d/15903-mi-ciclo-de-esteroides-favorito-para-principiantes-de-un-roidcel-con-experiencia-con-fotos,Mi ciclo de esteroides favorito para principiantes de un roidcel con experiencia con fotos,looksmax.org,REMOVE_URGENT
/d/1591-como-juzgar-a-las-personas-por-su-apariencia-cientificamente-un-desglose-megaguia-completo-del-infame-libro-de-edward-dutton-sobre-la-apariencia-fisica,Cómo Juzgar a las Personas por su Apariencia CIENTÍFICAMENTE: un desglose megaguía completo del infame libro de Edward Dutton sobre la apariencia física,looksmax.org,REWRITE
/d/15939-lo-que-dice-la-ciencia-sobre-aumentar-la-testosterona-con-ejercicio,Lo que dice la ciencia sobre aumentar la testosterona con ejercicio...,looksmax.org,REWRITE
/d/1595-drugmaxxing-x-socialmaxxing-todo-lo-que-necesitas-saber-highiq,Drugmaxxing X Socialmaxxing - Todo Lo Que Necesitas Saber (HighIQ),looksmax.org,REWRITE
/d/15953-bloodmaxxing-una-guia-profunda-sobre-la-circulacion-sanguinea,Bloodmaxxing: una guía profunda sobre la circulación sanguínea.,looksmax.org,REWRITE
/d/15980-como-sanar-la-piel-sin-productos-ni-accutane-con-fotos,CÓMO SANAR LA PIEL SIN PRODUCTOS NI ACCUTANE (CON FOTOS),looksmax.org,REWRITE
/d/15983-el-tutorial-de-makeupmaxxing-para-hombres-mas-completo-de-todo-el-internet-version-completa,El tutorial de makeupmaxxing para hombres más completo de todo el internet (versión completa),looksmax.org,REWRITE
/d/15994-guia-de-looksmaxxing-para-low-ipd-cels-alto-iq,GUÍA DE LOOKSMAXXING PARA LOW IPD CELS [ALTO IQ],looksmax.org,REWRITE
/d/16008-como-hacer-semenesperma-maxx-para-el-maximo-placer-eyaculatorio,CÓMO HACER SEMEN/ESPERMA-MAXX PARA EL MÁXIMO PLACER EYACULATORIO,looksmax.org,REWRITE
/d/1603-guia-de-hqnpmaxxing-adiccion-a-chad-y-como-buscar-mujeres-hqnp,Guía de HQNPmaxxing: Adicción a Chad y Cómo Buscar Mujeres HQNP.,looksmax.org,REWRITE
/d/16048-la-fibra-dietetica-esta-muy-subestimada-y-deberia-aumentarse-significativamente-en-la-dieta,La fibra dietética está muy subestimada y debería aumentarse significativamente en la dieta.,looksmax.org,REMOVE_URGENT
/d/16069-las-caras-masculinas-feminizadas-son-las-mas-atractivas-para-caucasicos-japoneses,Las caras masculinas feminizadas son las más atractivas para caucásicos/ japoneses,looksmax.org,REWRITE
/d/16071-vestirse-para-el-maximo-female-gaze,Vestirse para el máximo female gaze,looksmax.org,REWRITE
/d/16082-mi-guia-para-levantadores-naturales-sobre-ponerse-aesthetic-hilo-gymcel,Mi guía para levantadores naturales sobre ponerse Aesthetic (Hilo Gymcel),looksmax.org,REWRITE
/d/16087-teoria-nt-looks-por-que-chico-es-atractivo-para-las-mujeres-mientras-que-opry-es-mirada-masculina,Teoría NT LOOKS - Por Qué Chico Es Atractivo Para Las Mujeres Mientras Que O'Pry Es Mirada Masculina,looksmax.org,REWRITE
/d/16091-comparacion-y-analisis-del-craneo-de-un-hombre-caucasico-promedio-al-de-un-chad-de-frente-y-de-perfil,Comparación y análisis del cráneo de un hombre caucásico promedio al de un Chad de FRENTE y de PERFIL,looksmax.org,REWRITE
/d/1610-el-sebo-es-el-mejor-hidratante-que-la-madre-naturaleza-le-ha-dado-a-los-humanos,El sebo es el mejor hidratante que la madre naturaleza le ha dado a los humanos,looksmax.org,REWRITE
/d/16104-la-hiperdolicocefalia-es-la-forma-de-craneo-ideal,La HIPERdolicocefalia es la forma de cráneo ideal,looksmax.org,REWRITE
/d/16105-los-38-ratios-faciales-mas-importantes-y-las-medidas-ideales-alto-esfuerzo,Los 38 ratios faciales más importantes y las medidas ideales (ALTO ESFUERZO),looksmax.org,REWRITE
/d/16109-healthmaxxing-contra-judios-esquizo,HEALTHMAXXING CONTRA JUDÍOS (ESQUIZO),looksmax.org,REMOVE_URGENT
/d/16114-mi-rutina-diaria-de-skincare-de-un-ex-skincel-con-fotos-de-la-ascension,Mi rutina diaria de skincare de un ex skincel con fotos de la ascensión,looksmax.org,REMOVE_URGENT
/d/16130-mejor-manera-de-copear-con-un-midface-largo,Mejor manera de copear con un midface largo :),looksmax.org,REWRITE
/d/16151-guia-de-fiestas-de-fraternidad-universitarios-entren-ya,Guía de Fiestas de Fraternidad (Universitarios ENTREN YA),looksmax.org,REWRITE
/d/16162-un-consejo-muy-niche-para-los-que-practican-mouthtape,Un consejo muy niche para los que practican mouthtape,looksmax.org,REWRITE
/d/1619-guia-de-biotecnologia-la-frontera-final-del-looksmaxxing,Guía de Biotecnología: La Frontera Final del Looksmaxxing,looksmax.org,REWRITE
/d/16193-usa-este-consejo-para-convertir-una-aproximacion-fria-en-un-polvo-htn-min,Usa este consejo para convertir una aproximación fría en un polvo (HTN min),looksmax.org,REWRITE
/d/16214-dick-ups-para-girthmaxxing,Dick-ups para girthmaxxing,looksmax.org,REWRITE
/d/1622-guia-sobre-como-corregir-la-pseudo-ginecomastia-y-reducir-la-ginecomastia-real-permanentemente-sin-cirugia-y-practicamente-sin-tiempo-de-recuperacion,Guía sobre cómo corregir la pseudo-ginecomastia; y reducir la ginecomastia real permanentemente; sin cirugía; y prácticamente sin tiempo de recuperación.,looksmax.org,REMOVE_URGENT
/d/16234-bonesmashing-arco-cigomatico-para-proyeccion-lateral,Bonesmashing arco cigomático para proyección lateral,looksmax.org,REMOVE_URGENT
/d/16243-escortmaxxing-guia-de-sexo,Escortmaxxing & Guía de sexo,looksmax.org,REWRITE
/d/16297-6-formas-principales-para-aumentar-testosterona-esfuerzo-moderado,6 Formas Principales Para Aumentar Testosterona (Esfuerzo Moderado),looksmax.org,REWRITE
/d/16305-softmaxxes-minimos-para-perder-tu-virginidad-en-2024-khhvcels-gtfih,Softmaxxes mínimos para perder tu virginidad en 2024 (KHHVcels GTFIH),looksmax.org,REWRITE
/d/1633-guia-tinder-definitiva-de-niklaus-aun-en-progreso,Guía Tinder definitiva de Niklaus - AÚN EN PROGRESO,looksmax.org,REWRITE
/d/16345-cosas-que-no-debes-hacer-al-pedir-que-califiquen-tu-frame,Cosas Que NO Debes Hacer Al Pedir Que Califiquen Tu Frame:,looksmax.org,REWRITE
/d/16389-un-buen-contexto-sobre-los-aceites-de-semillas-sinteticos-por-que-los-de-18-anos-parecen-de-13-y-por-que-nuestros-organos-estan-jodidos,Un buen contexto sobre los aceites de semillas sintéticos: por qué los de 18 años parecen de 13 y por qué nuestros órganos están jodidos,looksmax.org,REWRITE
/d/16397-como-mejore-mi-zona-de-los-ojos-en-4-puntos-softmaxxing-con-fotos,CÓMO MEJORÉ MI ZONA DE LOS OJOS EN 4 PUNTOS (softmaxxing) CON fotos,looksmax.org,REWRITE
/d/16434-las-comidas-de-healthmaxxing-mas-dormidas,las comidas de healthmaxxing más dormidas,looksmax.org,REMOVE_URGENT
/d/16437-mi-plan-de-ejercicio-de-altura-fotos-incluidas-4lt,Mi plan de ejercicio de altura (¡¡FOTOS INCLUIDAS!!) -4lt,looksmax.org,REWRITE
/d/16446-hilos-pdo-para-corregir-la-asimetria-del-labio-superior-e-aumentar-el-ancho-percibido-de-la-boca,hilos pdo para corregir la asimetría del labio superior e aumentar el ancho percibido de la boca.,looksmax.org,REWRITE
/d/16447-guia-de-sarms-definicion-y-volumen-alto-esfuerzo,Guía de SARMs Definición y Volumen - Alto Esfuerzo,looksmax.org,REWRITE
/d/16449-la-importancia-de-la-moda-y-como-vestirse,La importancia de la moda y cómo vestirse,looksmax.org,REWRITE
/d/16456-stack-de-heightmaxxing-natty-ultimo-y-efectivo-ia-natural-que-rivaliza-con-aromasin-gtfih,Stack de Heightmaxxing Natty Último y Efectivo + IA Natural Que Rivaliza con Aromasin (GTFIH),looksmax.org,REWRITE
/d/1648-metodo-rascacielos,método rascacielos,looksmax.org,REWRITE
/d/16484-guia-para-corridas-de-nivel-dios,Guía para corridas de nivel dios,looksmax.org,REWRITE
/d/16486-guia-para-construir-una-verga-de-pornstar-y-mejores-erecciones-y-mejores-eyaculaciones-y-sensibilizar-tu-verga-y-aumentar-la-testosterona,Guía para construir una verga de pornstar y mejores erecciones y mejores eyaculaciones y sensibilizar tu verga y aumentar la testosterona,looksmax.org,REWRITE
/d/16537-como-arreglar-los-musculos-maseteros-grandes,Cómo arreglar los músculos maseteros grandes,looksmax.org,REMOVE_URGENT
/d/16540-lista-de-tiers-y-stacks-para-sarms-esfuerzo-medio,Lista de Tiers y Stacks para SARMS - Esfuerzo medio,looksmax.org,REWRITE
/d/16555-como-ir-al-gym-si-eres-chaparrito-shortcels-gtfih,Cómo ir al gym si eres chaparrito; shortcels GTFIH,looksmax.org,REWRITE
/d/16573-dominando-el-dimorfismo-para-ultimate-looksmaxxing,Dominando el Dimorfismo para Ultimate Looksmaxxing,looksmax.org,REWRITE
/d/1658-como-creci-de-168m-a-190m-en-un-ano-y-medio-y-como-tu-tambien-puedes,Cómo crecí de 1.68m a 1.90m en un año y medio y cómo tú también puedes,looksmax.org,REWRITE
/d/16582-caseina-suero-90-del-tiempo,CASEÍNA > SUERO 90% DEL TIEMPO,looksmax.org,REWRITE
/d/16588-la-mejor-ensalada-que-vas-a-probar-saladcels-gtfih,LA MEJOR ENSALADA QUE VAS A PROBAR (saladcels gtfih),looksmax.org,REWRITE
/d/16656-metodo-para-tratar-el-acne-y-las-cicatrices-de-acne-lectura-obligatoria,Método para Tratar el Acné y las Cicatrices de Acné (¡¡¡¡LECTURA OBLIGATORIA!!!!),looksmax.org,REWRITE
/d/16659-como-elevar-tu-altura-naturalmente,Cómo elevar tu altura naturalmente,looksmax.org,REMOVE_URGENT
/d/16662-como-subir-la-testosterona-como-nunca-antes-lo-que-no-te-dicen,Cómo subir la testosterona como nunca antes (Lo que no te dicen),looksmax.org,REWRITE
/d/16685-plasma-fibroblast-mogs-microneedling,Plasma Fibroblast MOGS microneedling,looksmax.org,REMOVE_URGENT
/d/16693-habilidades-sociales-y-estrategias-sociales,Habilidades sociales y estrategias sociales,looksmax.org,REWRITE
/d/16710-la-mejor-guia-de-moda-del-youngcel,La MEJOR Guía de Moda del Youngcel,looksmax.org,REWRITE
/d/16712-como-ganar-musculo-con-esteroides-de-forma-segura,Cómo: Ganar músculo con esteroides de forma segura,looksmax.org,REWRITE
/d/16715-tipos-de-amigos-que-deberias-evitar,Tipos de amigos que deberías evitar.,looksmax.org,REWRITE
/d/16727-como-obtener-una-mandibula-definida,Cómo obtener una mandíbula definida,looksmax.org,REWRITE
/d/16758-guia-para-grises-greycels-y-retrasados-entren-ya,Guía para Grises (Greycels y Retrasados ENTREN YA),looksmax.org,REWRITE
/d/16768-guia-de-colageno-de-bloomdoom,Guía de Colágeno de BloomDoom,looksmax.org,REWRITE
/d/1678-posible-cura-para-la-caida-de-cabello-por-que-las-hormonas-no-importan,Posible cura para la caída de cabello - por qué las hormonas no importan,looksmax.org,REMOVE_URGENT
/d/16802-verteporfina-elimina-cicatrices-de-acne-trasplantes-de-pelo-infinitos-y-cirugia-estetica-sin-cicatrices,Verteporfina - Elimina Cicatrices de Acné; Trasplantes de Pelo Infinitos y Cirugía Estética Sin Cicatrices,looksmax.org,REWRITE
/d/16819-rasgos-nasales-ideales-botb,RASGOS NASALES IDEALES (¿BOTB?),looksmax.org,REWRITE
/d/16832-notas-de-softmaxxing,NOTAS DE SOFTMAXXING,looksmax.org,REMOVE_URGENT
/d/16848-los-unicos-5-suplementos-que-necesitas,Los únicos 5 suplementos que necesitas,looksmax.org,REWRITE
/d/1686-por-que-el-tamoxifeno-no-causa-retardo-del-crecimiento-y-es-realmente-benefico-para-la-altura-gtfih-guia-alto-iq,Por qué el Tamoxifeno no causa retardo del crecimiento y es realmente benéfico para la altura (GTFIH - GUÍA ALTO IQ),looksmax.org,REWRITE
/d/1687-11-kdht-la-hormona-masculina-deportista-de-todas,11-KDHT - la hormona masculina deportista de todas,looksmax.org,REWRITE
/d/16872-rutina-de-6-dias-ppl-por-coolcicada-en-el-foro-de-culturismo,Rutina de 6 días PPL por CoolCicada en el foro de culturismo,looksmax.org,REWRITE
/d/16874-dieta-ideal-y-suplementos,Dieta ideal y suplementos,looksmax.org,REWRITE
/d/16877-parte-1-guia-nt-lenguaje-corporal-y-la-teoria-del-perro-maltratado,Parte 1 \GUÍA NT\: Lenguaje Corporal Y La Teoría Del Perro Maltratado,looksmax.org,REWRITE
/d/16899-mi-guia-de-softmaxing,Mi guía de softmaxing,looksmax.org,REWRITE
/d/1690-la-guia-definitiva-sobre-cavitacion-por-ultrasonido-para-la-perdida-de-grasa-facial-respondiendo-preguntas-de-mi-guia-de-mejillas-hundidas,La guía DEFINITIVA sobre Cavitación por Ultrasonido para la pérdida de grasa facial. (Respondiendo preguntas de mi guía de mejillas hundidas),looksmax.org,REWRITE
/d/16934-una-guia-a-fondo-sobre-la-anatomia-de-la-cara,Una guía a fondo sobre la anatomía de la cara,looksmax.org,REWRITE
/d/16966-guia-definitiva-de-perdida-de-grasa-con-quimicos-low-inhib-gtfih,GUÍA DEFINITIVA DE PÉRDIDA DE GRASA CON QUÍMICOS LOW INHIB GTFIH,looksmax.org,REMOVE_URGENT
/d/1698-metodo-para-aclarar-los-ojos-que-realmente-funciona,MÉTODO PARA ACLARAR LOS OJOS QUE REALMENTE FUNCIONA,looksmax.org,REWRITE
/d/16989-fingir-que-la-gente-no-existe-alrededor-tuyo-es-la-mejor-pildora-que-les-podrias-dar,Fingir que la gente no existe alrededor tuyo es la mejor píldora que les podrías dar,looksmax.org,REWRITE
/d/16993-guia-de-alargamiento-del-pene,Guía de Alargamiento del Pene,looksmax.org,REWRITE
/d/17013-resumen-del-arte-de-la-seduccion-de-robert-greene,Resumen del Arte de la Seducción de Robert Greene,looksmax.org,REWRITE
/d/17027-usa-desviaciones-estandar-para-estimar-facilmente-el-puntaje-smv-la-rarezapercentil-entre-variables-y-comparar-cara-vs-estatura-de-forma-justa-slayers-entre-2-8sd,Usa desviaciones estándar para estimar fácilmente el puntaje SMV; la rareza/percentil entre variables y comparar cara vs estatura de forma justa. ¿Slayers entre 2-8SD?,looksmax.org,REWRITE
/d/17052-triada-clara-vs-triada-oscura-simplificado,TRÍADA CLARA VS TRÍADA OSCURA; SIMPLIFICADO.,looksmax.org,REWRITE
/d/17078-guia-completa-de-gymcelling-para-principiantes,Guía Completa de Gymcelling para Principiantes,looksmax.org,REMOVE_URGENT
/d/17079-como-hacerte-una-extraccion-de-bolas-de-bichat-en-casa-low-inhib-bloatcels-gtfih,Cómo hacerte una Extracción de Bolas de Bichat en Casa 🏠 LOW INHIB & BLOATCELS GTFIH!!!!!,looksmax.org,REMOVE_URGENT
/d/17081-haz-que-alguien-se-enamore-de-ti,Haz Que Alguien Se Enamore de Ti,looksmax.org,REMOVE_URGENT
/d/17121-guia-anabolica-definitiva-megathread,Guía Anabólica Definitiva (Megathread),looksmax.org,REWRITE
/d/17122-truco-garantizado-para-subtonos-rojos,Truco garantizado para subtonos rojos,looksmax.org,REWRITE
/d/17131-una-introduccion-al-sympeptide-usuarios-de-minox-gtfih,UNA INTRODUCCIÓN AL SYMPEPTIDE; USUARIOS DE MINOX GTFIH,looksmax.org,REWRITE
/d/17143-guia-definitiva-del-gymcel,GUÍA DEFINITIVA DEL GYMCEL,looksmax.org,REWRITE
/d/17153-ejercicio-legitimo-para-hollow-cheeks-hilo-de-lookism,Ejercicio legítimo para hollow cheeks (hilo de Lookism),looksmax.org,REWRITE
/d/17160-guia-sobre-formas-de-atraer-mujeres,Guía sobre formas de atraer mujeres.,looksmax.org,REWRITE
/d/17161-iguala-su-gusto-musical-perfectamente-una-guia-rapida-para-fraudear-gusto-musical,Iguala Su Gusto Musical Perfectamente: Una Guía Rápida para Fraudear Gusto Musical.,looksmax.org,REWRITE
/d/17167-cortes-de-pelo-meta-actualizacion-2024,Cortes de pelo meta [actualización 2024],looksmax.org,REWRITE
/d/17180-sobre-el-ayuno-para-el-crecimiento-de-altura-water,Sobre el ayuno para el crecimiento de altura (water),looksmax.org,REWRITE
/d/17184-curar-el-dolor-de-espalda-con-ejercicios,Curar el dolor de espalda con ejercicios,looksmax.org,REWRITE
/d/17203-como-oler-bien-de-la-chingada-gtfih-ya,Cómo oler bien de la chingada (GTFIH YA),looksmax.org,REWRITE
/d/17215-stack-para-aclarar-la-piel-que-de-verdad-funciona,Stack para aclarar la piel que de verdad funciona,looksmax.org,REWRITE
/d/17219-heightmaxxing-hgh-inhibicion-de-aromatasa-e-inhibicion-de-somatostatina,Heightmaxxing | HGH; inhibición de Aromatasa; e inhibición de Somatostatina,looksmax.org,REWRITE
/d/17221-neckmaxxing,Neckmaxxing,looksmax.org,KEEP
/d/17227-socialmaxx-y-mindsetmaxx,Socialmaxx y mindsetmaxx,looksmax.org,REWRITE
/d/17245-reino-desconocido-introduccion-a-los-peptidos,🧲 REINO DESCONOCIDO: INTRODUCCIÓN A LOS PÉPTIDOS 🧲,looksmax.org,REWRITE
/d/1727-expansion-osea-facial-via-estimulacion-piezoelectrica-alto-esfuerzo,Expansión Ósea Facial vía Estimulación Piezoeléctrica [ALTO ESFUERZO],looksmax.org,REMOVE_URGENT
/d/17272-guia-para-la-salud-intestinal,Guía para la salud intestinal,looksmax.org,REWRITE
/d/17283-guia-completa-de-fragrancemaxxing-metodo-de-5-pasos,Guía completa de Fragrancemaxxing (método de 5 pasos),looksmax.org,REWRITE
/d/1729-santa-mierda-hunter-eyes-sin-cirugia-gtfih,SANTA MIERDA HUNTER EYES SIN CIRUGÍA GTFIH,looksmax.org,REWRITE
/d/17313-guia-de-inhibicion-sin-drogas-de-mierda,Guía de Inhibición (SIN DROGAS DE MIERDA),looksmax.org,REWRITE
/d/17323-revelando-secretos-de-hollywood-microdosis-de-accutane-para-una-piel-sin-edad-por-themilkman,Revelando Secretos de Hollywood: Microdosis de Accutane para una Piel sin Edad por TheMilkMan,looksmax.org,REWRITE
/d/17338-reestructuracion-craneal-neuro-guia-completa,Reestructuración Craneal Neuro (Guía Completa),looksmax.org,REWRITE
/d/17340-consigue-el-look-y-fisico-de-superheroe-de-dc-lo-antes-posible-no-para-usuarios-flojos,CONSIGUE EL LOOK Y FÍSICO DE SUPERHÉROE DE DC LO ANTES POSIBLE (No Para Usuarios Flojos),looksmax.org,REMOVE_URGENT
/d/17347-mi-arnold-split-consejos-de-entrenamiento,Mi Arnold Split + Consejos de Entrenamiento,looksmax.org,REWRITE
/d/17349-como-arreglar-el-dolor-de-espalda-por-levantamiento-de-pesas,Cómo Arreglar el Dolor de Espalda por Levantamiento de Pesas,looksmax.org,REWRITE
/d/17351-socialmaxxingntmaxxing-aprende-a-volverte-mas-social,SOCIALMAXXING/NTMAXXING: aprende a volverte más SOCIAL,looksmax.org,REWRITE
/d/1736-mega-thread-de-maximizacion-de-altura,Mega Thread de Maximización de Altura,looksmax.org,REWRITE
/d/17367-gt20029-potenciador-de-pelo-high-iq-esfuerzo-medio-gtfih,GT20029 (Potenciador de Pelo) (High-IQ) (Esfuerzo Medio) (GTFIH),looksmax.org,REWRITE
/d/17376-la-guia-definitiva-de-bonesmashing,La Guía Definitiva de Bonesmashing,looksmax.org,REMOVE_URGENT
/d/17386-algoritmo-para-de-verdad-hacer-looksmaxxing,Algoritmo para de verdad hacer looksmaxxing,looksmax.org,REWRITE
/d/17393-rutina-anti-envejecimiento,Rutina anti-envejecimiento,looksmax.org,REWRITE
/d/1740-mi-stack-actual,Mi stack actual.,looksmax.org,REWRITE
/d/17422-lo-que-nt-realmente-significa-gtfih-la-ntpill-resuelta-high-iq,Lo que \NT\ realmente significa [GTFIH la NTpill resuelta; High IQ],looksmax.org,REWRITE
/d/17425-guia-definitiva-de-fenotipos-hay-que-leerla-al-menos-una-vez,GUÍA DEFINITIVA DE FENOTIPOS (HAY QUE LEERLA AL MENOS UNA VEZ),looksmax.org,REWRITE
/d/17441-como-matar-la-inhibicion-alta-sanando-el-trauma-para-volverte-autentico-y-socialmente-dominante,Cómo matar la inhibición alta sanando el trauma para volverte auténtico y socialmente dominante.,looksmax.org,REWRITE
/d/17450-mi-plan-para-ntmaxxear-en-la-universidad-hilo-serio,Mi plan para NTmaxxear en la universidad (hilo serio),looksmax.org,REWRITE
/d/17467-como-usar-hilos-pdo-para-quitar-las-arrugas-de-la-frente,Cómo usar hilos PDO para quitar las arrugas de la frente,looksmax.org,REMOVE_URGENT
/d/1748-guia-completa-de-nootropicos-y-compuestos-quemadores-de-grasa,Guía Completa de Nootrópicos y Compuestos Quemadores de Grasa,looksmax.org,REWRITE
/d/1749-todo-lo-que-necesitas-es-un-ciclo-solo-de-test,Todo lo que necesitas es un ciclo solo de Test,looksmax.org,REWRITE
/d/17490-como-convertirte-en-un-chad-del-futbol-americano-um,Cómo convertirte en un chad del fútbol americano 🏈 🇺🇲,looksmax.org,REWRITE
/d/17501-guia-de-cada-vitamina-explicada-megathread,Guía de Cada Vitamina Explicada [MEGATHREAD],looksmax.org,REMOVE_URGENT
/d/17503-visionmaxxing,Visionmaxxing,looksmax.org,REWRITE
/d/17505-perder-grasa-facial-enfocandote-en-el-interior,Perder grasa facial (enfocándote en el interior),looksmax.org,REWRITE
/d/17518-aclarando-la-desinformacion-sobre-hgh,Aclarando la Desinformación sobre HGH.,looksmax.org,REMOVE_URGENT
/d/17535-mejor-rutina-para-un-cuerpo-estetico,Mejor rutina para un cuerpo estético,looksmax.org,REWRITE
/d/1760-la-guia-definitiva-de-nt-para-hablar-con-normieshembras-como-hacer-que-los-normies-te-caigan-bien-y-por-que-es-importante,La guía DEFINITIVA de NT para hablar con normies/hembras- Cómo hacer que los normies te caigan bien y por qué es importante,looksmax.org,REWRITE
/d/17621-sarms-un-analisis-simplificado-todos-los-sarms-incluidos-lectura-obligada,SARMS - UN ANÁLISIS SIMPLIFICADO ( todos los SARMS incluidos; lectura obligada ),looksmax.org,REWRITE
/d/17642-guia-para-adelgazar-la-nariz,GUÍA PARA ADELGAZAR LA NARIZ,looksmax.org,REWRITE
/d/17647-guia-completa-de-trucos-para-examenes-gtfih,Guía Completa de Trucos para Exámenes GTFIH,looksmax.org,REWRITE
/d/17657-una-guia-para-entender-las-calificaciones-de-las-mujeres,UNA GUÍA PARA *ENTENDER* LAS CALIFICACIONES DE LAS MUJERES,looksmax.org,REWRITE
/d/17667-7-comidas-comunes-destruyendo-tu-salud,7 comidas comunes destruyendo tu salud,looksmax.org,REWRITE
/d/17668-como-eliminar-la-joroba-de-la-nariz-guia-high-iq,Cómo eliminar la joroba de la nariz [GUÍA HIGH IQ],looksmax.org,REWRITE
/d/1767-iqmaxxing-y-skillmaxing,IQmaxxing y skillmaxing,looksmax.org,REWRITE
/d/17703-formas-actualizadas-de-tratarprevenir-acne,Formas ACTUALIZADAS de Tratar/Prevenir Acné,looksmax.org,REWRITE
/d/17704-beneficios-de-la-eyaculacion-para-el-looksmax,Beneficios de la Eyaculación para el Looksmax,looksmax.org,REMOVE_URGENT
/d/17711-la-guia-de-microdosis-de-dannydipss,LA GUÍA DE MICRODOSIS DE DANNYDIPSS,looksmax.org,REWRITE
/d/17712-guia-de-simetria-facial-2024,GUÍA DE SIMETRÍA FACIAL 2024,looksmax.org,REMOVE_URGENT
/d/17724-seguimiento-de-mis-hilos-pdo-nasolabiales,Seguimiento de mis hilos PDO nasolabiales.,looksmax.org,REWRITE
/d/17732-como-pedir-esteroides-y-peptidos-si-vives-con-tus-padres,Cómo pedir esteroides y péptidos si vives con tus padres,looksmax.org,REMOVE_URGENT
/d/17742-una-intro-rapida-a-los-clones-de-fragancias-huele-bien-barato,Una Intro Rápida a los Clones de Fragancias: Huele Bien BARATO,looksmax.org,REWRITE
/d/1775-arquetipos-de-atraccion-sexual-sin-filtros-tu-guia-explicita-para-ser-irresistible,Arquetipos de Atracción Sexual Sin Filtros: Tu Guía Explícita para ser Irresistible,looksmax.org,REWRITE
/d/17759-nueva-tecnica-de-ligue,Nueva técnica de ligue,looksmax.org,REWRITE
/d/17765-me-voy-de-vacaciones-con-mis-amigos-lo-que-estoy-haciendo-para-prepararme-softmaxxers-gtfih,ME VOY DE VACACIONES CON MIS AMIGOS *LO QUE ESTOY HACIENDO PARA PREPARARME* SOFTMAXXERS GTFIH,looksmax.org,REWRITE
/d/17767-guia-aromasin-es-la-clave-para-evitar-los-venenos-judios-todos-entren-ya,[GUÍA] AROMASIN es la CLAVE para EVITAR los VENENOS JUDÍOS (TODOS ENTREN YA),looksmax.org,REMOVE_URGENT
/d/17773-como-conseguir-un-colageno-demencial-en-la-cara,Cómo conseguir un colágeno DEMENCIAL en la cara,looksmax.org,REWRITE
/d/17787-guia-cosmetica-basica-anti-envejecimiento-verse-bien-cuando-seas-mayor-porque-el-smv-de-los-hombres-aumenta-con-la-edad,Guía Cosmética Básica Anti-Envejecimiento; Verse Bien Cuando Seas Mayor Porque el SMV de los Hombres Aumenta con la Edad.,looksmax.org,REWRITE
/d/17793-mi-guia-de-bonemass-comenta-si-falta-algo,Mi guía de Bonemass (comenta si falta algo),looksmax.org,REMOVE_URGENT
/d/17796-la-natacion-es-el-mejor-deporte-para-los-looksmaxxers-y-aqui-te-digo-por-que,La natación es el mejor deporte para los looksmaxxers y aquí te digo por qué,looksmax.org,REMOVE_URGENT
/d/17831-como-friendmaxxear-y-como-afecta-tu-vida-amorosa-no-lifers-gtfih,Cómo friendmaxxear y cómo afecta tu vida amorosa; no lifers GTFIH,looksmax.org,REWRITE
/d/17835-rasgos-neotenicos-para-balancear-el-dimorfismo,Rasgos neoténicos para balancear el dimorfismo,looksmax.org,REWRITE
/d/17847-morder-mejillas-acelera-el-desarrollo-de-mejillas-huecas,Morder mejillas acelera el desarrollo de mejillas huecas,looksmax.org,REWRITE
/d/17850-fraudear-una-cara-mejor-con-metodos-de-sfx-guia-sin-rodeos,Fraudear una cara mejor con MÉTODOS DE SFX guía SIN RODEOS,looksmax.org,REWRITE
/d/17855-guia-definitiva-de-la-luz-nunca-antes-vista,GUÍA DEFINITIVA DE LA LUZ (¡nunca antes vista!),looksmax.org,REMOVE_URGENT
/d/1787-la-guia-definitiva-para-snus-mega-thread-de-snus,LA GUÍA DEFINITIVA PARA SNUS [MEGA THREAD DE SNUS],looksmax.org,REWRITE
/d/17874-el-posible-uso-de-la-terapia-de-vibracion-de-cuerpo-completo-para-ayudar-al-crecimiento-de-estatura-y-desarrollo-oseo-evidencia-de-bone-mashing,⚡ [El posible uso de la terapia de vibración de cuerpo completo para ayudar al Crecimiento de Estatura y desarrollo óseo + Evidencia de bone-mashing] ⚡,looksmax.org,REWRITE
/d/17876-pluma-de-plasma-como-conseguir-piel-de-bebe-mejor-area-ocular-y-mas,Pluma de Plasma: Cómo conseguir piel de bebé; Mejor área ocular y más,looksmax.org,REWRITE
/d/1789-crecimiento-de-cartilago-metodos-para-arreglar-lo-imposible-de-maximizar,Crecimiento de Cartílago: Métodos para Arreglar lo \Imposible de Maximizar\,looksmax.org,REWRITE
/d/17930-deje-el-minox-oral-despues-de-un-ano-se-me-quedaron-las-ganancias-de-pestanas-y-cejas,Dejé el minox oral después de un año - ¿se me quedaron las ganancias de pestañas y cejas?,looksmax.org,REWRITE
/d/17940-cinco-tips-para-aclarar-la-piel,Cinco tips para aclarar la piel,looksmax.org,REWRITE
/d/17941-guia-de-ncr-como-arreglar-la-asimetria-y-mejorar-tu-estructura-craneofacial,Guía de NCR (Cómo arreglar la asimetría y mejorar tu estructura craneofacial),looksmax.org,REWRITE
/d/17942-el-test-de-un-ojo-de-separacion-otra-forma-de-medir-el-pfl,El test de un ojo de separación - otra forma de medir el PFL.,looksmax.org,REWRITE
/d/17947-colageno-grasa-musculo-y-hueso-cuatro-cosas-que-necesitas-para-una-zona-ocular-de-chad,Colágeno; grasa; músculo y hueso: Cuatro cosas que necesitas para una zona ocular de chad,looksmax.org,REWRITE
/d/17950-longevidad-y-salud-en-el-gym-gymcels-entren-aqui,Longevidad y Salud en el Gym (Gymcels ENTREN AQUÍ),looksmax.org,REWRITE
/d/17963-guia-para-el-neckmaxxing,Guía para el Neckmaxxing,looksmax.org,CONSOLIDATE
/d/17967-guia-completa-de-dickmaxingpe-entiendanlo-pequenoceles,GUÍA COMPLETA DE DICKMAXING/PE ENTIÉNDANLO PEQUEÑOCELES,looksmax.org,REWRITE
/d/17974-procedimiento-correcto-de-crecimiento-oseo-guia-paso-a-paso-y-consejos,Procedimiento correcto de crecimiento óseo (Guía paso a paso y consejos),looksmax.org,REMOVE_URGENT
/d/1798-guia-a-la-pildora-de-la-mascara-el-arte-del-camuflaje-social-como-no-quemar-tu-disfraz-bluepill,GUÍA A LA PÍLDORA DE LA MÁSCARA: El Arte del Camuflaje Social - Cómo no quemar tu disfraz bluepill,looksmax.org,REWRITE
/d/1802-lipmaxxing-version-editada-completa-todo-lo-que-necesitas-saber,LIPMAXXING VERSIÓN EDITADA COMPLETA TODO LO QUE NECESITAS SABER,looksmax.org,REWRITE
/d/18049-guia-basica-de-mk677,Guía Básica de Mk677,looksmax.org,REWRITE
/d/18057-guia-definitiva-de-eyemaxxing-sin-cirugia,Guía Definitiva de Eyemaxxing (Sin Cirugía),looksmax.org,REWRITE
/d/18066-como-ocultar-tus-cirugias,CÓMO OCULTAR TUS CIRUGÍAS,looksmax.org,REMOVE_URGENT
/d/18115-neckmaxxing-la-mejor-forma-de-optimizar-las-ganancias-de-cuello-hilo-corto,[NECKMAXXING] LA MEJOR FORMA DE OPTIMIZAR LAS GANANCIAS DE CUELLO (HILO CORTO),looksmax.org,REMOVE_URGENT
/d/18123-construye-musculo-con-esteroides-a-presupuesto-sin-paja,Construye músculo con esteroides a presupuesto sin paja,looksmax.org,REWRITE
/d/1813-la-guia-definitiva-del-pene,LA GUÍA DEFINITIVA DEL PENE,looksmax.org,REWRITE
/d/18139-como-convertirte-en-un-curry-chad-ininin-como-conseguir-novia-siendo-curry-ininin,Cómo convertirte en un Curry Chad ===/=== [🇮🇳🇮🇳🇮🇳 Cómo conseguir novia siendo Curry 🇮🇳🇮🇳🇮🇳],looksmax.org,REWRITE
/d/18176-la-forma-mas-simple-de-introducir-mas-calcio-a-tu-dieta,La FORMA MÁS SIMPLE de introducir más CALCIO a tu dieta.,looksmax.org,REMOVE_URGENT
/d/18199-una-guia-del-estilo-de-moda-que-le-atrae-a-la-mayoria-de-las-viejas,Una guía del estilo de moda que le atrae a la mayoría de las viejas.,looksmax.org,REWRITE
/d/18220-como-duplicar-tus-flexiones,Cómo duplicar tus flexiones,looksmax.org,REWRITE
/d/18225-aclarado-de-ojos-parte-2,Aclarado de ojos parte 2,looksmax.org,REMOVE_URGENT
/d/18238-mejor-metodo-fucking-para-perder-peso,MEJOR MÉTODO FUCKING PARA PERDER PESO,looksmax.org,REMOVE_URGENT
/d/18272-si-eres-un-subhumano-y-horrendo-aqui-esta-lo-que-debes-hacer,Si eres un subhumano y horrendo aquí está lo que debes hacer...,looksmax.org,REWRITE
/d/1828-guia-completa-de-carne-cruda-alto-esfuerzo-ciencia,GUÍA COMPLETA DE CARNE CRUDA [ALTO ESFUERZO + CIENCIA],looksmax.org,REWRITE
/d/18298-guia-de-sleepmaxxing,Guía de Sleepmaxxing,looksmax.org,KEEP
/d/18317-guia-de-crecimiento-hacia-adelante,Guía de crecimiento hacia adelante,looksmax.org,REWRITE
/d/18321-como-aumentar-la-densidad-osea-guia-completa-bonecells-gtfih,CÓMO AUMENTAR LA DENSIDAD ÓSEA GUÍA COMPLETA; BONECELLS GTFIH,looksmax.org,REWRITE
/d/18358-encontre-una-manera-de-eliminar-todos-los-puntos-negrosfilamentos-sebaceos-en-5-minutos,Encontré una manera de eliminar todos los puntos negros/filamentos sebáceos en 5 minutos,looksmax.org,REWRITE
/d/1837-guia-de-looksmaxxing-de-moda-fragancia-grooming-y-accesorios-la-cuaternidad-del-estilo,Guía de Looksmaxxing de Moda; Fragancia; Grooming y Accesorios: La Cuaternidad del Estilo,looksmax.org,REWRITE
/d/18384-una-guia-para-tomar-furosemida-la-pildora-de-pomulos-huecos,Una guía para tomar furosemida: la píldora de pómulos huecos,looksmax.org,REWRITE
/d/18402-como-aumentar-la-testosterona-pasos-basicos,Cómo aumentar la testosterona (pasos básicos),looksmax.org,REWRITE
/d/18419-todo-se-trata-de-las-cejas-contemplaciones-del-softmax,¿Todo se trata de las cejas? contemplaciones del softmax.,looksmax.org,REWRITE
/d/18420-no-te-hagas-cuernudo-tomando-drogas-recetadas-excepto-trt,No te hagas cuernudo tomando drogas recetadas (excepto TRT),looksmax.org,REWRITE
/d/1844-como-eliminar-el-surco-nasolabial-con-hilos-pdo,cómo eliminar el surco nasolabial con hilos PDO.,looksmax.org,REMOVE_URGENT
/d/18442-como-arreglar-los-ojos-vagosasimetricos,¿Cómo arreglar los Ojos Vagos/Asimétricos?,looksmax.org,REWRITE
/d/18509-guia-de-gyatt-desbloquea-tu-maximo-potencial-de-gyatt-gyattcels-gtfih,GUÍA DE GYATT (DESBLOQUEA TU MÁXIMO POTENCIAL DE GYATT) GYATTCELS GTFIH,looksmax.org,REWRITE
/d/18513-la-guia-definitiva-para-psicopatassociopatas-para-pasar-desapercibidos,La Guía Definitiva para Psicópatas/Sociópatas para Pasar Desapercibidos,looksmax.org,REWRITE
/d/18514-guia-de-hgh-maxxing-natural,GUÍA DE HGH MAXXING NATURAL,looksmax.org,REWRITE
/d/18518-guia-de-thyroid-maxxing,Guía de Thyroid Maxxing,looksmax.org,REWRITE
/d/18528-por-que-y-como-tomarte-autorretratos-diarios-todos-entren-aqui-botb-hilo-de-envio-vip,Por qué y cómo tomarte autorretratos diarios (TODOS ENTREN AQUÍ) (¿BOTB?) (hilo de envío VIP),looksmax.org,REMOVE_URGENT
/d/18529-como-cambiar-tu-canthal-tilt-uue-y-pfl-botb-hilo-de-envio-vip,Cómo cambiar tu Canthal Tilt; UUE; y PFL 🍯🐝 (BOTB?) (HILO DE ENVÍO VIP),looksmax.org,REWRITE
/d/18538-aumenta-tu-aura-en-10000-dejando-menos-huella-digital-publica,Aumenta tu aura en 10;000+ dejando menos huella digital pública,looksmax.org,REWRITE
/d/18541-deshincha-rapido-con-cloruro-de-potasio,Deshincha rápido con CLORURO DE POTASIO,looksmax.org,REWRITE
/d/18543-la-guia-definitiva-de-proteinas-de-crecimiento-esta-guia-te-ensenara-lo-que-necesitas-para-crecer-mas-alto,La Guía Definitiva de Proteínas de Crecimiento - Esta Guía Te Enseñará Lo Que Necesitas Para Crecer Más Alto,looksmax.org,REWRITE
/d/18545-un-cambio-de-juego-para-liftcels,Un cambio de juego para liftcels,looksmax.org,REWRITE
/d/18557-gtfih-como-ascender-para-los-curry-bhais-parte-2,GTFIH CÓMO ASCENDER PARA LOS CURRY BHAIS PARTE 2,looksmax.org,REMOVE_URGENT
/d/18566-la-herramienta-antienvejecimiento-mas-barata-con-resultados-de-nivel-clinico-microneedling-la-mejor-guia-para-la-piel-a-fondo-con-prueba-cientifica,LA HERRAMIENTA ANTIENVEJECIMIENTO MÁS BARATA CON RESULTADOS DE NIVEL CLÍNICO :MICRONEEDLING LA MEJOR GUÍA PARA LA PIEL A FONDO CON PRUEBA CIENTÍFICA,looksmax.org,REMOVE_URGENT
/d/18607-como-aumentar-la-tasa-metabolica-basal-con-chalecos-de-peso,CÓMO AUMENTAR LA TASA METABÓLICA BASAL CON CHALECOS DE PESO,looksmax.org,REWRITE
/d/1862-la-low-inhib-pill-lo-que-realmente-importa-para-conseguir-mujeres-y-disfrutar-la-vida,LA LOW INHIB PILL: lo que realmente importa para conseguir mujeres y disfrutar la vida,looksmax.org,REWRITE
/d/18640-como-un-habitante-del-sotano-puede-vivir-una-vida-de-mogger,Cómo un habitante del sótano puede vivir una vida de mogger,looksmax.org,REWRITE
/d/18658-como-perder-grasa-peso-segun-el-enfoque-pro-metabolico-de-ray-peat,Cómo perder GRASA / PESO según el enfoque Pro metabólico de Ray Peat,looksmax.org,REMOVE_URGENT
/d/18661-optimizando-la-parte-mentalsocial-de-las-citas-no-desperdices-tu-prime-lanzate-guia-por-manana,Optimizando la parte mental/social de las citas; No desperdices tu prime; lánzate: Guía por Manana,looksmax.org,REWRITE
/d/1870-guia-ultimate-de-voicemaxxing,Guía Ultimate de Voicemaxxing,looksmax.org,REWRITE
/d/1871-las-48-leyes-del-poder-acortado,Las 48 Leyes del Poder (acortado),looksmax.org,REWRITE
/d/18749-como-hacer-auramaxx,Cómo hacer Auramaxx,looksmax.org,REWRITE
/d/18782-mi-teoria-sobre-la-correlacion-del-sprint-con-el-crecimiento-de-la-mandibula-investigacion-adicional,mi teoría sobre la correlación del sprint con el crecimiento de la mandíbula + investigación adicional,looksmax.org,REWRITE
/d/18872-como-no-crecer-mas-alto,¡Cómo no crecer más alto!,looksmax.org,REWRITE
/d/18884-como-y-por-que-el-crecimiento-aumenta-durante-la-pubertad,Cómo y por qué el crecimiento aumenta durante la pubertad,looksmax.org,REWRITE
/d/18897-puedes-hacer-alargamiento-de-piernas-por-menos-de-5000-gtfih,Puedes hacer alargamiento de piernas por menos de $5;000 (GTFIH),looksmax.org,REWRITE
/d/1892-el-funcionamiento-osteoanabolico-de-way316606,El funcionamiento osteoanabólico de WAY316606,looksmax.org,REWRITE
/d/18930-crece-tus-cejas-naturalmente,Crece tus cejas naturalmente,looksmax.org,REWRITE
/d/18954-todos-los-softmaxxes-para-los-ojos-gtfih,TODOS LOS SOFTMAXXES PARA LOS OJOS GTFIH,looksmax.org,REWRITE
/d/18963-la-guia-definitiva-de-seis-personalidades-masculinas-de-hombres-modernos-explicadas-lo-que-cada-tipo-aporta-a-la-mesa,La Guía Definitiva de Seis Personalidades Masculinas de Hombres Modernos Explicadas: (Lo Que Cada Tipo Aporta a la Mesa),looksmax.org,REWRITE
/d/18965-cual-es-tu-valor-como-ser-humano-como-saber-de-verdad-si-ya-se-acabo,¿Cuál es tu valor como ser humano? (Cómo saber de verdad si ya se acabó),looksmax.org,REWRITE
/d/18984-como-coger-sin-dejarla-embarazada-a-prueba-de-errores,Cómo coger sin dejarla embarazada (a prueba de errores),looksmax.org,REWRITE
/d/19008-exito-en-hinge-consejos,Éxito en Hinge + Consejos,looksmax.org,REWRITE
/d/1901-debloating-con-eplerenona,Debloating con eplerenona,looksmax.org,REWRITE
/d/19017-dominando-el-cortisol-la-hormona-del-estres-del-cuerpo,Dominando el Cortisol: La Hormona del Estrés del Cuerpo,looksmax.org,REWRITE
/d/19032-bodyfat-grafico-definitivo-de-porcentaje-de-grasa-corporal-hilo-cortogymcels-gtfih,[BODYFAT] GRÁFICO DEFINITIVO DE PORCENTAJE DE GRASA CORPORAL (HILO CORTO/GYMCELS GTFIH),looksmax.org,REWRITE
/d/19046-escala-de-calificacion-mas-precisa-2024-looksmax,ESCALA DE CALIFICACIÓN MÁS PRECISA 2024 looksmax.,looksmax.org,REWRITE
/d/19110-cuidado-de-la-piel-sin-joder-tus-hormonas,Cuidado de la piel SIN joder tus hormonas,looksmax.org,REMOVE_URGENT
/d/19127-el-mejor-y-mas-facil-softmax-que-arregla-tus-mandibulas-guia-de-masticacion-correcta-como-ninguna-otra,el mejor y más fácil softmax que arregla tus mandíbulas (guía de masticación correcta como ninguna otra),looksmax.org,REWRITE
/d/19162-guia-para-roidmaxxers-para-ascender-duro,Guía para roidmaxxers para ascender duro,looksmax.org,REWRITE
/d/19164-pdrn-guia-anti-envejecimiento-gtfih,PDRN (GUÍA) (ANTI-ENVEJECIMIENTO) (GTFIH),looksmax.org,REWRITE
/d/19166-deja-el-porno-y-la-chaqueta-en-2-semanas-facil-nofap,DEJA EL PORNO Y LA CHAQUETA EN 2 SEMANAS FÁCIL | nofap,looksmax.org,REMOVE_URGENT
/d/19176-exosomas-guia-anti-edad-gtfih,EXOSOMAS (GUÍA) (ANTI-EDAD) (GTFIH),looksmax.org,REWRITE
/d/19184-creando-un-marco-de-trabajo-para-la-ascension,Creando un marco de trabajo para la ascensión,looksmax.org,REWRITE
/d/19210-ayuno-seco-maximiza-tu-perdida-de-grasa,Ayuno Seco (Maximiza tu pérdida de grasa),looksmax.org,REWRITE
/d/19211-rutina-coreana-de-piel-de-cristal-en-9-pasos,RUTINA COREANA DE PIEL DE CRISTAL EN 9 PASOS,looksmax.org,REWRITE
/d/19225-bronceado-101,Bronceado 101,looksmax.org,REMOVE_URGENT
/d/1923-megaguia-la-unica-guia-de-microagujas-que-jamas-necesitaras,MEGAGUIA | La única guía de microagujas que jamás necesitarás.,looksmax.org,REMOVE_URGENT
/d/1924-la-verdad-sobre-las-mujeres-por-que-probablemente-lo-estes-haciendo-mal-como-htnbajo-chadlite,La Verdad sobre las Mujeres. Por qué Probablemente lo Estés Haciendo Mal como HTN/Bajo Chadlite.,looksmax.org,REWRITE
/d/19268-crudo-vs-pasteurizado,Crudo vs Pasteurizado,looksmax.org,REMOVE_URGENT
/d/19278-como-convertirse-en-un-eunuco,Cómo Convertirse en un Eunuco,looksmax.org,REMOVE_URGENT
/d/19317-hilo-completo-sobre-la-importancia-del-area-ocular,HILO COMPLETO SOBRE LA IMPORTANCIA DEL ÁREA OCULAR,looksmax.org,REWRITE
/d/19326-como-hacer-barras-de-proteina,Cómo hacer barras de proteína.,looksmax.org,REWRITE
/d/19336-guia-de-como-peinar-cabello-lacio-asiatico-1ahaircels-gtfih,GUÍA DE CÓMO PEINAR CABELLO LACIO ASIÁTICO [1AHAIRCELS GTFIH],looksmax.org,REWRITE
/d/19347-guia-de-fashionmaxxing-de-atractivo-sexual,Guía de fashionmaxxing de atractivo sexual,looksmax.org,REWRITE
/d/1935-guia-detallada-e-infalible-de-instagram-maxxing,Guía detallada e infalible de Instagram maxxing,looksmax.org,REWRITE
/d/1943-libro-de-inteligencia-logra-el-iq-de-chang,Libro de Inteligencia - Logra el IQ de Chang,looksmax.org,REWRITE
/d/19438-explicando-la-importancia-de-la-juventud-y-el-colageno-y-como-maximizar-la-juventud-con-chat-gpt,Explicando la importancia de la juventud y el colágeno y cómo maximizar la juventud con CHAT GPT,looksmax.org,REWRITE
/d/19578-como-creci-3-pulgadas-mas-de-mi-estatura-predicha-con-una-condicion-autoinmune,Cómo crecí 3 pulgadas más de mi estatura predicha (con una condición autoinmune),looksmax.org,REWRITE
/d/19587-que-tan-raro-es-cada-rating-de-looks-usando-matematicas-para-determinar-cuanto-mogueas-parte-1,¿Qué tan raro es cada rating de looks? Usando matemáticas para determinar cuánto mogueas (Parte 1),looksmax.org,REMOVE_URGENT
/d/19611-como-determinar-la-posicion-de-tus-pomulos-y-por-que-el-concepto-de-pomulos-altos-es-estupido,Cómo determinar la posición de tus pómulos; y por qué el concepto de 'pómulos altos' es estúpido.,looksmax.org,REWRITE
/d/19616-guia-completa-y-rutina-de-entrenamiento-hibrido-incluyendo-zonas-de-frecuencia-cardiaca-y-notas-del-coach,GUÍA COMPLETA Y RUTINA DE ENTRENAMIENTO HÍBRIDO (incluyendo zonas de frecuencia cardíaca y notas del coach),looksmax.org,REWRITE
/d/1965-guia-para-entender-la-maloclusion-y-los-dientes-torcidos-conseguir-la-oclusion-correcta-detallado-causas-sintomas-soluciones-prevencion,Guía para Entender la Maloclusión y los Dientes Torcidos | Conseguir la Oclusión Correcta (DETALLADO) | Causas | Síntomas | Soluciones | Prevención |,looksmax.org,REWRITE
/d/19656-guia-de-fraude-de-altura-imo,Guía de Fraude de Altura IMO,looksmax.org,REWRITE
/d/19679-como-garantizar-dormir-boca-arriba-asymetricels-gtfih,Cómo garantizar dormir boca arriba (asymetrícels GTFIH),looksmax.org,REWRITE
/d/19686-el-gran-reinicio-intestinal-guia-de-salud-intestinal,El Gran Reinicio Intestinal (Guía de salud intestinal),looksmax.org,REWRITE
/d/1969-guia-de-belt-pulling-rotacion-ccw,GUÍA DE BELT PULLING (rotación CCW),looksmax.org,REWRITE
/d/19727-guia-definitiva-de-altura-para-adolescentes,guía definitiva de altura para adolescentes,looksmax.org,REWRITE
/d/1974-descripcion-general-de-aas-y-cambios-faciales,DESCRIPCIÓN GENERAL DE AAS Y CAMBIOS FACIALES,looksmax.org,REWRITE
/d/19760-guia-definitiva-de-relojes,Guía definitiva de relojes,looksmax.org,REWRITE
/d/19763-bodypill-se-trata-de-esos-3-parametros,Bodypill se trata de esos 3 parámetros,looksmax.org,REWRITE
/d/19766-guia-de-aromasin-guia-de-inhibidores-de-aromatasa,GUÍA DE AROMASIN; (Guía de inhibidores de aromatasa),looksmax.org,REMOVE_URGENT
/d/19804-mejores-paises-para-geomaxxing,Mejores países para Geomaxxing,looksmax.org,REWRITE
/d/1982-la-separacion-ocular-esta-mal-entendida,La separación ocular está mal entendida,looksmax.org,REWRITE
/d/19836-la-verdad-sobre-el-fashionmaxxing,La verdad sobre el fashionmaxxing,looksmax.org,REWRITE
/d/19856-como-ser-gracioso-guia-unfunnycels-vengan-o-algo,Cómo ser gracioso (guía; unfunnycels vengan o algo),looksmax.org,REWRITE
/d/19858-el-crecimiento-de-la-clavicula-explicado,EL CRECIMIENTO DE LA CLAVÍCULA EXPLICADO,looksmax.org,REWRITE
/d/1987-guia-definitiva-de-brackets-mejores-opciones-y-que-saber-antes-de-ponertelos,Guía definitiva de brackets: mejores opciones y qué saber antes de ponértelos,looksmax.org,REWRITE
/d/19915-como-tener-rizz-la-primera-vez-que-le-escribes-a-una-chica,Cómo tener rizz la primera vez que le escribes a una chica,looksmax.org,REWRITE
/d/19926-bb-cream-maxxing,BB Cream Maxxing 🧴,looksmax.org,REWRITE
/d/19928-como-ganar-15kg-33lb-de-masa-de-calidad-en-8-semanas,Cómo ganar 15KG (33lb) de masa de calidad en 8 semanas,looksmax.org,REMOVE_URGENT
/d/1997-solo-desbloatea-tu-cara-con-3l-de-agua-bro-la-brutal-debloatpill,\¡Solo Desbloatea Tu Cara Con 3L de Agua Bro!\ – La Brutal Debloatpill,looksmax.org,REWRITE
/d/19971-como-coger-siendo-un-normie-parte-1,CÓMO COGER SIENDO UN NORMIE PARTE - 1,looksmax.org,REWRITE
/d/1998-la-biblia-final-de-ll-procedimientos-proporciones-riesgos-y-recuperacion,La Biblia Final de LL – Procedimientos; Proporciones; Riesgos y Recuperación,looksmax.org,REWRITE
/d/20020-entrena-como-mentzer-una-guia-completa-de-gymmaxxing-sin-demasiado-esfuerzo,ENTRENA COMO MENTZER (una guía completa de gymmaxxing sin demasiado esfuerzo),looksmax.org,REWRITE
/d/20026-como-me-deshice-de-mi-psoriasis-psoriasis-cels-entren-aqui,Cómo me deshice de mi psoriasis (PSORIASIS CELS ENTREN AQUÍ),looksmax.org,REWRITE
/d/20084-metodo-insano-para-bajar-cortisol-y-aumentar-testosterona-gtfih-boneless-ethnics-manlets-sub6s-framelets-y-rotters,Método Insano Para Bajar CORTISOL y Aumentar TESTOSTERONA | GTFIH Boneless; Ethnics; Manlets; sub6s; framelets y rotters.,looksmax.org,REWRITE
/d/20088-guia-definitiva-para-una-coloracion-optima-de-piel-y-cabello,Guía definitiva para una COLORACIÓN óptima de piel y cabello :,looksmax.org,REWRITE
/d/20112-como-arreglar-los-remolinos,Cómo Arreglar Los Remolinos.,looksmax.org,REWRITE
/d/20118-por-que-el-philips-oneblade-mogs-guia-de-como-usarlo,Por qué el Philips OneBlade MOGS + Guía de Cómo Usarlo,looksmax.org,REWRITE
/d/2016-como-ganar-una-buena-reputacion,Cómo ganar una buena reputación,looksmax.org,REWRITE
/d/20173-estetica-masculina-ideal-para-el-appeal,ESTÉTICA MASCULINA IDEAL PARA EL APPEAL,looksmax.org,REWRITE
/d/20177-utilizando-farmacos-otc-1-meclozinameclizina,\Utilizando\ fármacos OTC 1: Meclozina/Meclizina,looksmax.org,REWRITE
/d/2023-la-guia-definitiva-de-carillas-alto-esfuerzo,La guía definitiva de carillas [Alto esfuerzo],looksmax.org,REWRITE
/d/20239-la-guia-definitiva-de-nosemaxxing,LA GUÍA DEFINITIVA DE NOSEMAXXING,looksmax.org,REWRITE
/d/20247-como-hacer-aceite-de-dht-cruza-la-barrera-hematoencefalica,Cómo hacer aceite de DHT - (Cruza la barrera hematoencefálica),looksmax.org,REWRITE
/d/20272-analizando-por-que-la-cara-de-at-albinomaxxer-es-ltn-en-video-y-tutorial-sobre-como-analizar-pomulos,¡Analizando por qué la cara de @AlbinoMaxxer es LTN en VIDEO y TUTORIAL sobre cómo analizar PÓMULOS!!!,looksmax.org,REWRITE
/d/20273-guia-de-bass-revelada-thread-ultra-gtfih,Guía de Bass REVELADA; thread ultra GTFIH,looksmax.org,REWRITE
/d/20294-tier-list-de-musculos,Tier list de músculos,looksmax.org,REWRITE
/d/20315-metodo-jawad-mega-guia-completa-de-looksmaxxing,Método Jawad (mega guía completa de looksmaxxing),looksmax.org,REWRITE
/d/20319-guia-de-heightmaxxing-para-richcells,GUÍA DE HEIGHTMAXXING (para richcells),looksmax.org,REWRITE
/d/20358-como-lograr-un-afeitado-suave-como-trasero-de-bebe-bbs-a-la-primera-cada-vez-guia-suprema,Cómo Lograr un Afeitado Suave como Trasero de Bebé (BBS) a la Primera Cada Vez - Guía Suprema,looksmax.org,REWRITE
/d/20371-guia-simple-de-heightfraud-manlets-gtfih-tallcels-gtfo,Guía Simple de Heightfraud (Manlets GTFIH; Tallcels GTFO),looksmax.org,REWRITE
/d/2038-guia-de-voicemaxxing-gtfih,GUÍA DE VOICEMAXXING GTFIH,looksmax.org,REWRITE
/d/20434-guia-de-jelqing,Guía de jelqing,looksmax.org,REWRITE
/d/20493-todo-lo-que-necesitas-saber-sobre-la-isotretinoina-lo-mas-corto-posible,todo lo que necesitas saber sobre la isotretinoína (lo más corto posible),looksmax.org,REMOVE_URGENT
/d/2051-como-usar-glutation-y-sus-beneficios,Cómo usar glutatión y sus beneficios,looksmax.org,REMOVE_URGENT
/d/20545-rutina-pre-evento-deshinchazon-demencial,RUTINA PRE-EVENTO (DESHINCHAZÓN DEMENCIAL),looksmax.org,REWRITE
/d/2055-como-morphear-tu-cara-correctamente-y-hacer-fraude-en-las-fotos,Cómo morphear tu cara correctamente y hacer fraude en las fotos,looksmax.org,REWRITE
/d/2056-maxilar-diferencia-entre-recesivo-y-plano-explicado-con-animaciones-3d,💀 Maxilar: Diferencia entre Recesivo y Plano; Explicado con Animaciones 3D,looksmax.org,REWRITE
/d/20571-guia-de-higiene-y-anti-estrogenos,Guía de higiene y anti-estrógenos,looksmax.org,REWRITE
/d/20578-como-realmente-conseguir-follarla,CÓMO REALMENTE CONSEGUIR FOLLARLA 💏,looksmax.org,REMOVE_URGENT
/d/2058-una-descripcion-general-de-aas-y-cambios-faciales-aumentar-huesos-faciales-con-aas-como-veamos-es-posible-hilo-antiguo-editado,UNA DESCRIPCIÓN GENERAL DE AAS Y CAMBIOS FACIALES + AUMENTAR HUESOS FACIALES CON AAS ? CÓMO VEAMOS . ¿ES POSIBLE ?+ HILO ANTIGUO EDITADO,looksmax.org,REWRITE
/d/20646-como-acumular-100-slaycount-siendo-htn-en-la-vida-real,Cómo acumular 100+ slaycount siendo HTN+ en la vida real,looksmax.org,REWRITE
/d/20651-por-que-tu-cara-se-ve-tan-triste-decaida-retardada-simplemente-y-como-arreglarlo-con-higiene-basica-a-menos-que-estes-geneticamente-jodido,Por qué tu cara se ve tan triste; decaída; retardada simplemente y cómo arreglarlo con higiene básica (a menos que estés genéticamente jodido),looksmax.org,REMOVE_URGENT
/d/20700-revierte-por-completo-la-asimetria-extrema-de-la-mandibula-en-menos-de-1-mes-con-pruebas,Revierte por completo la asimetría extrema de la mandíbula en menos de 1 mes (con pruebas).,looksmax.org,REWRITE
/d/20710-construyendo-un-perfil-de-instagram-atractivo-guia-de-instagrammaxxing,CONSTRUYENDO UN PERFIL DE INSTAGRAM ATRACTIVO (GUÍA DE INSTAGRAMMAXXING),looksmax.org,REWRITE
/d/20717-aumentar-la-estatura-despues-de-los-18-21-analisis,Aumentar la estatura después de los 18-21 (Análisis),looksmax.org,REMOVE_URGENT
/d/20753-guia-definitiva-de-voicemaxxing-todos-entren-aqui,GUÍA DEFINITIVA DE VOICEMAXXING - todos ENTREN AQUÍ,looksmax.org,REWRITE
/d/20767-como-ser-un-influencer-fake-natty,Cómo ser un influencer fake natty,looksmax.org,REWRITE
/d/2077-heromaxxing-extremadamente-alto-esfuerzo-lifefuel,HEROMAXXING [extremadamente alto esfuerzo lifefuel],looksmax.org,REWRITE
/d/20781-un-estudio-dice-que-las-personas-que-siguen-una-dieta-a-base-de-plantas-tienen-mas-testosterona-que-los-comedores-de-carne-guia-de-testosterone-maxxing-a-base-de-plantas,Un estudio dice que las personas que siguen una dieta a base de plantas tienen más testosterona que los comedores de carne [GUÍA DE TESTOSTERONE MAXXING A BASE DE PLANTAS],looksmax.org,REWRITE
/d/20791-la-santa-triada-para-conseguir-sexo-y-relaciones,La Santa Tríada para conseguir sexo y relaciones,looksmax.org,REWRITE
/d/20821-el-metodo-igf-1-como-maximizar-tu-igf-1-de-forma-natural-para-crecer-mas-alto,El Método IGF-1: Cómo Maximizar tu IGF-1 de Forma Natural para Crecer Más Alto,looksmax.org,REMOVE_URGENT
/d/20842-como-conseguir-las-mejores-ganancias-de-tu-vida-lo-antes-posible-guia,Cómo conseguir las mejores ganancias de tu vida LO ANTES POSIBLE (Guía),looksmax.org,REWRITE
/d/20856-guia-completa-del-cuidado-de-la-piel-coreano,Guía Completa del Cuidado de la Piel Coreano,looksmax.org,REWRITE
/d/20861-como-microdosificar-finasterida-con-dosificacion-liquida-volumetrica-es-muy-facil,Cómo microdosificar finasterida con dosificación líquida volumétrica (es muy fácil),looksmax.org,REMOVE_URGENT
/d/20866-reinicio-de-salud-intestinal,Reinicio de Salud Intestinal,looksmax.org,REWRITE
/d/2088-guia-legitima-de-caza-en-bares-todos-los-niveles-de-aspecto-incluidos-botb,Guía legítima de caza en bares (todos los niveles de aspecto incluidos) BOTB?,looksmax.org,REWRITE
/d/20889-guia-facil-de-ligues-rectos-en-grindr,Guía fácil de ligues RECTOS en Grindr,looksmax.org,REWRITE
/d/20912-como-medir-correctamente-las-proporciones-faciales-en-mm,Cómo medir correctamente las proporciones faciales en mm,looksmax.org,REWRITE
/d/20944-como-calcular-tu-estatura-final-sin-hacerte-radiografias-de-las-placas-de-crecimiento,Cómo calcular tu estatura final sin hacerte radiografías de las placas de crecimiento,looksmax.org,REWRITE
/d/20956-lista-de-cosas-que-aumentan-el-cortisol,Lista de cosas que aumentan el cortisol,looksmax.org,REWRITE
/d/20961-puta-madre-la-mejor-forma-de-reducir-el-tamano-de-tu-nariz-sin-cirugia,PUTA MADRE LA MEJOR FORMA DE REDUCIR EL TAMAÑO DE TU NARIZ SIN CIRUGÍA,looksmax.org,REWRITE
/d/20979-como-ascendi-guia-de-pubertymaxxing,Cómo ascendí (guía de pubertymaxxing),looksmax.org,REWRITE
/d/20980-el-puente-nasal-es-la-clave-de-la-estetica-nasal-nosecels-gtfih,El puente nasal es la CLAVE de la estética nasal (NOSECELS GTFIH),looksmax.org,REMOVE_URGENT
/d/20996-por-que-no-estas-cholesterol-maxxing,¿Por qué no estás cholesterol maxxing?,looksmax.org,REWRITE
/d/21027-aspectos-claveimportantes-para-heightfraudear-con-alzas-correctamente,Aspectos clave/importantes para heightfraudear con alzas correctamente,looksmax.org,REWRITE
/d/21066-guia-de-gymcelling,Guía de Gymcelling,looksmax.org,REWRITE
/d/21096-guia-de-maxxing-de-ereccion-del-pene-como-nunca-lidiar-con-sintomas-de-disfuncion-erectil-y-potencialmente-ganar-tamano,Guía de maxxing de erección del pene: Cómo nunca lidiar con síntomas de disfunción eréctil; y POTENCIALMENTE ganar tamaño,looksmax.org,REMOVE_URGENT
/d/21119-pestanas-largas-y-su-importancia-en-el-atractivo-del-area-ocular,Pestañas largas; y su importancia en el atractivo del área ocular,looksmax.org,REWRITE
/d/21122-haz-tu-propia-feruladispositivo-para-ensanchar-la-boca,HAZ TU PROPIA FÉRULA/DISPOSITIVO PARA ENSANCHAR LA BOCA,looksmax.org,REWRITE
/d/21167-muelas-del-juicio-todo-lo-que-necesitas-saber,MUELAS DEL JUICIO | TODO LO QUE NECESITAS SABER,looksmax.org,REWRITE
/d/21177-guia-definitiva-de-simetria-como-arreglar-la-asimetria-y-por-que-es-esencial-para-el-looksmaxing,Guía Definitiva de Simetría: Cómo Arreglar la Asimetría y Por Qué es ESENCIAL Para el Looksmaxing,looksmax.org,REWRITE
/d/2118-como-tener-citas-en-la-prepa-15-17-gtfih,¿Cómo tener citas en la prepa? (15-17 GTFIH),looksmax.org,REMOVE_URGENT
/d/21182-guia-sobre-como-mitigar-riesgos-cardiacos-con-aas-esteroides,Guía sobre cómo mitigar riesgos cardíacos con AAS (esteroides),looksmax.org,REWRITE
/d/21200-guia-definitiva-para-aclarar-los-ojos-como-aclarar-el-color-de-ojos-por-que-es-esencial-para-el-looksmaxing,Guía Definitiva para Aclarar los Ojos: Cómo Aclarar el Color de Ojos & Por Qué es ESENCIAL Para el Looksmaxing,looksmax.org,REWRITE
/d/21208-confidencemaxxing-guia-para-vencer-la-ansiedad-socialtimidezalta-inhibicion,Confidencemaxxing. Guía para vencer la ansiedad social/timidez/alta inhibición,looksmax.org,REWRITE
/d/21225-deshincharse-rapido,Deshincharse rápido,looksmax.org,REWRITE
/d/21272-revelando-tu-estructura-osea-la-guia-definitiva-para-superar-la-hinchazon,Revelando Tu Estructura Ósea: La Guía Definitiva para Superar la Hinchazón,looksmax.org,REWRITE
/d/21300-por-que-envejeces-glicosilacion-y-ages-asesinos-insidiosos-de-tu-cuerpo,Por Qué Envejeces: Glicosilación y A.G.E.s - Asesinos Insidiosos de Tu Cuerpo,looksmax.org,REMOVE_URGENT
/d/21320-como-mejorar-la-forma-de-tu-nariz-sin-una-cirugia,Cómo mejorar la forma de tu nariz sin una cirugía,looksmax.org,REMOVE_URGENT
/d/2133-informacionguia-de-hipertrofiagymcel-respaldada-cientificamente-deja-todas-las-otras-guias-de-gymcel-en-el-polvo,INFORMACIÓN/GUÍA DE HIPERTROFIA/GYMCEL RESPALDADA CIENTÍFICAMENTE (DEJA TODAS LAS OTRAS GUÍAS DE GYMCEL EN EL POLVO),looksmax.org,REWRITE
/d/21347-subir-de-peso-la-manera-facil,Subir de peso: La manera fácil,looksmax.org,REWRITE
/d/21374-guia-para-entender-mejor-a-las-mujeres-como-tus-relaciones-interpersonales-influyen-en-la-atraccion,Guía para Entender Mejor a las Mujeres: Cómo tus relaciones interpersonales influyen en la atracción,looksmax.org,REWRITE
/d/2140-farma-capilar-abc-todo-lo-que-necesitas-saber,📖 Farma capilar ABC - Todo lo que necesitas saber 🧠,looksmax.org,REWRITE
/d/21408-por-que-importa-la-pigmentacion-como-optimizar-tu-coloracion,Por Qué Importa la Pigmentación: Cómo Optimizar Tu Coloración,looksmax.org,REWRITE
/d/21431-deja-de-ciclar-esteroides-blast-cruise,Deja de ciclar esteroides; blast & cruise,looksmax.org,REWRITE
/d/21434-como-realmente-aumentar-tu-testosterona-de-forma-natural,Cómo REALMENTE aumentar tu testosterona DE FORMA NATURAL,looksmax.org,REMOVE_URGENT
/d/21439-guia-de-melanotan-2-para-maxear-tu-coloracion-palecels-gtfih,Guía de Melanotan 2 para MAXear tu Coloración (Palecels GTFIH),looksmax.org,REWRITE
/d/21473-piel-impecable-la-guia-definitiva-para-un-cutis-saludable,Piel Impecable: La Guía Definitiva para un Cutis Saludable,looksmax.org,REWRITE
/d/21482-guia-de-squintmaxxing,GUÍA DE SQUINTMAXXING,looksmax.org,REWRITE
/d/21484-los-mejores-entrenamientos-de-antebrazos,Los mejores entrenamientos de antebrazos,looksmax.org,NOINDEX
/d/21486-guia-de-entrenamiento-del-cuello,Guía de Entrenamiento del Cuello,looksmax.org,REWRITE
/d/21490-guia-para-deshinchar,GUÍA PARA DESHINCHAR,looksmax.org,REWRITE
/d/21491-guia-completa-de-como-salir-de-la-vida-incel-y-ser-mejor-que-un-chad-100-garantizado,GUÍA COMPLETA DE CÓMO SALIR DE LA VIDA INCEL Y SER MEJOR QUE UN CHAD (100 % GARANTIZADO),looksmax.org,REMOVE_URGENT
/d/21540-mini-guia-de-diureticosdesinflamarse,Mini guía de diuréticos/desinflamarse,looksmax.org,REWRITE
/d/21546-regulacion-epigenetica-dirigida-a-la-osteogenesis-controlar-el-crecimiento-del-craneo,Regulación epigenética dirigida a la osteogénesis (Controlar el crecimiento del cráneo),looksmax.org,REWRITE
/d/21547-la-conexion-entre-salud-y-belleza-una-guia-completa,La Conexión Entre Salud y Belleza: Una Guía Completa,looksmax.org,REWRITE
/d/21549-mi-rutina-basica-para-los-labios-delgadolabios-gtfih,Mi rutina básica para los labios; delgadolabios GTFIH,looksmax.org,REMOVE_URGENT
/d/21552-descubre-cuanta-t-tienes-sin-un-analisis-de-sangreguia-completa,DESCUBRE CUÁNTA T TIENES SIN UN ANÁLISIS DE SANGRE(GUÍA COMPLETA),looksmax.org,REWRITE
/d/21571-megathread-definitivo-con-la-lista-de-cada-metodo-hormonal-fisico-y-psicologico-de-testosteronemaxxing-que-funciona-sigo-agregando,MEGATHREAD DEFINITIVO CON LA LISTA DE CADA MÉTODO HORMONAL FÍSICO Y PSICOLÓGICO DE TESTOSTERONEMAXXING QUE FUNCIONA (SIGO AGREGANDO),looksmax.org,REWRITE
/d/21623-riesgo-de-usar-hgh,RIESGO DE USAR HGH,looksmax.org,REWRITE
/d/21629-lista-de-excusas-que-puedes-usar-para-explicar-cirugias-fraudes,Lista De Excusas Que Puedes Usar Para Explicar Cirugías/ Fraudes,looksmax.org,REWRITE
/d/2163-guia-de-looksmaxxing-del-aliento-como-tener-un-aliento-divino-en-todo-momento,Guía de Looksmaxxing del Aliento: Cómo Tener un Aliento DIVINO En Todo Momento,looksmax.org,REWRITE
/d/21635-elasticos-con-brackets,Elásticos con brackets,looksmax.org,REWRITE
/d/21668-metodo-super-asesino-de-poros-como-deshacerte-de-los-filamentos-sebaceos-viejo-metodo-de-lookism,Método Súper Asesino de Poros: Cómo Deshacerte de los Filamentos Sebáceos (viejo método de lookism),looksmax.org,REWRITE
/d/21674-una-guia-sobre-el-ojo-vago-por-que-es-crucial-para-el-looksmax-y-como-arreglarlo,Una guía sobre el Ojo Vago; Por qué es Crucial para el Looksmax; y Cómo Arreglarlo.,looksmax.org,REWRITE
/d/2171-guia-maxima-definitiva-de-aclarado-de-pene-enrojecimiento-de-glande-mega-hilo-browncels-gtfih,GUÍA MÁXIMA DEFINITIVA DE ACLARADO DE PENE / ENROJECIMIENTO DE GLANDE [MEGA-HILO; BROWNCELS GTFIH],looksmax.org,REWRITE
/d/21741-forma-facil-y-precisa-de-predecir-la-altura-en-la-edad-adulta-menores-de-16cels-gtfih,Forma fácil y PRECISA de Predecir la Altura en la Edad Adulta (menores de 16cels GTFIH),looksmax.org,REWRITE
/d/21843-como-el-ayuno-aumentara-la-hormona-del-crecimiento,Cómo el ayuno aumentará la hormona del crecimiento,looksmax.org,REMOVE_URGENT
/d/21845-por-el-amor-de-dios-no-comas-comida-grasosa-antes-de-tu-entrenamiento-la-razon-cientifica,Por el amor de Dios no comas comida grasosa antes de tu entrenamiento (la razón científica),looksmax.org,REWRITE
/d/21880-guia-pequena-y-rapida-de-como-hacer-una-subcision-en-casa,guía pequeña y rápida de cómo hacer una subcisión en casa.,looksmax.org,REMOVE_URGENT
/d/21891-guia-completa-de-ascension-estudios-pronto,GUÍA COMPLETA DE ASCENSIÓN [Estudios Pronto],looksmax.org,REWRITE
/d/21907-senales-de-que-eres-un-gymcel,Señales de que eres un Gymcel,looksmax.org,REWRITE
/d/21911-5x-mas-hgh-sin-inyecciones,5x más HGH sin INYECCIONES,looksmax.org,REWRITE
/d/2192-guia-de-peleas-callejeras-el-rasgo-ntlow-inhib-mas-subestimado-solo-entran-hombres-de-alta-t,Guía de peleas callejeras - el rasgo NT/low inhib más subestimado (SOLO ENTRAN HOMBRES DE ALTA T),looksmax.org,REWRITE
/d/21934-heightmaxxing,Heightmaxxing,looksmax.org,REWRITE
/d/21947-guia-para-ser-estoico-para-personas-que-se-pudren-en-los-foros,Guía para ser Estoico (para personas que se pudren en los foros).,looksmax.org,REWRITE
/d/21952-como-convertirse-en-un-chad-guia-completa-de-looksmaxxing,CÓMO CONVERTIRSE EN UN CHAD (GUÍA COMPLETA DE LOOKSMAXXING),looksmax.org,REMOVE_URGENT
/d/2196-como-arregle-mi-perfil-lateral-subhumano-overbitecels-es-obligatorio-que-entren,CÓMO ARREGLÉ MI PERFIL LATERAL SUBHUMANO; OVERBITECELS ES OBLIGATORIO QUE ENTREN,looksmax.org,REWRITE
/d/22000-guia-de-afeitado-en-humedo-sin-irritacion-sin-foliculitis-y-un-afeitado-al-ras,Guía de Afeitado en Húmedo: Sin Irritación; Sin Foliculitis y un Afeitado al Ras,looksmax.org,REWRITE
/d/22006-mi-metodo-para-desinflamar-no-solo-evitar-el-agua,Mi método para desinflamar (no solo evitar el agua),looksmax.org,REWRITE
/d/22015-como-y-cuando-fraudear-altura-a-estas-alturas,CÓMO Y CUÁNDO FRAUDEAR ALTURA - A ESTAS ALTURAS,looksmax.org,REWRITE
/d/22021-secreto-hilo-de-guia-de-altura,(SECRETO) Hilo de Guía de Altura,looksmax.org,REWRITE
/d/22032-guia-de-como-administrar-esteroidespeds-orales-te-garantizo-que-lo-estas-haciendo-mal,Guía De Cómo Administrar Esteroides/PEDs Orales (Te Garantizo Que Lo Estás Haciendo Mal),looksmax.org,REWRITE
/d/2205-guia-completa-de-indiamart,GUÍA COMPLETA DE INDIAMART,looksmax.org,REWRITE
/d/22071-como-reconocer-la-laxitud-del-parpado-inferior,Cómo reconocer la laxitud del párpado inferior,looksmax.org,REWRITE
/d/2213-debloatea-instantaneamente-con-esta-comida-loca,DEBLOATEA INSTANTÁNEAMENTE CON ESTA COMIDA LOCA,looksmax.org,REWRITE
/d/2215-blackcels-vayan-a-rusia-ahora-guia-de-geomaxxing,BLACKCELS; VAYAN A RUSIA; AHORA (Guía de Geomaxxing),looksmax.org,REWRITE
/d/2216-como-arregle-mi-coloracion-guia-de-softmax-gtifh,CÓMO ARREGLÉ MI COLORACIÓN (Guía de Softmax) -GTIFH,looksmax.org,REWRITE
/d/22162-como-arreglar-el-scleral-show-inferior,Cómo arreglar el scleral show inferior,looksmax.org,REWRITE
/d/22176-lo-basico-para-adolescentes-teencels-aspies-entren-ya,Lo básico para adolescentes (TEENCELS; ASPIES ENTREN YA),looksmax.org,REWRITE
/d/2218-esto-es-lo-que-hago-yo-para-fraudear,Esto es lo que hago yo para fraudear,looksmax.org,REMOVE_URGENT
/d/22212-guia-de-verdad-de-cold-approachpua-ama,Guía de verdad de cold approach/PUA + AMA,looksmax.org,REWRITE
/d/22228-bueno-voy-a-publicar-la-rutina-para-desinflamarme-que-me-llevan-pidiendo,Bueno... voy a publicar la rutina para desinflamarme que me llevan pidiendo...,looksmax.org,REWRITE
/d/22231-como-arreglar-los-hombros-desiguales,CÓMO ARREGLAR LOS HOMBROS DESIGUALES,looksmax.org,REWRITE
/d/22232-asi-es-como-coges-mujeres-si-tienes-una-pija-grande-pero-cara-fea-y-no-eres-de-59,Así es cómo coges mujeres si tienes una pija grande pero cara fea y no eres de 5'9+,looksmax.org,REWRITE
/d/22234-como-volverte-extremadamente-popular-y-querido,Cómo volverte extremadamente popular y querido,looksmax.org,REWRITE
/d/22290-como-conseguir-heterocromia,Cómo conseguir heterocromía,looksmax.org,REWRITE
/d/22314-la-guia-oficial-de-las-unas-y-la-glandula-tiroides-trastornos-de-la-tiroides-y-cambios-en-las-unas,La guía oficial de las uñas y la glándula tiroides: Trastornos de la tiroides y cambios en las uñas,looksmax.org,REWRITE
/d/2232-por-esto-la-cirugia-te-va-a-destruir-el-cerebro-si-no-sigues-esta-guia-de-anestesia,Por esto la cirugía te VA A DESTRUIR EL CEREBRO si no sigues esta guía de anestesia,looksmax.org,REWRITE
/d/2234-la-guia-practica-del-cabello-de-bucketcrab-entendiendo-el-cabello-y-como-tener-un-cabello-hermoso-lo-mas-rapido-posible,La Guía Práctica del Cabello de BucketCrab - Entendiendo el Cabello y Cómo Tener un Cabello Hermoso Lo Más Rápido Posible.,looksmax.org,REWRITE
/d/2238-como-chupar-cono-como-un-dios,Cómo Chupar Coño Como Un Dios,looksmax.org,REWRITE
/d/22399-plan-de-comidas-bulking-de-6000-calorias-diarias-como-htn-de-67,Plan de comidas bulking de 6000 calorías diarias (como HTN de 6'7),looksmax.org,REWRITE
/d/2242-guia-completa-de-indiamart-orales-al-precio-de-la-tierra,GUÍA COMPLETA DE INDIAMART (¡orales al precio de la tierra!),looksmax.org,REWRITE
/d/2245-guia-definitiva-para-una-mandibula-masculina,GUÍA DEFINITIVA PARA UNA MANDÍBULA MASCULINA,looksmax.org,REWRITE
/d/22453-las-cirugias-son-bien-faciles-de-conseguir-como-conseguir-bimax-o-rhino-gratis-birdcels-gtfih,Las cirugías son bien fáciles de conseguir (Cómo conseguir Bimax o Rhino gratis) Birdcels GTFIH,looksmax.org,REWRITE
/d/2253-guia-de-looksmaxxing-del-area-de-ojos-como-tener-los-ojos-de-un-semidios,Guía de Looksmaxxing del Área de Ojos: ¡Cómo Tener los Ojos de un Semidios!,looksmax.org,REWRITE
/d/22575-proporciones-ideales-para-hombres-gtfih-greycels,Proporciones Ideales Para Hombres (Gtfih Greycels),looksmax.org,REWRITE
/d/22616-rutina-de-cuidado-de-piel-para-mantener-piel-clara-y-evitar-brotes-cara,Rutina de cuidado de piel para mantener piel clara y evitar brotes (cara),looksmax.org,REWRITE
/d/2263-guia-de-blanqueamiento-de-sayori-guia-completa-desde-blanqueamiento-general-de-piel-hasta-tratamiento-de-melasma-no-necesitas-pensar-solo-lee-parte-1,GUÍA DE BLANQUEAMIENTO DE SAYORI - [Guía completa desde blanqueamiento general de piel hasta tratamiento de melasma] no necesitas pensar solo lee-Parte 1,looksmax.org,REWRITE
/d/22637-como-realmente-hablarle-al-sexo-opuesto-guia-definitiva-ropecels-gtfih,CÓMO REALMENTE HABLARLE AL SEXO OPUESTO. (GUÍA DEFINITIVA) (ROPECELS GTFIH),looksmax.org,REWRITE
/d/22711-guia-de-como-curar-o-reducir-significativamente-la-intolerancia-a-la-lactosa,Guía de cómo curar o reducir significativamente la intolerancia a la lactosa,looksmax.org,REWRITE
/d/22715-plan-de-entrenamiento-por-cada-musculo-con-peso-corporal-mancuerna-y-barra-de-dominadas-calistenia-y-mancuerna,Plan de entrenamiento por cada músculo (Con peso corporal; mancuerna y barra de dominadas) | Calistenia y mancuerna,looksmax.org,REMOVE_URGENT
/d/22716-como-potencialmente-conseguir-ojos-mas-hundidos,Cómo potencialmente conseguir ojos más hundidos,looksmax.org,REMOVE_URGENT
/d/22772-construye-un-tremendo-culote-jugoso,CONSTRUYE UN TREMENDO CULOTE JUGOSO,looksmax.org,REWRITE
/d/22778-guia-de-chatgpt-para-la-protrusion-bimaxilar-en-hombres-del-este-de-asia-bimax-protrusioncels-gtfih,Guía de ChatGpt para la protrusión bimaxilar en hombres del este de Asia (Bimax Protrusioncels GTFIH),looksmax.org,REWRITE
/d/22785-como-salir-del-estatus-khhv-si-tienes-20-25-anos-siendo-ltnmtn-estes-en-la-universidad-o-no,Cómo salir del estatus KHHV si tienes 20-25 años siendo LTN/MTN (estés en la universidad o no),looksmax.org,REWRITE
/d/22789-no-hagas-recomposicion-corporal-y-que-hacer-en-su-lugar,No hagas recomposición corporal (y qué hacer en su lugar),looksmax.org,REWRITE
/d/2281-los-softmaxxes-que-hago-yo-y-tu-tambien-deberias-antes-de-salir-gtfih,Los SOFTMAXXES que hago yo (y tú también deberías) antes de salir. GTFIH!,looksmax.org,REWRITE
/d/22828-guia-mk677,GUÍA MK677,looksmax.org,REWRITE
/d/22830-maxxing-basico-de-nt-en-redes-sociales,Maxxing básico de NT en redes sociales,looksmax.org,REWRITE
/d/2292-guia-skinmax-definitiva-a-z-como-lograr-piel-de-nivel-thom-strijd-consejos-practicos-para-mejorar-coloracion-de-piel-brillo-colageno-y-prevenir-fotoenvejecimiento,[Guía Skinmax Definitiva] A-Z Cómo lograr piel de nivel Thom Strijd. Consejos prácticos para mejorar coloración de piel; brillo; colágeno y prevenir fotoenvejecimiento,looksmax.org,REWRITE
/d/22978-guia-definitiva-de-mascarilla-para-el-cabello,guía definitiva de mascarilla para el cabello,looksmax.org,REMOVE_URGENT
/d/23000-desbloqueando-tu-sonrisa-nunca-mas-tengas-una-caries,Desbloqueando tu sonrisa: Nunca más tengas una caries,looksmax.org,REWRITE
/d/23006-guia-de-anatomia-entiende-como-funciona-cada-musculo,Guía de anatomía: Entiende cómo funciona cada músculo,looksmax.org,REWRITE
/d/23049-hack-de-approach-de-frio-a-calido,Hack de approach de frío a cálido,looksmax.org,REWRITE
/d/2309-la-biblia-del-color,La Biblia del Color,looksmax.org,REWRITE
/d/23090-mi-rutina-de-hamzamaxxing-parte-1,Mi rutina de Hamzamaxxing (parte 1),looksmax.org,REWRITE
/d/23098-guia-sobre-como-hacer-tus-comidas-goyslop-favoritas-saludables-en-casa-bbc,guía sobre cómo hacer tus comidas goyslop favoritas saludables en casa + BBC,looksmax.org,REMOVE_URGENT
/d/2310-guia-de-networkmaxxing-alto-esfuerzo,GUÍA DE NETWORKMAXXING (alto esfuerzo),looksmax.org,REWRITE
/d/2314-como-escapar-del-infame-currytax-alias-estereotipos-del-sur-de-asia-westernized-curries-gtfin,Cómo escapar DEL infame Currytax alias “estereotipos del sur de Asia” (Westernized CURRIES GTFIN):,looksmax.org,REWRITE
/d/2320-pestanamaxxing-la-guia-definitiva-para-pestanas-exuberantes-y-voluminosas,Pestañamaxxing: La guía definitiva para pestañas exuberantes y voluminosas,looksmax.org,REWRITE
/d/23229-guia-de-looksmaxing-para-blancos-con-ojos-cafes-y-pelo-cafe-gtfih,GUÍA DE LOOKSMAXING PARA BLANCOS CON OJOS CAFÉS Y PELO CAFÉ GTFIH,looksmax.org,REWRITE
/d/23230-como-hacer-softmaxx-basicos,Cómo hacer softmaxx [básicos],looksmax.org,REMOVE_URGENT
/d/23232-cirugias-y-que-hacen,Cirugías y qué hacen,looksmax.org,REWRITE
/d/23248-como-hablar-con-chicas-funciona-con-autistas-tambien,CÓMO HABLAR CON CHICAS (FUNCIONA CON AUTISTAS TAMBIÉN),looksmax.org,REWRITE
/d/23252-anquiloglosia-causa-del-crecimiento-hacia-abajo-y-la-falta-de-angularidad,Anquiloglosia: Causa del crecimiento hacia abajo y la falta de angularidad,looksmax.org,REWRITE
/d/23289-hilo-muy-raro-sub5incel125-highiq-gymmaxxing-101,Hilo muy raro sub5incel125 Highiq. Gymmaxxing 101.,looksmax.org,REMOVE_URGENT
/d/23321-la-importancia-de-finalizar-planes-quirurgicos-rapidamente,La importancia de finalizar planes quirúrgicos rápidamente,looksmax.org,REWRITE
/d/23374-como-aumentar-el-apetito-a-traves-de-isrs-e-antihistaminicos,Cómo aumentar el apetito - a través de ISRS e antihistamínicos,looksmax.org,REWRITE
/d/23387-hilo-de-agua-de-soft-maxes-sin-cope,Hilo de agua de soft maxes (sin cope),looksmax.org,REMOVE_URGENT
/d/2340-como-ascender-hacer-preguntas,CÓMO ASCENDER + HACER PREGUNTAS,looksmax.org,REWRITE
/d/23456-guia-de-armonia-angular,Guía de Armonía Angular,looksmax.org,REWRITE
/d/2351-megaguia-de-aumento-de-altura-de-altura-mogueado-a-mogueador-de-altura-los-mecanismos-impulsores-de-la-altura-y-como-mejorarlos,Megaguía de Aumento de Altura: De Altura Mogueado a Mogueador de Altura (Los Mecanismos Impulsores de la Altura y Cómo Mejorarlos),looksmax.org,REWRITE
/d/23516-complicaciones-de-bimax-trimax,Complicaciones de Bimax / Trimax,looksmax.org,REWRITE
/d/23527-metodo-de-pe-brutal-inhibcels-bajos-venganse-paca,Método de PE brutal. [INHIBcels BAJOS VÉNGANSE PACÁ],looksmax.org,REWRITE
/d/23531-manipular-el-cabello-y-el-vello-facial-para-mejorar-failos,Manipular el cabello y el vello facial para mejorar failos,looksmax.org,REWRITE
/d/23538-la-mejor-forma-de-desinflar-rapido,La mejor forma de desinflar rápido,looksmax.org,REWRITE
/d/23573-el-rol-de-la-fascia-en-la-estetica-facial-y-por-que-es-importante-aflojarla,El rol de la fascia en la estética facial y por qué es importante aflojarla.,looksmax.org,REMOVE_URGENT
/d/23612-como-hacer-medmaxx-para-el-verano-del-proximo-ano-guia-completa-etnicos-gtfih,Cómo hacer Medmaxx para el verano del próximo año GUÍA COMPLETA (Etnicos GTFIH),looksmax.org,REWRITE
/d/23618-deberian-probar-esta-app-gratuita-para-editar-el-rostro,Deberían probar esta app gratuita para editar el rostro,looksmax.org,REWRITE
/d/23621-que-carajos-es-el-sindrome-de-marfans,¿Qué CARAJOS es el SÍNDROME DE MARFANS?,looksmax.org,REWRITE
/d/23656-los-mejores-productos-de-cuidado-de-la-piel,¡¡¡LOS MEJORES PRODUCTOS DE CUIDADO DE LA PIEL!!!,looksmax.org,REWRITE
/d/2366-guia-completa-de-anti-androgenos,GUÍA COMPLETA DE ANTI ANDRÓGENOS,looksmax.org,REWRITE
/d/23761-como-bajar-tu-inhib-de-forma-natural,Cómo bajar tu inhib de forma natural,looksmax.org,REWRITE
/d/23777-guia-del-calostro-los-beneficios-del-oro-liquido,Guía del Calostro: Los Beneficios del Oro Líquido,looksmax.org,REMOVE_URGENT
/d/23807-como-no-arruinar-tu-vida-mientras-estes-en-pubertad-gtfih,Cómo no arruinar tu vida mientras estés en PUBERTAD (GTFIH),looksmax.org,REWRITE
/d/23819-como-usar-hidrocortisona-para-que-tu-distancia-ocular-se-vea-mas-pequena-gente-de-ojos-separados-gtfih-bajo-ci-amigable,Cómo usar hidrocortisona para que tu distancia ocular se vea más pequeña (gente de ojos separados GTFIH) (BAJO CI AMIGABLE),looksmax.org,REWRITE
/d/23821-guia-definitiva-de-muscle-maxxing,Guía definitiva de muscle maxxing,looksmax.org,REWRITE
/d/2385-la-guia-definitiva-de-fraudmaxxing-alto-esfuerzo,La Guía Definitiva de Fraudmaxxing (alto esfuerzo),looksmax.org,REWRITE
/d/23867-nt-como-actuar-completamente-como-un-normie,NT: Cómo Actuar Completamente Como un Normie,looksmax.org,REWRITE
/d/2390-ultimate-2026-guia-de-bonesmashing-sets-reps-ubicaciones-exactas-pomulos-barbilla-esquinas-de-mandibula-iqcels-destruidos,[ULTIMATE 2026] Guía de Bonesmashing: Sets; Reps & Ubicaciones Exactas Pómulos; Barbilla; Esquinas de Mandíbula (IQCELS DESTRUIDOS),looksmax.org,REMOVE_URGENT
/d/23912-guia-de-ll-enanos-entren,Guía de LL enanos entren,looksmax.org,REWRITE
/d/2392-guia-oficial-sobre-la-distorsion-de-lente-y-sus-efectos-en-el-rostro,Guía oficial sobre la distorsión de lente y sus efectos en el rostro,looksmax.org,REWRITE
/d/23946-como-aumentar-tu-peso-de-bench-en-20lbs-en-3-semanasprograma-smolov-jr-bench,CÓMO AUMENTAR TU PESO DE BENCH EN 20LBS EN 3 SEMANAS.(Programa Smolov Jr Bench),looksmax.org,REWRITE
/d/23961-el-unico-consejo-verdadero-de-looksmaxxing-despues-de-5-anos-de-looksmaxxing,El único consejo verdadero de looksmaxxing después de 5 años de looksmaxxing,looksmax.org,REMOVE_URGENT
/d/24056-todo-lo-que-aprendi-en-este-sitio-parte-2,Todo lo que aprendí en este sitio (Parte 2),looksmax.org,REWRITE
/d/24079-todo-lo-que-aprendi-en-este-sitio-parte-1-actualizado,Todo lo que aprendí en este sitio (Parte 1 Actualizado),looksmax.org,REWRITE
/d/2410-la-guia-definitiva-de-ojos-softmax-con-videos,LA GUÍA DEFINITIVA DE OJOS SOFTMAX (CON VIDEOS),looksmax.org,REMOVE_URGENT
/d/24120-inhibmaxx-subestimado,INHIBMAXX SUBESTIMADO,looksmax.org,REWRITE
/d/24133-como-medir-el-crecimiento-anterior-de-la-maxila,CÓMO: MEDIR EL CRECIMIENTO ANTERIOR DE LA MAXILA,looksmax.org,REWRITE
/d/2414-como-medir-el-crecimiento-hacia-adelante-v3,Cómo medir el crecimiento hacia adelante v3,looksmax.org,REWRITE
/d/24153-consejo-nt-camina-y-habla-lentamente,Consejo NT: camina y habla LENTAMENTE,looksmax.org,REWRITE
/d/24158-como-exigir-respeto-de-mujeres-y-otros-hombres-guia-alfa,Cómo exigir respeto de mujeres y otros hombres (GUÍA ALFA),looksmax.org,REWRITE
/d/24195-todos-los-softmax-que-existen-entren-ya-antes-de-la-cirugia,Todos los softmax que existen (entren ya antes de la cirugía),looksmax.org,REMOVE_URGENT
/d/2420-que-tanto-skull-mogger-eres,¿qué tanto skull mogger eres?,looksmax.org,REWRITE
/d/24207-si-eres-etnico-en-occidente-esconde-tu-origen-procedencia-lo-mas-posible-con-las-mujeres,Si eres étnico en Occidente esconde tu origen / procedencia lo más posible con las mujeres,looksmax.org,REWRITE
/d/24216-la-guia-completa-de-looksmaxxing-para-el-normalfag-4-7,La guía completa de LOOKSMAXXING para el normalfag 4-7,looksmax.org,REWRITE
/d/24235-como-eliminar-la-hinchazon-facial-3-horas-antes-de-la-escuela-mejor-guia,cómo eliminar la hinchazón facial 3 horas antes de la escuela (MEJOR GUÍA),looksmax.org,REWRITE
/d/2425-metodo-probado-para-levantar-el-hueso-hioides,MÉTODO PROBADO PARA LEVANTAR EL HUESO HIOIDES,looksmax.org,REWRITE
/d/24287-guia-definitiva-sobre-como-tu-dieta-afecta-tu-crecimiento,Guía definitiva sobre cómo tu dieta afecta tu crecimiento,looksmax.org,REMOVE_URGENT
/d/24310-como-empezar-a-slayear-siendo-un-mentalcel,Cómo empezar a slayear siendo un mentalcel,looksmax.org,REMOVE_URGENT
/d/24311-algunos-beneficios-del-sol,Algunos beneficios del sol,looksmax.org,REWRITE
/d/24326-guia-rapida-de-nofap,Guía rápida de NoFap,looksmax.org,REWRITE
/d/24335-el-metodo-de-snapchat-para-ligar-chicas-con-fotos,El Método de Snapchat para ligar chicas (con fotos),looksmax.org,REWRITE
/d/2437-chinmaxxing-ideal-morfologia-y-que-puedes-hacer-para-maximizarla,CHINMAXXING: ideal; morfología y qué puedes hacer para maximizarla,looksmax.org,REWRITE
/d/24420-fraudmaxxing-tu-altura-alcanzando-tu-maximo-potencial,Fraudmaxxing tu Altura: Alcanzando tu Máximo Potencial,looksmax.org,REWRITE
/d/24434-todos-los-beneficios-del-nofap-que-puedo-pensar,Todos los beneficios del nofap que puedo pensar:,looksmax.org,REWRITE
/d/2445-mi-dieta,Mi dieta,looksmax.org,REMOVE_URGENT
/d/24503-guia-definitiva-de-prettyboy-maxxing-appealmaxxing,Guía Definitiva de Prettyboy Maxxing (AppealMaxxing),looksmax.org,REWRITE
/d/2451-conviertete-en-un-dios-vampiro-dark-triad-maxxeado-gana-un-atractivo-alt-girl-gigantesco,Conviértete en un dios vampiro dark triad maxxeado. Gana un atractivo alt girl gigantesco,looksmax.org,REWRITE
/d/24525-todos-los-metodos-para-escapar-del-inceldom,Todos los métodos para escapar del inceldom,looksmax.org,REWRITE
/d/24540-una-guia-sobre-pied-ed-flatline-y-tips-de-como-arreglarlo,Una Guía sobre PIED / ED / Flatline y tips de cómo arreglarlo.,looksmax.org,REWRITE
/d/2460-guia-sin-bullshit-curando-un-area-ocular-subhumana-perros-abusados-gtfih,GUÍA SIN BULLSHIT: curando un área ocular subhumana (perros abusados GTFIH),looksmax.org,REWRITE
/d/24633-guia-definitiva-para-tener-una-idea-de-como-entrenar-sin-perder-el-tiempo-basada-en-la-ciencia,Guía definitiva para tener una idea de cómo entrenar sin perder el tiempo (BASADA EN LA CIENCIA),looksmax.org,REWRITE
/d/24641-guia-framemax-high-iq,GUÍA FRAMEMAX HIGH IQ,looksmax.org,REWRITE
/d/24694-celulas-nasales-gtfih-pequeno-consejo-para-una-nariz-mas-definida,CÉLULAS NASALES GTFIH: Pequeño consejo para una nariz más definida,looksmax.org,REWRITE
/d/24703-softmaxxing-guia-para-el-desarrollo-mandibular,[SOFTMAXXING] Guía para el Desarrollo Mandibular,looksmax.org,REWRITE
/d/2474-guia-de-enclomiphene-roids-para-quebrados,Guía de Enclomiphene: ¿Roids para quebrados?,looksmax.org,REWRITE
/d/24777-manipula-perras-convierte-putas-o-chicas-normales-en-amas-de-casa,Manipula perras; convierte putas o chicas normales en amas de casa.,looksmax.org,REWRITE
/d/24790-asi-es-como-programaria-un-ul-split-solo-con-mancuernas,Así es como programaría un U/L split solo con mancuernas,looksmax.org,REWRITE
/d/24791-la-guia-definitiva-de-dream-maxxing-y-evitando-pesadillas,La Guía Definitiva de Dream Maxxing y Evitando Pesadillas,looksmax.org,REWRITE
/d/24798-guia-de-dickmaxxing-excluyendo-clamping-y-bombas,Guía de Dickmaxxing [Excluyendo Clamping y Bombas],looksmax.org,REWRITE
/d/24818-la-unica-guia-de-dickmax-que-necesitas,La única guía de dickmax que necesitas,looksmax.org,REWRITE
/d/2482-el-bonesmashing-puede-funcionar-pero-requiere-preparacion-guia-y-evidencia-cientifica-gtfih,El bonesmashing puede funcionar pero requiere preparación (guía y evidencia científica) GTFIH,looksmax.org,REMOVE_URGENT
/d/24825-rutina-de-movilidad-personal,Rutina de Movilidad PERSONAL ⚜️,looksmax.org,REWRITE
/d/2490-furosemida-y-adaptacion-diuretica-por-que-todavia-te-ves-como-un-chud-despues-de-80mg-de-furosemida,Furosemida y adaptación diurética- Por qué todavía te ves como un Chud después de 80mg de furosemida.,looksmax.org,REWRITE
/d/24900-rutina-full-body-optima,RUTINA FULL BODY ÓPTIMA,looksmax.org,REWRITE
/d/24925-como-mantener-una-dieta-y-no-fallar-esta-vez,CÓMO MANTENER UNA DIETA Y NO FALLAR ESTA VEZ,looksmax.org,REWRITE
/d/2494-como-pasar-de-subhumano-a-un-89-sin-cirugia-guia-de-looksmaxxing,CÓMO PASAR DE SUBHUMANO A UN 8/9 SIN CIRUGÍA [Guía de LooksMaxxing],looksmax.org,REWRITE
/d/25015-el-hilo-definitivo-de-softmax-gtfihhh,El hilo definitivo de softmax GTFIHHH,looksmax.org,REMOVE_URGENT
/d/25054-guia-practica-de-greypillers-para-fraudear-el-craneo-de-cacahuate,Guía práctica de greypillers para fraudear el cráneo de cacahuate,looksmax.org,REWRITE
/d/25063-como-ligar,Cómo ligar,looksmax.org,REWRITE
/d/25065-como-ser-un-bad-boy,Cómo ser un bad boy,looksmax.org,REWRITE
/d/2511-nsfw-attractionmax-guia-posturemax-de-deliciadecu-2020,[NSFW] ATTRACTIONMAX: Guía POSTUREMAX de Deliciadecu 2020,looksmax.org,REWRITE
/d/25111-megathread-de-skincare-lookism,MEGATHREAD DE SKINCARE (LOOKISM),looksmax.org,REWRITE
/d/25149-voicemaxxing-guia-a-fondo-para-alcanzar-97-hz,Voicemaxxing: Guía a fondo para alcanzar 97 hz,looksmax.org,REMOVE_URGENT
/d/25232-la-hidrocortisona-para-la-nariz-si-funciona,La Hidrocortisona para la nariz sí funciona,looksmax.org,REWRITE
/d/25254-guia-facil-de-colageno,Guía fácil de colágeno,looksmax.org,REMOVE_URGENT
/d/25261-desglose-completo-de-indicadores-de-interes-ioi-estas-alucinando-o-en-contacto-con-la-realidad,Desglose completo de indicadores de interés (IOI). ¿Estás alucinando o en contacto con la realidad?,looksmax.org,REWRITE
/d/2529-la-biblia-de-la-inclinacion-cantal,La Biblia de la Inclinación Cantal,looksmax.org,REWRITE
/d/25358-como-no-ser-odiado,Cómo no ser odiado,looksmax.org,REWRITE
/d/25366-nueva-tecnica-de-looksmax-zygomaxx,¿Nueva técnica de looksmax? (zygomaxx)‼️,looksmax.org,REWRITE
/d/25378-como-prevenir-hinchazon-mientras-haces-bulkingen-un-ciclo-aas-acuoso-las-mejores-y-las-mas-faciles-y-las-formas-mas-efectivas,Cómo prevenir hinchazón mientras haces bulking/en un ciclo AAS acuoso (LAS MEJORES Y LAS MÁS FÁCILES Y LAS FORMAS MÁS EFECTIVAS),looksmax.org,REWRITE
/d/25389-bueno-voy-a-publicar-mi-rutina-natural-para-profundizar-la-voz-que-me-han-estado-pidiendo,Bueno... voy a publicar mi rutina natural para profundizar la voz que me han estado pidiendo...,looksmax.org,REWRITE
/d/25403-crees-que-tienes-lineas-de-sonrisa-piensalo-de-nuevo,¿Crees que tienes líneas de sonrisa? Piénsalo de nuevo,looksmax.org,REWRITE
/d/2544-el-cabello-es-ley-guia-definitiva-de-cabellocortepeinado-bug-arreglado,EL CABELLO ES LEY / GUÍA DEFINITIVA DE CABELLO/CORTE/PEINADO (BUG ARREGLADO),looksmax.org,REWRITE
/d/25466-todo-sobre-los-procedimientos-para-cambiar-el-color-de-ojos,Todo sobre los procedimientos para cambiar el color de ojos,looksmax.org,REWRITE
/d/2549-como-deshacerte-de-esas-arrugas-de-sonrisa-profundas-de-verdad,Cómo Deshacerte de Esas Arrugas de Sonrisa Profundas De Verdad,looksmax.org,REWRITE
/d/25508-como-aniquilar-la-ansiedad-social-con-imaos-una-guia-practica,Cómo aniquilar la ansiedad social con IMAOs: Una guía práctica,looksmax.org,REMOVE_URGENT
/d/2551-la-mejor-forma-de-corregir-la-exposicion-del-parpado-superior,La mejor forma de corregir la exposición del párpado superior,looksmax.org,REWRITE
/d/25555-una-lista-completa-de-tips-y-trucos-sociales,Una lista completa de tips y trucos sociales,looksmax.org,REWRITE
/d/25561-como-lidiar-con-mujeres-que-hacen-catfish,Cómo lidiar con mujeres que hacen catfish,looksmax.org,REWRITE
/d/25562-la-guia-de-heightmaxxing-mas-corta-sin-cope,la guía de heightmaxxing más corta sin cope,looksmax.org,REMOVE_URGENT
/d/2559-guia-de-conquistas-de-yolosweg-guia-de-mas-de-100-conquistas,Guía de conquistas de Yolosweg (guía de más de 100 conquistas),looksmax.org,REWRITE
/d/2562-como-ser-popular-y-lograr-que-las-chicas-amen-tu-personalidad,Cómo ser popular y lograr que las chicas amen tu personalidad,looksmax.org,REWRITE
/d/25624-botb-como-mantenerse-delgado-todo-el-ano-con-superavit-calorico,BOTB | CÓMO MANTENERSE DELGADO TODO EL AÑO CON SUPERÁVIT CALÓRICO,looksmax.org,REWRITE
/d/2563-como-crecer-mas-alto-investigacion-respaldada-por-harvard-guia-definitiva-nuevo-2023-verificado-escrito-por-un-doctor-yo,Cómo crecer más alto - investigación respaldada por Harvard (GUÍA DEFINITIVA) NUEVO 2023 [VERIFICADO] (Escrito por un Doctor [yo]),looksmax.org,REWRITE
/d/25634-guia-para-arreglar-tu-horario-de-sueno,Guía para arreglar tu horario de sueño,looksmax.org,REWRITE
/d/2567-como-salir-afuera-podria-sin-ironia-mejorar-tu-cara-bug-eyedcels-recessedcels-y-todos-los-demas-gtfih-hilo-digno-de-botb,Cómo salir afuera podría sin ironía mejorar tu cara (BUG-EYEDCELS; RECESSEDCELS; Y TODOS LOS DEMÁS GTFIH) (¿Hilo Digno de BOTB?),looksmax.org,REWRITE
/d/25760-guia-de-mewing-2024-para-miembros-nuevos,GUÍA DE MEWING 2024 (PARA MIEMBROS NUEVOS),looksmax.org,REWRITE
/d/2577-como-hacerlo-higiene-personal-2020,Cómo hacerlo: Higiene Personal 2020,looksmax.org,REWRITE
/d/2579-todo-lo-que-necesitas-saber-para-tener-un-cabello-sano-todos-gtfih-guia-definitiva-de-hairmaxxing,TODO LO QUE NECESITAS SABER PARA TENER UN CABELLO SANO (TODOS GTFIH) GUÍA DEFINITIVA DE HAIRMAXXING,looksmax.org,REMOVE_URGENT
/d/2580-guia-para-deshacerse-del-acne-y-cicatrices-de-acne,Guía para deshacerse del acné y cicatrices de acné,looksmax.org,REWRITE
/d/25806-guia-de-muy-bajo-esfuerzo-para-maximizar-gh,Guía de muy bajo esfuerzo para maximizar GH,looksmax.org,REWRITE
/d/25823-guia-de-fotos-para-apps-de-citas,Guía de fotos para apps de citas,looksmax.org,REWRITE
/d/25846-caracteristicas-de-modelos-hombres-de-moda-de-alto-nivel,Características de Modelos Hombres de Moda de Alto Nivel,looksmax.org,REWRITE
/d/25857-zapatos-de-heightfraud-de-elite-para-el-invierno,Zapatos de heightfraud de élite para el invierno,looksmax.org,REWRITE
/d/25866-optimizacion-del-sueno-sueno-lucido-simplificado,Optimización del sueño + sueño lúcido (simplificado),looksmax.org,REWRITE
/d/2599-skin-maxxing-v1-ft-proex-corp,SKIN MAXXING V1 FT PROEX CORP,looksmax.org,REWRITE
/d/26007-guia-de-iluminacion-de-ojos-de-nuttheb,Guía de iluminación de ojos de Nuttheb,looksmax.org,REWRITE
/d/26033-como-conseguir-hunter-eyes,Cómo Conseguir Hunter Eyes,looksmax.org,REWRITE
/d/2604-como-deshacerse-de-las-arrugas-faciales-y-como-nunca-tenerlas-gtfih,CÓMO DESHACERSE DE LAS ARRUGAS FACIALES Y CÓMO NUNCA TENERLAS {GTFIH},looksmax.org,REWRITE
/d/26068-la-guia-perfecta-de-sleepmaxxing,La guía PERFECTA de sleepmaxxing,looksmax.org,REWRITE
/d/26078-guia-completa-del-permanente-ondulado-haircels-de-cabello-lacio-entren-aqui,Guía completa del permanente ondulado. HAIRCELS DE CABELLO LACIO ENTREN AQUÍ,looksmax.org,REWRITE
/d/26139-nuevo-metodo-de-desbloating-marcado-por-ubermog,nuevo método de desbloating marcado por übermog,looksmax.org,REWRITE
/d/2618-guia-completa-de-lipmaxx,GUÍA COMPLETA DE LIPMAXX,looksmax.org,REWRITE
/d/26217-como-fraudear-con-maquillaje-correctamente,Cómo fraudear con maquillaje correctamente,looksmax.org,REWRITE
/d/26238-longevidad-vive-mas-de-120-anos-todo-lo-que-necesitas-saber-gtfhi,Longevidad - Vive más de 120 años | Todo lo que necesitas saber ¡¡¡GTFHI!!!,looksmax.org,REWRITE
/d/26255-como-limpiar-instantaneamente-tu-nariz-para-evitar-la-respiracion-bucal,Cómo LIMPIAR INSTANTÁNEAMENTE tu nariz para evitar la respiración bucal,looksmax.org,REWRITE
/d/2626-actualizado-metodo-de-jalado-con-pinzas-para-expansion-palatina-rapida-narrowcels-gtfih,*ACTUALIZADO* MÉTODO DE JALADO CON PINZAS PARA EXPANSIÓN PALATINA RÁPIDA (narrowcels gtfih),looksmax.org,REMOVE_URGENT
/d/26268-como-actuar-ante-los-iois,Cómo Actuar Ante los IOIs,looksmax.org,REWRITE
/d/26276-mejor-martillo-para-bonesmashing,Mejor martillo para Bonesmashing,looksmax.org,REMOVE_URGENT
/d/26303-mi-bro-split-poco-ortodoxo-de-10-dias-que-te-ayudara-a-poner-40-libras-de-masa-muscular-en-los-proximos-6-mesessin-mamads-framecels-gtfih,MI BRO SPLIT POCO ORTODOXO DE 10 DÍAS QUE TE AYUDARÁ A PONER 40 LIBRAS DE MASA MUSCULAR EN LOS PRÓXIMOS 6 MESES(SIN MAMAD*S) (FRAMECELS GTFIH),looksmax.org,REWRITE
/d/2631-una-guia-sobre-como-usar-bimatoprost-latisse-con-minimos-o-nulos-efectos-secundarios-gtfih-para-lashmaxxear,Una guía sobre cómo usar Bimatoprost (Latisse) con mínimos o nulos efectos secundarios GTFIH para lashmaxxear,looksmax.org,REMOVE_URGENT
/d/26407-fallas-esteticas-del-area-de-ojos-insuficiencias-de-tejido-blando-y-subhumanidades-oseas-infraorbitales,Fallas Estéticas del Área de Ojos: Insuficiencias de Tejido Blando y Subhumanidades Óseas Infraorbitales,looksmax.org,REWRITE
/d/26412-guia-experimental-para-arreglar-la-asimetria-facial-la-inclinacion-de-la-mandibula-la-desalineacion-de-la-barbilla-y-la-rotacion-del-esfenoides,Guía experimental para arreglar la asimetría facial; la inclinación de la mandíbula; la desalineación de la barbilla y la rotación del esfenoides,looksmax.org,REWRITE
/d/26442-forma-simple-de-reducir-la-inflamacion,Forma simple de reducir la inflamación,looksmax.org,REMOVE_URGENT
/d/26478-acelera-tu-metabolismo-para-quemar-grasa-mas-rapido-ponerte-delgado-para-principiantes-potenciar-hgh,Acelera tu metabolismo para quemar grasa más rápido. Ponerte delgado para principiantes + potenciar HGH,looksmax.org,REWRITE
/d/26480-acelera-tu-metabolismo-para-quemar-grasa-mas-rapido-aumenta-tu-hgh,Acelera tu metabolismo para quemar grasa más rápido + aumenta tu HGH,looksmax.org,REWRITE
/d/26481-como-lograr-un-cuerpo-atractivo-top-facilmente,Cómo lograr un cuerpo atractivo top fácilmente,looksmax.org,REWRITE
/d/26486-guia-de-pomada-para-cejas-soy-nuevo-aqui-asi-que-no-me-quemen-por-el-formato,Guía de Pomada para Cejas (soy nuevo aquí así que no me quemen por el formato),looksmax.org,REWRITE
/d/26515-como-aumentar-tu-hormona-de-crecimiento-con-suplementos,cómo aumentar tu hormona de crecimiento con suplementos,looksmax.org,REWRITE
/d/2654-lee-esto-antes-de-comprar-en-indiamart-para-paises-de-la-ue,Lee esto antes de comprar en Indiamart (para países de la UE),looksmax.org,REMOVE_URGENT
/d/26556-disolviendo-la-grasa-submental,disolviendo la grasa submental.,looksmax.org,REWRITE
/d/26561-mi-experiencia-con-80mg-de-lasix-y-400mg-de-pregabalina,Mi experiencia con 80mg de Lasix y 400mg de Pregabalina,looksmax.org,REMOVE_URGENT
/d/26598-como-reducir-el-uee-mas-hooding,Cómo reducir el UEE + Más hooding,looksmax.org,REWRITE
/d/26626-como-manipular-a-una-chica,Cómo manipular a una chica,looksmax.org,REWRITE
/d/26663-como-jugar-el-juego-de-las-citas-te-va-a-ahorrar-tanto-dolor-tiempo-y-energia,Cómo jugar el juego de las citas (te va a ahorrar tanto dolor; tiempo y energía),looksmax.org,REWRITE
/d/26702-nueva-guia-gymcel-actualizada-diciembre-2024-sin-mamadas-basada-en-evidencia,NUEVA GUÍA GYMCEL ACTUALIZADA DICIEMBRE 2024 (SIN MAMADAS; BASADA EN EVIDENCIA),looksmax.org,REWRITE
/d/26727-tips-de-entrenamiento-de-hombros-para-novatos,Tips de entrenamiento de hombros para novatos,looksmax.org,REWRITE
/d/26731-probe-si-las-ganancias-de-minoxidil-en-cejas-y-pestanas-son-permanentes-despues-de-15-anos,Probé si las ganancias de minoxidil en cejas y pestañas son permanentes después de 1.5 años,looksmax.org,REWRITE
/d/2675-como-calificar-tu-cara-con-precision-usando-ia-aun-no-lo-han-parchado,Cómo CALIFICAR tu cara con PRECISIÓN usando IA - ¡AÚN NO LO HAN PARCHADO!,looksmax.org,REWRITE
/d/26762-10-pasos-para-la-vida-perfecta-disenada-para-tu-adn-y-como-la-vida-moderna-gira-inconscientemente-en-torno-a-replicar-la-naturaleza,10 Pasos para la Vida Perfecta Diseñada para tu ADN | Y Cómo la Vida Moderna Gira Inconscientemente en Torno a Replicar la Naturaleza,looksmax.org,REWRITE
/d/2681-una-guia-sobre-el-proviron-la-mejor-droga-de-looksmaxxing-en-mi-opinion,Una guía sobre el Proviron - La mejor droga de looksmaxxing; en mi opinión,looksmax.org,REWRITE
/d/2682-como-quedarte-dormido-en-2-minutos,Cómo QUEDARTE DORMIDO en 2 MINUTOS,looksmax.org,REWRITE
/d/26891-como-crecer-mas-alto-durante-la-pubertad-pubertycels-gtfih,Cómo crecer más alto durante la pubertad (PUBERTYCELS GTFIH),looksmax.org,REWRITE
/d/26899-la-droga-definitiva-modo-dios-de-baja-inhib-guia-completa-de-baclofeno,LA DROGA DEFINITIVA MODO DIOS DE BAJA INHIB - GUÍA COMPLETA DE BACLOFENO,looksmax.org,REWRITE
/d/26903-guia-completa-para-el-uso-de-esteroides-anabolicos-sin-efectos-secundarios,Guía Completa para el Uso de Esteroides Anabólicos Sin Efectos Secundarios,looksmax.org,REWRITE
/d/26914-cuando-te-acercas-deberias-tener-una-plantilla-a-la-que-recurres-cada-vez-para-estandarizar,Cuando te acercas deberías tener una plantilla a la que recurres cada vez para estandarizar,looksmax.org,REWRITE
/d/26933-guia-de-crecimiento-oseo-dirigido,Guía de crecimiento óseo dirigido,looksmax.org,REMOVE_URGENT
/d/26937-el-perfecto-dia-de-comida,EL PERFECTO DÍA DE COMIDA,looksmax.org,REMOVE_URGENT
/d/2696-conocer-las-proporciones-adecuadas-para-la-cirugia-de-alargamiento-de-piernas,Conocer las proporciones adecuadas para la cirugía de alargamiento de piernas,looksmax.org,REWRITE
/d/26960-snacks-y-comidas-de-cuttingleanmaxxing-que-disfruto,Snacks y Comidas de Cutting/Leanmaxxing que Disfruto,looksmax.org,REWRITE
/d/26997-guia-como-ocultar-peptidos-de-los-papas-en-un-refrigerador,GUÍA CÓMO OCULTAR PÉPTIDOS DE LOS PAPÁS EN UN REFRIGERADOR,looksmax.org,REWRITE
/d/27066-como-sacarle-el-maximo-provecho-a-la-blackpill-y-a-este-sitioshizorambling-nuclearbluepillwhitepillntpillcope-entrante,Cómo sacarle el máximo provecho a la blackpill y a este sitio(SHIZORAMBLING NUCLEAR/BLUEPILL/WHITEPILL/NTPILL/COPE ENTRANTE),looksmax.org,REWRITE
/d/27071-como-beber-minoxidil-topico-100-seguro,Cómo beber minoxidil tópico 100% seguro,looksmax.org,REWRITE
/d/27155-fraudmaxxing-de-59-a-60-con-plantillas-de-altura-improvisadas-gratis-no-se-ve-sperg-ni-non-nt,Fraudmaxxing de 5'9 a 6'0 con plantillas de altura improvisadas GRATIS (no se ve sperg ni non NT),looksmax.org,REWRITE
/d/27162-la-guia-definitiva-de-peptidos-para-el-crecimiento-oseo,La Guía Definitiva de Péptidos para el Crecimiento Óseo,looksmax.org,REWRITE
/d/27182-el-truco-del-bicarbonato-de-sodio-pre-entrenamiento-una-guia-breve,El truco del bicarbonato de sodio pre-entrenamiento: Una guía breve,looksmax.org,REMOVE_URGENT
/d/2719-si-quieres-crecer-y-no-estas-tomando-un-inhibidor-de-aromatasa-realmente-que-estas-haciendo,SI QUIERES CRECER Y NO ESTÁS TOMANDO UN INHIBIDOR DE AROMATASA; ¿REALMENTE QUÉ ESTÁS HACIENDO?,looksmax.org,REWRITE
/d/27199-como-arregle-mis-dientes-amarillos-permanentemente-en-dos-horas,Cómo arreglé mis dientes amarillos permanentemente en dos horas.,looksmax.org,REWRITE
/d/2720-el-manual-de-receptores-androgenos-faciales-maximizar-dimorfismo-facial-y-sensibilidad-de-ar-alto-iq-dimocels-gtfih,El Manual de Receptores Andrógenos Faciales – Maximizar Dimorfismo Facial y Sensibilidad de AR (Alto IQ) Dimocels GTFIH,looksmax.org,REWRITE
/d/27209-la-unica-guia-de-testosterona-que-vas-a-necesitar-natural-nada-de-roids-sorry,LA ÚNICA GUÍA DE TESTOSTERONA QUE VAS A NECESITAR [Natural; nada de roids sorry],looksmax.org,REWRITE
/d/27226-10-consejos-de-texto-para-coger-esa-chica-con-la-que-estas-hablando-una-guia-para-arrasar-para-gen-zs-i,10 CONSEJOS DE TEXTO PARA COGER ESA CHICA CON LA QUE ESTÁS HABLANDO - UNA GUÍA PARA ARRASAR PARA GEN Zs I,looksmax.org,REWRITE
/d/27266-informacion-sobre-mk-667-para-principiantes-facil-de-entender,información sobre MK-667 para principiantes (Fácil de entender),looksmax.org,REWRITE
/d/27280-he-dominado-el-arte-de-friendmaxxing-en-linea,He dominado el arte de friendmaxxing en línea,looksmax.org,REWRITE
/d/27315-como-thugmaxx-gtifh,cómo thugmaxx gtifh,looksmax.org,REWRITE
/d/27326-si-no-estas-usando-la-musica-a-tu-favor-con-las-chicas-que-chingados-estas-haciendo,Si no estás usando la música a tu favor con las chicas; ¿qué chingados estás haciendo?,looksmax.org,REWRITE
/d/27332-no-bebas-aceites-de-semilla-come-carne-cruda,No bebas aceites de semilla; come carne cruda,looksmax.org,REWRITE
/d/27367-guia-definitiva-de-t3t4-para-leanmaxxing-fatcels-entrenle-ya,Guía Definitiva de T3/T4 para Leanmaxxing | Fatcels ¡¡¡¡ÉNTRENLE YA!!!!,looksmax.org,REWRITE
/d/2738-stack-definitivo-para-optimizacion-cerebral-mi-propuesta-low-iq-gftih,Stack definitivo para Optimización Cerebral Mi propuesta (low iq Gftih) :,looksmax.org,REWRITE
/d/2740-guia-para-tener-alta-masa-osea,Guía para tener alta masa ósea,looksmax.org,REMOVE_URGENT
/d/2755-estetica-dental-megahilo,Estética DENTAL - MEGAHILO,looksmax.org,REWRITE
/d/27556-para-paladar-estrecho-mse-vs-leforte-segmentario-arco-estrecho-nose-breathingcels-etc-gtfih-alto-esfuerzo,¿Para paladar estrecho; MSE vs leforte segmentario? Arco estrecho; nose breathingcels etc (GTFIH) alto esfuerzo,looksmax.org,REWRITE
/d/27648-aumenta-la-densidad-osea,AUMENTA LA DENSIDAD ÓSEA,looksmax.org,REWRITE
/d/27689-marcar-la-linea-de-la-mandibula-megathread,Marcar la línea de la mandíbula (MEGATHREAD),looksmax.org,REWRITE
/d/2770-la-guia-completa-para-tenir-las-cejas,LA GUÍA COMPLETA PARA TEÑIR LAS CEJAS,looksmax.org,REWRITE
/d/2775-aqualyx-para-mejillas-paso-a-paso,Aqualyx para mejillas paso a paso,looksmax.org,REWRITE
/d/2776-la-mejor-guia-de-esteroides-auxiliares-soporte-que-jamas-vas-a-ver,LA MEJOR GUÍA DE ESTEROIDES AUXILIARES / SOPORTE QUE JAMÁS VAS A VER !!!,looksmax.org,REWRITE
/d/27772-celguia-completa-de-remodelacion-del-craneo,CELGUÍA COMPLETA DE REMODELACIÓN DEL CRÁNEO,looksmax.org,REWRITE
/d/27819-desgatekeepeando-conocimiento-esoterico-de-looksmaxxing-de-alto-ci,DESGATEKEEPEANDO conocimiento esotérico de looksmaxxing de alto CI,looksmax.org,REWRITE
/d/27840-el-split-mas-eficiente-para-lazy-gymcels,El split más eficiente para lazy gymcels,looksmax.org,REWRITE
/d/2786-manifiesto-tinder-acuestate-con-un-match-garantizado,MANIFIESTO TINDER: Acuéstate Con Un Match GARANTIZADO 🍑🍆,looksmax.org,REWRITE
/d/27889-guia-de-claviclemaxxing-gtfih,Guía de claviclemaxxing GTFIH,looksmax.org,REWRITE
/d/27919-este-es-el-camino-este-es-el-sistema-esta-es-tu-oportunidad-esto-es-todo,[💘 🍑] Este es el camino — Este es el sistema — Esta es tu oportunidad — Esto es todo [🍑 💘],looksmax.org,REWRITE
/d/27977-diferencia-entre-feo-y-poco-atractivo,Diferencia entre feo y poco atractivo,looksmax.org,REWRITE
/d/27993-la-guia-definitiva-de-approachmaxxing,LA GUÍA DEFINITIVA DE APPROACHMAXXING,looksmax.org,REWRITE
/d/28018-tabla-de-estatura-no-retrasada,Tabla de estatura NO RETRASADA.,looksmax.org,REWRITE
/d/28034-desarrollo-del-musculo-temporal,Desarrollo del músculo temporal.,looksmax.org,REWRITE
/d/2807-el-acne-solo-tiene-1-solucion,¡El acné SOLO tiene 1 solución!,looksmax.org,REWRITE
/d/28091-mi-rutina-para-deshinchar,MI RUTINA PARA DESHINCHAR,looksmax.org,REWRITE
/d/28095-alimentos-que-suben-la-testo,ALIMENTOS QUE SUBEN LA TESTO,looksmax.org,REMOVE_URGENT
/d/28101-la-pastilla-anti-acne-una-guia-sobre-la-isotretinoina,La pastilla anti acné: Una guía sobre la isotretinoína,looksmax.org,REWRITE
/d/28106-como-subir-la-hgh,CÓMO SUBIR LA HGH,looksmax.org,REWRITE
/d/28113-masticacion-basada-en-el-temporal-vs-el-masetero-high-iq,Masticación basada en el temporal vs el masetero [HIGH IQ],looksmax.org,REWRITE
/d/2813-una-guia-superior-para-tu-primer-ciclo-de-esteroides-todo-lo-que-necesitas-saber-sobre-tu-primer-ciclo-e-la-percepcion-femenina-del-cuerpo-masculino,Una Guía Superior para Tu Primer Ciclo de Esteroides - Todo Lo Que NECESITAS Saber Sobre tu Primer Ciclo e la Percepción Femenina del Cuerpo Masculino,looksmax.org,REWRITE
/d/28136-esteroides-para-conseguir-mas-masa-osea,ESTEROIDES PARA CONSEGUIR MÁS MASA ÓSEA,looksmax.org,REWRITE
/d/28138-guia-final-de-formas-de-soft-y-hardmaxing-megahilo,GUÍA FINAL DE FORMAS DE SOFT Y HARDMAXING [MEGAHILO],looksmax.org,REMOVE_URGENT
/d/28147-formas-de-framemax-softhardaxing-megahilo,FORMAS DE FRAMEMAX SOFT/HARDAXING [MEGAHILO],looksmax.org,REWRITE
/d/28166-3-formas-de-cambiar-completamente-tu-area-de-ojos-garantizado-que-aprenderas-al-menos-1-metodo-nuevo,3 Formas de Cambiar Completamente tu Área de Ojos (GARANTIZADO QUE APRENDERÁS AL MENOS 1 MÉTODO NUEVO),looksmax.org,REWRITE
/d/28193-megathread-como-ascender-solo-en-la-pubertad,[MEGATHREAD] CÓMO ASCENDER (SOLO EN LA PUBERTAD),looksmax.org,REWRITE
/d/28211-como-obtener-un-estiramiento-facial-usando-el-musculo-alrededor-de-tu-oido,Cómo obtener un estiramiento facial usando el músculo alrededor de tu oído,looksmax.org,REWRITE
/d/2824-como-hacerle-faceappmaxx-a-tus-fotos-de-instagramtinderbumblehinge-sin-verte-demasiado-fraudeado-como-una-tipica-foid-gtfih-faceappcels,Cómo hacerle FaceAppmaxx a tus fotos de Instagram/Tinder/Bumble/Hinge sin verte demasiado fraudeado como una típica foid [GTFIH FACEAPPCELS],looksmax.org,REWRITE
/d/28292-mega-guia-para-deshincharte-greycels-gtifh,MEGA GUÍA PARA DESHINCHARTE (GREYCELS GTIFH),looksmax.org,REWRITE
/d/28315-como-arregle-mi-acne,CÓMO ARREGLÉ MI ACNÉ,looksmax.org,REMOVE_URGENT
/d/2832-como-hacer-gymmax-correctamente,Cómo hacer gymmax correctamente,looksmax.org,REMOVE_URGENT
/d/28326-tutorial-para-greycels-greycels-gtfih,Tutorial para Greycels (GREYCELS GTFIH),looksmax.org,REMOVE_URGENT
/d/28387-guia-youngcel,guía youngcel,looksmax.org,REMOVE_URGENT
/d/28388-guia-completa-de-thugmaxxing-guia-para-volverte-terranigger,GUÍA COMPLETA DE THUGMAXXING | GUÍA PARA VOLVERTE TERRANIGGER,looksmax.org,REWRITE
/d/2841-guia-para-mantener-tus-unas-frescas-mas-importante-de-lo-que-podrias-pensar,Guía para mantener tus uñas frescas (MÁS IMPORTANTE DE LO QUE PODRÍAS PENSAR),looksmax.org,REWRITE
/d/28416-una-guia-de-heightmaxxing-me-ayudo-a-aumentar-3-cm,una guía de heightmaxxing me ayudó a aumentar 3 cm,looksmax.org,REWRITE
/d/28460-tu-altura-y-tus-fortalezas-y-debilidades,Tu altura y tus fortalezas y debilidades.,looksmax.org,REWRITE
/d/28500-personalitymaxing-sin-mamadas,Personalitymaxing sin mamadas,looksmax.org,REWRITE
/d/28509-expansor-palatino-complicaciones-y-riesgos-potenciales-leelo-antes-de-instalarlo-gtfih,EXPANSOR PALATINO. COMPLICACIONES y RIESGOS potenciales!!! (léelo antes de instalarlo) GTFIH,looksmax.org,REMOVE_URGENT
/d/28521-iqmaxxing-la-unica-guia-que-necesitas-para-potenciar-tu-inteligencia-post-mega-alto-iq,IQmaxxing: La Única Guía Que Necesitas Para Potenciar Tu Inteligencia (Post MEGA Alto IQ),looksmax.org,REWRITE
/d/28530-como-ponerte-grande-siendo-adolescente,CÓMO PONERTE GRANDE SIENDO ADOLESCENTE,looksmax.org,REWRITE
/d/28565-iqmaxxing-por-que-el-libro-de-la-inteligencia-esta-mal-y-como-realmente-lograr-un-alto-iq,IQmaxxing: Por Qué el \Libro de la Inteligencia\ Está Mal (Y Cómo Realmente Lograr un Alto IQ),looksmax.org,REWRITE
/d/2858-mi-rutina-de-entrenamiento-del-tercio-inferior,Mi Rutina de Entrenamiento del Tercio Inferior,looksmax.org,REWRITE
/d/28621-una-guia-de-donde-conseguir-hormonas-inaccesibles-hghhcg-sin-receta,Una guía de dónde conseguir hormonas inaccesibles!!! (HGH/HCG SIN RECETA),looksmax.org,REMOVE_URGENT
/d/28631-guia-de-lazymaxxing-vol-01-looksmaxxea-siendo-huevon,GUÍA DE LAZYMAXXING [VOL 0.1] ¡Looksmaxxea siendo huevón!,looksmax.org,REMOVE_URGENT
/d/2865-introduccion-a-los-aceites-esenciales,Introducción a los aceites esenciales,looksmax.org,REWRITE
/d/28658-como-arreglar-la-sobremordida,Cómo arreglar la sobremordida,looksmax.org,REWRITE
/d/28661-guia-de-color-de-ojos-de-nutthebs-2,guía de color de ojos de nutthebs 2,looksmax.org,REWRITE
/d/28692-mega-guia-del-protocolo-de-melanotan-ii-para-cumskins-gtifh,MEGA GUÍA DEL PROTOCOLO DE MELANOTAN II PARA CUMSKINS - GTIFH,looksmax.org,REWRITE
/d/28695-guia-sin-pendejadas-para-arreglar-las-inhibiciones-altas,Guía sin pendejadas para arreglar las inhibiciones altas,looksmax.org,REWRITE
/d/28710-por-que-la-metilacion-del-adn-es-mas-importante-que-el-estrogeno-bajo-para-el-heightmaxxing-lectura-obligatoria,Por qué la metilación del ADN es más importante que el estrógeno bajo para el heightmaxxing (¡¡¡lectura obligatoria!!!),looksmax.org,REWRITE
/d/28747-guia-de-voicemaxxing-como-desarrollar-una-voz-poderosa-y-fluida,GUÍA DE VOICEMAXXING: CÓMO DESARROLLAR UNA VOZ PODEROSA Y FLUIDA,looksmax.org,REWRITE
/d/2875-la-mejor-guia-de-masa-osea-para-cada-edad-2026-gtfih,LA MEJOR GUÍA DE MASA ÓSEA PARA CADA EDAD (2026 GTFIH),looksmax.org,REMOVE_URGENT
/d/28750-deep-voicemaxx-guia-directa-para-una-voz-mas-grave,Deep-VoiceMaxx: Guía directa para una voz más grave,looksmax.org,REWRITE
/d/2876-maximizando-la-simpatia-y-haciendo-amigos-el-arte-de-la-fachada,Maximizando la simpatía y haciendo amigos - El Arte de la Fachada,looksmax.org,REWRITE
/d/28770-la-unica-guia-de-heightmaxx-que-funciona-botb,LA ÚNICA GUÍA DE HEIGHTMAXX QUE FUNCIONA (BOTB),looksmax.org,REWRITE
/d/28782-mi-hijo-va-a-ser-chad-aqui-te-digo-como,MI HIJO VA A SER CHAD; ¡AQUÍ TE DIGO CÓMO! ⬇️,looksmax.org,REWRITE
/d/28799-como-tener-buen-opsec-en-org-una-guia-por-greypiller,Cómo tener buen opsec en .org (una guía por greypiller),looksmax.org,REWRITE
/d/2880-el-cuidado-de-la-piel-es-mayormente-cope-guia-sobre-las-unicas-cosas-que-funcionan,El cuidado de la piel es mayormente cope / Guía sobre las únicas cosas que funcionan,looksmax.org,REWRITE
/d/28901-clase-magistral-de-relaciones,CLASE MAGISTRAL DE RELACIONES,looksmax.org,REWRITE
/d/28933-senales-tempranas-de-que-te-va-a-enganar-bajo-valor-mala-eleccion-sin-interes,Señales tempranas de que te va a engañar; bajo valor; mala elección; sin interés,looksmax.org,REWRITE
/d/28938-guia-de-tattoomaxxing-el-softmax-mas-subestimado,Guía de TATTOOMAXXING (el softmax MÁS subestimado),looksmax.org,REWRITE
/d/28945-collagenmaxxing-la-farmacopea-epidermica,Collagenmaxxing / La Farmacopea Epidérmica,looksmax.org,REWRITE
/d/28971-lista-de-rangos-de-altura-practica-no-autismo-como-muh-8-pies-de-alto-60-maquina-mog-bideltoid,Lista de Rangos de Altura (Práctica; No Autismo Como Muh 8 Pies de Alto 60\ Máquina Mog Bideltoid),looksmax.org,REWRITE
/d/28974-sleepmaxxing-guia-definitiva,SLEEPMAXXING (GUÍA DEFINITIVA),looksmax.org,CONSOLIDATE
/d/28977-ser-bajo-inhibido-es-simple-la-verdad,Ser bajo-inhibido es simple; la verdad.,looksmax.org,REWRITE
/d/28981-como-entrenar-inteligente-y-no-como-un-gymcel-gtfih,Cómo entrenar inteligente y no como un gymcel GTFIH,looksmax.org,REWRITE
/d/29002-psicologia-femenina-ii-fantasias-sexuales-y-romanticas,Psicología Femenina II - Fantasías Sexuales y Románticas,looksmax.org,REWRITE
/d/291-como-blanquee-mis-dientes-mejor-que-un-dentista-fotos,Cómo BLANQUEÉ mis dientes MEJOR que un DENTISTA +*FOTOS*,looksmax.org,REMOVE_URGENT
/d/29139-la-guia-definitiva-de-facepullingpushing-para-ascender-metodos-desconocidos-tienes-que-verla,La guía DEFINITIVA de Facepulling/Pushing para ascender (métodos desconocidos; TIENES QUE VERLA),looksmax.org,REWRITE
/d/29147-como-saber-si-alguien-esta-chupando-sus-mejillas-en-una-foto-y-no-ser-estafado-gtfih,Cómo saber si alguien está chupando sus mejillas en una foto y no ser estafado - GTFIH,looksmax.org,REMOVE_URGENT
/d/29243-como-crecer-mas-alto-despues-de-que-se-cierran-las-placas,Cómo crecer más alto después de que se cierran las placas,looksmax.org,REMOVE_URGENT
/d/29299-guia-completa-de-high-iq-sobre-edging-para-aumentar-t-y-drive,GUÍA COMPLETA DE HIGH IQ SOBRE EDGING PARA AUMENTAR T Y DRIVE,looksmax.org,REWRITE
/d/29314-como-crecer-mas-alto-incluso-con-las-placas-de-crecimiento-cerradas-crecimiento-cartilaginoso,Cómo crecer más alto incluso con las placas de crecimiento cerradas (crecimiento cartilaginoso),looksmax.org,REWRITE
/d/29324-como-descongestionar-la-nariz-rapido-af,Cómo descongestionar la nariz rápido af,looksmax.org,REWRITE
/d/29369-tiers-de-estatura-para-foids-blancas-ricas-nt-en-sus-ultimos-anos-de-adolescencia-a-los-20s,Tiers de Estatura Para Foids Blancas Ricas NT en Sus Últimos Años de Adolescencia a los 20s,looksmax.org,REWRITE
/d/29379-guia-de-sungazing-y-moongazing-entrenle,Guía de Sungazing y Moongazing | ¡¡¡¡¡¡ÉNTRENLE!!!!!!,looksmax.org,REWRITE
/d/29385-la-nicotina-es-un-inhibidor-de-la-aromatasa-heightcels-y-pubertcels-gtfih,La nicotina es un inhibidor de la aromatasa ( heightcels y pubertcels gtfih ),looksmax.org,REWRITE
/d/29396-como-hacer-looksmaxxingascender-sin-esfuerzo,Cómo hacer looksmaxxing/ascender sin esfuerzo,looksmax.org,REMOVE_URGENT
/d/294-guia-de-magic-mushroom-maxxing-como-matar-la-inhibicion-y-la-depresion,Guía de Magic Mushroom Maxxing - Cómo Matar la Inhibición y la Depresión.,looksmax.org,REWRITE
/d/29410-tabla-objetiva-de-altura-para-hombres,Tabla objetiva de altura para hombres,looksmax.org,REWRITE
/d/29463-tutorial-de-ramus-pushing-no-permanente-y-muy-doloroso,Tutorial de Ramus Pushing (NO PERMANENTE Y MUY DOLOROSO),looksmax.org,REWRITE
/d/29474-informacion-basica-sobre-como-aumentar-la-sensibilidad-de-los-receptores-de-androgenos-ar,Información Básica sobre cómo aumentar la Sensibilidad de los Receptores de Andrógenos (AR),looksmax.org,REWRITE
/d/29508-guias-de-looksmax-para-asiaticos-metanse-aqui,GUÍAS DE LOOKSMAX PARA ASIÁTICOS METANSE AQUÍ,looksmax.org,REWRITE
/d/29584-guia-para-chavos-jovenes-sobre-como-no-arruinar-tu-vida,[Guía] Para chavos jóvenes sobre cómo no arruinar tu vida,looksmax.org,REWRITE
/d/29622-guia-de-asimetria-facial,GUÍA DE ASIMETRÍA FACIAL,looksmax.org,REMOVE_URGENT
/d/29625-dieta-vegana-para-alto-test,DIETA VEGANA PARA ALTO TEST,looksmax.org,REWRITE
/d/29640-nunca-esta-jodidamente-terminado-looksmaxxing-completo-hgh-y-testosterona-100-natural-todos-gtfih,NUNCA ESTÁ JODIDAMENTE TERMINADO: LOOKSMAXXING COMPLETO HGH Y TESTOSTERONA 100% NATURAL (todos; GTFIH),looksmax.org,REMOVE_URGENT
/d/2965-stack-de-heightmaxxing-algunos-consejos,Stack de Heightmaxxing + algunos consejos,looksmax.org,REMOVE_URGENT
/d/29669-el-pe-tradicional-es-basura-el-metodo-angion-es-el-futuro,El PE tradicional es basura – El Método Angion es el Futuro,looksmax.org,REWRITE
/d/29689-la-guia-definitiva-de-oofydoofymaxxing-como-ganar-siendo-un-payaso-adorable-botb,🤡📈 LA GUÍA DEFINITIVA DE OOFYDOOFYMAXXING: CÓMO GANAR SIENDO UN PAYASO ADORABLE 💀🔥 BOTB,looksmax.org,REWRITE
/d/29691-la-verdad-detras-de-dark-triad-vs-light-triad,La verdad detrás de Dark Triad vs Light Triad..,looksmax.org,REMOVE_URGENT
/d/2970-hilo-de-alto-esfuerzo-sobre-todo-lo-que-he-ascendido-y-mas-greyfags-vayan,HILO DE ALTO ESFUERZO sobre todo lo que he ascendido y MÁS. GREYFAGS VAYAN,looksmax.org,REWRITE
/d/29746-estudios-judios-y-companias-farmaceuticas-recomiendan-dosis-de-finasterida-demasiado-altas,ESTUDIOS JUDIOS Y COMPAÑÍAS FARMACÉUTICAS RECOMIENDAN DOSIS DE FINASTERIDA DEMASIADO ALTAS,looksmax.org,REWRITE
/d/29750-sin-bullshit-looksmaxxes-actuales-que-deberias-considerar-en-2025,sin bullshit looksmaxxes actuales que deberías considerar en 2025,looksmax.org,REWRITE
/d/29756-12-grasa-corporal-o-muerte-ponerse-delgado-y-mantenerse-delgado-el-mejor-thread-en-org,12% grasa corporal o MUERTE: Ponerse delgado y MANTENERSE delgado (el mejor thread en .org),looksmax.org,REMOVE_URGENT
/d/29776-guia-de-masticacion-recomendada-para-menores-de-20,GUÍA DE MASTICACIÓN!! (RECOMENDADA PARA MENORES DE 20),looksmax.org,REWRITE
/d/29786-la-causa-oculta-de-la-hinchazon-facial-y-como-arreglarlo,La Causa Oculta de la Hinchazón Facial (y cómo arreglarlo),looksmax.org,REWRITE
/d/29800-como-falsificar-tu-estudio-del-sueno-para-obtener-seguro-para-bimax,Cómo falsificar tu estudio del sueño (para obtener seguro para bimax),looksmax.org,REMOVE_URGENT
/d/29835-guia-para-la-nariz,Guía para la nariz,looksmax.org,REMOVE_URGENT
/d/29839-el-espectro-de-maxila-de-asia-oriental,El Espectro de Maxila de Asia Oriental,looksmax.org,REWRITE
/d/29879-repost-guia-de-oldcel-para-heightmaxxing,Repost: guía de Oldcel para Heightmaxxing,looksmax.org,REMOVE_URGENT
/d/29901-quieres-crecer-mas-de-altura-y-tienes-16-o-menos-gtfih-ahora,¿Quieres crecer más de altura y tienes 16 o menos? ¡GTFIH ahora!,looksmax.org,REWRITE
/d/29909-high-iq-como-vencer-la-vidacomo-ponerse-flacocomo-detener-el-sufrimiento,(HIGH IQ) - Cómo vencer la vida/cómo ponerse flaco/cómo detener el sufrimiento,looksmax.org,REMOVE_URGENT
/d/29913-guia-detan-para-indios,Guía DeTan para Indios,looksmax.org,REWRITE
/d/29929-el-jutsu-prohibido-para-arreglar-uee,El Jutsu Prohibido para arreglar UEE,looksmax.org,REWRITE
/d/29942-mega-guia-tabla-completa-de-estatura,MEGA GUÍA / TABLA COMPLETA DE ESTATURA,looksmax.org,REWRITE
/d/30002-distancia-zygonasal-la-medida-mas-importante-para-maxila-forward-grown-de-nivel-modelo,Distancia ZygoNasal: La MEDIDA más Importante para Maxila Forward-Grown de Nivel Modelo,looksmax.org,REWRITE
/d/30033-retatrutida-la-droga-definitiva-para-perder-grasa-gtfih-viene-el-verano,Retatrutida: La Droga Definitiva para Perder Grasa (GTFIH; Viene el Verano),looksmax.org,REWRITE
/d/30037-high-iq-las-claves-principales-del-exito-segun-ivantheterrible,(HIGH IQ) - las claves principales del éxito según ivantheterrible.,looksmax.org,REWRITE
/d/30039-gymmaxxing-guia-definitiva-completamente-natural,Gymmaxxing GUÍA DEFINITIVA COMPLETAMENTE NATURAL,looksmax.org,REWRITE
/d/30059-tu-primer-ciclomega-hilo,Tu Primer Ciclo(MEGA HILO),looksmax.org,REWRITE
/d/3011-tips-para-aclarar-la-piel-legitimos,Tips para Aclarar la Piel (Legítimos),looksmax.org,REMOVE_URGENT
/d/30152-la-guia-definitiva-para-ntmaxxear-botb,🧠✨ LA GUÍA DEFINITIVA PARA NTMAXXEAR ✨🧠 BOTB,looksmax.org,REMOVE_URGENT
/d/30169-el-manual-de-becky-como-te-manipula-subconscientemente,El manual de Becky: Cómo te manipula subconscientemente,looksmax.org,REWRITE
/d/30190-arregla-la-ansiedad-de-las-presentaciones-anxietycels-gtfih-ansiedad-de-rendimiento,ARREGLA la ansiedad de las presentaciones | anxietycels GTFIH (Ansiedad de rendimiento),looksmax.org,REWRITE
/d/30199-cirugias-de-tercio-inferiormandibula-segun-tu-failo-jawcells-gtfih,Cirugías de tercio inferior/mandíbula según tu failo (jawcells GTFIH),looksmax.org,REMOVE_URGENT
/d/30204-mi-protocolo-de-bronceado-como-subhumano-nordico,Mi Protocolo de Bronceado como Subhumano Nórdico,looksmax.org,REMOVE_URGENT
/d/30205-no-te-acerques-a-la-chica-que-quieres-sin-saber-esto-guia-funciona-al-100-historia-de-slay,NO TE ACERQUES a la chica que quieres SIN saber ESTO: **GUÍA** **FUNCIONA AL 100%** **HISTORIA DE SLAY**,looksmax.org,REWRITE
/d/30215-guia-completa-de-nichemaxxing,🎮 GUÍA COMPLETA DE NICHEMAXXING 🎯🎸,looksmax.org,REWRITE
/d/30239-la-ciencia-de-la-depresion-necesitas-una-razon-para-estar-deprimido,La Ciencia De La Depresión: ¿Necesitas Una Razón Para Estar Deprimido?,looksmax.org,REWRITE
/d/30269-epigenetica-la-conexion-entre-belleza-y-salud,Epigenética: La Conexión Entre Belleza Y Salud,looksmax.org,REWRITE
/d/30280-guia-de-cejas-alternativa-al-prp,Guía de Cejas (Alternativa al PRP),looksmax.org,REMOVE_URGENT
/d/3048-halos-que-pueden-compensar-una-cara-sub-chadlite,Halos que pueden compensar una cara sub chadlite,looksmax.org,REWRITE
/d/30487-por-que-el-hcg-es-obligatorio-para-el-uso-prolongado-de-testosterona-hilo-de-high-iq,Por qué el HCG es obligatorio para el uso prolongado de Testosterona (Hilo de High IQ),looksmax.org,REWRITE
/d/30512-guia-de-drogas-baratas-para-tontos-simplificada,Guía de drogas baratas para tontos (Simplificada),looksmax.org,REWRITE
/d/30525-el-metodo-definitivo-de-saltar-la-cuerda-bfr-descompresion-para-crecer-de-estatura,El método definitivo de saltar la cuerda + BFR + descompresión para crecer de estatura,looksmax.org,REWRITE
/d/30538-hilo-de-alto-esfuerzo-guia-de-fotos-para-tinder,(HILO DE ALTO ESFUERZO) Guía de Fotos para Tinder,looksmax.org,REWRITE
/d/30546-mi-plan-de-ascension,MI PLAN DE ASCENSIÓN,looksmax.org,REWRITE
/d/30578-programa-superior-inferior-de-alta-fuerzabajo-volumen-basado-en-evidencia-para-hipertrofia,Programa Superior-Inferior de Alta Fuerza//Bajo Volumen Basado en Evidencia para Hipertrofia,looksmax.org,REWRITE
/d/30661-aspirina-vitamina-k2-para-sleepmaxxing-looksmax-subestimada,Aspirina & Vitamina K2 para Sleepmaxxing | Looksmax Subestimada,looksmax.org,REWRITE
/d/30679-espironolactona-topica-para-roidcels-acnecels,Espironolactona tópica (para roidcels acnecels),looksmax.org,REWRITE
/d/30708-maxximus-como-conseguir-bone-gainz-insanos-parte-1,Maxximus -- Cómo Conseguir Bone Gainz Insanos [PARTE 1],looksmax.org,REWRITE
/d/30733-para-dejar-de-ser-non-nt-o-si-eres-high-inhib-corre-de-casa,Para dejar de ser non NT; o si eres high inhib corre de casa.,looksmax.org,REWRITE
/d/30827-guia-de-calificaciones-org-para-irl-con-celebridades-como-ejemplos,Guía de Calificaciones .Org Para IRL (Con Celebridades Como Ejemplos),looksmax.org,REWRITE
/d/30830-clasificacion-de-mujeres-con-actricesmodelosinfluencers-como-ejemplos,Clasificación de Mujeres Con Actrices/Modelos/Influencers Como Ejemplos,looksmax.org,REWRITE
/d/30916-etapa-de-tanner-y-potencial-de-crecimiento,Etapa de Tanner y potencial de crecimiento,looksmax.org,REWRITE
/d/30993-hilo-de-alto-iq-protocolo-de-deficiencia-de-calcio-para-reabrirse-las-placas-de-crecimiento-cerradas-para-explotar-hgh-durante-una-ventana-de-tiempo,(HILO DE ALTO IQ) PROTOCOLO DE DEFICIENCIA DE CALCIO PARA REABRIRSE LAS PLACAS DE CRECIMIENTO CERRADAS PARA EXPLOTAR HGH DURANTE UNA VENTANA DE TIEMPO,looksmax.org,REWRITE
/d/30994-investigacion-revolucionaria-de-perdida-de-cabello-el-estradiol-alto-protege-los-foliculos-de-cabello-no-el-dht-bajo-la-finasterida-funciona-diferente-a-lo-que-pensamos,(INVESTIGACIÓN REVOLUCIONARIA DE PÉRDIDA DE CABELLO) - EL ESTRADIOL ALTO PROTEGE LOS FOLÍCULOS DE CABELLO NO EL DHT BAJO; LA FINASTERIDA FUNCIONA DIFERENTE A LO QUE PENSAMOS,looksmax.org,REWRITE
/d/31000-guia-para-facetimear-foids-y-tener-el-angulo-de-camara-perfecto-para-minimizar-falios-y-resaltar-halos,Guía para FACETIMEAR FOIDS y tener el ángulo de cámara perfecto para MINIMIZAR FALIOS y RESALTAR HALOS,looksmax.org,REWRITE
/d/31096-heightmaxing-para-retrasados-guia-2025,Heightmaxing para retrasados [Guía 2025],looksmax.org,REWRITE
/d/31123-como-aumente-mi-longitud-5-in-y-circunferencia-75-in-usando-crema-dht,Cómo aumenté mi longitud ~ .5 in y circunferencia .75 in usando crema DHT,looksmax.org,REMOVE_URGENT
/d/31126-guia-completa-de-vascularidad-guia-de-veinmaxxing,GUÍA COMPLETA DE VASCULARIDAD (GUÍA DE VEINMAXXING),looksmax.org,REWRITE
/d/31145-como-saber-si-las-chicas-te-encuentran-gl,Cómo saber si las chicas te encuentran GL,looksmax.org,REWRITE
/d/3125-por-que-la-proteina-es-tan-critica-como-hgh-para-crecer-si-no-mas,Por Qué la Proteína Es TAN Crítica Como HGH Para Crecer (Si No Más),looksmax.org,REWRITE
/d/31250-el-metodo-kanye-guia-de-voicemaxxing,EL MÉTODO KANYE - GUÍA DE VOICEMAXXING,looksmax.org,REWRITE
/d/31259-la-rutina-matutina-que-cambia-la-vida-de-aston-hall-la-mejor-rutina-diaria,LA RUTINA MATUTINA QUE CAMBIA LA VIDA DE ASTON HALL - LA MEJOR RUTINA DIARIA 🏆,looksmax.org,REWRITE
/d/3131-deshacerse-de-la-ansiedad-socialtorpezaaspieness,Deshacerse de la Ansiedad Social/Torpeza/Aspieness,looksmax.org,REWRITE
/d/31345-mayor-sensibilidad-mayor-aguante-como-sacarle-el-maximo-provecho-al-sexo,Mayor Sensibilidad > Mayor Aguante. CÓMO SACARLE EL MÁXIMO PROVECHO AL SEXO.,looksmax.org,REWRITE
/d/31353-lista-de-compras-de-dieta-primal,LISTA DE COMPRAS DE DIETA PRIMAL 👁️👁️,looksmax.org,REMOVE_URGENT
/d/31358-los-niveles-de-inhibicion-de-mayor-a-menor,Los NIVELES de INHIBICIÓN de MAYOR a MENOR,looksmax.org,REWRITE
/d/31391-el-aceite-de-coco-es-la-mejor-forma-de-leanmaxear-gtfih,¡El aceite de coco es la mejor forma de leanmaxear! ¡¡¡GTFIH!!!,looksmax.org,REWRITE
/d/31404-por-que-deberias-hacer-un-test-de-iq-antes-de-looksmaxxing-primero-necesitas-brainmaxxear,Por qué deberías hacer un test de IQ antes de looksmaxxing. Primero necesitas brainmaxxear.,looksmax.org,REWRITE
/d/31408-escapando-de-la-blackpill-por-que-la-bluepill-en-realidad-tiene-razon,Escapando de la Blackpill: Por qué la Bluepill en realidad tiene razón,looksmax.org,REWRITE
/d/3142-salvando-el-cabello-guia-completa-sobre-ru58841-minoxidil-dut-fin-y-otros-agentes,SALVANDO EL CABELLO: Guía completa sobre RU58841; minoxidil; dut; fin; y otros agentes,looksmax.org,REWRITE
/d/31447-encontrar-el-esfuerzo-de-entrenamiento-optimo-para-el-crecimiento-muscular-sin-envejecimiento-facial-prematuro,Encontrar el Esfuerzo de Entrenamiento Óptimo para el Crecimiento Muscular sin Envejecimiento Facial Prematuro,looksmax.org,REWRITE
/d/31486-analisis-psicopatas-y-como-reconocerlos-la-triada-oscura,(Análisis) Psicópatas; y cómo reconocerlos! (La Tríada Oscura),looksmax.org,REWRITE
/d/31507-usa-formula-humectante-comida-y-manten-la-juventud-del-rostro-para-siempre-lubricacion-del-cabello-piel-y-tejidos-internos-desde-adentro,Usa fórmula humectante (comida); y mantén la juventud del rostro para siempre (lubricación del cabello; piel y tejidos internos; desde adentro),looksmax.org,REMOVE_URGENT
/d/3151-como-restaurar-tu-prepucio,Cómo restaurar tu prepucio,looksmax.org,REWRITE
/d/31523-fragrancemaxxing-economico-la-guia-definitiva-para-oler-increible-sin-gastar-mucho-clonemaxxing,Fragrancemaxxing ECONÓMICO: ¡La Guía Definitiva para Oler Increíble SIN GASTAR MUCHO! (Clonemaxxing),looksmax.org,REWRITE
/d/3154-halos-y-failos,Halos y Failos,looksmax.org,REWRITE
/d/3158-lista-de-compras-de-looksmaxxing-para-navidad,Lista de compras de looksmaxxing para Navidad,looksmax.org,REWRITE
/d/31627-una-guia-poco-comun-y-no-tan-retardada,Una guía poco común y no tan retardada;,looksmax.org,REMOVE_URGENT
/d/31643-regalando-el-rey-definitivo-del-desinflamado,Regalando el rey definitivo del desinflamado,looksmax.org,REWRITE
/d/31645-sleepmaxxing-el-sueno-es-mas-importante-que-cualquier-suplemento-protocolo-o-cirugia,(SLEEPMAXXING) El Sueño Es Más Importante Que Cualquier Suplemento; Protocolo o Cirugía,looksmax.org,REWRITE
/d/3169-mega-thread-perdida-de-cabello-y-el-enfoque-saludable-sin-anti-androgenos,[Mega Thread] Pérdida de Cabello y el Enfoque Saludable (Sin Anti-Andrógenos),looksmax.org,REWRITE
/d/3170-rasgos-de-la-triada-oscura-que-necesitas-en-2020,Rasgos de la Tríada Oscura que NECESITAS en 2020,looksmax.org,REWRITE
/d/31712-la-leche-cruda-es-segura-para-tomar-y-es-la-unica-leche-que-deberias-tomar-jamas,La LECHE CRUDA es SEGURA para tomar; y es la ÚNICA leche que deberías tomar JAMÁS.,looksmax.org,REMOVE_URGENT
/d/31727-inserciones-musculares-y-estetica-una-guia-visual-corta-para-el-gymcel,INSERCIONES MUSCULARES Y ESTÉTICA. UNA GUÍA VISUAL CORTA PARA EL GYMCEL,looksmax.org,REWRITE
/d/31729-ultimate-maxxing-megathread-para-ethnics-y-cumskins,ULTIMATE 🍇MAXXING MEGATHREAD para ETHNICS y CUMSKINS,looksmax.org,REMOVE_URGENT
/d/31797-una-referencia-visual-corta-de-las-proporciones-y-huesos-del-cuerpo-para-la-estetica,UNA REFERENCIA VISUAL CORTA DE LAS PROPORCIONES Y HUESOS DEL CUERPO PARA LA ESTÉTICA,looksmax.org,REWRITE
/d/3182-los-mejores-tenis-y-botas-para-heightmaxing-calzado-para-aumentar-la-estatura-y-hacer-height-frauding,Los mejores tenis y botas para Heightmaxing - Calzado para aumentar la estatura y hacer height frauding,looksmax.org,REWRITE
/d/31828-metodo-positive-canthal-tilt-soft-max,Método POSITIVE CANTHAL TILT (soft max),looksmax.org,REWRITE
/d/31842-guia-definitiva-de-peptidos-y-nootropicos,Guía Definitiva de Péptidos y Nootrópicos,looksmax.org,REWRITE
/d/31852-ostarine-cardarine,Ostarine | Cardarine,looksmax.org,REWRITE
/d/31870-desarrollo-oseo-y-la-unica-forma-de-hacerlo,Desarrollo óseo y la única forma de hacerlo.,looksmax.org,REWRITE
/d/31871-precio-de-implantes-de-mandibula-en-brasil,Precio de implantes de mandíbula en Brasil,looksmax.org,REWRITE
/d/31894-como-prevenir-o-al-menos-frenar-la-locura-mental-completa,Cómo prevenir; o al menos frenar la locura mental completa.,looksmax.org,REWRITE
/d/31905-sdip-protocolo-de-inyeccion-derivado-del-semen,SDIP: PROTOCOLO DE INYECCIÓN DERIVADO DEL SEMEN,looksmax.org,REWRITE
/d/31976-mi-guia-para-acabar-con-la-masturbacion-para-siempre,Mi Guía para Acabar con la Masturbación para Siempre,looksmax.org,REWRITE
/d/31985-chingaderas-que-comer-actualizado,chingaderas que comer (actualizado),looksmax.org,REMOVE_URGENT
/d/32020-guia-carnivora-para-bloatcels,Guía carnívora para bloatcels,looksmax.org,REMOVE_URGENT
/d/32026-referencia-actualizada-sobre-los-huesos-y-las-proporciones-del-cuerpo,REFERENCIA ACTUALIZADA SOBRE LOS HUESOS Y LAS PROPORCIONES DEL CUERPO,looksmax.org,REWRITE
/d/32059-la-guia-de-noc-kent,La guía de Noc kent,looksmax.org,REMOVE_URGENT
/d/32086-mi-guia-de-skincare,Mi guía de skincare,looksmax.org,REMOVE_URGENT
/d/32097-como-crear-un-guardarropa-apropiado,CÓMO CREAR UN GUARDARROPA APROPIADO,looksmax.org,REWRITE
/d/32130-collagenmaxxing-desvanecer-cicatrices-y-pih,CollagenMAXXING (Desvanecer CICATRICES y PIH),looksmax.org,REMOVE_URGENT
/d/32134-como-obtener-un-escaneo-ct-gratis-mi-experiencia-personal,¡Cómo obtener un Escaneo CT GRATIS! (Mi experiencia personal),looksmax.org,REWRITE
/d/32250-como-predecir-si-tendras-crecimiento-de-altura-semi-exacto,Cómo predecir si tendrás crecimiento de altura (Semi-Exacto),looksmax.org,REWRITE
/d/32261-charismamaxxing-para-retrasados-sociales-atraccion-general-y-exito,Charismamaxxing: Para retrasados sociales; atracción general y éxito,looksmax.org,REWRITE
/d/3227-la-conexion-entre-los-androgenos-y-el-colageno,La conexión entre los Andrógenos y el Colágeno,looksmax.org,REWRITE
/d/32289-rotacion-ccw-insana-por-masticar-con-los-dientes-frontales-comparado-con-las-muelas,Rotación CCW insana por masticar con los dientes frontales comparado con las muelas.,looksmax.org,REMOVE_URGENT
/d/32292-como-derrote-el-acne-y-estoy-haciendo-progreso-masivo-hacia-la-piel-de-cristal-mi-historia-mis-lecciones-mis-consejos,Cómo Derroté el Acné y Estoy Haciendo Progreso Masivo Hacia la Piel de Cristal: Mi Historia; Mis Lecciones; Mis Consejos.,looksmax.org,REWRITE
/d/32328-como-volverse-chad-guia-completa-de-looksmaxxing,Cómo volverse chad. Guía completa de looksmaxxing,looksmax.org,REWRITE
/d/32350-guia-de-felicidadagua,Guía de felicidad(agua),looksmax.org,REMOVE_URGENT
/d/32393-dormir-con-bandas-ll-en-casa-mis-opiniones-y-una-guia,DORMIR CON BANDAS (¿LL EN CASA?) - Mis opiniones y una guía.,looksmax.org,REMOVE_URGENT
/d/32395-rutina-de-mantenimiento-de-cuidado-de-la-piel-prevencion-de-envejecimiento-y-acne,Rutina de Mantenimiento de Cuidado de la Piel (Prevención de Envejecimiento y Acné),looksmax.org,REWRITE
/d/32453-leanmaxxing-legitimo-como-bajar-de-peso-de-forma-consistente-y-rapida,Leanmaxxing legítimo - cómo bajar de peso de forma consistente y rápida,looksmax.org,REMOVE_URGENT
/d/32475-como-maximizar-la-dht-igf-1-para-la-densidad-osea-y-una-estructura-osea-de-mogger-cientifico-practico,Cómo maximizar la DHT + IGF-1 para la densidad ósea y una estructura ósea de mogger (científico + práctico),looksmax.org,REWRITE
/d/3248-como-y-por-que-el-gym-es-el-primer-looksmax-que-deberias-hacer-el-gymcelling-es-cope,¡Cómo y por qué el gym es el primer Looksmax que deberías hacer! (¡El gymcelling es COPE!),looksmax.org,REWRITE
/d/32481-mega-hilo-la-blackpill-final-todos-los-metodos-para-maximizar-la-prominencia-de-tus-pomulos-y-arco-superciliar,[MEGA HILO] La Blackpill Final: Todos los Métodos para Maximizar la Prominencia de tus PÓMULOS y ARCO SUPERCILIAR,looksmax.org,REMOVE_URGENT
/d/32482-mega-hilo-de-height-maxing-mk2,Mega hilo de Height maxing (Mk.2),looksmax.org,REWRITE
/d/32487-encontre-la-cura-para-la-alta-inhibicion,Encontré la cura para la alta inhibición,looksmax.org,REWRITE
/d/3255-como-y-por-que-deberias-hacerle-gaslight-a-todos-los-que-conoces-en-la-vida-real,Cómo y por qué deberías hacerle Gaslight a todos los que conoces en la vida real,looksmax.org,REWRITE
/d/32589-circulacion-sanguinea,Circulación Sanguínea,looksmax.org,REMOVE_URGENT
/d/32596-mi-plan-de-ciclo-de-ascension-tier-chad,Mi plan de ciclo de ascensión tier Chad,looksmax.org,REWRITE
/d/32599-arrugas-y-guia-de-volufiline-porque-nadie-la-menciona-softmaxxing,Arrugas y GUÍA DE VOLUFILINE; PORQUE NADIE LA MENCIONA. (softmaxxing),looksmax.org,REWRITE
/d/32609-la-forma-correcta-de-corregir-la-deficiencia-de-vitamina-d,La forma correcta de corregir la deficiencia de vitamina D,looksmax.org,REWRITE
/d/32624-como-duermo-como-un-tigre,Cómo duermo como un tigre.,looksmax.org,REWRITE
/d/32625-peligro-de-tomar-test-durante-la-pubertad,Peligro de tomar test (durante la pubertad),looksmax.org,REWRITE
/d/32631-les-comparto-mi-rutina-detallada-de-calistenia,Les comparto mi rutina detallada de calistenia,looksmax.org,REWRITE
/d/32662-guia-definitiva-para-aclarar-la-piel-metodos-sin-cope,Guía Definitiva Para Aclarar La Piel (Métodos Sin Cope),looksmax.org,REMOVE_URGENT
/d/32671-heightmaxxing-sin-agujas-cope-leve,Heightmaxxing sin agujas (cope leve),looksmax.org,REWRITE
/d/32684-las-redes-son-el-metodo-real-tienes-que-ser-nt,Las redes son el método real (tienes que ser NT),looksmax.org,REWRITE
/d/32708-crecimiento-de-altura-y-grosor-de-huesos,Crecimiento de altura y grosor de huesos,looksmax.org,REWRITE
/d/32713-iqmaxxing-para-smartcels,iqmaxxing para smartcels,looksmax.org,REWRITE
/d/32735-la-guia-definitiva-metodos-quirurgicos-para-el-crecimiento-hacia-adelante-del-maxilar-y-la-mandibula,La Guía Definitiva: Métodos Quirúrgicos para el Crecimiento Hacia Adelante del Maxilar y la Mandíbula,looksmax.org,REWRITE
/d/3274-unica-salvacion-para-facecels-con-base-osea-facial-mala-no-funcionara-en-manlets,Única salvación para facecels con base ósea facial mala (no funcionará en manlets),looksmax.org,REWRITE
/d/32758-como-aliviar-y-detener-el-tmjd-temprano-para-prevenir-mas-resorcion-de-la-articulacion-condilar,Cómo aliviar y detener el TMJD temprano para prevenir más resorción de la articulación condilar,looksmax.org,REWRITE
/d/32764-ganancias-de-cuello-101-el-enfoque-basado-en-investigacion,Ganancias de Cuello 101: El Enfoque Basado en Investigación,looksmax.org,REWRITE
/d/32767-neopeptina-para-la-salud-intestinal-y-la-hinchazon,Neopeptina para la salud intestinal y la hinchazón,looksmax.org,REWRITE
/d/32779-guia-de-perdida-de-cabello,Guía de Pérdida de Cabello,looksmax.org,REWRITE
/d/3278-makeupmaxxing-parte-1-construyendo-una-buena-base,Makeupmaxxing Parte 1: Construyendo una buena Base,looksmax.org,REMOVE_URGENT
/d/32799-para-aquellos-con-los-ojos-muy-juntos,para aquellos con los ojos muy juntos,looksmax.org,REWRITE
/d/32801-guia-sobre-como-vivir-siendo-visualmente-o-mentalmente-feo,guía sobre cómo vivir siendo visualmente o mentalmente feo.,looksmax.org,REWRITE
/d/32832-estrategia-de-boost-de-testosterona-y-carga-y-suplementos,Estrategia de boost de testosterona y carga; y suplementos,looksmax.org,REMOVE_URGENT
/d/32860-coloracion-ideal-para-hombres-de-cada-raza,Coloración ideal para hombres de cada raza.,looksmax.org,REWRITE
/d/32870-testosterona-accutane-kisspeptin-10,Testosterona; Accutane; Kisspeptin-10,looksmax.org,REWRITE
/d/32875-la-mayoria-de-ustedes-no-son-feos-solo-estan-bioquimicamente-castrados-metanse-aqui,La mayoría de ustedes no son feos; solo están bioquímicamente castrados (METANSE AQUÍ),looksmax.org,REMOVE_URGENT
/d/32945-suplementos-alternativos-a-adderall-para-aprobar-examenes,SUPLEMENTOS ALTERNATIVOS A ADDERALL PARA APROBAR EXÁMENES,looksmax.org,REMOVE_URGENT
/d/32946-protocolo-de-cuidado-de-piel-y-perdida-de-cabello-de-dankforce1,Protocolo de Cuidado de Piel y Pérdida de Cabello de Dankforce1,looksmax.org,REWRITE
/d/32954-guia-de-ropa-replica-como-fashionmaxxear-siendo-pobre,Guía de Ropa Réplica: Cómo FashionMaxxear Siendo Pobre,looksmax.org,REWRITE
/d/32957-tu-pereza-es-biologica-no-es-tu-culpa-pero-sigue-siendo-tu-responsabilidad,Tu Pereza es Biológica — No es tu Culpa; Pero Sigue Siendo tu Responsabilidad,looksmax.org,REWRITE
/d/32980-guia-de-socialmaxxing-como-hacer-amigos-en-la-escuela,GUÍA DE SOCIALMAXXING - Cómo hacer amigos en la escuela,looksmax.org,REWRITE
/d/32988-guia-de-terminologia-de-estetica-facial-blackpill,Guía de terminología de estética facial blackpill,looksmax.org,REWRITE
/d/33059-como-brillar-este-verano-gtfih,¡CÓMO BRILLAR ESTE VERANO GTFIH!!!,looksmax.org,REWRITE
/d/33061-guia-de-moda,Guía de Moda,looksmax.org,REWRITE
/d/33063-stack-pequeno-para-ascender-a-los-16,Stack pequeño para ascender a los 16,looksmax.org,REWRITE
/d/33097-testosterona-guia-rapida,Testosterona: Guía Rápida,looksmax.org,REWRITE
/d/33106-guia-de-eyebrowmaxxing,Guía de Eyebrowmaxxing,looksmax.org,REMOVE_URGENT
/d/33108-postura-de-cabeza-adelantada-fhp-la-guia-definitiva-para-looksmaxxear-tu-cuello-y-perfil-lateral,Postura de Cabeza Adelantada (FHP): La Guía Definitiva para Looksmaxxear Tu Cuello y Perfil Lateral,looksmax.org,REWRITE
/d/33113-guia-definitiva-de-hygienemaxxing,Guía definitiva de HygieneMaxxing,looksmax.org,REWRITE
/d/33122-rangos-de-edad-de-maximo-atractivo-para-todos-los-arquetipos-masculinos,Rangos de Edad de Máximo Atractivo Para Todos los Arquetipos Masculinos,looksmax.org,REWRITE
/d/33124-como-dejar-de-que-te-hagan-ghostingte-bloqueente-ignoren,Cómo dejar de que te hagan ghosting/te bloqueen/te ignoren,looksmax.org,REWRITE
/d/33129-gymceando-mi-1-ano-de-exp-skinnycels-gtfih,GYMCEANDO MI 1 AÑO DE EXP (SKINNYCELS GTFIH),looksmax.org,REMOVE_URGENT
/d/3313-base-de-datos-de-crecimiento-exitoso-con-peptidos,Base de datos de crecimiento exitoso con péptidos,looksmax.org,REWRITE
/d/33133-como-ganar-aura-en-la-escuela-statusmaxx-al-instante,Cómo ganar aura en la escuela: Statusmaxx al instante,looksmax.org,REWRITE
/d/33145-hgh-guia-casi-completa,HGH guía (casi) completa,looksmax.org,REMOVE_URGENT
/d/33147-testosterona-guia-casi-completa,Testosterona guía (casi) completa,looksmax.org,REWRITE
/d/33148-guia-definitiva-para-lipmaxxing,Guía Definitiva Para LipMaxxing,looksmax.org,REWRITE
/d/3316-gymmax-solo-principiantes,Gymmax [SOLO PRINCIPIANTES],looksmax.org,REMOVE_URGENT
/d/3319-la-guia-de-recrecimiento-de-cabello-sin-riesgos,La guía de recrecimiento de cabello sin riesgos,looksmax.org,REMOVE_URGENT
/d/33197-el-tamano-ideal-del-pene-para-diferentes-arquetipos,EL TAMAÑO IDEAL DEL PENE PARA DIFERENTES ARQUETIPOS,looksmax.org,REWRITE
/d/33216-guia-para-mejorar-el-area-de-los-ojos-del-cuidado-de-la-piel-a-la-cirugia,Guía para Mejorar el Área de los Ojos: Del Cuidado de la Piel a la Cirugía,looksmax.org,REWRITE
/d/3322-maxila-4-posiciones,Maxila: 4 Posiciones,looksmax.org,REWRITE
/d/3323-para-quien-empiece-la-uni-o-tome-nuevas-clases-con-gente-diferente-socialmax,Para quien empiece la uni o tome nuevas clases con gente diferente [Socialmax],looksmax.org,REWRITE
/d/33241-es-facil-fraudar-un-monton-loco-de-altura,Es fácil fraudar un montón loco de altura,looksmax.org,REMOVE_URGENT
/d/33259-guia-para-greycels-como-no-ser-un-retrasado,Guía para Greycels: Cómo no ser un retrasado,looksmax.org,REMOVE_URGENT
/d/33275-el-mejor-protocolo-de-melanotan-2,El mejor protocolo de Melanotan 2,looksmax.org,REWRITE
/d/33314-mi-plan-para-arrasar-este-verano-y-ntmaxxear-tu-tambien-deberias,MI PLAN PARA ARRASAR ESTE VERANO Y NTMAXXEAR (TÚ TAMBIÉN DEBERÍAS),looksmax.org,REWRITE
/d/33319-leche-cruda-util-o-cope,\LECHE CRUDA❗️\ ¿ÚTIL O COPE❓️,looksmax.org,REWRITE
/d/3334-es-ratioipdpfl-maxxing,ES ratio/IPD/PFL maxxing,looksmax.org,REWRITE
/d/3335-como-realmente-obtener-un-buen-tercio-inferior,Cómo REALMENTE obtener un buen tercio inferior,looksmax.org,REWRITE
/d/33363-crudo,crudo,looksmax.org,REMOVE_URGENT
/d/334-como-ducharte-a-fondo-guia-a-profundidad-especial-1k,CÓMO DUCHARTE A FONDO (GUÍA A PROFUNDIDAD) ESPECIAL 1K,looksmax.org,REWRITE
/d/3340-los-8-pilares-de-la-belleza,Los 8 Pilares de la Belleza,looksmax.org,REWRITE
/d/33423-ascension-de-verano-entrenle-o-desperdicia-otro-verano,☀️ASCENSIÓN DE VERANO☀️: ÉNTRENLE O DESPERDICIA OTRO VERANO,looksmax.org,REMOVE_URGENT
/d/33497-dejame-presentarte-una-nueva-dieta,Déjame presentarte una NUEVA DIETA,looksmax.org,REWRITE
/d/33543-como-triunfar-en-tokio-weeaboos-y-animecels-larguense-de-aqui,Cómo triunfar en Tokio (weeaboos y animecels lárguense de aquí),looksmax.org,REWRITE
/d/33573-el-reset-definitivo-de-la-piel,El Reset Definitivo de la Piel,looksmax.org,REMOVE_URGENT
/d/3361-ratio-de-longitud-de-la-fisura-palpebral-respecto-al-ancho-facial-un-indicador-de-una-zona-ocular-armonica,Ratio de Longitud de la Fisura Palpebral respecto al Ancho Facial (Un Indicador de una Zona Ocular Armónica),looksmax.org,REWRITE
/d/33622-la-unica-guia-de-looksmaxxing-facial-que-necesitaras-softmaxxing-y-hardmaxxing-incluidos,La Única Guía de Looksmaxxing Facial Que Necesitarás: Softmaxxing y Hardmaxxing incluidos,looksmax.org,REWRITE
/d/33633-ligo-mujeres-solo-con-mi-olor-digno-de-botb,ligo mujeres solo con mi olor (¿¿DIGNO DE BOTB??),looksmax.org,REMOVE_URGENT
/d/33644-la-guia-definitiva-para-dormir-gtfih,La guía definitiva para dormir GTFIH,looksmax.org,REWRITE
/d/3366-la-guia-universal-de-looksmaxxing,La guía universal de looksmaxxing,looksmax.org,REWRITE
/d/33687-guia-sin-esfuerzo-de-leanmaxxingperdida-de-peso-100-de-exito-revierte-la-obesidad,Guía SIN ESFUERZO de Leanmaxxing/Pérdida de Peso (100% DE ÉXITO) (REVIERTE LA OBESIDAD),looksmax.org,REWRITE
/d/3369-como-hacerse-framemaxx,Cómo hacerse framemaxx,looksmax.org,REWRITE
/d/33703-como-criar-hijos-moggear,CÓMO CRIAR HIJOS MOGGEAR,looksmax.org,REWRITE
/d/3374-como-elegir-el-procedimiento-correcto-de-levantamiento-o-aumento-de-labios,Cómo Elegir el Procedimiento Correcto de Levantamiento o Aumento de Labios,looksmax.org,REMOVE_URGENT
/d/33756-como-realizar-analisis-de-investigacion-competitiva-de-smv-en-citas-para-ver-que-smv-necesitas-adquirir-para-conseguir-a-la-chica-que-deseas,Cómo realizar análisis de investigación competitiva de SMV en citas para ver qué SMV necesitas adquirir para conseguir a la chica que deseas,looksmax.org,REWRITE
/d/3377-curso-expres-quien-va-a-ascender-con-cirugia-ortognatica-y-quien-probablemente-no,[Curso Exprés] Quién va a ascender con cirugía ortognática y quién probablemente no,looksmax.org,REMOVE_URGENT
/d/33791-guia-de-aromatizacion,GUÍA DE AROMATIZACIÓN,looksmax.org,REWRITE
/d/33817-beneficios-para-la-salud-del-adderall,Beneficios para la Salud del Adderall,looksmax.org,REWRITE
/d/33839-el-game-no-es-ley-pero-ser-htncl-no-te-va-a-salvar-de-un-game-de-mierda,El game no es ley; pero ser HTN/CL no te va a salvar de un game de mierda.,looksmax.org,REWRITE
/d/33856-como-realmente-medir-tu-altura-lifefuel-para-algunos-de-ustedes,CÓMO REALMENTE MEDIR TU ALTURA (LIFEFUEL PARA ALGUNOS DE USTEDES),looksmax.org,REMOVE_URGENT
/d/33915-guia-de-esteroides-para-gymcels,Guía de esteroides para gymcels,looksmax.org,REMOVE_URGENT
/d/33939-la-unica-guia-de-skincare,- la única guía de skincare -,looksmax.org,REWRITE
/d/33961-escala-de-atractivo-para-hombres-asiaticos,Escala de atractivo para hombres asiáticos,looksmax.org,REWRITE
/d/33973-color-frauding-101,Color Frauding 101,looksmax.org,REWRITE
/d/33999-por-que-el-psl-siempre-sera-el-estandar-de-oro-sobre-todo-para-los-greys,Por qué el PSL siempre será el Estándar de Oro (Sobre todo para los greys),looksmax.org,REWRITE
/d/34006-la-razon-mas-simple-de-por-que-no-necesitas-hacer-12-repeticiones,La razón más simple de por qué no necesitas hacer 12 repeticiones,looksmax.org,REWRITE
/d/34090-postura-facil-y-rapida-para-los-labios,Postura fácil y rápida para los labios,looksmax.org,REWRITE
/d/34107-guia-profunda-de-acido-hialuronico-solo-para-los-inteligentes,GUÍA PROFUNDA DE ÁCIDO HIALURÓNICO - Solo para los Inteligentes.,looksmax.org,REWRITE
/d/34109-la-verdad-sobre-los-injertos-capilares,La verdad sobre los injertos capilares,looksmax.org,REWRITE
/d/34120-guia-completa-de-looksmaxing-lectura-obligatoria-para-todos-compatible-con-mujeres-guia-extendida-archivo-looksmaxnet-de-2017,Guía Completa de Looksmaxing [LECTURA OBLIGATORIA PARA TODOS] [COMPATIBLE CON MUJERES] + Guía Extendida (Archivo Looksmax.net de 2017),looksmax.org,REWRITE
/d/34121-no-tienes-6-pies-de-alto-no-se-acabo-la-verdad-como-conquistar-mujeres-cuando-no-eres-alto,¿No tienes 6 pies de alto? No se acabó — La verdad: Cómo conquistar mujeres cuando no eres alto.,looksmax.org,REWRITE
/d/34123-como-arreglar-tu-maxilar-retruido-para-todos-los-molestos-chavos-de-13-anos-que-preguntan,Cómo Arreglar Tu Maxilar Retruido para Todos los Molestos Chavos de 13 Años que Preguntan,looksmax.org,REWRITE
/d/34163-narizmaxxing-definitivo-sin-cirugia-ni-maquillaje,NARIZMAXXING DEFINITIVO SIN CIRUGÍA NI MAQUILLAJE,looksmax.org,REWRITE
/d/34220-guia-definitiva-de-jawmaxxing-fundamentos-de-postura-lingual-avanzada,Guía Definitiva de Jawmaxxing: Fundamentos de Postura Lingual Avanzada,looksmax.org,REWRITE
/d/3426-high-quadrangular-lefort-1-imm-implants-lefort-3-megathread,High \Quadrangular\ Lefort 1 + IMM Implants = Lefort 3 MEGATHREAD,looksmax.org,REWRITE
/d/34272-la-biblia-del-eyemaxxing-la-guia-definitiva-para-eye-maxxing-mal-ingles,LA BIBLIA DEL EYEMAXXING – La Guía Definitiva para Eye Maxxing (Mal Inglés),looksmax.org,REWRITE
/d/34291-profilaxis-de-toxicidad-por-accutaneisotretinoina,Profilaxis de toxicidad por Accutane/Isotretinoína,looksmax.org,REWRITE
/d/34302-megathread-arregla-tu-menton-retraido-antes-de-ir-a-llorarle-a-tu-mama-por-una-cirugia,[MEGATHREAD] Arregla Tu Mentón Retraído Antes de Ir a Llorarle a Tu Mamá por una Cirugía,looksmax.org,REWRITE
/d/34304-secreto-del-area-de-ojos-perfectaguia-definitivamaximizacion-de-pestanasingles-malo,SECRETO DEL ÁREA DE OJOS PERFECTA/GUÍA DEFINITIVA/MAXIMIZACIÓN DE PESTAÑAS/INGLÉS MALO,looksmax.org,REWRITE
/d/34351-la-guia-definitiva-de-fashion-y-style-maxxing-incluye-fotos,La Guía Definitiva de Fashion y Style Maxxing (incluye fotos),looksmax.org,REWRITE
/d/34353-como-creci-de-53-a-66-en-un-ano-y-como-tu-tambien-puedes-sin-larp-salio-mal-se-puso-sexual,¡Cómo crecí de 5'3 a 6'6 en un año y cómo tú también puedes! [SIN LARP] [SALIÓ MAL] SE PUSO SEXUAL],looksmax.org,REWRITE
/d/3436-como-determinar-el-desarrollo-del-maxilar-por-la-sonrisa,Cómo determinar el desarrollo del maxilar por la sonrisa,looksmax.org,REWRITE
/d/34362-biblia-de-esteroides-la-guia-de-framemaxxing-con-esteroides-ingles-deficiente,BIBLIA DE ESTEROIDES / LA GUÍA DE FRAMEMAXXING CON ESTEROIDES / INGLÉS DEFICIENTE,looksmax.org,REWRITE
/d/34383-como-crear-un-blueprintestrategia-de-looksmaxxing,CÓMO CREAR UN BLUEPRINT/ESTRATEGIA DE LOOKSMAXXING,looksmax.org,REWRITE
/d/34385-fundamentos-del-cuidado-de-la-piel,Fundamentos del Cuidado de la Piel,looksmax.org,REWRITE
/d/34392-aumentar-el-grosor-de-la-muneca,aumentar el grosor de la muñeca,looksmax.org,REWRITE
/d/34396-niveles-de-crecimiento-facial-descendente-en-cual-estas-tu,Niveles de crecimiento facial descendente. ¿En cuál estás tú?,looksmax.org,REWRITE
/d/3440-como-comer-correctamente-para-maximizar-el-potencial-de-looksmax,¿Cómo comer correctamente para maximizar el potencial de looksmax?,looksmax.org,REWRITE
/d/34407-grasa-corporal-al-9-en-un-puto-mes,Grasa corporal al 9% en un puto mes.,looksmax.org,REWRITE
/d/34411-bam15-version-mas-segura-del-dnp,*BAM15* ¿versión más segura del dnp?,looksmax.org,REWRITE
/d/34427-atractivo,Atractivo,looksmax.org,REWRITE
/d/34429-guia-de-masa-osea-solo-drogas,guía de masa ósea (solo drogas),looksmax.org,REWRITE
/d/34442-este-es-un-pinche-looksmax-enorme-que-cualquiera-puede-hacer,Este es un pinche LOOKSMAX enorme que cualquiera puede hacer,looksmax.org,REWRITE
/d/34473-como-destruir-tu-apetito-si-estas-quebrado-gtfih,Cómo destruir tu apetito si estás quebrado (GTFIH),looksmax.org,REWRITE
/d/34482-guia-de-crecimiento-oseo-post-pubertad-teriparatida,guía de crecimiento óseo post-pubertad (teriparatida),looksmax.org,REWRITE
/d/3449-como-tener-sexo,Cómo tener sexo,looksmax.org,REWRITE
/d/34493-la-forma-mas-barata-y-facil-de-desincharte-potassiumaxx,La forma más barata y fácil de desincharte / Potassiumaxx,looksmax.org,REMOVE_URGENT
/d/34508-como-conseguir-una-piel-cristalina,Cómo conseguir una piel cristalina,looksmax.org,REWRITE
/d/34521-elimina-el-acne-y-cicatrices-en-un-pinche-mes,elimina el acne y cicatrices en un pinche mes.,looksmax.org,REWRITE
/d/3454-chico-maxxing,Chico Maxxing,looksmax.org,REWRITE
/d/34540-la-verdad-que-necesitas-escuchar-sobre-ser-atractivo,La verdad que necesitas escuchar sobre ser atractivo,looksmax.org,REWRITE
/d/34558-la-verdad-de-la-ascension-dieta-cruda-primitiva,La verdad de la ascensión: Dieta cruda primitiva,looksmax.org,REWRITE
/d/3456-guia-basica-de-cirugia-de-mandibula-para-principiantes,GUÍA BÁSICA DE CIRUGÍA DE MANDÍBULA PARA PRINCIPIANTES,looksmax.org,REWRITE
/d/34614-megathread-definitivo-de-looksmaxing-2025-hablando-principalmente-de-correccion-osea-y-soluciones,MEGATHREAD DEFINITIVO DE LOOKSMAXING 2025 (hablando principalmente de corrección ósea y soluciones),looksmax.org,REMOVE_URGENT
/d/34615-mega-hilo-de-skincare,MEGA HILO DE SKINCARE,looksmax.org,REWRITE
/d/34617-megathread-definitivo-del-area-de-los-ojos,MEGATHREAD DEFINITIVO DEL ÁREA DE LOS OJOS,looksmax.org,REWRITE
/d/34644-el-potencial-humano-y-la-neuroplasticidad,El potencial humano y la neuroplasticidad,looksmax.org,REWRITE
/d/3465-peptido-inductor-del-sueno-delta-dsip-como-aumentar-dramaticamente-tu-t-y-gh,Péptido Inductor del Sueño Delta (DSIP) cómo aumentar dramáticamente tu T y GH.,looksmax.org,REWRITE
/d/34661-protocolo-definitivo-de-heightmaxing-66,PROTOCOLO DEFINITIVO DE HEIGHTMAXING (6'6),looksmax.org,REMOVE_URGENT
/d/34678-kneesmashing-explicado,Kneesmashing explicado,looksmax.org,REMOVE_URGENT
/d/34692-la-megaguia-final-de-fragancias,¡LA MEGAGUÍA FINAL DE FRAGANCIAS!,looksmax.org,REWRITE
/d/34718-guia-sobre-los-ideales-del-tren-superior-masculino-segun-las-mujeres-y-como-calcularlos,Guía sobre los ideales del tren superior masculino según las mujeres y cómo calcularlos.,looksmax.org,REWRITE
/d/34730-informacion-extremadamente-valiosa-sobre-que-hacer-y-que-no-hacer-siendo-un-adolescente-que-atraviesa-los-primeros-anos-de-la-pubertad-14-anos-o-menos,Información extremadamente valiosa sobre qué hacer y qué no hacer siendo un adolescente que atraviesa los primeros años de la pubertad (14 años o menos),looksmax.org,REWRITE
/d/34735-anglemaxxing-guia-lo-que-los-raters-no-entienden,AngleMaxxing (Guía); Lo que los raters no entienden,looksmax.org,REWRITE
/d/34775-guia-definitiva-de-heightmaxxing-hgh-ai,Guía Definitiva de Heightmaxxing - HGH; AI,looksmax.org,REWRITE
/d/34784-por-que-las-verduras-te-estan-frenando,Por qué las verduras te están frenando.,looksmax.org,REWRITE
/d/34785-la-guia-de-nichemaxxing-gtfih,LA GUÍA DE NICHEMAXXING [GTFIH],looksmax.org,REWRITE
/d/34795-la-ciencia-del-softmaxxing-todos-los-softmax-que-existen-para-looksmaxing-ciencia-especulativo,🌟 La ciencia del softmaxxing: Todos los softmax que existen para looksmaxing (Ciencia ✅ + Especulativo 🤔),looksmax.org,REWRITE
/d/34815-mi-guia-completa-y-personal-de-como-volverte-nt-hilo-de-alto-esfuerzo-siguiendo-el-hilo-de-at-gaygymmax,MI GUÍA COMPLETA Y PERSONAL DE CÓMO VOLVERTE NT {Hilo de Alto Esfuerzo; Siguiendo el hilo de @Gaygymmax},looksmax.org,REWRITE
/d/34819-lemonmaxxing-para-el-color-de-ojos,Lemonmaxxing para el color de ojos,looksmax.org,REWRITE
/d/34823-las-mejores-y-peores-drogas-low-inhib-segun-mi-experiencia-personal,Las Mejores Y Peores Drogas Low Inhib Según Mi Experiencia Personal,looksmax.org,REMOVE_URGENT
/d/34840-la-unica-guia-de-heightmaxxing-que-necesitas-sin-mamadas-gtfih,La única guía de heightmaxxing que necesitas ( SIN MAMADAS GTFIH ),looksmax.org,REMOVE_URGENT
/d/3485-la-rlt-terapia-de-luz-roja-es-tu-mejor-amiga-gtfih,La RLT (Terapia de Luz Roja) es tu mejor amiga GTFIH,looksmax.org,REWRITE
/d/34861-el-pelo-es-ley-megahilo,EL PELO ES LEY (MEGAHILO),looksmax.org,REWRITE
/d/3488-el-anzuelo-oxidado,El anzuelo oxidado,looksmax.org,REWRITE
/d/34886-la-unica-forma-de-subir-la-testo-desmintiendo-todos-los-copes-iqlets-y-comedores-de-carne-cruda-metanse-aqui,LA ÚNICA FORMA DE SUBIR LA TESTO (DESMINTIENDO TODOS LOS COPES; IQLETS Y COMEDORES DE CARNE CRUDA — MÉTANSE AQUÍ),looksmax.org,REWRITE
/d/34897-medidas-faciales-ideales-deja-de-depender-de-ratios-medidas-blancas,Medidas Faciales Ideales; Deja de Depender de Ratios; Medidas Blancas,looksmax.org,REWRITE
/d/34910-alternativa-facil-de-eyelashmaxxing-a-latisse,Alternativa fácil de eyelashmaxxing a Latisse,looksmax.org,REWRITE
/d/34945-como-usar-sarms-para-ascender-facilmente,Cómo usar SARMS para ascender fácilmente,looksmax.org,REWRITE
/d/34946-como-ascender-con-sarms-actualizado,Cómo ascender con SARMS (actualizado),looksmax.org,REWRITE
/d/3495-guia-completa-para-mejorar-tus-conexiones-sociales-maximizar-el-ligue-en-el-antro-mientras-estas-en-la-universidad-hilo-muy-largo,Guía completa para mejorar tus conexiones sociales/ maximizar el ligue en el antro mientras estás en la universidad [HILO MUY LARGO],looksmax.org,REWRITE
/d/34961-guia-definitiva-para-adolescentes-sobre-como-conseguir-chicas-maximizar-tu-apariencia-y-socializar,GUÍA DEFINITIVA PARA ADOLESCENTES SOBRE CÓMO CONSEGUIR CHICAS; MAXIMIZAR TU APARIENCIA Y SOCIALIZAR,looksmax.org,REWRITE
/d/3497-como-fraude-en-instagram-en-30-dias,Cómo fraude en Instagram en 30 días,looksmax.org,REWRITE
/d/34978-megaguia-definitiva-de-rizos,Megaguía definitiva de rizos,looksmax.org,REWRITE
/d/34991-guia-del-maxilar,GUÍA DEL MAXILAR,looksmax.org,REWRITE
/d/350-guia-de-la-zona-de-los-ojos,Guía de la zona de los ojos,looksmax.org,REWRITE
/d/35006-frame-101-como-maximizar-tu-frame-sin-importar-el-tipo,FRAME 101: Cómo maximizar tu frame sin importar el tipo,looksmax.org,REMOVE_URGENT
/d/35024-guia-para-aumentar-la-masa-muscular-del-tren-superior-y-la-explosividad-para-adolescentes-jovenes-y-principiantes,Guía para aumentar la masa muscular del tren superior y la explosividad para adolescentes jóvenes y principiantes.,looksmax.org,REWRITE
/d/35056-como-comprar-y-esconder-gearcompuestos-hilo-de-esfuerzo-medio,CÓMO COMPRAR Y ESCONDER GEAR/COMPUESTOS (HILO DE ESFUERZO MEDIO),looksmax.org,REMOVE_URGENT
/d/35092-guia-de-collagen-maxxing-basada-en-evidencia,Guía de collagen-maxxing basada en evidencia,looksmax.org,REMOVE_URGENT
/d/35145-curso-jawad-filtrado,Curso jawad filtrado ;/,looksmax.org,REWRITE
/d/35149-interaccion-social-mi-historia-y-guia,Interacción social: mi historia y guía,looksmax.org,REWRITE
/d/3515-lista-no-exhaustiva-de-defectos-y-formas-de-arreglarlos,Lista no exhaustiva de defectos y formas de arreglarlos,looksmax.org,REWRITE
/d/35160-framecels-finalmente-salvados-alarga-el-hueso-clavicular-ahora,¡FRAMECELS finalmente salvados. Alarga el hueso clavicular ahora!,looksmax.org,REWRITE
/d/35161-mordida-profunda-dental-vs-esqueletica,Mordida profunda dental vs esquelética,looksmax.org,REWRITE
/d/35179-altura,Altura,looksmax.org,REWRITE
/d/35230-fuga-de-guia-clavicular-reposteada,FUGA DE GUÍA CLAVICULAR REPOSTEADA,looksmax.org,REWRITE
/d/35231-guia-para-normies-cirugia,Guía Para Normies: Cirugía,looksmax.org,REWRITE
/d/35243-la-guia-definitiva-de-nootropicos-ten-motivacion-y-estamina-infinitaestudiar-hacer-dinero,La guía DEFINITIVA de nootrópicos - ten motivación y estamina infinita(estudiar + hacer dinero),looksmax.org,REMOVE_URGENT
/d/3525-como-arrasar-en-la-vida-social-16-18-anos,Cómo arrasar en la vida social (16-18 años),looksmax.org,REWRITE
/d/35295-lo-que-estoy-haciendo-para-maximizar-la-pubertad-y-lo-que-deberias-hacer-tu-youngcels-gtfih,Lo que estoy haciendo para maximizar la pubertad y LO QUE DEBERÍAS HACER TÚ! (youngcels GTFIH),looksmax.org,REWRITE
/d/35301-alto-iq-respaldado-con-fuentes-arregla-tu-mandibula-recesiva-con-softmaxing,[ALTO IQ; RESPALDADO CON FUENTES] Arregla tu mandíbula recesiva con softmaxing,looksmax.org,REMOVE_URGENT
/d/35311-como-deshincharte-por-completoverte-lo-mas-grande-posible-antes-de-un-evento-importante-como-lo-hacen-los-fisicoculturistas-antes-de-una-competencia-alto-esfuerzo,Cómo deshincharte por completo+verte lo más grande posible antes de un evento importante como lo hacen los fisicoculturistas antes de una competencia (ALTO ESFUERZO),looksmax.org,REMOVE_URGENT
/d/35318-guia-stack-experimental-para-aclarar-los-ojos-reprogramacion-del-iris-potenciada-con-exosomas-y-por-que-ningun-otro-stack-funciona,🧬 [GUÍA] Stack experimental para aclarar los ojos – Reprogramación del iris potenciada con exosomas [Y POR QUÉ NINGÚN OTRO STACK FUNCIONA],looksmax.org,REWRITE
/d/35333-mi-guia-de-softmaxxing,Mi Guía de Softmaxxing,looksmax.org,REWRITE
/d/35355-la-recesion-del-menton-quizas-tenga-arreglo,La recesión del mentón quizás tenga arreglo,looksmax.org,REWRITE
/d/3543-guia-de-skinmaxxing-al-maximo-historia-de-como-mejore-mi-piel-en-3-meses,Guía de skinmaxxing al máximo. Historia de cómo mejoré mi piel en 3 meses.,looksmax.org,REWRITE
/d/3545-looksmaxxing-edicion-negra,Looksmaxxing (Edición Negra),looksmax.org,REWRITE
/d/35490-como-deshincharte-y-que-causa-la-hinchazon-en-si,Cómo deshincharte- y qué causa la hinchazón en sí.,looksmax.org,REWRITE
/d/35495-guia-la-unica-forma-de-aclarar-tu-color-de-ojos-y-la-cosa-que-falta-en-cada-stack,[GUÍA] La única forma de aclarar tu color de ojos y la cosa que falta en cada stack.,looksmax.org,REWRITE
/d/35509-por-que-el-corte-agresivo-no-funciona-la-forma-correcta-de-cortar-fatcels-larguense-de-aqui,Por qué el corte agresivo no funciona + La forma correcta de cortar (FATCELS LÁRGUENSE DE AQUÍ),looksmax.org,REWRITE
/d/35519-el-stack-1-para-principiantes-sin-inyecciones-sin-refri-sin-androgenos-guia-completa-y-detallada,El stack #1 para principiantes (sin inyecciones; sin refri; sin andrógenos) 🔥 [Guía COMPLETA y detallada],looksmax.org,REWRITE
/d/3553-guia-lipoescultura-de-alta-definicion-cirugia-para-el-six-pack-y-eliminacion-permanente-de-grasa,GUÍA: Lipoescultura de Alta Definición - Cirugía para el Six Pack y Eliminación Permanente de Grasa,looksmax.org,REWRITE
/d/35534-guia-basica-para-aumentar-altura-naturalmente,Guía básica para aumentar altura naturalmente,looksmax.org,REWRITE
/d/35566-guia-sobre-ho-optimizacion-hormonal,Guía sobre HO (Optimización Hormonal),looksmax.org,REMOVE_URGENT
/d/35581-guia-sobre-aclaramiento-de-piel,guía sobre aclaramiento de piel,looksmax.org,REWRITE
/d/35582-pubertymaxxing-la-guia-oculta-de-softmaxxing-la-proxima-guia-es-la-de-los-que-se-desarrollan-tarde,Pubertymaxxing; la guía oculta de softmaxxing... La próxima guía es la de \Los que se desarrollan tarde\.,looksmax.org,REMOVE_URGENT
/d/35593-como-no-te-agarren-con-cirugia,Cómo no te agarren con cirugía,looksmax.org,REWRITE
/d/35597-bone-smashing,Bone smashing,looksmax.org,REMOVE_URGENT
/d/35600-como-maximizar-el-potencial-de-tomar-el-sol-en-verano-sube-tu-juventud-testosterona-motivacion-y-cada-stat-biologico,Cómo maximizar el potencial de tomar el sol en verano: Sube tu juventud; testosterona; motivación y cada stat biológico.,looksmax.org,REMOVE_URGENT
/d/35675-alturmaxxing-por-farmacologia-la-redpilla-final-la-genetica-carga-la-pistola-la-endocrinologia-jala-el-gatillo,🧬🦍 Alturmaxxing por Farmacología: La Redpilla Final \La genética carga la pistola. La endocrinología jala el gatillo.\,looksmax.org,REWRITE
/d/35695-guia-completa-de-looksmaxxing-para-lurkers,¡Guía completa de looksmaxxing para lurkers!,looksmax.org,REWRITE
/d/35732-guia-de-voice-maxxing,Guía de Voice Maxxing,looksmax.org,REWRITE
/d/35760-guias-faciles-para-ustedes-idiotas-sin-cerebro-entren-aqui-putos-ignorantes,GUÍAS FÁCILES PARA USTEDES IDIOTAS SIN CEREBRO (ENTREN AQUÍ PUTOS IGNORANTES),looksmax.org,REWRITE
/d/35802-megahilo-completo-de-appeal-para-negros-con-aliento-a-pito,Megahilo completo de appeal para negros con aliento a pito,looksmax.org,REWRITE
/d/35806-retatrutide-la-triple-g-para-perdida-de-peso-y-salud-metabolica,Retatrutide: La Triple G para Pérdida de Peso y Salud Metabólica,looksmax.org,REWRITE
/d/35814-deberias-practicar-la-exposicion-al-frio-por-sus-efectos-brutales-de-anti-envejecimiento-aumento-de-hormonas-y-mejor-animo-para-superarte,Deberías practicar la exposición al frío por sus efectos brutales de anti envejecimiento; aumento de hormonas y mejor ánimo para superarte.,looksmax.org,REMOVE_URGENT
/d/35826-guia-de-thumbpulling-lo-que-me-funciono-a-mi,Guía de Thumbpulling (lo que me funcionó a mí),looksmax.org,REWRITE
/d/35862-alfa-gratis-para-mis-milfmaxxers,Alfa gratis para mis milfmaxxers,looksmax.org,REWRITE
/d/35887-levantamiento-basado-en-ciencia,levantamiento basado en ciencia,looksmax.org,REWRITE
/d/35940-fenomeno-de-la-teoria-del-twinkmaxxing-por-que-los-flacos-son-altos-y-terminan-creciendo,Fenómeno de la teoría del twinkmaxxing - Por qué los flacos son altos y terminan creciendo.,looksmax.org,REWRITE
/d/35967-dht-maxxing-celulas-subdesarrolladas-gtifh,DHT MAXXING; CÉLULAS SUBDESARROLLADAS GTIFH,looksmax.org,REWRITE
/d/35983-para-adolescentes-y-greys-como-superar-tu-miedo-a-las-agujas-para-que-puedas-pincharte,Para adolescentes y greys: Cómo superar tu miedo a las agujas para que puedas pincharte,looksmax.org,REMOVE_URGENT
/d/3600-voicecells-gtfih-metodo-acv,VoiceCells GTFIH (método ACV),looksmax.org,REWRITE
/d/36015-heightmaxxing-101-para-manlets-pubertarios,Heightmaxxing 101 para MANLETS PUBERTARIOS,looksmax.org,REWRITE
/d/36033-como-alterarias-geneticamente-el-color-de-tus-ojos,CÓMO ALTERARÍAS GENÉTICAMENTE EL COLOR DE TUS OJOS,looksmax.org,REMOVE_URGENT
/d/36045-guia-sobre-pubertymaxing,Guía sobre \Pubertymaxing\,looksmax.org,REWRITE
/d/36120-como-alterarias-geneticamente-tu-estatura,CÓMO ALTERARÍAS GENÉTICAMENTE TU ESTATURA,looksmax.org,REMOVE_URGENT
/d/36157-stack-duro-teorico-para-altura,STACK DURO TEÓRICO PARA ALTURA,looksmax.org,REMOVE_URGENT
/d/3616-guia-de-mental-health-maxx,Guía de Mental Health Maxx,looksmax.org,REWRITE
/d/36179-reporte-mi-experiencia-negativa-con-terapia-de-orina-nunca-bebas-orina-envejecida-es-danina,Reporte. Mi experiencia negativa con terapia de orina. Nunca bebas orina envejecida; es dañina.,looksmax.org,REMOVE_URGENT
/d/36221-reducir-indice-graso,Reducir índice graso,looksmax.org,REWRITE
/d/36226-como-la-personalidad-puede-brillar-mas-que-la-apariencia-una-guia-corta-a-la-ascension,Cómo la personalidad puede brillar más que la apariencia: Una guía corta a la ascensión,looksmax.org,REWRITE
/d/36269-la-guia-definitiva-para-convertirse-en-un-nerd,La Guía Definitiva para Convertirse en un Nerd,looksmax.org,REWRITE
/d/36282-mi-guia-de-cold-approach-ansiedad-social-cels-entren-aqui,Mi Guía de Cold Approach (Ansiedad-social-cels ENTREN AQUÍ),looksmax.org,REWRITE
/d/3633-creacion-del-aparato-dowden-v1-jala-tu-maxilar-hacia-adelante,Creación del aparato Dowden V1 - Jala tu maxilar hacia adelante,looksmax.org,REMOVE_URGENT
/d/3640-cosas-que-ya-deberias-estar-haciendo-como-looksmaxxer,Cosas que ya deberías estar haciendo como looksmaxxer.,looksmax.org,REWRITE
/d/36414-drenaje-del-sistema-linfatico-fuga-de-primalrevolution,Drenaje del sistema linfático (fuga de primalrevolution),looksmax.org,REMOVE_URGENT
/d/3642-la-ciencia-detras-del-no-fap-megahilo,La Ciencia Detrás del No-Fap [Megahilo],looksmax.org,REMOVE_URGENT
/d/36433-guia-de-ntmaxxing-se-acabo-para-los-autismcels,Guía de NTMaxxing; se acabó para los Autismcels,looksmax.org,REWRITE
/d/3645-como-reducir-definitivamente-el-scleral-showaumentar-la-firmeza-del-parpado-inferior-sin-cirugia,Cómo reducir definitivamente el scleral show/aumentar la firmeza del párpado inferior sin cirugía,looksmax.org,REWRITE
/d/36464-el-blueprint-definitivo-para-el-looksmaxing-real-solo-para-usuarios-nuevos-o-greycels,El Blueprint Definitivo para el Looksmaxing Real (solo para usuarios nuevos o greycels),looksmax.org,REWRITE
/d/3647-como-dormir-correctamente,Cómo dormir correctamente,looksmax.org,REWRITE
/d/36515-peptidos-de-hormona-de-crecimiento-desglose-completo,Péptidos de Hormona de Crecimiento; desglose completo,looksmax.org,REWRITE
/d/3652-importancia-de-la-proyeccion-de-la-nariz-y-el-grosor-del-cuello-de-perfil-con-mis-propias-fotos,importancia de la proyección de la nariz y el grosor del cuello de perfil; con mis propias fotos,looksmax.org,REWRITE
/d/36546-como-comer-pez-pequeno-crudo,Cómo comer pez pequeño crudo,looksmax.org,REWRITE
/d/36563-como-sacarle-el-maximo-provecho-al-accutane-deten-los-efectos-secundarios,Cómo sacarle el máximo provecho al Accutane (Detén los efectos secundarios),looksmax.org,REMOVE_URGENT
/d/36570-como-mantener-tus-indicadores-de-juventud,Cómo mantener tus indicadores de juventud,looksmax.org,REWRITE
/d/3659-niveles-de-looksmaxxing,Niveles de Looksmaxxing,looksmax.org,REWRITE
/d/36618-suplementa-creatina-para-aumentar-la-hormona-masculina-principal-los-huesos-faciales-la-fuerza-para-evitar-el-envejecimiento-por-trabajos-de-mierda-y-rejuvenecimiento-por-el-funcionamiento-celular,Suplementa Creatina para aumentar la hormona masculina principal; los huesos faciales; la fuerza para evitar el envejecimiento por trabajos de mierda y rejuvenecimiento por el funcionamiento celular.,looksmax.org,REWRITE
/d/36627-dieta-primal-por-que-es-mejor-y-desmintiendo-un-mito-de-la-nutricion,Dieta Primal : Por Qué Es Mejor y Desmintiendo un Mito de la Nutrición,looksmax.org,REWRITE
/d/36644-como-lograr-glass-skin-guia,cómo lograr glass skin (guía),looksmax.org,REWRITE
/d/36686-como-falsificar-tu-estudio-de-sueno-cirugia-de-mandibula-gratis,Cómo Falsificar tu Estudio de Sueño - CIRUGÍA DE MANDÍBULA GRATIS,looksmax.org,REWRITE
/d/36697-protocolo-de-ciclo-de-cjc-1295-no-dac-e-ipamorelina,Protocolo de Ciclo de CJC-1295 No DAC e Ipamorelina,looksmax.org,REWRITE
/d/36784-falla-asquerosa-de-nariz-ubicacion-retraida-de-las-fosas-nasales-estetica-de-la-base-de-las-fosas,Falla Asquerosa de Nariz: Ubicación Retraída de las Fosas Nasales (Estética de la Base de las Fosas),looksmax.org,REWRITE
/d/36787-mentalidad-general-para-sub5s-el-unico-consejo-util-que-veras-aqui-excepto-surgerymaxxing,Mentalidad general para sub5s. El único consejo útil que verás aquí; excepto surgerymaxxing,looksmax.org,REWRITE
/d/36788-guia-de-skincare-minimalista-solo-necesitas-3-productos,GUÍA DE SKINCARE MINIMALISTA (SOLO NECESITAS 3 PRODUCTOS),looksmax.org,REWRITE
/d/3681-como-hacer-instagramsnapchat-max,Cómo Hacer Instagram/Snapchat Max,looksmax.org,REWRITE
/d/36820-guia-paso-a-paso-2025-sobre-como-dominar-fisicamente-a-todos-los-hombres-en-tu-area-local,Guía Paso-a-Paso 2025 sobre Cómo Dominar Físicamente a Todos los Hombres en Tu Área Local,looksmax.org,REWRITE
/d/3686-delgado-pero-aun-hinchado-retienes-mucha-agua-gtfih,¿DELGADO PERO AÚN HINCHADO? ¿RETIENES MUCHA AGUA? GTFIH!,looksmax.org,REWRITE
/d/36891-las-unicas-softmaxxes-legitimas,Las únicas softmaxxes legítimas,looksmax.org,REWRITE
/d/36897-controlando-los-musculos-faciales-para-cambiar-las-cejas-la-nariz-etc,Controlando los músculos faciales para cambiar las cejas; la nariz; etc,looksmax.org,REWRITE
/d/3690-rasgos-masculinos-descritos-en-las-partes-de-la-cara,rasgos masculinos descritos en las partes de la cara,looksmax.org,REWRITE
/d/36931-suplementos-para-tomar-indefinidamente-si-estas-usando-gear,Suplementos para tomar indefinidamente si estás usando gear,looksmax.org,REWRITE
/d/37120-como-perder-peso-rapido-para-hombres-adolescentes-obesos-para-evitar-detener-el-crecimiento-exceso-de-piel-ademas-gana-crecimiento-de-huesos-y-looks,Cómo perder peso rápido para hombres adolescentes obesos; para evitar detener el crecimiento; exceso de piel; además gana crecimiento de huesos y looks.,looksmax.org,REWRITE
/d/37144-cura-tdah-y-mejora-el-desempeno-estudiantil-con-pescado-crudo-alto-en-omega-3,¡Cura TDAH y mejora el desempeño estudiantil con pescado crudo alto en omega 3!,looksmax.org,REMOVE_URGENT
/d/3715-como-saber-que-piensan-realmente-de-ti,Cómo saber qué piensan realmente de ti,looksmax.org,REWRITE
/d/37198-dominando-el-sueno-y-la-vigilia-estrategias-basadas-en-la-ciencia-para-la-salud-mental-y-fisica,Dominando el sueño y la vigilia (Estrategias basadas en la ciencia para la salud mental y física),looksmax.org,REWRITE
/d/37199-la-unica-formula-de-dht-maximo-que-jamas-necesitaras,La única fórmula de DHT máximo que jamás necesitarás.,looksmax.org,REMOVE_URGENT
/d/37210-como-aumentar-iq-y-diligencia-que-son-los-mejores-predictores-del-exito,Cómo aumentar IQ y diligencia que son los mejores predictores del éxito.,looksmax.org,REMOVE_URGENT
/d/37231-una-guia-para-el-uso-de-inhibidores-de-hdac,Una guía para el uso de inhibidores de HDAC,looksmax.org,REMOVE_URGENT
/d/37259-mi-guia-para-crecer-de-51-currycel-a-63-chadpreet-en-menos-de-2-anos-creeme-saar,Mi guía para crecer de 5'1 currycel a 6'3 chadpreet en menos de 2 años ¡créeme saar!,looksmax.org,REMOVE_URGENT
/d/3728-consejo-para-adelgazarse-con-esfuerzo-minimo,consejo para adelgazarse con esfuerzo mínimo,looksmax.org,REWRITE
/d/37320-como-saber-si-ella-es-una-bop,Cómo saber si ella es una bop,looksmax.org,REWRITE
/d/37328-que-es-dht-y-como-lo-aumentamos-naturalmente,¿Qué es DHT y cómo lo aumentamos naturalmente?,looksmax.org,REWRITE
/d/37346-el-stack-de-iqmaxxing-nootropicos,EL STACK DE IQMAXXING (Nootrópicos),looksmax.org,REWRITE
/d/37381-como-hacer-iqmax,Cómo hacer IqMax,looksmax.org,REWRITE
/d/37435-guia-universal-de-peptidos-como-usar-peptidos,GUÍA UNIVERSAL DE PÉPTIDOS | ¿Cómo usar Péptidos?,looksmax.org,REWRITE
/d/37450-mi-stack-de-looksmaxxing-no-larp-realmente-bueno,MI STACK DE LOOKSMAXXING (NO LARP; REALMENTE BUENO),looksmax.org,REWRITE
/d/3748-como-ser-un-macho-alfa-como-un-hombre-negro,Cómo ser un macho alfa como un hombre negro,looksmax.org,REMOVE_URGENT
/d/3749-gymcels-gtfih-entrenamiento-de-cuerpo-completo-en-casa-sin-equipo,Gymcels GTFIH - ENTRENAMIENTO DE CUERPO COMPLETO en casa sin equipo,looksmax.org,REMOVE_URGENT
/d/37530-reescribiendo-el-iris-el-plano-genetico-para-alterar-el-color-de-ojos-a-traves-de-edicion-genica-somatica-remasterizado,REESCRIBIENDO EL IRIS: EL PLANO GENÉTICO PARA ALTERAR EL COLOR DE OJOS A TRAVÉS DE EDICIÓN GÉNICA SOMÁTICA [REMASTERIZADO],looksmax.org,REWRITE
/d/3757-phenopill-nortico-atlantido,[PhenoPill] Nórtico-atlántido,looksmax.org,REMOVE_URGENT
/d/37652-guia-completa-para-mantener-la-fertilidad-durantedespues-de-ciclos-de-testosterona,GUÍA COMPLETA PARA MANTENER LA FERTILIDAD DURANTE/DESPUÉS DE CICLOS DE TESTOSTERONA,looksmax.org,REWRITE
/d/37657-el-metodo-mas-facil-para-slayear-garantizado,El método MÁS FÁCIL para slayear garantizado,looksmax.org,REWRITE
/d/3766-pasado-por-alto-pero-masivo-para-el-desarrollo,Pasado por alto pero MASIVO para el desarrollo,looksmax.org,REWRITE
/d/37676-freak-physique-maxxing-atrae-todas-las-miradas,Freak physique maxxing: atrae todas las miradas,looksmax.org,REWRITE
/d/37686-looksmaxxing-de-color-de-cabello-que-color-de-cabello-deberias-tener,Looksmaxxing de Color de Cabello (QUÉ COLOR DE CABELLO DEBERÍAS TENER),looksmax.org,REWRITE
/d/37701-introduccion-al-mk-677,Introducción al mk-677,looksmax.org,REWRITE
/d/37721-nueva-informacion-sobre-como-comer-pescado-crudo-gtfih,¡Nueva información sobre cómo comer pescado crudo! ¡GTFIH!,looksmax.org,REWRITE
/d/37729-droga-para-ntmaxxing,DROGA PARA NTMAXXING,looksmax.org,REWRITE
/d/37755-como-lidiar-con-una-sobremordida,Cómo lidiar con una sobremordida,looksmax.org,REMOVE_URGENT
/d/37758-forma-instantanea-de-dormirse-peligrosa,Forma instantánea de dormirse (PELIGROSA),looksmax.org,REWRITE
/d/37777-gb-115-el-peptido-anti-ansiedad-que-mogea-benzos-y-alcohol-al-olvido,GB-115: El péptido anti-ansiedad que mogea benzos y alcohol al olvido,looksmax.org,REWRITE
/d/37806-la-mejor-forma-de-hacer-cold-approach-a-chicas,La mejor forma de hacer cold approach a chicas,looksmax.org,REWRITE
/d/37812-personalitymaxxing-como-atraer-a-una-foid-lectura-obligada,PERSONALITYMAXXING - CÓMO ATRAER A UNA FOID (LECTURA OBLIGADA),looksmax.org,REWRITE
/d/37902-la-guia-completa-de-peptidos-para-la-piel-acnecielos-gtfih,LA GUÍA COMPLETA DE PÉPTIDOS PARA LA PIEL (ACNECIELOS GTFIH),looksmax.org,REWRITE
/d/37916-como-reducir-la-ansiedad-y-el-estres-en-segundos,Cómo Reducir la Ansiedad y el Estrés en Segundos,looksmax.org,REWRITE
/d/37933-como-encoger-tus-maseteros,cómo encoger tus maseteros,looksmax.org,REWRITE
/d/37934-como-deshacerse-de-todos-los-tipos-de-olor-corporal-bajo-esfuerzo-hygienecels-gtfih,Cómo deshacerse de todos los tipos de olor corporal (Bajo Esfuerzo / Hygienecels GTFIH),looksmax.org,REWRITE
/d/37951-maximizando-el-potencial-del-bone-smashing-pomulos,Maximizando el potencial del Bone smashing (pómulos),looksmax.org,REMOVE_URGENT
/d/37956-guia-para-el-uso-de-cjc-1295-no-dac-e-ipamorelina-dacgrf,GUÍA para el uso de CJC 1295 no dac e Ipamorelina (DAC:GRF),looksmax.org,REWRITE
/d/37962-como-esconder-esteroides-de-tus-padres,Cómo esconder esteroides de tus padres,looksmax.org,REWRITE
/d/37976-guia-simple-de-fiend-sobre-eritema-post-inflamatorio,Guía simple de Fiend sobre eritema post-inflamatorio,looksmax.org,REWRITE
/d/38008-higado-de-res-el-alimento-mas-poderoso-de-la-tierra,HÍGADO DE RES (EL ALIMENTO MÁS PODEROSO DE LA TIERRA),looksmax.org,REWRITE
/d/38027-mejor-peinado-fraud-para-linea-recesiva-gtfih,¡Mejor peinado fraud para línea recesiva! ¡GTFIH!,looksmax.org,REWRITE
/d/38067-guia-basica-de-ascension-para-greys,Guía básica de ascensión para greys,looksmax.org,REMOVE_URGENT
/d/38088-planes-de-ciclo-y-looksmaxxing-siendo-un-chavo-de-16,planes de ciclo y looksmaxxing siendo un chavo de 16,looksmax.org,REMOVE_URGENT
/d/38124-guia-anti-caida-de-cabello,Guía anti caída de cabello,looksmax.org,REWRITE
/d/38130-las-unicas-formas-reales-de-hacer-dinero-en-este-foro-no-cope,Las únicas formas reales de hacer dinero en este foro (no cope),looksmax.org,REWRITE
/d/38149-todo-lo-que-necesitas-saber-sobre-el-sixpack-guia-completa-para-obtenerlos-consejos-y-trucos,TODO lo que necesitas saber sobre el SIXPACK (Guía completa para obtenerlos + consejos y trucos),looksmax.org,REWRITE
/d/38171-guia-de-cold-approach-para-ndcels-gtih-nds-80-de-exito,GUÍA DE COLD APPROACH PARA NDCELS [GTIH NDs ; 80% DE ÉXITO],looksmax.org,REWRITE
/d/38186-potencia-tu-motivacion-de-esta-forma,Potencia tu motivación de esta forma,looksmax.org,REWRITE
/d/38262-guia-definitiva-de-peptidos-para-principiantes,Guía Definitiva de Péptidos para Principiantes 💉,looksmax.org,REWRITE
/d/38274-blueprint-para-looksmaxxing-en-la-infancia,Blueprint para looksmaxxing en la infancia,looksmax.org,REWRITE
/d/38277-como-realmente-ntmax,cómo realmente ntmax,looksmax.org,REWRITE
/d/38280-la-guia-definitiva-de-los-surcos-nasolabiales,La guía definitiva de los surcos nasolabiales,looksmax.org,REWRITE
/d/38283-nueva-guia-definitiva-del-acne,Nueva Guía Definitiva del Acné,looksmax.org,REWRITE
/d/38307-guia-completa-para-bajar-hgh-y-limitar-tu-potencial-de-altura-tallcels-gtfih-o-sigue-siendo-alto-digno-de-botb,GUÍA COMPLETA PARA BAJAR HGH Y LIMITAR TU POTENCIAL DE ALTURA (TALLCELS GTFIH O SIGUE SIENDO ALTO) DIGNO DE BOTB,looksmax.org,REWRITE
/d/3831-expansion-del-maxilarpaladar,Expansión del Maxilar/Paladar,looksmax.org,REMOVE_URGENT
/d/38371-como-fraudear-tu-area-ocular-con-lentes-de-sol-desglose-completo-por-forma-de-cara,Cómo fraudear tu área ocular con lentes de sol (Desglose completo por forma de cara),looksmax.org,REWRITE
/d/3839-el-look-ardiente-y-como-lograrlo,El Look \Ardiente\ Y Cómo Lograrlo,looksmax.org,REWRITE
/d/38398-lee-este-hilo-antes-de-hacerte-una-transferencia-de-grasa-facial,LEE ESTE HILO antes de hacerte una transferencia de grasa facial,looksmax.org,REWRITE
/d/38403-una-guia-para-mejorar-la-vision,Una guía para mejorar la visión,looksmax.org,REWRITE
/d/38418-mi-idea-de-heightmax-precio-incluido,Mi Idea de Heightmax (Precio Incluido),looksmax.org,REWRITE
/d/38431-como-hacer-una-bomba-de-pene-casera-alta-calidad,CÓMO HACER UNA BOMBA DE PENE CASERA (ALTA CALIDAD),looksmax.org,REMOVE_URGENT
/d/3845-el-stack-definitivo-para-mejorar-tu-vida,El stack definitivo para mejorar tu vida,looksmax.org,REWRITE
/d/38455-plan-de-comidas-para-volumen-con-perfil-de-micronutrientes-perfecto,Plan de Comidas para Volumen con Perfil de Micronutrientes PERFECTO,looksmax.org,REMOVE_URGENT
/d/38478-tienes-scleral-show-lee-esto-para-arreglarlo-sin-cirugia,¿Tienes scleral show? Lee esto para arreglarlo sin cirugía,looksmax.org,REWRITE
/d/38526-guia-de-coloracion,Guía de coloración,looksmax.org,REWRITE
/d/38559-como-medir-correctamente-la-envergadura,Cómo medir correctamente la envergadura,looksmax.org,REWRITE
/d/38560-guia-de-maxxing-de-cejas-y-pestanas,Guía de Maxxing de Cejas y Pestañas,looksmax.org,REWRITE
/d/3858-dejando-las-adicciones-y-previniendo-la-resaca-con-n-acetilcisteina,dejando las adicciones y previniendo la resaca con N-Acetilcisteína,looksmax.org,REWRITE
/d/38628-mewing-avanzado-altura-de-maxila-y-rama,Mewing Avanzado: Altura de Maxila y Rama,looksmax.org,REWRITE
/d/38644-teriparatida-vs-abaloparatida-cual-analogo-de-pth-es-mejor,Teriparatida vs Abaloparatida: ¿Cuál análogo de PTH es mejor?,looksmax.org,REWRITE
/d/38662-como-arregle-la-mala-textura-de-la-piel-de-mi-frente,Cómo arreglé la mala textura de la piel de mi frente,looksmax.org,REWRITE
/d/38739-guia-sobre-como-crecer-tu-arco-superciliar,Guía sobre cómo crecer tu arco superciliar,looksmax.org,REWRITE
/d/38765-la-proporcion-oculta-que-determina-tus-labios-la-proporcion-del-aspecto-de-la-boca-ft-at-proex,La proporción oculta que determina tus labios- La Proporción del Aspecto de la Boca | FT @proex,looksmax.org,REWRITE
/d/38772-24-tips-para-greys,24 tips para greys,looksmax.org,REMOVE_URGENT
/d/38789-el-secreto-para-una-nariz-mas-pequena-compresion-nasal,El secreto para una nariz más pequeña (Compresión nasal),looksmax.org,REWRITE
/d/38799-como-sentirse-mas-feliz,cómo sentirse más feliz,looksmax.org,REWRITE
/d/38850-hongospsilocibina-para-potencialmente-lifemaxxbajar-la-inhib-guia-de-conocimiento-basico-sobre-hongos,hongos/psilocibina para potencialmente LIFEMAXX/bajar la inhib. GUÍA DE CONOCIMIENTO BÁSICO SOBRE HONGOS,looksmax.org,REWRITE
/d/3889-como-medir-un-maxilar-retraido,Cómo medir un maxilar retraído,looksmax.org,REWRITE
/d/38896-como-ponerte-mamado-y-seguir-mamado-guia-de-physiquemaxxing-de-un-nerd-de-la-kinesiologia,Cómo ponerte mamado; y seguir mamado - guía de physiquemaxxing de un nerd de la kinesiología,looksmax.org,REWRITE
/d/38925-la-importancia-del-gusto-musical,La importancia del gusto musical,looksmax.org,REWRITE
/d/39008-dormir-invertido-para-crecimiento-maxilar-anterior,Dormir Invertido para Crecimiento Maxilar Anterior,looksmax.org,REWRITE
/d/39043-area-ocular-para-atractivo,Área ocular para atractivo,looksmax.org,REWRITE
/d/39057-guia-ok-de-como-tener-mejor-piel,Guía ok de cómo tener mejor piel,looksmax.org,REWRITE
/d/3908-como-convertirse-en-low-inhib,Cómo convertirse en low inhib,looksmax.org,REWRITE
/d/39092-guia-de-stylemaxing,Guía de Stylemaxing,looksmax.org,REWRITE
/d/39156-los-inhibidores-de-aromatasa-pueden-no-ser-tan-efectivos-como-piensas,Los inhibidores de aromatasa pueden no ser tan efectivos como piensas.,looksmax.org,REWRITE
/d/39166-la-biblia-del-acne-guia-completa-para-una-piel-limpia,La Biblia del Acné : Guía completa para una piel limpia,looksmax.org,REWRITE
/d/39188-guia-completa-para-el-overbite-sobremordida,Guía completa para el overbite (sobremordida),looksmax.org,REMOVE_URGENT
/d/3919-happiness-maxxing,Happiness-Maxxing,looksmax.org,REWRITE
/d/3921-ayuno-de-dopamina,Ayuno de dopamina,looksmax.org,REWRITE
/d/39211-como-descalcificar-la-glandula-pineal-y-ascender,Cómo descalcificar la glándula pineal y ascender,looksmax.org,REWRITE
/d/39233-como-hacer-leche-agriafilviili-leche-fermentada,Cómo hacer leche agria/fil/viili (leche fermentada),looksmax.org,REWRITE
/d/39284-esta-pildora-aumentara-tu-testosterona-total-y-libre,Esta píldora aumentará tu testosterona total y libre,looksmax.org,REMOVE_URGENT
/d/39290-6ft6-elevate-bamboo-wolf-brutal-20-metodos-filtrados,6ft6 ; Elevate ; Bamboo ; Wolf ; Brutal 2.0 ( Métodos Filtrados ),looksmax.org,REWRITE
/d/39308-sube-de-nivel-tus-dead-hangs,SUBE DE NIVEL tus dead-hangs,looksmax.org,REWRITE
/d/3931-rutina-diaria-para-gente-que-se-siente-estancada-en-la-vida-post-largo,Rutina diaria para gente que se siente estancada en la vida [Post Largo],looksmax.org,REWRITE
/d/39325-guia-de-como-conseguir-novia,GUÍA de cómo conseguir novia,looksmax.org,REWRITE
/d/3940-la-forma-mas-precisa-de-medir-el-midface,La forma más precisa de medir el midface,looksmax.org,REWRITE
/d/39419-mk677-y-que-es,MK677 Y Qué Es,looksmax.org,REWRITE
/d/3947-forma-sugerida-de-estandarizar-el-ratio-del-tercio-medio-facial-y-el-fwhr-y-herramienta-util-para-medirlos,Forma sugerida de estandarizar el ratio del tercio medio facial y el FWHR; y herramienta útil para medirlos,looksmax.org,REWRITE
/d/39486-lista-de-peores-a-mejores-esteroides-lista-de-peptidos-pronto,Lista de peores a mejores esteroides (lista de péptidos pronto),looksmax.org,REWRITE
/d/39495-plan-de-ascenso-farmacologico,Plan de ascenso farmacológico,looksmax.org,REWRITE
/d/39542-todo-lo-que-necesitas-sobre-la-higiene-bucal,Todo lo que necesitas sobre la Higiene Bucal.,looksmax.org,REWRITE
/d/3955-que-significa-la-sentiencia,¿Qué significa la sentiencia?,looksmax.org,REWRITE
/d/39572-caninoscolmillos-sus-efectos-en-el-atractivo,Caninos/Colmillos: sus efectos en el atractivo,looksmax.org,REWRITE
/d/39588-guia-mogger-de-microneedling-en-casa,Guía MOGGER de Microneedling en Casa,looksmax.org,REMOVE_URGENT
/d/39595-alternativa-natural-a-minoxidil-y-lociones-faciales,Alternativa natural a minoxidil y lociones faciales.,looksmax.org,REWRITE
/d/3961-como-seleccionar-dioses-psl,Cómo seleccionar Dioses PSL,looksmax.org,REWRITE
/d/39665-rutina-para-cabello-rizado,RUTINA PARA CABELLO RIZADO,looksmax.org,REWRITE
/d/3968-como-hacer-looksmaxx-siendo-hombre-asiatico,Cómo hacer Looksmaxx siendo Hombre Asiático,looksmax.org,REWRITE
/d/3970-tabla-y-guia-de-estatura,Tabla y guía de estatura,looksmax.org,REWRITE
/d/3973-gtfih-forma-de-bajar-de-peso-mas-rapido-con-suplementos-orlistat-y-belviq-nunca-antes-presentado-en-psl,¡¡GTFIH!! Forma de bajar de peso MÁS RÁPIDO con suplementos (Orlistat y Belviq) [Nunca antes presentado en PSL],looksmax.org,REWRITE
/d/3975-una-guia-realista-del-mewing-como-hacerlo-y-que-esperar,Una guía realista del mewing; cómo hacerlo; y qué esperar,looksmax.org,REWRITE
/d/3977-como-ascender-el-fenotipo-pelirrojo-el-pelirrojo-es-la-mejor-base-para-el-looksmaxing-ascendi-exitosamente-a-chad-usando-estos-tips-mods-pin,¡CÓMO ASCENDER EL FENOTIPO PELIRROJO! EL PELIRROJO ES LA MEJOR BASE PARA EL LOOKSMAXING. ASCENDÍ EXITOSAMENTE A CHAD USANDO ESTOS TIPS. MODS PIN,looksmax.org,REWRITE
/d/39797-guia-rapida-de-frauding-para-looksmaxxers-adolescentes-con-problemas-de-padres-como-esconder-agujas-pedir-peptidos-etc,guía rápida de frauding para looksmaxxers adolescentes con problemas de padres (cómo esconder agujas; pedir péptidos; etc.),looksmax.org,REMOVE_URGENT
/d/3980-la-formula-masculina,La fórmula masculina,looksmax.org,REWRITE
/d/39825-accutane-que-es-dosificacion-y-mas,Accutane; qué es; dosificación y más,looksmax.org,REWRITE
/d/39865-todos-deberian-circadianrythmaxear,Todos deberían circadianrythmaxear,looksmax.org,NOINDEX
/d/39889-como-ponerse-mamado-asap-segun-la-ciencia,Cómo ponerse mamado ASAP según la ciencia,looksmax.org,REWRITE
/d/39891-el-compuesto-del-que-nadie-habla-nr-para-la-calidad-de-la-piel-y-el-antienvejecimiento,El compuesto del que nadie habla: NR para la calidad de la piel y el antienvejecimiento,looksmax.org,REWRITE
/d/39939-la-guia-definitiva-del-trasplante-capilar,La guía definitiva del trasplante capilar,looksmax.org,REWRITE
/d/40018-fuga-de-la-guia-de-imad-skywalker,Fuga de la Guía de Imad Skywalker,looksmax.org,REWRITE
/d/40122-por-que-nunca-deberias-comer-carbohidratos-y-verduras-objetivo,Por qué nunca deberías comer carbohidratos y verduras (Objetivo),looksmax.org,REWRITE
/d/4014-la-mejor-y-unica-guia-de-skincare-que-jamas-necesitaras,La mejor y única guía de skincare que jamás necesitarás,looksmax.org,REWRITE
/d/40212-como-usar-aceite-de-ricino-y-sus-beneficios-para-el-cabello,Cómo usar aceite de ricino y sus beneficios (para el cabello),looksmax.org,REWRITE
/d/40247-consejos-y-reglas-para-incels-y-sub5s-santo-grial-para-incels,consejos y reglas para incels y sub5s (santo grial para incels),looksmax.org,REMOVE_URGENT
/d/40345-guia-para-los-raros-de-la-prepa,GUÍA para los \Raros\ de la Prepa,looksmax.org,REWRITE
/d/4038-como-curar-la-depresion-expresion-1-video-y-tecnica-que-me-ha-ayudado-con-la-depresion-en-el-pasado,Cómo Curar la Depresión: Expresión... #1 Video y Técnica que me ha Ayudado con la Depresión en el Pasado,looksmax.org,REWRITE
/d/40454-salud-intestinal-101-indicadores-clave-y-como-optimizarlos,Salud Intestinal 101: Indicadores Clave y Cómo Optimizarlos,looksmax.org,REWRITE
/d/40472-para-nuevos-usuarios-de-org-que-no-tienen-desventaja-genetica,Para nuevos usuarios de org que no tienen desventaja genética,looksmax.org,REWRITE
/d/40485-como-nuestras-mentes-pueden-cambiarnos,Cómo nuestras mentes pueden cambiarnos,looksmax.org,REWRITE
/d/4053-ramadan-maxxing-como-bajar-de-peso-maximizar-tus-ganancias-y-minimizar-la-atrofia-en-el-mes-sagrado-muslimcels-gtfih,Ramadan Maxxing: Cómo bajar de peso; maximizar tus ganancias y minimizar la atrofia en el mes sagrado (Muslimcels GTFIH),looksmax.org,REWRITE
/d/40563-como-pasar-de-blanco-a-moreno-gtfih,Cómo pasar de blanco a moreno (GTFIH!),looksmax.org,REWRITE
/d/4057-ponte-mamado-o-muere-mirin,PONTE MAMADO O MUERE MIRIN,looksmax.org,REWRITE
/d/40590-guia-completa-del-entrenamiento-craneal-integrado-ict,GUÍA COMPLETA DEL ENTRENAMIENTO CRANEAL INTEGRADO (ICT),looksmax.org,REWRITE
/d/4063-guia-definitiva-de-instagram-maxing,GUÍA DEFINITIVA DE INSTAGRAM MAXING,looksmax.org,REWRITE
/d/40634-arreglar-los-pies-planos-mas-altura-oldcels-entren-aqui,Arreglar los pies planos = más altura; oldcels entren aquí,looksmax.org,REWRITE
/d/40651-como-hice-whitemaxxing,Cómo hice whitemaxxing,looksmax.org,REWRITE
/d/40665-languagemaxxing-como-aprender-un-nuevo-idioma-puede-cambiarlo-todo,Languagemaxxing: Cómo aprender un nuevo idioma puede cambiarlo todo.,looksmax.org,REWRITE
/d/40671-guia-legit-de-monoparpados-a-parpados-dobles-ricecels-gtfih,Guía LEGIT de Monopárpados a Párpados Dobles (RICECELS GTFIH),looksmax.org,REMOVE_URGENT
/d/40675-como-suplementarse-para-potenciar-gh,Cómo suplementarse para potenciar GH,looksmax.org,REWRITE
/d/40706-plan-de-escape-para-manlets-alargamiento-de-piernas-o-implantes-de-talon,Plan de Escape para Manlets: ¿Alargamiento de Piernas o Implantes de Talón?,looksmax.org,REWRITE
/d/4073-estiramiento-de-pene-1-pulgada-de-ganancias,Estiramiento de Pene (+1 pulgada de Ganancias),looksmax.org,REWRITE
/d/4075-mejores-cortesestilos-de-cabello-para-diferentes-tipos-de-caras,MEJORES CORTES/ESTILOS DE CABELLO PARA DIFERENTES TIPOS DE CARAS,looksmax.org,REWRITE
/d/40762-como-no-terminar-como-yo,cómo NO terminar como yo,looksmax.org,REWRITE
/d/40764-ducha-max-tomando-la-mejor-ducha,Ducha-Max | Tomando la Mejor Ducha,looksmax.org,REWRITE
/d/40783-coloracion-contraste-que-es-y-como-puedes-optimizarlo,Coloración & Contraste: ¿Qué es y Cómo puedes optimizarlo?,looksmax.org,REWRITE
/d/40787-cafeina-la-droga-subestimada-y-por-que-deberias-usarla,Cafeína: La Droga Subestimada; y Por Qué Deberías Usarla,looksmax.org,REWRITE
/d/40789-cascarones-de-huevo-calcio-gratis-que-ustedes-npcs-tiran-a-la-basura,Cascarones de huevo – Calcio gratis que ustedes NPCs tiran a la basura,looksmax.org,REMOVE_URGENT
/d/40794-bloqueador-androgenico-topico-para-la-piel,Bloqueador androgénico tópico para la piel,looksmax.org,REWRITE
/d/4081-tecnica-lifehack-facil-para-salir-de-la-cama-y-dejar-de-pudrirse,Técnica LifeHack Fácil Para Salir de la Cama y Dejar de Pudrirse,looksmax.org,REWRITE
/d/4082-guia-definitiva-para-el-cuidado-del-cabello-la-caida-del-cabello-y-la-prevencion-de-la-caida-del-cabello,GUÍA DEFINITIVA PARA EL CUIDADO DEL CABELLO; LA CAÍDA DEL CABELLO Y LA PREVENCIÓN DE LA CAÍDA DEL CABELLO,looksmax.org,REWRITE
/d/4087-como-tener-mejillas-hundidas-sin-cirugiatratamientos-poorcelsbloatcels-gtfih,Cómo tener mejillas hundidas (Sin cirugía/tratamientos) POORCELS/BLOATCELS GTFIH,looksmax.org,REWRITE
/d/40877-el-mejor-fraud-del-que-tu-no-has-oido-hablar,El mejor fraud del que TÚ no has oído hablar,looksmax.org,REWRITE
/d/40896-secretos-de-looksmax-que-nadie-habla-aqui-botb,Secretos de looksmax que nadie habla aquí (BOTB?),looksmax.org,REWRITE
/d/40903-guia-para-principiantes-zigomaticos-maxilar-gonios-etc,Guía para principiantes (Zigomáticos; Maxilar; Gonios; etc.),looksmax.org,REWRITE
/d/40914-cirugia-maxxing-desglose-completo-de-procedimientos-faciales-maxila-menton-cigomaticos-paladar-etc,[CIRUGÍA MAXXING] Desglose Completo de Procedimientos Faciales (Maxila; Mentón; Cigomáticos; Paladar; etc,looksmax.org,REWRITE
/d/40939-eres-mas-atractivo-que-la-persona-promedio-una-introduccion-a-la-terminologia-del-looksmaxxing,¿Eres más atractivo que la persona promedio?: Una Introducción a la Terminología del Looksmaxxing,looksmax.org,REWRITE
/d/4094-maxeo-de-atractivo-sexual-looksmaxxes-practicos,Maxeo de Atractivo Sexual - Looksmaxxes Prácticos,looksmax.org,REWRITE
/d/40982-nootropicos-que-vale-la-pena-considerar,Nootrópicos que vale la pena considerar,looksmax.org,REWRITE
/d/41002-guia-paso-a-paso-como-pedir-almacenar-y-esconder-esteroidespeptidos-como-adolescente,Guía Paso a Paso: Cómo Pedir; Almacenar y Esconder esteroides/péptidos como Adolescente,looksmax.org,REMOVE_URGENT
/d/41007-guia-para-la-felicidad,guía para la felicidad,looksmax.org,REWRITE
/d/41071-como-medir-todos-los-ratios-faciales-solo-perfil-frontal,cómo medir todos los ratios faciales (SOLO perfil FRONTAL),looksmax.org,REWRITE
/d/41124-como-encontrar-tu-estilo-de-moda,¿Cómo encontrar TU estilo de moda?,looksmax.org,REWRITE
/d/41144-side-effect-cells-y-pubertycels-gtfih-como-hacer-cualquier-concentracion-de-finasterida-topica-ridiculamente-barata,SIDE EFFECT CELLS Y PUBERTYCELS GTFIH Cómo hacer CUALQUIER concentración de finasterida tópica RIDÍCULAMENTE BARATA,looksmax.org,REWRITE
/d/4115-como-mantener-a-una-chica-en-una-relacion-a-largo-plazo,Cómo mantener a una chica en una relación a largo plazo,looksmax.org,REWRITE
/d/41166-como-tener-la-piel-perfecta-todo-lo-que-necesitas-saber,CÓMO TENER LA PIEL PERFECTA: Todo Lo Que Necesitas Saber,looksmax.org,REWRITE
/d/41215-accutane,Accutane,looksmax.org,REMOVE_URGENT
/d/4122-location-maxing-por-raza-gtfih,Location Maxing por Raza [GTFIH],looksmax.org,REWRITE
/d/41264-reversion-pre-caries-cachando-las-caries-antes-de-que-pasen,REVERSIÓN PRE-CARIES (cachando las caries antes de que pasen),looksmax.org,REWRITE
/d/41355-guia-definitiva-de-la-piel,Guía definitiva de la piel,looksmax.org,REWRITE
/d/41418-drogas-dignas-de-mejorar-tu-apariencia,Drogas dignas de mejorar tu apariencia.,looksmax.org,REMOVE_URGENT
/d/41474-como-oler-bien,Cómo oler bien 😊,looksmax.org,REWRITE
/d/41478-que-es-la-rosacea-y-como-se-trata,Qué es la rosácea y cómo se trata,looksmax.org,REWRITE
/d/4150-el-mayor-quick-fix-para-looksmaxxing,El mayor quick fix para looksmaxxing,looksmax.org,REWRITE
/d/41503-manual-de-finasterida-oral-minoxidil-topico-todo-lo-que-necesitas-saber,Manual de Finasterida Oral + Minoxidil Tópico (Todo lo que necesitas saber),looksmax.org,REWRITE
/d/41524-formula-para-conquistar-en-la-vida-nocturna-thread-de-alto-esfuerzo,Fórmula para conquistar en la vida nocturna: thread de alto esfuerzo,looksmax.org,REMOVE_URGENT
/d/4154-conoce-la-diferencia-entre-hunter-eyes-y-hooded-eyes,CONOCE la diferencia entre hunter eyes y hooded eyes,looksmax.org,REWRITE
/d/41570-insultos-comunes-de-foids-y-como-contrarrestarlos,Insultos Comunes de Foids y Cómo Contrarrestarlos,looksmax.org,REWRITE
/d/41574-necesitas-esto-para-una-apariencia-insanamente-buena-ict,Necesitas esto para una apariencia insanamente buena. / (ICT),looksmax.org,REWRITE
/d/41575-como-saber-si-eres-mtn-basado-en-la-vida-real,Cómo saber si eres MTN (basado en la vida real),looksmax.org,REWRITE
/d/41621-la-presencia-es-como-la-apariencia-se-convierte-en-atraccion,La presencia es cómo la apariencia se convierte en atracción,looksmax.org,REWRITE
/d/41624-como-dejar-de-forma-efectiva-la-adiccion-a-la-nicotina-usando-farmacos-para-adictos,Cómo dejar de forma efectiva la adicción a la nicotina usando fármacos. (Para adictos),looksmax.org,REWRITE
/d/41637-condense-toda-la-info-de-salud-de-bryan-johnson-en-una-lista-accionable-aqui-esta,Condensé toda la info de salud de Bryan Johnson en una lista accionable - Aquí está,looksmax.org,REWRITE
/d/4164-prettyboymaxxing-softmaxxing,Prettyboymaxxing softmaxxing,looksmax.org,REMOVE_URGENT
/d/41676-guia-de-mejora-de-habilidades-sociales-para-hmtn,Guía de Mejora de Habilidades Sociales (para HMTN+),looksmax.org,REMOVE_URGENT
/d/4168-la-unica-guia-para-la-ascension-quirurgica,La única guía para la ascensión quirúrgica,looksmax.org,REWRITE
/d/41680-lo-que-todo-sub5-necesita-a-traves-de-hardmaxxing,Lo que todo sub5 necesita a través de hardmaxxing,looksmax.org,REWRITE
/d/41684-lo-que-alguien-necesita-hacer-para-ascender-siendo-menor-de-18,Lo que alguien necesita hacer para ascender siendo menor de 18,looksmax.org,REWRITE
/d/41710-la-guia-definitiva-del-urkcelmaxxing-botb,LA GUÍA DEFINITIVA DEL URKCELMAXXING (BOTB) 💯,looksmax.org,REWRITE
/d/41866-rutina-de-pecho,rutina de pecho,looksmax.org,REWRITE
/d/41870-como-entrenar-la-espalda-efectivamente,Cómo entrenar la espalda efectivamente,looksmax.org,REWRITE
/d/41962-acabo-con-el-cope-la-unica-guia-de-estetica-facial-que-vas-a-necesitar,ACABO CON EL COPE: La Única Guía de Estética Facial Que Vas a Necesitar,looksmax.org,REWRITE
/d/4197-estetica-anabolica,Estética Anabólica,looksmax.org,REWRITE
/d/42021-la-verdad-sobre-accutane-un-medicamento-que-cambia-la-vida-o-una-moda-pasajera,La verdad sobre- Accutane un medicamento que cambia la vida o una moda pasajera,looksmax.org,REWRITE
/d/42040-la-forma-facil-y-real-de-ascender-guia,LA FORMA FÁCIL Y REAL DE ASCENDER. (GUÍA),looksmax.org,REMOVE_URGENT
/d/42096-como-empezar-a-hacer-looksmaxxing,Cómo empezar a hacer looksmaxxing,looksmax.org,REWRITE
/d/42119-guia-de-dimorfismo-softmax,Guía De Dimorfismo Softmax,looksmax.org,REMOVE_URGENT
/d/42134-la-grasa-es-beneficiosa-durante-la-pubertad,La grasa es beneficiosa durante la pubertad,looksmax.org,REWRITE
/d/42182-semax,Semax,looksmax.org,REWRITE
/d/42221-plan-completo-de-looksmaxx-de-18-meses-de-incel-sub5-a-htn,Plan completo de looksmaxx de 18 meses: de incel sub5 a HTN,looksmax.org,REWRITE
/d/42298-como-ascender-de-ltn-a-chadlite,Cómo ascender de LTN a Chadlite,looksmax.org,REWRITE
/d/42307-guia-verdadera-de-perdida-de-grasa,Guía Verdadera de Pérdida de Grasa,looksmax.org,REWRITE
/d/42321-la-droga-milagrosa-rapamicina,La droga milagrosa- Rapamicina,looksmax.org,REWRITE
/d/42339-guia-completa-de-gymmaxx-basada-en-ciencia,Guía COMPLETA de gymmaxx basada en ciencia,looksmax.org,REWRITE
/d/42404-como-ascender-en-1-mes,Cómo ascender en 1 mes,looksmax.org,REMOVE_URGENT
/d/4241-guia-definitiva-de-dieta-para-looksmaxxers-jovenes,Guía Definitiva de Dieta para Looksmaxxers Jóvenes.,looksmax.org,REWRITE
/d/42432-iqmaxxing-un-deep-dive-profundo-en-cerebrolysin,IQMaxxing : Un deep dive profundo en Cerebrolysin.,looksmax.org,REWRITE
/d/42440-piel-clara-es-una-mejora-estetica-de-alto-nivel-guia-completa-explicacion,Piel Clara Es una Mejora Estética de Alto Nivel: Guía Completa + Explicación,looksmax.org,REWRITE
/d/42516-guia-corta-de-skincare,Guía corta de skincare,looksmax.org,REWRITE
/d/42527-como-deshacerte-de-las-lineas-de-expresion-y-arrugas-el-peptido-botox-snap-8-smilelinecels-gtfih,| CÓMO DESHACERTE DE LAS LÍNEAS DE EXPRESIÓN Y ARRUGAS | El Péptido Botox - Snap-8 SMILELINECELS GTFIH |,looksmax.org,REWRITE
/d/42535-guia-para-acercarte-a-las-mujeres-y-de-personalidad,Guía para acercarte a las mujeres y de personalidad,looksmax.org,REWRITE
/d/42542-guia-de-skincare-de-rskincareaddiction,Guía de skincare de r/SkincareAddiction,looksmax.org,REWRITE
/d/42564-todos-los-metodos-para-eliminar-cicatrices-de-acne-e-hiperpigmentacion,TODOS los métodos para eliminar cicatrices de acné e hiperpigmentación,looksmax.org,REWRITE
/d/42608-guia-para-tener-piel-clara-con-esteroidesaltos-androgenos,Guía para tener piel clara con esteroides/altos andrógenos,looksmax.org,REWRITE
/d/42649-como-ascendio-damian-kater-sus-cejas,¿Cómo ascendió Damian Kater sus cejas?,looksmax.org,REWRITE
/d/4266-b-como-producir-mas-testosterona-y-hgh-de-forma-natural-b,[B] ¿Cómo producir más testosterona y HGH de forma natural? [/B],looksmax.org,REWRITE
/d/4267-guia-de-hairmaxxing-para-cabello-fino-y-grasoso,Guía de hairmaxxing para cabello fino y grasoso,looksmax.org,REWRITE
/d/42675-botox-uno-de-los-looksmaxxes-mas-subestimados,Botox- Uno de los Looksmaxxes Más Subestimados,looksmax.org,REWRITE
/d/4274-guia-de-skincare-economica-mas-eficiente,¡¡GUÍA DE SKINCARE ECONÓMICA MÁS EFICIENTE!!,looksmax.org,REWRITE
/d/42750-equivalentes-de-implantes-de-pecho-bbl-cirugias-de-alto-impacto-en-el-smv,Equivalentes de implantes de pecho / BBL - Cirugías de alto impacto en el SMV,looksmax.org,REWRITE
/d/42792-guia-de-semax-pt2-213-de-aumento-despues-de-una-semana,Guía de Semax (Pt2) ¿¿21.3% de aumento después de una semana??,looksmax.org,REWRITE
/d/42797-como-puede-un-nigeriano-de-52-ascender-a-cl,Cómo puede un nigeriano de 5'2 ascender a CL,looksmax.org,REWRITE
/d/4288-deja-de-hacer-sentadillas-y-peso-muerto-una-guia-gymcel-para-la-estetica-corporal,Deja de hacer sentadillas y peso muerto. Una guía gymcel para la estética corporal.,looksmax.org,REWRITE
/d/42887-relleno-uno-de-los-looksmax-mas-subestimados,Relleno- uno de los looksmax más subestimados,looksmax.org,REWRITE
/d/42958-como-medir-con-precision-la-recesion-facial,Cómo medir con precisión la recesión facial.,looksmax.org,REWRITE
/d/4299-como-deshacerte-de-los-puntos-negros,Cómo deshacerte de los puntos negros,looksmax.org,REWRITE
/d/43003-como-abordar-a-una-mujer-101-por-ghostboyswag,Cómo Abordar a una mujer [101 por GhostBoySwag],looksmax.org,REWRITE
/d/43039-todos-los-androgenos-y-sus-roles-en-el-fisico,Todos los andrógenos y sus roles en el físico,looksmax.org,REWRITE
/d/43040-para-novatos-intermedios-y-usuarios-avanzados-guia-completa-de-perdida-de-grasa,Para Novatos; Intermedios y Usuarios Avanzados - Guía Completa de Pérdida de Grasa,looksmax.org,REWRITE
/d/43058-guia-simple-para-dormir-bien,Guía simple para dormir bien,looksmax.org,REWRITE
/d/43067-corrige-tu-asimetria-amplia-tu-mandibula-y-proyecta-tu-cara-hacia-adelante-metodo-de-facepulling-de-mas-alto-iq,Corrige tu asimetría; Amplía tu mandíbula y Proyecta tu cara hacia adelante. MÉTODO DE FACEPULLING DE MÁS ALTO IQ,looksmax.org,REWRITE
/d/4307-socialmaxxing-resumen-de-como-ganar-amigos-e-influir-sobre-las-personas,[Socialmaxxing] Resumen de Cómo ganar amigos e influir sobre las personas,looksmax.org,REWRITE
/d/43106-guia-bpc-157-tb-500-para-remodelado-de-suturas-ganancias-cigomaticas-de-15mm,[Guía] BPC-157 + TB-500 para Remodelado de Suturas: Ganancias Cigomáticas de 1.5mm.,looksmax.org,REWRITE
/d/43122-la-guia-completa-para-el-dominio-social,La Guía Completa para el Dominio Social,looksmax.org,REWRITE
/d/43148-estilizacion-al-maximo-spezzatura-atrayendo-chicas-de-calidad,ESTILIZACIÓN AL MÁXIMO; SPEZZATURA; ATRAYENDO CHICAS DE CALIDAD,looksmax.org,REWRITE
/d/43166-como-dejar-el-porno-de-verdad,|| Cómo dejar el porno de verdad ||,looksmax.org,REWRITE
/d/4317-sleepmaxxing,Sleepmaxxing,looksmax.org,CONSOLIDATE
/d/43188-la-guia-definitiva-de-softmax-todo-lo-que-necesitas-para-ascender,La guía definitiva de softmax (todo lo que necesitas para ascender),looksmax.org,REWRITE
/d/43204-volufiline-funciona-aqui-esta-todo-lo-que-necesitas-saber,VOLUFILINE: ¿Funciona? - Aquí Está Todo Lo Que Necesitas Saber,looksmax.org,REWRITE
/d/43261-por-que-la-mayoria-de-los-greys-la-cagan-con-las-valoraciones-de-cara,Por qué la mayoría de los greys la cagan con las valoraciones de cara,looksmax.org,REWRITE
/d/43302-por-que-tus-ancestros-solian-ser-mejores-que-tu-y-como-imitarlos,Por qué tus ancestros solían ser mejores que tú y cómo imitarlos.,looksmax.org,REMOVE_URGENT
/d/43305-los-disruptores-endocrinos-estan-matando-tu-testosterona-aqui-te-muestro-como-mitigarlos,Los disruptores endocrinos ESTÁN MATANDO tu testosterona. Aquí te muestro cómo mitigarlos.,looksmax.org,REWRITE
/d/43345-la-guia-basica-para-tiktokcels-grays-y-retardos-water,LA GUÍA BÁSICA / PARA TIKTOKCELS; GRAYS Y RETARDOS / WATER,looksmax.org,REMOVE_URGENT
/d/43346-el-santo-grialthumbpulling-bonesmashing,EL SANTO GRIAL...THUMBPULLING / BONESMASHING,looksmax.org,REMOVE_URGENT
/d/43398-como-entrenar-realmente-tu-musculo-masetero-y-no-es-mascando-chicle,Cómo entrenar realmente tu músculo masetero (y no es mascando chicle),looksmax.org,REWRITE
/d/43412-guia-de-horrormaxxing,Guía de horrormaxxing,looksmax.org,REWRITE
/d/43413-guia-para-brain-maxxing-101sin-boludeces,Guía para BRAIN MAXXING 101(SIN BOLUDECES),looksmax.org,REMOVE_URGENT
/d/4343-manlets-fracasos-entra-carajo,Manlets fracasos entra carajo,looksmax.org,REWRITE
/d/43454-botb-blackpill-todas-las-areas-de-la-vida-glosario,[BOTB] Blackpill - Todas las áreas de la vida - Glosario,looksmax.org,REWRITE
/d/43462-la-guia-definitiva-para-el-looksminning-como-hacer-looksmin,La Guía Definitiva para el Looksminning (CÓMO HACER LOOKSMIN),looksmax.org,REWRITE
/d/43468-guia-simple-de-ascension-general,Guía Simple de Ascensión General,looksmax.org,REMOVE_URGENT
/d/43469-por-que-la-personalidad-es-sin-ironia-mas-importante-que-el-fisico,Por qué la personalidad es sin ironía más importante que el físico,looksmax.org,REWRITE
/d/43483-la-teoria-oofy-doofy-es-ley-y-la-conclusion-natural-para-personas-no-autistas-cualquiera-que-afirme-tener-blackpill-divina-es-1-retardado-2-maricon,La teoría Oofy Doofy es ley y la conclusión natural para personas no autistas. Cualquiera que afirme tener blackpill divina es (1) retardado (2) maricón.,looksmax.org,REMOVE_URGENT
/d/43487-guia-basica-de-hgh,Guía Básica de HGH,looksmax.org,REMOVE_URGENT
/d/43506-como-entrenar-para-el-smv,Cómo entrenar para el SMV,looksmax.org,REWRITE
/d/43521-guia-ultimate-de-crecimiento-oseo-para-incels-sin-plata-aumentar-masa-osea,🔹 GUÍA ULTIMATE de crecimiento óseo PARA INCELS SIN PLATA (Aumentar masa ósea),looksmax.org,REMOVE_URGENT
/d/43538-la-guia-completa-de-la-triada-oscura,La Guía Completa de la Tríada Oscura,looksmax.org,REWRITE
/d/43584-gordos-metanse-aqui-ya,Gordos; métanse aquí ya,looksmax.org,REWRITE
/d/43590-el-bonesmashing-es-mas-complicado-de-lo-que-crees,El Bonesmashing es más complicado de lo que crees,looksmax.org,REMOVE_URGENT
/d/43609-gtfih-evalua-tu-zona-de-la-boca,GTFIH Evalúa tu zona de la boca,looksmax.org,REWRITE
/d/43616-guia-definitiva-de-softmaxxing-asciende-1psl-gtfih,GUÍA DEFINITIVA DE SOFTMAXXING - ASCIENDE 1PSL (GTFIH),looksmax.org,REMOVE_URGENT
/d/43622-como-tener-el-area-de-ojos-de-un-chad,Cómo tener el área de ojos de un Chad,looksmax.org,REMOVE_URGENT
/d/43640-adderallr-cii,ADDERALL® (CII),looksmax.org,REWRITE
/d/43688-ghk-cu-su-problema-de-perdida-de-potencia-y-como-arreglarlo,GHK-CU; su problema de pérdida de potencia y cómo arreglarlo,looksmax.org,REWRITE
/d/43708-como-verse-bien-en-videos-y-fotos-guia,CÓMO VERSE BIEN EN VIDEOS Y FOTOS (Guía),looksmax.org,REWRITE
/d/4374-como-hacer-un-aparato-de-facepulling-actualizado,CÓMO HACER UN APARATO DE FACEPULLING (ACTUALIZADO),looksmax.org,REWRITE
/d/4379-guia-de-vitamina-c,Guía de Vitamina C,looksmax.org,REWRITE
/d/43809-aqui-te-digo-por-que-eres-feo-guia-completa-de-como-saber-donde-tienes-recesion,Aquí te digo por qué ERES FEO | Guía completa de cómo saber dónde tienes recesión.,looksmax.org,REWRITE
/d/4381-consejos-de-pubertymaxx,Consejos de pubertymaxx,looksmax.org,REWRITE
/d/4386-aumentar-la-testosterona-naturalmente,Aumentar la Testosterona Naturalmente,looksmax.org,REWRITE
/d/43900-guia-de-heightmaxxing-2025-3-niveles,Guía de Heightmaxxing 2025 (3 Niveles),looksmax.org,REWRITE
/d/43914-cual-estimulante-elegir-studycels-gtfih,cuál estimulante elegir (studycels GTFIH),looksmax.org,REWRITE
/d/4393-la-unica-guia-de-moda-que-jamas-necesitaras,La única guía de moda que jamás necesitarás,looksmax.org,REWRITE
/d/43932-como-ligar-mini-guia,Cómo Ligar (Mini Guía),looksmax.org,REWRITE
/d/43938-la-guia-de-softmaxx-mas-efectiva,La Guía de Softmaxx Más Efectiva,looksmax.org,REWRITE
/d/4396-el-secreto-para-arrasar-es-combinar-la-pildora-roja-y-la-pildora-negra,El secreto para arrasar es combinar La Píldora Roja y La Píldora Negra,looksmax.org,REWRITE
/d/43981-la-guia-definitiva-de-mt2-probada-personalmente,La Guía Definitiva de MT2 (probada personalmente),looksmax.org,REWRITE
/d/44057-deberias-comer-cascaras-de-huevo,¿Deberías Comer Cáscaras De Huevo?,looksmax.org,REMOVE_URGENT
/d/44061-como-ascender-2-puntos-facialmente-si-eres-pobre,Cómo ascender 2 puntos (facialmente) si eres pobre,looksmax.org,REWRITE
/d/44068-como-aumentar-los-niveles-de-igf-1-tanto-de-forma-natural-como-con-peptidos,Cómo aumentar los niveles de IGF-1 tanto de forma natural como con péptidos,looksmax.org,REWRITE
/d/4407-ghcels-metanse-aqui,GHcels métanse aquí,looksmax.org,REWRITE
/d/44080-la-mejor-guia-de-maxxing-de-cejas,La mejor guía de maxxing de cejas,looksmax.org,REWRITE
/d/4410-psa-la-distorsion-de-lente-no-funciona-como-crees-que-funciona,PSA: La distorsión de lente no funciona como crees que funciona,looksmax.org,REWRITE
/d/44254-un-analisis-a-fondo-de-la-testosterona-que-es-y-que-hace,Un Análisis a Fondo de la Testosterona: Qué Es y Qué Hace,looksmax.org,REWRITE
/d/4426-la-dieta-carnivora-la-blackpill-perdida,~ La dieta carnívora ~ La blackpill perdida~,looksmax.org,REMOVE_URGENT
/d/44264-por-que-cuando-y-como-gymcelear-correctamente,POR QUÉ; CUÁNDO Y CÓMO GYMCELEAR CORRECTAMENTE,looksmax.org,REWRITE
/d/44326-guia-bronceado-todo-el-ano-rutina-de-protector-solar-en-invierno-gotas-de-bronceador-en-verano,[GUÍA] Bronceado Todo el Año (Rutina de Protector Solar en Invierno + Gotas de Bronceador en Verano),looksmax.org,REWRITE
/d/44329-deja-la-adiccion-a-la-nicotina-y-mas-como-hacer-cleanmaxx-en-2025,Deja la Adicción a la Nicotina y Más: Cómo hacer Cleanmaxx en 2025,looksmax.org,REWRITE
/d/44352-mi-experiencia-con-accutane,Mi experiencia con Accutane,looksmax.org,REMOVE_URGENT
/d/44369-como-aumentar-los-globulos-rojos-de-forma-natural-para-dar-el-efecto-doping,Cómo aumentar los glóbulos rojos de forma natural para dar el efecto (doping).,looksmax.org,REMOVE_URGENT
/d/44387-como-dejar-la-nicotina,CÓMO DEJAR LA NICOTINA,looksmax.org,REWRITE
/d/44413-modo-mitigacion-la-ciencia-de-mantenerse-saludable-mientras-se-usan-esteroides,Modo Mitigación: La Ciencia de Mantenerse Saludable Mientras se Usan Esteroides,looksmax.org,REMOVE_URGENT
/d/44446-por-que-necesitas-empezar-a-gymcelling-gtfih,Por qué necesitas empezar a gymcelling GTFIH,looksmax.org,REWRITE
/d/4445-voicemaxxing,Voicemaxxing,looksmax.org,REWRITE
/d/4447-como-deshacerte-del-cuerpo-skinny-fat-y-transformarte,Cómo deshacerte del cuerpo skinny fat y transformarte,looksmax.org,REWRITE
/d/44500-guia-completa-de-cirugia-de-mandibula-bimax,Guía completa de cirugía de mandíbula (bimax),looksmax.org,REWRITE
/d/44504-tecnica-de-manipulacion-de-la-cia-parte-1-eres-de-tipo-significancia-aceptacion-o-aprobacion,Técnica de manipulación de la CIA parte 1: ¿Eres de tipo significancia; aceptación o aprobación?,looksmax.org,REWRITE
/d/44524-construyendo-mejor-los-huesos-una-guia-basada-en-evidencia,Construyendo Mejor los Huesos: Una Guía Basada en Evidencia,looksmax.org,REWRITE
/d/44534-stack-duro-para-altura-se-busca-asesoramiento-para-mods-sin-analogos-de-pth,Stack duro para altura ( se busca asesoramiento para mods ) sin análogos de PTH :),looksmax.org,REWRITE
/d/44557-como-manipular-a-los-demas-para-conseguir-lo-que-quieres-guia-nd-para-arrasar,Cómo manipular a los demás para conseguir lo que quieres: guía ND para arrasar.,looksmax.org,REWRITE
/d/44574-la-revolucion-neuroplastica-mecanismos-y-metodos-para-reprogramar-el-cerebro,La Revolución Neuroplástica: Mecanismos y Métodos para Reprogramar el Cerebro,looksmax.org,REWRITE
/d/44578-26-tips-mas-para-greys,26 tips más para greys,looksmax.org,REWRITE
/d/44580-mecanica-muscular-la-ciencia-de-la-hipertrofia-eficiente,\Mecánica muscular: la ciencia de la hipertrofia eficiente\,looksmax.org,REWRITE
/d/44581-para-los-negros-de-zygos-planos,para los negros de zygos planos,looksmax.org,REWRITE
/d/44585-alimentando-el-crecimiento-el-rol-fisiologico-de-los-macronutrientes-en-la-hipertrofia-muscular-y-el-metabolismo-de-grasas,Alimentando el Crecimiento: El Rol Fisiológico de los Macronutrientes en la Hipertrofia Muscular y el Metabolismo de Grasas,looksmax.org,REMOVE_URGENT
/d/44586-el-megathread-de-optimizacion-humana-entrenamiento-nutricion-desarrollo-oseo-estetica-mitigacion-de-riesgos-y-mejora-cognitiva,El Megathread de Optimización Humana: Entrenamiento; Nutrición; Desarrollo Óseo; Estética; Mitigación de Riesgos; y Mejora Cognitiva,looksmax.org,REWRITE
/d/44602-el-metodo-de-skincare-desconocido-del-que-nadie-habla-para-hombres-todos-gftih,EL MÉTODO DE SKINCARE DESCONOCIDO DEL QUE NADIE HABLA PARA HOMBRES (TODOS GFTIH),looksmax.org,REWRITE
/d/44625-como-convertirte-en-un-hombre,Cómo convertirte en un hombre.,looksmax.org,REMOVE_URGENT
/d/44650-glow-stack-que-es-y-que-hace,Glow stack: qué es y qué hace,looksmax.org,REWRITE
/d/44665-en-serio-levanta-mas-minas-leyendo-ts,En serio; levanta más minas leyendo ts,looksmax.org,REWRITE
/d/44732-que-determina-objetivamente-el-atractivo-fisico-de-la-cara-de-un-hombre,¿Qué determina objetivamente el atractivo físico de la cara de un hombre?,looksmax.org,REWRITE
/d/44762-los-beneficios-fisicos-y-mentales-del-adderall-y-por-que-deberiasno-deberias-tomarlo,Los beneficios físicos y mentales del Adderall (y por qué deberías/no deberías tomarlo),looksmax.org,REWRITE
/d/44793-guia-de-heightmaxxing-avanza-o-hazte-mas-alto-sin-importar-la-edad-sin-propaganda-de-drogas-chinas,GUÍA DE HEIGHTMAXXING AVANZA O HAZTE MÁS ALTO SIN IMPORTAR LA EDAD. SIN PROPAGANDA DE DROGAS CHINAS,looksmax.org,REWRITE
/d/44794-extraccion-de-bola-de-bichat-el-hardmaxx-perfecto-o-el-peor-error-que-puedes-cometer,Extracción de Bola de Bichat: ¿El Hardmaxx Perfecto O El Peor Error Que Puedes Cometer?,looksmax.org,REWRITE
/d/4480-formas-posibles-de-reparar-parcialmente-failos-irreparables,Formas Posibles de Reparar Parcialmente \FAILOS IRREPARABLES\,looksmax.org,REWRITE
/d/44835-aburrimiento-mehathread-gtfih,ABURRIMIENTO MEHATHREAD GTFIH,looksmax.org,REMOVE_URGENT
/d/4486-la-guia-definitiva-para-bajar-de-peso,La Guía Definitiva para Bajar de Peso,looksmax.org,REWRITE
/d/44886-los-mejores-ejercicios-para-cada-grupo-muscular,Los mejores ejercicios para cada grupo muscular,looksmax.org,REWRITE
/d/44922-guia-definitiva-para-perder-peso,Guía Definitiva para Perder Peso,looksmax.org,REWRITE
/d/44945-guia-de-blanqueamiento-de-dientes-simplificada,GUÍA DE BLANQUEAMIENTO DE DIENTES SIMPLIFICADA,looksmax.org,REWRITE
/d/44949-los-mejores-ejercicios-para-el-frame,Los mejores ejercicios para el frame,looksmax.org,REWRITE
/d/44960-trembolona-recomposicion-de-proximo-nivel-pero-a-que-costo,Trembolona: Recomposición de Próximo Nivel pero a Qué Costo,looksmax.org,REWRITE
/d/4500-como-determinar-si-tienes-aplanamiento-paranasal-hundimiento-paranasal,Cómo determinar si tienes aplanamiento paranasal (hundimiento paranasal),looksmax.org,REWRITE
/d/45000-el-cuerpo-femenino-ideal,El cuerpo femenino ideal,looksmax.org,REWRITE
/d/45002-fightmaxxing-las-pautas-generales-del-combate-cuerpo-a-cuerpo,🥊FIGHTMAXXING: las pautas generales del combate cuerpo a cuerpo,looksmax.org,REWRITE
/d/45008-como-sobrevivir-1g-dnp-lo-hice-yo-mismo,CÓMO SOBREVIVIR 1G DNP (LO HICE YO MISMO),looksmax.org,REWRITE
/d/4504-beardmaxing-guia-de-mandibula-y-barba,Beardmaxing: Guía de mandíbula y barba,looksmax.org,REWRITE
/d/45084-como-dejar-de-ser-timidoraro,Cómo Dejar de Ser Tímido/Raro,looksmax.org,REWRITE
/d/45098-como-califico-opiniones,Cómo califico (¿opiniones?),looksmax.org,REWRITE
/d/45135-consejos-para-colorear-cejas-rubio-fresa,Consejos para colorear cejas rubio fresa,looksmax.org,REWRITE
/d/45146-guia-completa-de-thugmax-deathnics-y-third-worldcels-gtfih,Guía completa de Thugmax (deathnics y third worldcels GTFIH),looksmax.org,REWRITE
/d/45148-como-maximizar-la-pubertad-de-forma-natural-explicacionguia,Cómo maximizar la pubertad de forma NATURAL. (Explicación+Guía),looksmax.org,REWRITE
/d/45202-guia-de-autobronceado,Guía de autobronceado,looksmax.org,REWRITE
/d/45221-como-verte-mas-atractivo-con-el-grooming-facial,Cómo verte más atractivo con el grooming facial.,looksmax.org,REWRITE
/d/45222-skinmaxxing-desde-piel-propensa-al-acne-edicion-pie-acne-quistico,Skinmaxxing desde piel propensa al acné (edición PIE + acné quístico),looksmax.org,REWRITE
/d/45234-verdadero-eyemaxxing,Verdadero EYEMAXXING,looksmax.org,REWRITE
/d/45253-guia-completa-del-area-de-los-ojos,Guía Completa del Área de los Ojos,looksmax.org,REMOVE_URGENT
/d/45268-como-maximizar-igf-1,CÓMO MAXIMIZAR IGF-1,looksmax.org,REWRITE
/d/45269-guia-fundamental-de-morph-con-gimp-alternativa-a-photoshop,Guía fundamental de morph con GIMP (alternativa a Photoshop),looksmax.org,REWRITE
/d/45293-guia-dihh-max-gtfih-2026,GUÍA DIHH MAX (GTFIH) 2026,looksmax.org,REMOVE_URGENT
/d/45326-guia-nt-para-entornos-sociales,Guía NT para entornos sociales,looksmax.org,REMOVE_URGENT
/d/4540-lee-esto-antes-de-hacer-looksmaxing,Lee esto antes de hacer looksmaxing,looksmax.org,REWRITE
/d/45477-solucion-casera-de-glutation-sublingual-basada-en-evidencia-para-aclarar-la-piel-guia-completa,Solución Casera de Glutatión Sublingual Basada en Evidencia para Aclarar la Piel - Guía Completa,looksmax.org,REWRITE
/d/4550-guia-de-frame-maxxing,Guía de Frame Maxxing,looksmax.org,REWRITE
/d/45518-guia-sobre-como-acercarse-a-las-mujeres,Guía sobre cómo acercarse a las mujeres,looksmax.org,REWRITE
/d/45526-como-usar-bpc157-para-ganancias-instantaneas,Cómo usar BPC157 para ganancias instantáneas,looksmax.org,REWRITE
/d/45530-la-guia-definitiva-sobre-como-no-ser-un-completo-retardado-mientras-estes-en-org,La Guía Definitiva Sobre Cómo No Ser Un COMPLETO RETARDADO Mientras Estés En .org,looksmax.org,REWRITE
/d/45601-cascada-de-heightmaxxing,CASCADA de Heightmaxxing,looksmax.org,REMOVE_URGENT
/d/45653-tutorial-de-ejercicios-para-el-orbicularis-oculi,tutorial de ejercicios para el orbicularis oculi,looksmax.org,REWRITE
/d/4568-la-guia-de-nichos-de-papabakvet,La guía de nichos de Papabakvet,looksmax.org,REWRITE
/d/45726-como-me-roidmaxxee-a-los-17-para-ser-mas-gracioso-fotos-protocolo,Cómo me roidmaxxeé a los 17 para ser más gracioso (fotos; +protocolo),looksmax.org,REMOVE_URGENT
/d/45728-mi-experiencia-en-una-dieta-primal,Mi experiencia en una dieta primal,looksmax.org,REWRITE
/d/45749-peptidos-por-que-los-peptidos-son-extremadamente-peligrosos-y-por-que-no-deberias-hacerlos,Péptidos: Por qué los péptidos son extremadamente peligrosos y por qué no deberías hacerlos,looksmax.org,REWRITE
/d/45750-por-que-eres-un-cornudo,Por qué eres un cornudo,looksmax.org,REWRITE
/d/45818-el-plano-maestro-del-heightmaxxing,El plano maestro del heightmaxxing,looksmax.org,REMOVE_URGENT
/d/45825-cjc-vs-hgh-greys-gtfih,CJC vs HGH (GRISES; ENTREN AQUÍ),looksmax.org,REWRITE
/d/45844-como-revisar-si-tus-placas-de-crecimiento-todavia-estan-abiertas-sin-radiografia,Cómo revisar si tus placas de crecimiento todavía están abiertas (sin radiografía),looksmax.org,REWRITE
/d/45846-como-saber-si-realmente-estas-fit-o-solo-delgado,Cómo saber si realmente estás fit o solo delgado,looksmax.org,REWRITE
/d/45849-por-que-los-ejercicios-faciales-son-cope-y-que-hacer-en-su-lugar,Por qué los ejercicios faciales son cope (y qué hacer en su lugar),looksmax.org,REWRITE
/d/45872-como-saber-si-tienes-deficiencia-de-gh-sin-analisis-de-sangre,Cómo saber si tienes deficiencia de GH (sin análisis de sangre),looksmax.org,REWRITE
/d/4588-megathread-de-tmd,Megathread de TMD,looksmax.org,REWRITE
/d/45888-guia-de-kitty-maxxing-como-conseguir-chicas-con-gatitos,Guía de kitty maxxing cómo conseguir chicas con gatitos,looksmax.org,REWRITE
/d/45924-butirato-que-es-y-como-afecta-tu-estatura-salud-y-sensibilidad-a-los-androgenos,Butirato - ¿Qué es? Y cómo afecta tu ESTATURA; SALUD y SENSIBILIDAD A LOS ANDRÓGENOS,looksmax.org,REMOVE_URGENT
/d/4593-guia-de-thugmaxxing,Guía de Thugmaxxing,looksmax.org,REWRITE
/d/45944-como-saber-si-tus-cigomaticos-estan-subdesarrollados-vs-escondidos-por-grasa,Cómo Saber Si Tus Cigomáticos Están Subdesarrollados vs Escondidos por Grasa,looksmax.org,REWRITE
/d/46006-guia-de-blanqueamiento-de-dientes,Guía de Blanqueamiento de Dientes,looksmax.org,REMOVE_URGENT
/d/4601-el-deporte-amateur-mas-eficiente-para-ligar-irl,El Deporte Amateur Más Eficiente para Ligar IRL,looksmax.org,REWRITE
/d/46047-guia-de-melanotan-2-inspirada-en-mpmd,Guía de Melanotan-2 (Inspirada en MPMD),looksmax.org,KEEP
/d/46094-anfetaminas-estimulantes-para-la-escuelatrabajo-mi-experiencia-mi-consejo-alto-esfuerzo,Anfetaminas (Estimulantes) - Para la escuela/trabajo - Mi experiencia + Mi consejo / ALTO ESFUERZO /,looksmax.org,REWRITE
/d/46100-el-ciclo-de-randle-la-trampa-metabolica-oculta-que-destruye-tu-estetica,El Ciclo de Randle: La trampa metabólica oculta que destruye tu estética,looksmax.org,REWRITE
/d/46116-guia-completa-de-como-pase-de-sub5-a-mtn,Guía completa de cómo pasé de sub5 a mtn,looksmax.org,REMOVE_URGENT
/d/4614-psa-los-tratamientos-ortodoncicos-no-son-tan-malos,PSA: Los Tratamientos Ortodóncicos No Son Tan Malos,looksmax.org,REWRITE
/d/46149-sintetizando-disolventes-de-grasa-en-casa,Sintetizando disolventes de grasa en casa,looksmax.org,REMOVE_URGENT
/d/4620-el-puntaje-de-atractivo-en-la-vida-real,El puntaje de atractivo en la vida real,looksmax.org,REWRITE
/d/46207-guia-completa-de-fashionmaxxing,Guía Completa de Fashionmaxxing,looksmax.org,REWRITE
/d/4621-como-hacer-un-extensor-estilo-phallosan-forte-por-110-del-precio,Cómo hacer un extensor estilo phallosan forte por 1/10 del precio,looksmax.org,REWRITE
/d/46234-como-oscurecer-temporalmente-las-cejas-en-solo-5-minutos-guia-super-facil,Cómo oscurecer temporalmente las cejas en solo 5 minutos [Guía súper fácil],looksmax.org,REWRITE
/d/46284-guia-de-la-sonrisa,Guía de la Sonrisa,looksmax.org,REWRITE
/d/46293-guia-de-slaying-en-redes-sociales-para-adolescentes-como-aumentar-tus-probabilidades-de-ligar-explotando-las-redes-sociales,GUÍA DE SLAYING EN REDES SOCIALES PARA ADOLESCENTES: Cómo aumentar tus probabilidades de \ligar\ explotando las redes sociales,looksmax.org,REWRITE
/d/46312-guia-definitiva-de-bonesmashing-con-hgh,Guía definitiva de bonesmashing con HGH,looksmax.org,REMOVE_URGENT
/d/46319-cuidado-de-la-piel,Cuidado de la piel,looksmax.org,REWRITE
/d/46325-no-te-molestes-en-hacer-nada-si-no-tienes-una-buena-capacidad-de-atencion,No Te Molestes En Hacer Nada Si No Tienes Una Buena Capacidad De Atención,looksmax.org,REMOVE_URGENT
/d/46351-rutina-facil-de-softmaxxing-skincare-y-debloat-principiantes,🧴Rutina fácil de softmaxxing - skincare y debloat (principiantes),looksmax.org,REWRITE
/d/46399-plan-de-ascension-realista-mogear-para-el-1-de-julio-de-2026,Plan de ascensión realista - MOGear para el 1 de julio de 2026,looksmax.org,REMOVE_URGENT
/d/46416-como-tener-suenos-lucidos,Cómo Tener Sueños Lúcidos,looksmax.org,REWRITE
/d/4644-la-guia-definitiva-de-eboymaxxing,La Guía Definitiva de Eboymaxxing,looksmax.org,REWRITE
/d/46446-corte-de-pelo-verdad-nvke,CORTE DE PELO - VERDAD NVKE,looksmax.org,REWRITE
/d/46448-grasa-corporal-como-medir-de-verdad-tu-de-grasa-corporal-y-tu-progreso-para-looksmaxing-estetica-facial,GRASA CORPORAL: Cómo Medir De Verdad Tu % de Grasa Corporal y Tu Progreso Para Looksmaxing (Estética Facial),looksmax.org,REWRITE
/d/4651-todo-lo-que-necesitas-saber-sobre-la-caida-del-cabello-esta-en-este-hilo,TODO LO QUE NECESITAS SABER SOBRE LA CAÍDA DEL CABELLO ESTÁ EN ESTE HILO,looksmax.org,REWRITE
/d/46577-es-heightmaxxing-cope-guia,¿Es heightmaxxing cope? (GUÍA),looksmax.org,REWRITE
/d/46605-guia-corta-de-charisma-maxxing-primer-post-pero-gtfih,Guía corta de Charisma-maxxing (primer post; pero GTFIH),looksmax.org,REWRITE
/d/46631-otra-forma-de-averiguar-el-largo-de-tu-rama-mandibular,Otra forma de averiguar el largo de tu rama mandibular,looksmax.org,REWRITE
/d/46700-aceite-de-ricino-ricinus-oil,Aceite de ricino (Ricinus oil),looksmax.org,REWRITE
/d/46708-clasificacion-por-tiers-de-cirugias-y-procedimientos-segun-el-roi-potencial-retorno-de-inversion,Clasificación por tiers de cirugías y procedimientos según el ROI potencial (retorno de inversión),looksmax.org,REWRITE
/d/46733-nunca-entrenes-tus-piernas,Nunca entrenes tus piernas,looksmax.org,REWRITE
/d/46741-wtf-gymcelling-bien-hecho,WTF. GYMCELLING BIEN HECHO.,looksmax.org,REWRITE
/d/4681-como-triunfar-en-las-citas-en-linea-y-tinder,Cómo triunfar en las citas en línea y Tinder.,looksmax.org,REWRITE
/d/46854-como-conseguir-un-lefort-barato-u-otras-cirugias-hecho-por-estudiantes-de-medicina-gtfih,Cómo conseguir un Lefort BARATO (u otras cirugías) hecho por estudiantes de medicina (GTFIH),looksmax.org,REWRITE
/d/4692-gestion-del-tiempologra-tus-metas-mas-rapido,GESTIÓN DEL TIEMPO/LOGRA TUS METAS MÁS RÁPIDO,looksmax.org,REWRITE
/d/46937-la-verdad-sobre-el-pillde-iq,La verdad sobre el pillde IQ,looksmax.org,REWRITE
/d/46941-lo-que-aprendi-en-los-ultimos-dos-dias,lo que aprendí en los últimos dos días,looksmax.org,REWRITE
/d/46943-guia-completa-de-indicadores-de-salud,Guía completa de indicadores de salud.,looksmax.org,REWRITE
/d/4695-anavar-copia-y-pega-de-steroidcom,Anavar (Copia y Pega de steroid.com),looksmax.org,REWRITE
/d/46990-la-guia-completa-de-nootropicos-o-como-alcanzar-el-zen-cognitivo,La guía completa de nootrópicos (o cómo alcanzar el zen cognitivo),looksmax.org,REWRITE
/d/46999-como-defraudar-4-pulgadas,cómo defraudar 4 pulgadas+,looksmax.org,REWRITE
/d/4702-como-mentir-efectivamente-y-conseguir-lo-que-quieres,Cómo Mentir Efectivamente y Conseguir Lo Que Quieres,looksmax.org,REWRITE
/d/47100-guia-de-pestanas,Guía de Pestañas,looksmax.org,REMOVE_URGENT
/d/47105-implantes-faciales-una-introduccion-simple,Implantes faciales - una introducción simple,looksmax.org,REWRITE
/d/47120-guia-de-medicion-del-ancho-de-hombros-bidelt-acromial-como-medir-correctamente,Guía de Medición del Ancho de Hombros (Bidelt & Acromial) – Cómo Medir Correctamente,looksmax.org,REWRITE
/d/47137-el-racepill-y-como-usarlo-para-looksmaxxing,El racepill y cómo usarlo para looksmaxxing,looksmax.org,REWRITE
/d/47176-todas-las-cirugias-de-ojos-y-parpados-explicadas-guia-completa,Todas las cirugías de ojos y párpados explicadas - Guía completa,looksmax.org,REWRITE
/d/4720-mata-tu-ansiedad-social-guia-completa-parte-0-aprendiendo-a-gatear,Mata tu ansiedad social (Guía completa) Parte 0 - Aprendiendo a gatear,looksmax.org,REWRITE
/d/4723-como-lograr-una-cara-dismorfica,Cómo lograr una cara dismórfica,looksmax.org,REMOVE_URGENT
/d/47289-la-importancia-de-la-fortaleza-auricular-musculos-del-oido,La importancia de la fortaleza auricular (músculos del oído),looksmax.org,REWRITE
/d/47324-guia-de-cejas,Guía de Cejas,looksmax.org,REMOVE_URGENT
/d/47325-como-usar-estimulantes-de-forma-sostenible-para-la-vidaapariencia-sin-tolerancemaxxing,Cómo Usar Estimulantes de Forma Sostenible para la Vida/Apariencia Sin Tolerancemaxxing,looksmax.org,REWRITE
/d/47335-como-armar-correctamente-un-stack-de-heightmax,Cómo armar correctamente un stack de heightmax,looksmax.org,REWRITE
/d/4738-guia-completa-de-como-ascender-por-caracteristica-facial-individual,Guía completa de cómo ascender por característica facial individual,looksmax.org,REWRITE
/d/4739-la-guia-definitiva-para-un-pene-saludable-y-duro-gtfih,La Guía Definitiva para un Pene Saludable y Duro GTFIH,looksmax.org,REWRITE
/d/47420-el-arte-de-la-fachada-ganarte-amigos-e-incrementar-tu-simpatia,El Arte de la Fachada - Ganarte amigos e incrementar tu simpatía,looksmax.org,REWRITE
/d/4749-la-guia-definitiva-de-hipertrofia-gymmaxxing,La guía definitiva de hipertrofia (Gymmaxxing),looksmax.org,REWRITE
/d/4750-como-arrasar-en-tinder,Cómo arrasar en Tinder,looksmax.org,REWRITE
/d/47516-peptidos-que-son,Péptidos: ¿Qué son?,looksmax.org,REWRITE
/d/47517-puedes-fraudear-el-atractivo-si-estas-mamado-y-tienes-una-estatura-decente-por-que-necesitas-ir-al-gym,Puedes fraudear el atractivo si estás mamado y tienes una estatura decente (por qué necesitas ir al gym),looksmax.org,REWRITE
/d/47553-la-guia-mas-facil-para-accutane,LA GUÍA MÁS FÁCIL PARA ACCUTANE,looksmax.org,REWRITE
/d/4757-masticacion-efectiva,Masticación efectiva,looksmax.org,REWRITE
/d/47575-mega-guia-de-tretinoina-skincare-antiedad-high-iq,MEGA GUÍA DE TRETINOÍNA SKINCARE ANTIEDAD HIGH IQ,looksmax.org,REMOVE_URGENT
/d/4760-mejor-vello-facial-para-cada-tipo-de-mandibula,Mejor vello facial para cada tipo de mandíbula,looksmax.org,REWRITE
/d/47665-la-guia-definitiva-de-leanmaxxing-ponte-delgado-eficientemente,La Guía DEFINITIVA de Leanmaxxing [PONTE DELGADO EFICIENTEMENTE],looksmax.org,REWRITE
/d/47676-guia-de-labios-softmax,GUÍA DE LABIOS (SOFTMAX),looksmax.org,REWRITE
/d/4776-formas-legitimas-de-aumentar-los-niveles-de-testosterona-naturalmente,Formas legítimas de aumentar los niveles de testosterona naturalmente.,looksmax.org,REWRITE
/d/47815-guia-corta-para-incels-sobre-como-ser-feliz,Guía corta para incels sobre cómo ser feliz,looksmax.org,REMOVE_URGENT
/d/47856-aumenta-la-testosterona-de-forma-natural,Aumenta la Testosterona de Forma Natural,looksmax.org,REWRITE
/d/4787-colagenocrecimiento-de-cabelloojeras-con-peptidos-gtfih,¡COLÁGENO/CRECIMIENTO DE CABELLO/OJERAS CON PÉPTIDOS! ¡GTFIH!!!,looksmax.org,REWRITE
/d/47872-esconder-peptidos-y-mas-obvio-refrigerados-principiantes-deben-leer,Esconder Péptidos y Más - (OBVIO Refrigerados) - Principiantes DEBEN LEER,looksmax.org,REWRITE
/d/47894-framemaxx,framemaxx,looksmax.org,REWRITE
/d/47895-guia-de-slaymaxxing-para-hombres-bajitos-quizas-no-este-todo-perdido,GUÍA DE SLAYMAXXING PARA HOMBRES BAJITOS (QUIZÁS NO ESTÉ TODO PERDIDO),looksmax.org,REWRITE
/d/47954-como-cure-mi-eczema-y-mis-experiencias-teniendolo,Cómo \curé\ mi eczema y mis experiencias teniéndolo.,looksmax.org,REWRITE
/d/47963-como-hago-fraude-de-59-a-60-pies-facilmente,Cómo hago fraude de 5'9 a 6'0 pies fácilmente,looksmax.org,REWRITE
/d/47974-como-hacer-crecer-el-pelo-rapido-y-veloz,Cómo hacer crecer el pelo rápido y veloz,looksmax.org,REWRITE
/d/47993-por-que-las-cejas-y-las-pestanas-son-uno-de-los-mejores-softmaxxes-mini-guia,¿Por qué las cejas y las pestañas son uno de los mejores softmaxxes? [MINI GUÍA],looksmax.org,REWRITE
/d/48026-guia-actualizada-de-melanotan-2-inspirada-en-mpmd,Guía Actualizada de Melanotan-2 (Inspirada en MPMD),looksmax.org,CONSOLIDATE
/d/48028-guia-pre-pubertad-lee-esto-si-no-estas-en-la-pubertad,Guía Pre Pubertad | Lee esto si no estás en la pubertad,looksmax.org,REWRITE
/d/48038-guia-high-iq-de-como-me-cogi-a-mi-maestra-de-ingles-gtfih,GUÍA HIGH IQ De Cómo Me Cogí A Mi Maestra De Inglés (GTFIH),looksmax.org,REWRITE
/d/48051-como-hipertrofiar-el-musculo-cigomatico-thread-de-iq-moderadamente-alto-hollowcheekcels-gtfih,Cómo hipertrofiar el músculo cigomático (thread de IQ moderadamente alto; hollowcheekcels GTFIH),looksmax.org,REWRITE
/d/48094-como-ocultar-la-caida-del-cabello-y-minimizar-su-apariencia-sin-implantes-durante-tu-adolescencia-y-principios-de-los-20-gtfih,Cómo ocultar la caída del cabello y minimizar su apariencia sin implantes durante tu adolescencia y principios de los 20. GTFIH,looksmax.org,REMOVE_URGENT
/d/48143-como-conquistar-mujeres-con-estilo-musica-y-siendo-gentil,CÓMO CONQUISTAR MUJERES CON ESTILO; MÚSICA Y SIENDO GENTIL,looksmax.org,REWRITE
/d/4817-la-guia-definitiva-del-cuidado-de-la-piel,La guía definitiva del cuidado de la piel,looksmax.org,REWRITE
/d/4819-como-aumentar-el-grosor-del-pene,Cómo Aumentar el Grosor del Pene,looksmax.org,REWRITE
/d/48193-arrugas-del-sueno-y-envejecimiento-guia,Arrugas del sueño y envejecimiento—(Guía),looksmax.org,REWRITE
/d/4822-calisthenicsmaxx-es-mejor-que-gymaxx,Calisthenicsmaxx es mejor que gymaxx,looksmax.org,REWRITE
/d/4826-guia-de-barrett-fringe-maxxing-corte-de-pelo-tier-dios-usuario-barrettmaxxeado-insano,GUÍA DE BARRETT FRINGE MAXXING (corte de pelo tier dios; usuario barrettmaxxeado insano),looksmax.org,REWRITE
/d/48287-una-guia-para-la-autodisciplina,Una Guía para la Autodisciplina,looksmax.org,REWRITE
/d/48303-guia-definitiva-de-perdida-de-peso-calorias-cardio-suplementos,Guía Definitiva de Pérdida de Peso (Calorías; Cardio; Suplementos),looksmax.org,REMOVE_URGENT
/d/48370-lista-de-rangos-de-peptidos-looksmaxing-sin-cope,LISTA DE RANGOS DE PÉPTIDOS LOOKSMAXING (SIN COPE),looksmax.org,REWRITE
/d/48390-como-construir-efectivamente-un-fisico-estetico-segun-la-ciencia,Cómo construir efectivamente un físico estético según la ciencia,looksmax.org,REWRITE
/d/48405-el-ciclo-de-randle-por-at-foidletslayer,El ciclo de Randle por @foidletslayer,looksmax.org,KEEP
/d/48413-ciclo-de-randle-por-at-foidletslayer,Ciclo de Randle por @foidletslayer,looksmax.org,CONSOLIDATE
/d/48429-como-superar-los-atracones,CÓMO SUPERAR LOS ATRACONES,looksmax.org,REWRITE
/d/48435-verduras-plantas-son-inutiles-sacalas-de-tu-dieta-ahora-explicacion,VERDURAS (PLANTAS) SON INÚTILES SÁCALAS DE TU DIETA AHORA (EXPLICACIÓN),looksmax.org,REMOVE_URGENT
/d/48479-por-que-funcionan-las-siestas-maximiza-la-recuperacion-el-rendimiento-y-la-estetica-explicacion-guia,¡POR QUÉ FUNCIONAN LAS SIESTAS! Maximiza la Recuperación; el Rendimiento y la Estética (Explicación + Guía),looksmax.org,REWRITE
/d/4851-el-futuro-es-brillante-guia-para-la-futura-ascension-brutal-de-un-chavo-de-16-anos,[EL FUTURO ES BRILLANTE] Guía Para la Futura Ascensión BRUTAL de un Chavo de 16 Años,looksmax.org,REWRITE
/d/48518-coloracion-como-elegir-la-coloracion-ideal-segun-tu-color-de-ojos,Coloración: Cómo elegir la coloración ideal según tu color de ojos,looksmax.org,REWRITE
/d/48530-batido-de-chocolate-con-claras-de-huevo-receta-deliciosa,Batido de chocolate con claras de huevo (receta deliciosa),looksmax.org,REWRITE
/d/48543-la-importancia-del-hueso-esfenoides-en-la-simetria-facial,La importancia del hueso esfenoides en la simetría facial,looksmax.org,REWRITE
/d/48594-como-logras-follar-a-una-mujer,¿Cómo logras follar a una mujer?,looksmax.org,REWRITE
/d/4868-whitemaxxing-una-guia-para-etnicos-para-verte-mas-caucasico,Whitemaxxing; una guía para étnicos para verte más caucásico.,looksmax.org,REWRITE
/d/4869-guia-de-fraude-de-altura-zapatos-y-elevadores,Guía de Fraude de Altura: Zapatos y Elevadores,looksmax.org,REWRITE
/d/48699-biblia-completa-de-softmaxxing,Biblia completa de softmaxxing,looksmax.org,REWRITE
/d/4871-fashion-maxxing-esenciales-de-verano,Fashion maxxing - Esenciales de Verano,looksmax.org,REWRITE
/d/4873-testosterone-maxxing-aumentar-la-testosterona-naturalmente,Testosterone maxxing - aumentar la testosterona naturalmente.,looksmax.org,REWRITE
/d/48765-diy-de-shoelifts-extra-suma-media-pulgada-a-tu-fraude,DIY de shoelifts extra [suma media pulgada a tu fraude],looksmax.org,REMOVE_URGENT
/d/4878-megahilo-de-penis-maxxing,Megahilo de Penis Maxxing,looksmax.org,REWRITE
/d/4879-immunity-maxxing-como-mejorar-tu-inmunidad-y-convertirte-en-un-superhombre,Immunity maxxing - Cómo mejorar tu inmunidad y convertirte en un superhombre,looksmax.org,REMOVE_URGENT
/d/4880-bimax-y-el-problema-del-tercio-medio,Bimax y el Problema del Tercio Medio,looksmax.org,REWRITE
/d/4881-carreras-para-moneymaxxing,Carreras para MoneyMaxxing,looksmax.org,REWRITE
/d/48824-la-mejor-guia-sobre-expansion-palatina,La Mejor Guía sobre Expansión Palatina,looksmax.org,REMOVE_URGENT
/d/48831-la-mejor-rutina-de-cuidado-de-la-piel-que-me-funciono-parte-1,La mejor rutina de cuidado de la piel que me funcionó Parte 1,looksmax.org,REWRITE
/d/48855-sensibilidad-del-receptor-de-hormona-como-puede-afectar-tus-dosis,Sensibilidad del receptor de hormona- cómo puede afectar tus dosis,looksmax.org,REWRITE
/d/48865-guia-de-bb-cream-para-retrasados,Guía de BB-Cream ( para retrasados ),looksmax.org,REWRITE
/d/48922-solucion-de-dutasterida-25mg,Solución de Dutasterida 2.5mg,looksmax.org,REWRITE
/d/4894-looksmaxxing-social-y-looksmaxxing-de-amigos,Looksmaxxing social y Looksmaxxing de amigos,looksmax.org,REWRITE
/d/4896-la-unica-forma-correcta-de-medir-tu-ipd,La única forma correcta de medir tu IPD.,looksmax.org,REMOVE_URGENT
/d/49033-la-guia-definitiva-de-mejillas-hundidas,La Guía DEFINITIVA de Mejillas Hundidas.,looksmax.org,REWRITE
/d/49048-mayor-roi-todo-lo-que-hago-para-fraudear-1-3-puntos-durante-una-citaagarre,MAYOR ROI: todo lo que hago para fraudear 1-3 puntos durante una cita/agarre.,looksmax.org,REMOVE_URGENT
/d/4908-como-estoy-ascendiendo-a-la-chadhood-guia-simple-parte-1,Cómo estoy ascendiendo a la Chadhood (Guía simple) Parte 1,looksmax.org,REWRITE
/d/49126-guia-definitiva-para-perdida-de-grasa-sin-suplementosiq-alto,GUÍA DEFINITIVA Para Pérdida de Grasa [Sin Suplementos][IQ ALTO],looksmax.org,REWRITE
/d/49207-dieta-definitiva-y-algunos-consejos-para-looksmaxxing-longevidad,Dieta definitiva y algunos consejos para looksmaxxing + longevidad,looksmax.org,REMOVE_URGENT
/d/49316-como-conseguir-una-forma-de-cara-estetica-y-evitar-verte-hinchado-por-la-hipertrofia-del-masetero,Cómo conseguir una forma de cara estética y evitar verte \hinchado\ por la hipertrofia del masetero,looksmax.org,REWRITE
/d/49319-guia-profunda-de-gym-maxing-maximizando-la-hipertrofia,Guía profunda de Gym maxing (maximizando la hipertrofia),looksmax.org,REWRITE
/d/49324-guia-de-gym-maxing,Guía de gym maxing,looksmax.org,REWRITE
/d/49378-esclerotica-blanca-dientes-blancos-el-softmax-de-contraste-mas-facil,Esclerótica blanca + dientes blancos : el softmax de contraste más fácil,looksmax.org,REWRITE
/d/49386-contraste-que-es-por-que-importa-y-como-mejorarlo,Contraste — Qué Es; Por Qué Importa y Cómo Mejorarlo,looksmax.org,REWRITE
/d/49387-como-obtener-maxila-mas-alta-sin-cirugia-oro-para-sfscels,Cómo obtener maxila más alta sin cirugía; Oro para sfscels,looksmax.org,REWRITE
/d/4941-ayuno-de-agua-la-forma-mas-rapida-de-perder-peso,Ayuno de agua - La forma más rápida de perder peso.,looksmax.org,REWRITE
/d/49441-lo-basico-de-habilidades-sociales-que-nadie-aqui-practica,Lo básico de habilidades sociales (que nadie aquí practica),looksmax.org,REWRITE
/d/49446-la-guia-completa-de-proporciones-y-angulos-faciales,La Guía Completa de Proporciones y Ángulos Faciales,looksmax.org,REWRITE
/d/4945-como-ser-un-hombre-atractivo-en-12-formas,Cómo ser un hombre atractivo en 12 formas,looksmax.org,REWRITE
/d/4949-protocolo-de-bewusst-contra-la-caida-del-cabello-dosis-e-instrucciones-detalladas,Protocolo de Bewusst contra la caída del cabello - dosis e instrucciones detalladas,looksmax.org,REWRITE
/d/4950-aumento-facil-de-005-01psl-ojicels-de-cafe-oscuro-entren-aqui-a-la-verga,Aumento fácil de 0.05-0.1PSL (OJICELS DE CAFÉ OSCURO ENTREN AQUÍ A LA VERGA),looksmax.org,REMOVE_URGENT
/d/4960-llevo-usando-esta-tecnica-rara,Llevo usando esta técnica rara,looksmax.org,REWRITE
/d/4974-actualizacion-de-informacion-mse,Actualización de Información MSE,looksmax.org,REWRITE
/d/4978-como-ascender-si-tienes-una-mandibula-debil,Cómo ascender si tienes una mandíbula débil,looksmax.org,REWRITE
/d/4982-guia-de-yubomaxxing-youngcels-entren-aqui,Guía de Yubomaxxing. YOUNGCELS ENTREN AQUÍ,looksmax.org,REWRITE
/d/4983-guia-de-calisthenicsmaxxing-todo-lo-que-necesitas-para-construir-un-buen-cuerpo,Guía de Calisthenicsmaxxing - ( todo lo que necesitas para construir un buen cuerpo),looksmax.org,REWRITE
/d/4989-guia-completa-del-maxilardescubre-si-estas-recesivo-o-no-con-estos-testseres-un-maxillacel,GUÍA COMPLETA DEL MAXILAR!(DESCUBRE SI ESTÁS RECESIVO O NO CON ESTOS TESTS)eres un maxillacel,looksmax.org,REWRITE
/d/50095-monticulos-periorales-un-failo-pasado-por-alto-que-podrias-tener,Montículos Periorales; un Failo pasado por alto que podrías tener,looksmax.org,REWRITE
/d/5012-como-saber-si-vas-a-envejecer-bien,Cómo saber si vas a envejecer bien,looksmax.org,REWRITE
/d/50160-ciclo-de-esteroides-en-invierno-para-explotar,Ciclo de esteroides en invierno para explotar,looksmax.org,REWRITE
/d/5047-guia-nt,Guía NT,looksmax.org,REMOVE_URGENT
/d/5054-la-mejor-guia-de-mewing-del-mundo,La Mejor Guía de Mewing del Mundo,looksmax.org,REWRITE
/d/5061-como-mejorar-tu-piel,Cómo mejorar tu piel,looksmax.org,REWRITE
/d/5087-como-arregle-mi-sobremordida-sin-brackets-ni-cirugia-ortognatica-copers-de-mewing-y-masticacion-gtfih,Cómo arreglé mi sobremordida sin brackets ni cirugía ortognática [Copers de mewing y masticación GTFIH],looksmax.org,REWRITE
/d/5101-riesgorecompensa-de-las-cirugias-de-looksmax-masculinas-mas-importantes,Riesgo/Recompensa de las cirugías de looksmax masculinas más importantes,looksmax.org,REWRITE
/d/5102-guia-de-como-fraudear-hasta-4-5-pulgadas-de-estatura-sin-que-se-note,GUÍA DE CÓMO FRAUDEAR HASTA 4 - 5+ PULGADAS DE ESTATURA SIN QUE SE NOTE,looksmax.org,REWRITE
/d/5105-pretty-boy-maxxing-guia-oficial,¡Pretty Boy Maxxing! ¡Guía Oficial!,looksmax.org,REWRITE
/d/5106-drogas-sociales-comportamiento-social-aumentado,Drogas Sociales; ¡Comportamiento Social Aumentado!,looksmax.org,REWRITE
/d/5107-guia-de-height-frauding,Guía de Height Frauding,looksmax.org,REWRITE
/d/5113-skinmax-muy-facil-y-barato,skinmax muy fácil y barato,looksmax.org,REMOVE_URGENT
/d/5119-guia-para-engrosar-la-voz,Guía para engrosar la voz,looksmax.org,REWRITE
/d/5145-stack-de-heightmaxing-closedplatecels-gtfih,stack de heightmaxing. closedplatecels GTFIH,looksmax.org,REMOVE_URGENT
/d/5156-la-guia-definitiva-de-skincare,La Guía Definitiva de Skincare,looksmax.org,REMOVE_URGENT
/d/5163-fuma-hierba-para-low-inhib,Fuma hierba para low-inhib,looksmax.org,REWRITE
/d/5175-dientes-blancos-de-tiktok-por-4,Dientes Blancos de TikTok por $4,looksmax.org,REMOVE_URGENT
/d/5178-mi-punto-de-vista-sobre-como-entender-el-fenotipo-cual-eres,Mi punto de vista sobre cómo entender el fenotipo - ¿cuál eres?,looksmax.org,REWRITE
/d/5225-lista-de-comida-de-chad,Lista de comida de Chad,looksmax.org,REMOVE_URGENT
/d/5234-como-cambiar-la-ubicacion-en-tinder-gratis-high-iq,CÓMO CAMBIAR LA UBICACIÓN EN TINDER (GRATIS - HIGH IQ),looksmax.org,REWRITE
/d/5251-dispositivos-de-microagujas-no-pagues-de-mas,Dispositivos de microagujas (no pagues de más),looksmax.org,REWRITE
/d/5275-guia-definitiva-de-heightmax-barato,Guía DEFINITIVA de Heightmax Barato,looksmax.org,REMOVE_URGENT
/d/5338-los-8-mejores-ejercicios-con-peso-corporal-para-construir-musculo-y-perder-grasa,Los 8 mejores ejercicios con peso corporal para construir músculo y perder grasa,looksmax.org,REWRITE
/d/5358-guia-para-manos-mas-varoniles,Guía para manos más varoniles,looksmax.org,REWRITE
/d/5365-halo-de-pestanas-y-cejas,Halo de pestañas y cejas,looksmax.org,REWRITE
/d/5423-maximizacion-de-cejas-pestanas,¡Maximización de Cejas / Pestañas!!,looksmax.org,REWRITE
/d/5478-megahilo-de-suplementos,Megahilo de Suplementos,looksmax.org,REWRITE
/d/5487-maxing-de-te-verde,Maxing de té verde,looksmax.org,REMOVE_URGENT
/d/5490-nichemaxxing-una-victoria-facil,Nichemaxxing - Una Victoria Fácil,looksmax.org,REWRITE
/d/5502-guia-nt-fundamentos,Guía NT - Fundamentos,looksmax.org,REMOVE_URGENT
/d/5504-lista-de-todos-los-quimicos-peligrosos-detox,Lista de todos los químicos peligrosos + detox,looksmax.org,REWRITE
/d/5510-guia-de-sintomas-de-adhd-y-medicamentos-para-adhd-clasificados-hilo-largo,Guía de síntomas de ADHD y medicamentos para ADHD clasificados (hilo largo),looksmax.org,REWRITE
/d/5530-como-elegir-una-carrera,Cómo elegir una carrera,looksmax.org,REWRITE
/d/5547-articulo-de-foid-sobre-midface-jfl,Artículo de foid sobre midface jfl,looksmax.org,REWRITE
/d/55590-buena-armonia-buena-nariz,Buena armonía = buena nariz,looksmax.org,REWRITE
/d/5570-guia-del-bdsm-maxxing,GUÍA DEL BDSM MAXXING,looksmax.org,REWRITE
/d/5583-pase-un-dia-laboral-con-el-ceo-de-una-aseguradora-multinacional-estos-son-los-tips-que-me-dio-para-llegar-a-la-cima-gtfih,Pasé un día laboral con el CEO de una aseguradora multinacional; estos son los tips que me dio para llegar a la cima [GTFIH],looksmax.org,REWRITE
/d/5598-microneedling-para-la-caida-del-cabello,Microneedling para la caída del cabello,looksmax.org,REMOVE_URGENT
/d/5600-como-descubrir-si-eres-un-subhumano-deformado-y-encontrar-tus-defectos-en-10-seg,Cómo descubrir si eres un subhumano deformado y encontrar tus defectos en 10 seg,looksmax.org,REWRITE
/d/56003-thugmaxxing-para-los-autistasmentalcels,thugmaxxing para los autistas/mentalcels,looksmax.org,REWRITE
/d/5603-guia-de-sleepritmo-circadiano-maxing,GUÍA DE SLEEP+RITMO CIRCADIANO MAXING,looksmax.org,REWRITE
/d/5612-un-punado-de-trucos-anecdoticos-para-alto-t,Un Puñado de Trucos Anecdóticos para Alto-T,looksmax.org,REWRITE
/d/5618-el-espaciado-ideal-de-ojos-es-la-parte-mas-importante-de-una-cara-atractiva-y-el-mal-espaciado-de-ojos-la-mayor-razon-para-ser-truecel-como-identificarlo-y-arreglarlo,El espaciado ideal de ojos es la parte más importante de una cara atractiva y el mal espaciado de ojos la mayor razón para ser truecel - cómo identificarlo y arreglarlo,looksmax.org,REWRITE
/d/56215-si-la-parca-de-norwood-te-visita,Si la parca de Norwood te visita,looksmax.org,REWRITE
/d/5629-la-leccion-y-looksmax-mas-importante-de-esta-pagina-nunca-te-quedes-calvo-estudio-de-caso-del-hombre-promedio-y-por-que-la-mayoria-de-los-normies-no-actuan-ni-siquiera-hoy,La lección y looksmax más importante de esta página - nunca te quedes calvo. Estudio de caso del hombre promedio y por qué la mayoría de los Normies no actúan ni siquiera hoy,looksmax.org,REMOVE_URGENT
/d/5641-como-dejar-de-hacerte-la-chaquetahacertela-menos-seguido-facil-y-basado-en-experiencia-personal,Cómo dejar de hacerte la chaqueta/hacértela menos seguido [FÁCIL Y BASADO EN EXPERIENCIA PERSONAL],looksmax.org,REWRITE
/d/56718-guia-de-softmaxxingbatemanmaxxing-de-kade,Guía de Softmaxxing/Batemanmaxxing de Kade,looksmax.org,REWRITE
/d/5695-la-razon-por-la-que-probablemente-no-vas-a-tener-exito-y-que-hacer-al-respecto,La razón por la que (probablemente) no vas a tener éxito; y qué hacer al respecto,looksmax.org,REMOVE_URGENT
/d/5702-guia-para-calcular-la-estatura-adulta-youngcels-gtfih,Guía para calcular la estatura adulta (Youngcels GTFIH),looksmax.org,REWRITE
/d/57077-eye-maxxing-hack1-todos-gtfih-edit-hilo-copy-paste-de-kingkellzlooksmaxxingcom,EYE-MAXXING HACK#1 (¡TODOS GTFIH!) Edit: Hilo Copy & Paste de Kingkellz/Looksmaxxing.com,looksmax.org,REWRITE
/d/57090-nunca-te-hagas-poner-expansores-palatales,Nunca te hagas poner expansores palatales,looksmax.org,REWRITE
/d/5716-todos-los-metodos-de-heightmaxxing-para-quienes-tienen-las-placas-de-crecimiento-cerradas-avisenme-si-me-falta-algo,Todos los Métodos de Heightmaxxing para quienes tienen las Placas de Crecimiento Cerradas (avísenme si me falta algo),looksmax.org,REWRITE
/d/57202-guia-para-los-que-tienen-cabello-rizado,Guía para los que tienen cabello rizado,looksmax.org,REWRITE
/d/5726-cual-es-tu-longitud-midface-una-forma-de-medir,¿Cuál Es Tu Longitud Midface? (+ una forma de medir),looksmax.org,REWRITE
/d/5732-como-crecer-biceps-sin-pesas-libres-101,Cómo crecer bíceps (sin pesas libres) 101:,looksmax.org,REWRITE
/d/5751-todos-los-looksmaxxes-en-orden-de-magnitud,Todos Los Looksmaxxes En Orden De Magnitud,looksmax.org,REWRITE
/d/5766-mirando-la-paredmaxxing,Mirando-la-paredmaxxing,looksmax.org,REWRITE
/d/57697-guia-de-clasificaciones-por-estatura,Guía de clasificaciones por estatura,looksmax.org,REWRITE
/d/57728-como-ser-atractivo,Cómo ser atractivo,looksmax.org,REWRITE
/d/5773-guia-de-testosterona,Guía de testosterona.,looksmax.org,REMOVE_URGENT
/d/57739-escala-1-5-de-sun,Escala 1-5 de Sun,looksmax.org,REWRITE
/d/5784-guia-simple-de-betacaroteno,Guía Simple de Betacaroteno,looksmax.org,REWRITE
/d/5785-una-lista-de-precios-de-alargamiento-de-piernas-y-posibles-resultados,Una lista de precios de alargamiento de piernas y posibles resultados,looksmax.org,REWRITE
/d/57850-guia-de-bodymaxing-para-el-skinnyfag-promedio,Guía de Bodymaxing Para el Skinnyfag Promedio,looksmax.org,REMOVE_URGENT
/d/57864-el-megahilo-definitivo-de-boxeo,El MEGAHILO DEFINITIVO DE BOXEO,looksmax.org,REMOVE_URGENT
/d/57955-mejora-del-sueno-reduciendo-emf,Mejora del sueño reduciendo EMF,looksmax.org,REMOVE_URGENT
/d/57969-camino-a-una-noche-saludable,Camino a una noche saludable,looksmax.org,REWRITE
/d/57977-reglas-18-para-perder-la-virginidad,Reglas 18+ para perder la virginidad,looksmax.org,REWRITE
/d/5811-todo-lo-que-siempre-necesitabas-saber-sobre-looksmax,TODO LO QUE SIEMPRE NECESITABAS SABER SOBRE LOOKSMAX,looksmax.org,REMOVE_URGENT
/d/58161-los-looksmaxes-mas-baratos,Los looksmaxes más baratos,looksmax.org,REWRITE
/d/58163-guia-completa-de-crecimiento-fraudward,Guía completa de crecimiento Fraudward,looksmax.org,REWRITE
/d/58197-juego-de-textosdeslizandote-a-los-dm-101-tips,Juego de textos/deslizándote a los DM 101-tips,looksmax.org,REWRITE
/d/58201-unifice-toda-la-teoria-de-looks-en-una-calificacion-irl,Unificé toda la teoría de looks en una calificación irl,looksmax.org,REWRITE
/d/5823-chart-de-looksmaxxing-11-actualizado-alto-esfuerzo,CHART DE LOOKSMAXXING 1.1 [actualizado] (Alto Esfuerzo),looksmax.org,REWRITE
/d/58241-consejo-de-habilidades-sociales-la-gente-siempre-responde-mas-positivamente-cuando-tienes-sentido-del-humor,Consejo de habilidades sociales: la gente siempre responde más positivamente cuando tienes sentido del humor,looksmax.org,REWRITE
/d/58291-caracteristicas-del-chico-malo-que-las-mujeres-desean,Características del chico malo que las mujeres desean,looksmax.org,REMOVE_URGENT
/d/58310-la-forma-mas-facil-de-dormir-boca-arriba,La forma más fácil de dormir boca arriba,looksmax.org,REWRITE
/d/58312-guia-2020-como-mantener-a-la-mujer-en-linea,Guía 2020: cómo mantener a la mujer en línea,looksmax.org,REWRITE
/d/58324-guia-de-compra-de-face-pullers,Guía de compra de face pullers,looksmax.org,REMOVE_URGENT
/d/58355-3-pruebas-rapidas-y-faciles-de-subhumanidad,3 pruebas rápidas y fáciles de subhumanidad,looksmax.org,REMOVE_URGENT
/d/5836-guia-definitiva-desapego-del-resultado,Guía definitiva: Desapego del resultado,looksmax.org,REWRITE
/d/58366-estirar-tu-columna-te-hace-mas-alto,ESTIRAR TU COLUMNA TE HACE MÁS ALTO,looksmax.org,REWRITE
/d/5839-guia-de-bonesmash-en-progreso,Guía de bonesmash [en progreso],looksmax.org,REMOVE_URGENT
/d/58397-como-engendrar-hijos-slayer,Cómo engendrar hijos slayer,looksmax.org,REWRITE
/d/5857-como-agregar-1-a-tu-pene-en-6-meses,Cómo Agregar 1\ a tu Pene en 6 Meses,looksmax.org,REWRITE
/d/58657-guia-para-destruir-completamente-los-centros-de-miedo-en-tu-cerebro,Guía para destruir completamente los centros de miedo en tu cerebro,looksmax.org,REWRITE
/d/58670-la-base-de-datos-mas-grande-de-infografias-sobre-entrenamiento-de-fuerza-y-acondicionamiento-high-iq-gymcels-gtfih,La base de datos más grande de infografías sobre entrenamiento de fuerza y acondicionamiento [HIGH IQ GYMCELS GTFIH],looksmax.org,REWRITE
/d/5871-como-mejorar-la-proporcion-del-midface,-Cómo mejorar la proporción del midface-,looksmax.org,REWRITE
/d/5872-guia-de-altura-masculina-usa,Guía de Altura Masculina USA,looksmax.org,REWRITE
/d/58722-como-probar-tu-crecimiento-hacia-adelante-pics-inside-mira-como-se-vera-tu-cara-despues-de-hacer-facepull,Cómo probar tu crecimiento hacia adelante (Pics inside). Mira cómo se verá tu cara después de hacer facepull.,looksmax.org,REWRITE
/d/58737-para-todos-los-curries-si-alguna-vez-quieren-una-calificacion-honesta-de-autistas-psl,Para todos los curries - si alguna vez quieren una calificación honesta de autistas PSL,looksmax.org,REWRITE
/d/5875-reglas-para-hablar-sobre-blackpill-ntmax,REGLAS PARA HABLAR SOBRE BLACKPILL [NTMax],looksmax.org,REWRITE
/d/5879-la-guia-resumen-de-hormonas-como-mejorar-tu-t-dht-bajar-la-prolactina-y-aromatizar-la-e,La Guía Resumen de: Hormonas. Cómo mejorar tu T; DHT; Bajar la Prolactina y aromatizar la E,looksmax.org,REWRITE
/d/58795-formas-en-que-te-estan-moggeando-sin-que-te-des-cuenta,Formas en que te están MOGGEANDO sin que te des cuenta,looksmax.org,REWRITE
/d/58874-importancia-de-la-vitamina-k2-si-tomas-vitamina-d,Importancia de la Vitamina K2 si tomas Vitamina D,looksmax.org,REWRITE
/d/58907-como-entrenar-tus-pantorrillas-en-un-gimnasio-casero,Cómo entrenar tus pantorrillas en un gimnasio casero,looksmax.org,REMOVE_URGENT
/d/5891-la-guia-resumen-de-revertir-el-envejecimiento-colageno-estilo-de-vida-y-gran-bonus,La guía resumen de: Revertir el envejecimiento. Colágeno. Estilo de vida y ... gran bonus,looksmax.org,REWRITE
/d/58915-como-lograr-que-tu-novia-se-quede-contigo-y-te-ame-mas,Cómo lograr que tu novia se quede contigo y te ame más,looksmax.org,REWRITE
/d/58929-mejillas-hundidas-un-arma-de-doble-filo,Mejillas hundidas: Un arma de doble filo,looksmax.org,REWRITE
/d/5908-deepvoicepill-como-conseguir-una-voz-mas-grave,[Deepvoicepill] cómo conseguir una voz más grave,looksmax.org,REWRITE
/d/5909-como-realmente-crecer-mas-alto,CÓMO REALMENTE crecer más alto,looksmax.org,REMOVE_URGENT
/d/59095-el-cabello-debe-depender-de-la-formatamano-del-craneo,El cabello debe depender de la forma/tamaño del cráneo,looksmax.org,REWRITE
/d/59149-respuestas-para-usar-contra-mujeres,Respuestas para usar contra mujeres.,looksmax.org,REWRITE
/d/59222-guia-de-lookmaxing-de-carnivorediet-lista-completa-15-metodos,Guía de LookMaxing de CarnivoreDiet - Lista Completa [15 Métodos],looksmax.org,REWRITE
/d/5928-como-besar-a-4-truecels-metodo-wenis-y-wagina,cómo besar a 4 truecels {MÉTODO WENIS Y WAGINA},looksmax.org,REWRITE
/d/59344-megahilo-de-gymcelling,Megahilo de gymcelling,looksmax.org,REMOVE_URGENT
/d/59432-mandibula-asimetrica-gtfih,¿Mandíbula asimétrica? GTFIH,looksmax.org,NOINDEX
/d/5956-guia-para-pestanas-sexys-para-hombres,Guía para Pestañas Sexys para Hombres,looksmax.org,REWRITE
/d/59690-dejame-repetirme-una-vez-mas-no-vayas-por-pelo-corto-si-tu-craneo-es-estrecho,Déjame repetirme una vez más; NO VAYAS POR PELO CORTO SI TU CRÁNEO ES ESTRECHO,looksmax.org,REWRITE
/d/59745-cuanto-cuesta-el-heightmaxxing,Cuánto Cuesta el Heightmaxxing,looksmax.org,REWRITE
/d/5978-zygos-superiores-altos-y-bajos-en-vista-de-34,Zygos superiores altos y bajos en vista de 3/4,looksmax.org,REWRITE
/d/59797-una-guia-completa-del-ayuno-para-bajar-de-peso,Una guía completa del ayuno para bajar de peso,looksmax.org,REWRITE
/d/5980-gtfih-gente-con-piel-de-mierda-ya-es-hora-de-que-aprendas-la-verdad-y-dejes-de-perder-tiempo-el-hilo-de-skincare-definitivo-mas-una-droga-prometedora,(GTFIH) Gente con piel de mierda; ya es hora de que aprendas la verdad y dejes de perder tiempo. El hilo de skincare definitivo. MÁS una droga prometedora.,looksmax.org,REWRITE
/d/59821-recurso-base-de-datos-de-rostros-de-lookism,RECURSO: Base de datos de rostros de Lookism,looksmax.org,REWRITE
/d/59829-como-solia-atraer-mujeres-en-ambientes-casuales-o-formales,Cómo solía atraer mujeres en ambientes casuales o formales.,looksmax.org,REWRITE
/d/59837-negacion-plausible-para-looksmaxxing-como-aplicar-fight-club,Negación Plausible para Looksmaxxing (cómo aplicar fight club),looksmax.org,REWRITE
/d/59884-guia-para-calificar-psl,Guía para calificar PSL,looksmax.org,REWRITE
/d/5992-todo-importa-bro-puesto-a-prueba-una-guia-de-como-determinar-matematicamente-que-rasgos-importan-mas-en-distintos-niveles-de-atractivo,\Todo importa bro\ puesto a prueba: una guía de cómo determinar matemáticamente qué rasgos importan más en distintos niveles de atractivo,looksmax.org,REWRITE
/d/6000-guia-de-hexarelina,GUÍA DE HEXARELINA,looksmax.org,REWRITE
/d/60015-nsfw-miniguia-sobre-como-pleasuremaxear-y-orgasmax-para-circumcisedcels,[NSFW] miniguía sobre cómo pleasuremaxear y orgasmax para circumcisedcels,looksmax.org,REWRITE
/d/60055-lista-de-suplementos-que-pueden-aumentar-tu-testosterona,Lista de suplementos que pueden aumentar tu testosterona,looksmax.org,REWRITE
/d/6013-como-ser-chad,Cómo ser CHAD,looksmax.org,REWRITE
/d/60183-la-armoniasimetria-esta-subestimada-aqui,La armonía/simetría está subestimada aquí,looksmax.org,REWRITE
/d/6020-ntmaxxing-para-tontos,NTmaxxing para tontos,looksmax.org,REWRITE
/d/60335-facil-maxing-para-celes-uk,Fácil maxing para celes UK,looksmax.org,REWRITE
/d/60353-tostadas-francesas-anabolicas,Tostadas Francesas Anabólicas,looksmax.org,REWRITE
/d/60398-guia-de-nariz-podria-ser-cope,Guía de nariz podría ser cope,looksmax.org,REWRITE
/d/6041-proporciones-corporales-ideales,Proporciones corporales ideales,looksmax.org,REMOVE_URGENT
/d/60426-como-dejar-de-masturbarse,Cómo dejar de masturbarse,looksmax.org,REWRITE
/d/60478-como-hacer-teethwhiteningmaxx,Cómo hacer TeethWhiteningmaxx,looksmax.org,REWRITE
/d/6055-como-interactuar-con-las-mujeres,Cómo interactuar con las mujeres,looksmax.org,REWRITE
/d/60590-plantillas-de-4cm-20,Plantillas de 4cm 2.0,looksmax.org,REWRITE
/d/6060-pe-meditacion-ahorra-tiempo,PE + Meditación (ahorra tiempo),looksmax.org,REWRITE
/d/60609-mi-guia-gratis-y-facil-para-fatcels-para-bajar-de-peso,Mi guía GRATIS y fácil para fatcels para bajar de peso,looksmax.org,REMOVE_URGENT
/d/60647-como-medir-el-crecimiento-craneal-real-y-cientifico,Cómo medir el crecimiento craneal real y científico.,looksmax.org,REWRITE
/d/60714-como-tomar-finasterida-sin-los-efectos-secundarios,Cómo tomar Finasterida sin los efectos secundarios,looksmax.org,REWRITE
/d/6073-efectos-de-la-proyeccion-y-la-recesion-facial-en-la-vista-frontal-la-pildora-de-la-masculinidad,Efectos de la proyección y la recesión facial en la vista frontal + la píldora de la masculinidad,looksmax.org,REWRITE
/d/60759-como-quemar-grasa-corporal-rapido,Cómo quemar grasa corporal rápido,looksmax.org,REMOVE_URGENT
/d/6092-guia-completa-de-socialmaxxing,Guía Completa de Socialmaxxing,looksmax.org,REWRITE
/d/61034-gtfih-bonecels-sonido-para-el-crecimiento-oseo,[GTFIH BONECELS] Sonido para el crecimiento óseo,looksmax.org,REMOVE_URGENT
/d/61040-razones-por-las-que-de-verdad-deberias-tomar-suficiente-agua,Razones por las que de verdad deberías tomar suficiente agua,looksmax.org,REWRITE
/d/61046-una-forma-interesante-de-potenciar-inmunidad-y-looksmax,Una forma interesante de potenciar inmunidad y looksmax,looksmax.org,REWRITE
/d/6109-guia-definitiva-de-skinmax-2021,Guía definitiva de skinmax 2021,looksmax.org,REWRITE
/d/61161-como-verse-de-puta-madre,Cómo verse de puta madre,looksmax.org,REWRITE
/d/6120-mk-677-vs-hgh,MK-677 vs HGH,looksmax.org,REMOVE_URGENT
/d/61206-ideas-creativas-para-coger-ademas-de-la-apariencia,Ideas creativas para coger además de la apariencia,looksmax.org,REWRITE
/d/61216-guias-practicas-para-el-tratamiento-hormonal-transgenero-ftm,Guías prácticas para el tratamiento hormonal transgénero FTM,looksmax.org,REWRITE
/d/6122-mi-guia-tasa-de-exito-1001,MI GUÍA (TASA DE ÉXITO 1001%),looksmax.org,REWRITE
/d/61220-como-fraudear-hasta-que-te-hagas-tus-cirugias,Cómo fraudear hasta que te hagas tus cirugías,looksmax.org,REWRITE
/d/6125-la-guia-completa-oficial-para-hacer-american-psycho-maxing-legitima,LA GUÍA COMPLETA OFICIAL PARA HACER AMERICAN PSYCHO MAXING [Legítima],looksmax.org,REMOVE_URGENT
/d/61253-guia-definitiva-de-la-altura-de-la-ceja-wip,Guía definitiva de la altura de la ceja. ^WIP^,looksmax.org,REWRITE
/d/61541-blanqueamiento-de-dientes-gtfh,Blanqueamiento de dientes GTFH,looksmax.org,REWRITE
/d/6161-guia-de-softmaxxing-de-ano-nuevo-para-principiantes,GUÍA DE SOFTMAXXING DE AÑO NUEVO PARA PRINCIPIANTES,looksmax.org,REWRITE
/d/6163-8-senales-de-que-una-chica-quiere-que-te-le-acerques,8 Señales de que una Chica Quiere que te le Acerques,looksmax.org,REWRITE
/d/61675-trucos-de-lipmaxing,Trucos de lipmaxing,looksmax.org,REWRITE
/d/6168-como-superar-tu-oneitis-y-nunca-contraer-esta-maldita-enfermedad,Cómo superar tu oneitis y nunca contraer esta maldita enfermedad,looksmax.org,REWRITE
/d/61725-consejo-de-fashionmaxxing-para-manlets-adelanto-de-la-gran-guia-de-fashionmaxxing,Consejo de fashionmaxxing para manlets (adelanto de la gran guía de fashionmaxxing),looksmax.org,REWRITE
/d/61759-guia-definitiva-aceite-de-menta-solucion-para-la-caida-del-cabello,[GUÍA DEFINITIVA] ACEITE DE MENTA : Solución para la caída del cabello (?),looksmax.org,REWRITE
/d/61776-patillas-optimas,Patillas óptimas,looksmax.org,REWRITE
/d/61858-que-es-el-sindrome-de-cara-larga-enfoques-para-diagnostico-quirurgico-y-tratamiento,Qué es el Síndrome de Cara Larga; enfoques para diagnóstico quirúrgico y tratamiento,looksmax.org,REWRITE
/d/6200-compilacion-de-disruptores-endocrinos,Compilación de Disruptores Endocrinos,looksmax.org,REWRITE
/d/6202-fashionmax-potencia-tu-apariencia,Fashionmax: Potencia tu apariencia 🔥,looksmax.org,REWRITE
/d/62178-la-guia-heightmax-mas-facil-gtfih,LA GUÍA HEIGHTMAX MÁS FÁCIL [GTFIH],looksmax.org,REMOVE_URGENT
/d/6228-conoce-tu-cerebro-y-por-que-los-neurotransmisores-lo-son-todo,CONOCE TU CEREBRO; Y POR QUÉ LOS NEUROTRANSMISORES LO SON TODO,looksmax.org,REWRITE
/d/62351-el-whitemaxxing-es-posible-tutorial-para-etnicos,El whitemaxxing es posible. Tutorial para étnicos.,looksmax.org,REWRITE
/d/62353-microdosis-de-hormonas,Microdosis de hormonas,looksmax.org,REWRITE
/d/62374-que-es-exactamente-ep1-la-via-de-senalizacion-ampk-resumen-basico,¿Qué es exactamente? EP1 - La vía de señalización AMPK (Resumen básico),looksmax.org,REWRITE
/d/6241-guia-de-vitamina-c-collagenmaxxing-guia-de-suplementos-y-serum-facial,[GUÍA DE VITAMINA C] [Collagenmaxxing] Guía de suplementos y sérum facial,looksmax.org,REMOVE_URGENT
/d/6249-la-guia-de-esteroides-preguntas-y-respuestas,La Guía de Esteroides + Preguntas y Respuestas,looksmax.org,REWRITE
/d/62564-pelo-grueso-como-la-verga,Pelo grueso como la verga,looksmax.org,REWRITE
/d/62594-terapia-de-luz-roja-gratis,Terapia de luz roja gratis,looksmax.org,REWRITE
/d/6263-leer-esta-subestimado,Leer está subestimado,looksmax.org,REWRITE
/d/62671-juego-de-nicho-una-alternativa-al-rtt,Juego de nicho: una alternativa al RTT,looksmax.org,REWRITE
/d/6276-caras-promedio-en-la-vida-real-altura-y-criterios-de-atractivo-para-personas-que-no-salen,Caras promedio en la vida real; altura y criterios de atractivo para personas que no salen,looksmax.org,REWRITE
/d/62777-una-guia-para-speakmaxxing,Una guía para speakmaxxing,looksmax.org,REWRITE
/d/6281-lo-que-tu-peinado-dice-de-ti,Lo que tu peinado dice de ti,looksmax.org,REWRITE
/d/62949-hilo-y-discusion-definitivos-para-curar-la-oneitis,Hilo y discusión definitivos para curar la oneitis,looksmax.org,REWRITE
/d/6300-que-es-la-adiccion-por-que-podrias-ser-un-adicto-y-como-puedes-solucionarlo-largo,¿Qué es la adicción? ¿Por qué podrías ser un adicto y cómo puedes solucionarlo? [LARGO],looksmax.org,REMOVE_URGENT
/d/63000-identifica-ingredientes-de-productos-de-cuidado-de-piel-con-skincarisma,Identifica ingredientes de productos de cuidado de piel con SkinCarisma,looksmax.org,REWRITE
/d/63106-guia-del-stack-eca,Guía del stack ECA,looksmax.org,REWRITE
/d/6320-la-mayoria-aqui-no-sabe-que-es-la-recesion,La mayoría aquí no sabe qué es la recesión,looksmax.org,REWRITE
/d/6325-como-funcionan-los-requisitos-de-altura-ancho-de-hombros-y-cara-en-el-mercado-sexual,Cómo funcionan los requisitos de Altura; Ancho de Hombros y Cara en el mercado sexual,looksmax.org,REWRITE
/d/63318-como-corregir-completamente-la-postura-de-espalda-y-cabeza,Cómo corregir completamente la postura de espalda y cabeza.,looksmax.org,REWRITE
/d/63328-baraja-de-cirugias,Baraja de Cirugías,looksmax.org,REWRITE
/d/63336-hilo-real-de-iqmaxxing-para-gaslighting,Hilo real de IQmaxxing para gaslighting,looksmax.org,REWRITE
/d/6338-piel-lograr-un-hermoso-color-de-piel-con-cambios-en-la-dieta,[PIEL] LOGRAR UN HERMOSO COLOR DE PIEL CON CAMBIOS EN LA DIETA,looksmax.org,REWRITE
/d/6341-la-forma-mas-facil-de-llegar-al-8-de-grasa-corporal,La forma más fácil de llegar al 8% de grasa corporal,looksmax.org,REMOVE_URGENT
/d/6342-la-mejor-comida-deliciosa-para-perdida-de-grasa,La mejor comida deliciosa para pérdida de grasa,looksmax.org,REMOVE_URGENT
/d/63420-nacl-09-vs-agua-bac-para-inyecciones-de-hgh,NaCl 0.9% vs Agua BAC para Inyecciones de HGH,looksmax.org,REWRITE
/d/63423-un-recordatorio-sobre-como-tomar-medidas-faciales,un recordatorio sobre cómo tomar medidas faciales,looksmax.org,REWRITE
/d/6352-caracteristica-mas-rara-en-forma-de-ojos,Característica Más Rara en Forma de Ojos,looksmax.org,REWRITE
/d/63546-como-aumentar-el-tamano-de-la-mandibula-fwhr,Cómo Aumentar el Tamaño de la Mandíbula (FWHR),looksmax.org,REWRITE
/d/63593-como-literalmente-la-mayoria-de-ustedes-pueden-tener-sexo-dejen-de-complicar-esta-mierda,Cómo literalmente la mayoría de ustedes pueden tener sexo; dejen de complicar esta mierda,looksmax.org,REWRITE
/d/63609-guia-de-face-pulling-100-funciona,Guía de Face Pulling 100% funciona,looksmax.org,REWRITE
/d/63637-el-fraude-de-cabello-largo-a-fwhr-es-una-muy-mala-idea,El Fraude de Cabello Largo a FWHR es una Muy Mala Idea,looksmax.org,REWRITE
/d/63644-soft-maxes-para-tu-area-ocular,Soft maxes para tu área ocular,looksmax.org,REWRITE
/d/6368-diferencias-entre-los-trasplantes-de-pelo-fue-y-fut,Diferencias entre los trasplantes de pelo FUE y FUT,looksmax.org,REWRITE
/d/6371-como-encontrar-tu-nicho-en-la-masculinidad,Cómo encontrar tu nicho en la masculinidad,looksmax.org,REWRITE
/d/63717-consigue-una-voz-profunda-en-2-horas-parte-1,Consigue una voz PROFUNDA en 2 horas parte 1,looksmax.org,REWRITE
/d/6376-los-musculos-mas-importantes-para-la-apariencia,Los músculos más importantes para la apariencia,looksmax.org,REWRITE
/d/63790-por-que-el-ayuno-y-el-cardio-extremo-hiit-nunca-son-la-respuesta-para-una-cara-masculina-a-largo-plazo,Por qué el ayuno y el cardio extremo (HIIT) nunca son la respuesta para una cara masculina a largo plazo,looksmax.org,REWRITE
/d/6388-fragrancemaxxing,Fragrancemaxxing,looksmax.org,REWRITE
/d/6390-guia-de-diferentes-tipos-de-rasgos-desde-el-frente-parte-uno-por-el-limite-de-adjuntos-del-sitio,Guía de diferentes tipos de rasgos desde el frente; parte uno; por el límite de adjuntos del sitio,looksmax.org,REMOVE_URGENT
/d/63929-revisa-tus-vitaminasminerales-cronometercom,Revisa tus vitaminas/minerales (Cronometer.com),looksmax.org,REWRITE
/d/6393-algunos-consejos-rapidos-de-moda,Algunos consejos \rápidos\ de moda,looksmax.org,REWRITE
/d/6395-collagenmaxxing-101-para-principiantes-lo-basico,Collagenmaxxing #101 para principiantes - lo básico,looksmax.org,REMOVE_URGENT
/d/63994-voicemaxxing-instantaneo,VOICEMAXXING INSTANTÁNEO,looksmax.org,REWRITE
/d/64010-deepvoicemaxx,Deepvoicemaxx,looksmax.org,REWRITE
/d/64066-el-mejor-estilo-de-cabello-y-barba-para-tu-forma-de-cara,El mejor estilo de cabello y barba para tu forma de cara,looksmax.org,REWRITE
/d/6408-guia-definitiva-sobre-sam-e-testosterona-higado-estatura-depresion,Guía definitiva sobre SAM-e: testosterona; hígado; estatura; depresión,looksmax.org,REWRITE
/d/6410-guia-nt-mi-primer-post-serio-entra-para-ascender-gtfih-no-es-el-fin,GUÍA NT (MI PRIMER POST SERIO) (ENTRA PARA ASCENDER) (GTFIH) (NO ES EL FIN),looksmax.org,REWRITE
/d/6414-como-quitar-la-hinchazon-del-rostro-funciona-100-de-las-veces,Cómo quitar la hinchazón del rostro [Funciona 100% de las veces],looksmax.org,REWRITE
/d/6415-guia-de-maxxing-de-ojeras,Guía de Maxxing de Ojeras,looksmax.org,REMOVE_URGENT
/d/64222-la-dieta-es-importante-incluso-si-no-estas-gordo,La dieta es importante incluso si no estás gordo,looksmax.org,REWRITE
/d/64227-intentando-armar-el-rompecabezas-del-voicemaxxing,Intentando armar el rompecabezas del voicemaxxing,looksmax.org,REWRITE
/d/6427-como-el-hueso-hioides-te-hace-chad-o-subhumano,cómo el hueso hioides te hace chad o subhumano,looksmax.org,REMOVE_URGENT
/d/64275-como-saber-si-tienes-los-pomulos-altos,Cómo saber si tienes los pómulos altos,looksmax.org,REWRITE
/d/64277-estimulacion-por-presion-profunda-para-dormir,Estimulación por Presión Profunda para Dormir,looksmax.org,REWRITE
/d/6437-concepto-erroneo-sobre-el-plano-de-frankfurt,Concepto erróneo sobre el plano de Frankfurt,looksmax.org,REWRITE
/d/64480-la-guia-definitiva-de-que-comer-la-verdad,La guía definitiva de qué comer la verdad,looksmax.org,REMOVE_URGENT
/d/64562-lista-de-algunos-failos-no-faciales-menores-y-como-puedes-arreglartelos,Lista de algunos failos no faciales menores y cómo puedes arreglartelos,looksmax.org,REWRITE
/d/64643-como-averiguar-donde-estas-con-una-persona-en-instagram,Cómo averiguar dónde estás con una persona en instagram,looksmax.org,REWRITE
/d/64687-como-bajar-tus-cejas-de-verdad-mi-guia,Cómo bajar tus cejas de verdad (MI GUÍA),looksmax.org,REMOVE_URGENT
/d/64737-inyecta-test,¡INYECTA! ¡TEST!,looksmax.org,REWRITE
/d/64744-guia-completa-de-subcision-diy-acnescarcels-gftih-y-notas-muy-importantes-de-mi-propio-viaje,Guía completa de subcisión DIY (acnescarcels GFTIH y notas muy importantes de mi propio viaje),looksmax.org,REMOVE_URGENT
/d/64778-tutorial-de-corte-del-canto-medial,Tutorial de Corte del Canto Medial,looksmax.org,REWRITE
/d/6484-la-verdadera-razon-por-la-que-un-maxilar-adelantado-te-hace-atractivo-no-es-la-que-crees,La verdadera razón por la que un maxilar adelantado te hace atractivo no es la que crees,looksmax.org,REWRITE
/d/64928-megathread-como-maximizar-la-pubertad-para-adolescentes,[MEGATHREAD] Cómo Maximizar la Pubertad para Adolescentes,looksmax.org,REWRITE
/d/64949-ensalada-facil-potenciadora-de-testosterona,Ensalada Fácil Potenciadora de Testosterona,looksmax.org,REWRITE
/d/65062-que-deberias-comer,QUÉ DEBERÍAS COMER,looksmax.org,REMOVE_URGENT
/d/6513-elementos-de-una-buena-voz-el-tono-esta-sobrevalorado,Elementos de una buena voz: el tono está sobrevalorado,looksmax.org,REWRITE
/d/65140-como-dejar-de-respirar-por-la-boca-frente-a-la-computadora-o-durante-el-sueno,Cómo dejar de respirar por la boca frente a la computadora o durante el sueño.,looksmax.org,REWRITE
/d/6520-todo-lo-que-necesitas-para-looksmaxxing-guia-de-julien,Todo lo que necesitas para looksmaxxing / Guía de Juliën,looksmax.org,REWRITE
/d/6521-guia-de-studymaxxing,Guía de Studymaxxing,looksmax.org,REWRITE
/d/6524-gigathread-fenotipos-mogger,[GigaThread] Fenotipos Mogger,looksmax.org,REWRITE
/d/6525-megahilo-de-kratom-copypasta-pero-util-como-la-verga-gtfih,Megahilo de Kratom (Copypasta pero útil como la verga GTFIH),looksmax.org,REWRITE
/d/65300-que-hace-que-una-cara-se-vea-limpia,Qué hace que una cara se vea limpia,looksmax.org,REWRITE
/d/6534-como-fraudmaxxear-guia-post-de-alto-esfuerzo,Cómo fraudmaxxear (guía) post de alto esfuerzo,looksmax.org,REWRITE
/d/65351-caracteristicas-agresivas-vs-caracteristicas-masculinas,Características Agresivas VS Características Masculinas,looksmax.org,REWRITE
/d/6537-guia-basica-para-cabello-rizado-caucasico,Guía Básica para Cabello Rizado Caucásico,looksmax.org,REWRITE
/d/65376-dieta-para-bajar-de-peso-rapido,Dieta para bajar de peso rápido,looksmax.org,REWRITE
/d/65401-como-cepillarte-los-dientes-correctamente,CÓMO CEPILLARTE LOS DIENTES CORRECTAMENTE,looksmax.org,REWRITE
/d/65420-aclarado-de-labios-con-laser-lifefuel-para-etnicos,Aclarado de labios con láser [Lifefuel para étnicos],looksmax.org,REWRITE
/d/65559-alto-esfuerzo-recordatorio-narrow-mouthcel-gtfhi,[ALTO ESFUERZO] [RECORDATORIO] NARROW MOUTHCEL GTFHI,looksmax.org,REWRITE
/d/6563-como-arreglar-upper-eyelid-expose-sin-cirugia-uee,[CÓMO] Arreglar Upper Eyelid Expose sin cirugía [UEE],looksmax.org,REWRITE
/d/65633-por-que-necesitas-hacer-dieta-inversa-despues-de-un-cut,¡POR QUÉ NECESITAS HACER DIETA INVERSA DESPUÉS DE UN CUT!,looksmax.org,REWRITE
/d/65638-eyebrow-maxxing-para-cels-de-baja-inhibicion,Eyebrow maxxing para cels de baja inhibición,looksmax.org,REWRITE
/d/65682-como-asegurar-que-tu-hijo-se-convierta-en-un-chad,Cómo asegurar que tu hijo se convierta en un chad,looksmax.org,REWRITE
/d/6569-la-importancia-de-la-altura-del-cabello,La importancia de la ALTURA DEL CABELLO,looksmax.org,REWRITE
/d/65730-piel-como-collagenmaxx,Piel: Cómo collagenmaxx,looksmax.org,REWRITE
/d/6580-como-pensar-correctamente-guia-s,Cómo pensar correctamente (Guía S+++),looksmax.org,REWRITE
/d/65837-guia-suprema-de-ascension-para-usuarios-de-it,GUÍA SUPREMA DE ASCENSIÓN PARA USUARIOS DE IT,looksmax.org,REWRITE
/d/6600-guia-completa-y-detallada-sobre-por-que-y-como-hacer-leanmaxxing,Guía Completa y Detallada sobre por qué y cómo hacer Leanmaxxing...,looksmax.org,REWRITE
/d/66094-consistencymaxxing-o-como-maximizar-tu-progreso,Consistencymaxxing; o cómo maximizar tu progreso,looksmax.org,REWRITE
/d/66173-libere-la-guia-de-peptidos-que-deberias-leer,Liberé la guía de péptidos que deberías leer,looksmax.org,REMOVE_URGENT
/d/66221-guia-ultimate-de-looksmaxxing-tbh,Guía Ultimate de Looksmaxxing tbh,looksmax.org,REWRITE
/d/66247-guia-para-deshincharse,Guía para deshincharse,looksmax.org,REWRITE
/d/66254-ejercicios-faciales-copecels-entren-aqui,\Ejercicios\ Faciales Copecels ENTREN AQUÍ,looksmax.org,REWRITE
/d/66319-hazte-revisar-los-niveles-de-estrogeno-y-testosterona,Hazte revisar los niveles de estrógeno y testosterona,looksmax.org,REWRITE
/d/66334-ciclo-de-crecimiento-capilar-y-perdida-de-cabello-todo-lo-que-necesitas-saber,Ciclo de Crecimiento Capilar y Pérdida de Cabello (Todo lo que Necesitas Saber),looksmax.org,REWRITE
/d/66344-consigue-una-mandibula-de-adonis,Consigue una mandíbula de Adonis....,looksmax.org,REWRITE
/d/66352-arreglar-el-sudor-de-las-axilas,Arreglar el sudor de las axilas,looksmax.org,REWRITE
/d/66369-entrenamiento-optimo-de-cuello-20,Entrenamiento Óptimo de Cuello 2.0,looksmax.org,REWRITE
/d/66459-sleepmaxxing,Sleepmaxxing,looksmax.org,REMOVE_URGENT
/d/6651-drivermaxxing-integral,Drivermaxxing integral,looksmax.org,REWRITE
/d/6656-solo-lee-un-puto-libro,Solo lee un puto libro,looksmax.org,REWRITE
/d/6659-como-fraudear-un-buen-frame,Cómo Fraudear un Buen Frame,looksmax.org,REWRITE
/d/6662-hombros-anchos-cintura-pequena-forma-de-v-metodos-de-fraude,HOMBROS ANCHOS; CINTURA PEQUEÑA (Forma de V) métodos de fraude.,looksmax.org,REWRITE
/d/66624-como-arrasar-en-la-escuelaprepa,Cómo arrasar en la Escuela/Prepa,looksmax.org,REWRITE
/d/6667-como-ver-imagenes-claras-en-tu-ojo-mental,Cómo ver imágenes claras en tu ojo mental,looksmax.org,REWRITE
/d/6672-suenos-lucidos,Sueños lúcidos,looksmax.org,REWRITE
/d/66744-harto-de-cicatrices-de-acne-asi-que-aqui-esta-mi-plan-para-piel-clara-por-septiembre,Harto de cicatrices de acné; así que aquí está mi plan para piel clara por septiembre:,looksmax.org,REWRITE
/d/6676-meditacion,Meditación,looksmax.org,REWRITE
/d/66772-rutina-de-entrenamiento-ideal-para-principiantes,Rutina de Entrenamiento Ideal para Principiantes,looksmax.org,REWRITE
/d/66835-gym-maxx-con-20-30-usd-minimo,GYM MAXX CON 20-30$ USD MÍNIMO,looksmax.org,REWRITE
/d/66840-esteroides-vs-cierre-de-placas-de-crecimiento-gtfih-pubermaxxers,Esteroides vs Cierre de Placas de Crecimiento GTFIH PUBERMAXXERS,looksmax.org,REWRITE
/d/6687-memorizar-grandes-cantidades-de-informacion,Memorizar grandes cantidades de información,looksmax.org,REWRITE
/d/66890-arregla-los-hombros-inclinados-minusvalia-enorme,Arregla los Hombros Inclinados (minusvalía enorme),looksmax.org,REWRITE
/d/6692-forma-facil-de-obtener-tus-micronutrientes-util-para-skinmaxx-y-leanmaxx,Forma fácil de obtener tus micronutrientes; útil para skinmaxx y leanmaxx,looksmax.org,REWRITE
/d/6695-como-bloquear-el-porno-de-tu-vida-coomers-gtfih-hilo-de-alto-esfuerzo,Cómo bloquear el porno de tu vida (coomers gtfih) (hilo de alto esfuerzo),looksmax.org,REWRITE
/d/66959-mesocefalico-y-chamae-ortocranico-cualquier-otra-cosa-es-subhumano,Mesocefálico y chamae-/ortocránico. Cualquier otra cosa es subhumano.,looksmax.org,REWRITE
/d/6697-guia-completa-para-pensar-megaguia,Guía completa para pensar [MEGAGUÍA],looksmax.org,REWRITE
/d/6698-bonesmashing-para-aumento-de-estatura,Bonesmashing para Aumento de Estatura,looksmax.org,REMOVE_URGENT
/d/67015-piel-impecable-para-tontos-como-tu,Piel impecable para tontos como tú,looksmax.org,REWRITE
/d/67020-la-rutina-de-skincare-mas-barata-y-efectiva-para-piel-seca-o-normal,La rutina de skincare más barata y efectiva (para piel seca o normal),looksmax.org,REWRITE
/d/6706-guia-completa-de-fraude-fotografico,GUÍA COMPLETA de fraude fotográfico,looksmax.org,REWRITE
/d/67060-como-localizar-la-parte-mas-prominente-de-tus-pomulos-es-decir-la-cigoma,Cómo localizar la parte más prominente de tus pómulos (es decir; la cigoma),looksmax.org,REWRITE
/d/67106-frame-maxxing-ponte-ancho,Frame maxxing - Ponte ANCHO,looksmax.org,REWRITE
/d/6729-habilidades-sociales-parte-2-lenguaje-corporal,Habilidades Sociales Parte 2: Lenguaje Corporal,looksmax.org,REWRITE
/d/6735-mega-guia-habilidades-sociales,[Mega-Guía] Habilidades sociales,looksmax.org,REWRITE
/d/67375-no-hagas-mewing-si-planeas-hacerte-mse,No hagas mewing si planeas hacerte MSE,looksmax.org,REWRITE
/d/6745-guia-de-pelea-de-selinity,Guía de Pelea de Selinity,looksmax.org,REMOVE_URGENT
/d/67455-guia-de-social-maxxing,Guía de Social Maxxing,looksmax.org,REWRITE
/d/6749-rescatando-al-soldado-native-guia-de-etapas-tempranas-de-caida-de-pelo,RESCATANDO AL SOLDADO NATIVE (GUÍA DE ETAPAS TEMPRANAS DE CAÍDA DE PELO),looksmax.org,REWRITE
/d/6750-como-construir-un-workflow,Cómo construir un workflow,looksmax.org,REWRITE
/d/67537-la-rutina-de-lavado-de-cabello-mas-efectiva-y-simple,La rutina de lavado de cabello más efectiva y simple,looksmax.org,REWRITE
/d/6760-super-mega-guia-te-cambia-la-vida,(SÚPER MEGA GUÍA) Te cambia la vida,looksmax.org,REWRITE
/d/67689-framemaxxing-101-o-por-que-nunca-mogearas,Framemaxxing 101 o Por Qué Nunca Mogearás,looksmax.org,REWRITE
/d/6777-demasiada-gente-esta-entrecerrando-los-ojos-mal-squintmaxxers-venganse-para-aca,Demasiada gente está entrecerrando los ojos mal. (squintmaxxers vénganse para acá),looksmax.org,REWRITE
/d/6781-esteroides-la-guia-completa,ESTEROIDES – LA GUÍA COMPLETA,looksmax.org,REWRITE
/d/6787-reduccion-del-lobulo-de-la-oreja-como-forma-de-mejorar-opticamente-el-ramusjawline,Reducción del lóbulo de la oreja como forma de mejorar ópticamente el Ramus/jawline,looksmax.org,REWRITE
/d/6814-la-guia-de-zeroshame-sobre-el-aceite-de-coco-para-la-calidad-del-cabello,La guía de Zeroshame sobre el aceite de coco para la calidad del cabello,looksmax.org,REWRITE
/d/6824-lista-de-caracteristicas-que-hacen-a-un-buen-peleador,Lista de características que hacen a un buen peleador,looksmax.org,REWRITE
/d/6826-version-mejorada-titmaxxing-y-milkmaxxing-a-tu-novia,Versión mejorada: Titmaxxing y Milkmaxxing a tu novia.,looksmax.org,REWRITE
/d/6865-estrategia-poco-convencional-para-maximizar-la-felicidad-en-la-vida-para-truecels-totales-alejate-de-este-hilo-si-quieres-seguir-copeando,Estrategia poco convencional para maximizar la FELICIDAD en la vida para truecels totales — ¡aléjate de este hilo si quieres SEGUIR COPEANDO!,looksmax.org,REWRITE
/d/6881-traduciendo-lo-que-la-gente-realmente-quiere-decir,Traduciendo lo que la gente realmente quiere decir,looksmax.org,REWRITE
/d/6887-por-que-deberias-irte-por-las-chavas-chaparras-averageheightcels-entren-aqui,Por Qué Deberías Irte por las Chavas Chaparras (Averageheightcels ENTREN AQUÍ),looksmax.org,REWRITE
/d/6898-guia-completa-de-minoxidil-para-el-crecimiento-del-cabello,Guía Completa de Minoxidil (Para el Crecimiento del Cabello),looksmax.org,REMOVE_URGENT
/d/6911-determina-tu-forma-de-cara,Determina tu forma de cara,looksmax.org,REWRITE
/d/6921-mi-plan-de-vein-maxxing,Mi plan de vein maxxing,looksmax.org,REWRITE
/d/6924-aumenta-tu-estatura-mediante-microfracturas,Aumenta tu estatura mediante microfracturas,looksmax.org,REWRITE
/d/6925-el-camino-hacia-una-relacion-larga-y-feliz,El camino hacia una relación larga y feliz,looksmax.org,REWRITE
/d/6937-guia-completa-de-prohormones,Guía completa de PROHORMONES,looksmax.org,REWRITE
/d/6939-todo-lo-que-necesitas-saber-sobre-its-y-embarazos,Todo lo que necesitas saber sobre ITS y embarazos,looksmax.org,REMOVE_URGENT
/d/6957-como-ocultar-las-ojeras-bajo-tus-ojos,Cómo ocultar las ojeras bajo tus ojos,looksmax.org,REWRITE
/d/6958-como-dormir-con-buena-calidad,Cómo dormir con buena calidad,looksmax.org,REWRITE
/d/6965-el-halo-mas-olvidado-postura-perfecta,El halo más olvidado: Postura perfecta,looksmax.org,REWRITE
/d/6969-que-pasaria-si-hicieras-todos-los-softmax,¿Qué pasaría si hicieras todos los softmax:,looksmax.org,REWRITE
/d/6973-hacer-tu-nariz-un-poco-mas-pequena-sin-cirugia,Hacer tu nariz un poco más pequeña sin cirugía,looksmax.org,REWRITE
/d/6975-gtfih-por-que-amnesia-todavia-se-ve-de-20-a-los-32-explicado-guia-de-envejecimiento,GTFIH por qué amnesia todavía se ve de 20 a los 32 explicado + guía de envejecimiento.,looksmax.org,REWRITE
/d/6993-como-hacer-un-plan-de-ascension-desde-cero,Cómo Hacer un Plan de Ascensión (Desde Cero),looksmax.org,REWRITE
/d/7011-como-ponerse-mamado-para-el-verano-con-nucleus-overload-guia-corta,CÓMO PONERSE MAMADO PARA EL VERANO CON NUCLEUS OVERLOAD (guía corta),looksmax.org,REWRITE
/d/7013-como-tener-un-fisico-estetico-facil,Cómo tener un físico estético (FÁCIL),looksmax.org,REWRITE
/d/7029-zapatos-nt-p2,Zapatos NT p.2,looksmax.org,REWRITE
/d/7042-por-que-el-bdsm-funciona-tan-bien-con-las-mujeres,Por qué el BDSM funciona tan bien con las mujeres,looksmax.org,REWRITE
/d/7052-guia-completa-y-actualizada-sobre-la-hinchazon-facial,Guía completa y actualizada sobre la hinchazón facial,looksmax.org,REWRITE
/d/7055-guia-de-cabello-para-etnicos,Guía de cabello para étnicos,looksmax.org,REWRITE
/d/7058-coomers-gtfih-guia-de-orgasm-maxxing,COOMERS GTFIH. GUÍA DE ORGASM MAXXING,looksmax.org,REWRITE
/d/7069-como-combatir-la-influencia-del-kpop,Cómo combatir la influencia del Kpop,looksmax.org,REWRITE
/d/7074-fraudear-con-bodysuit,Fraudear con bodysuit,looksmax.org,REWRITE
/d/7124-como-perdi-75-lbs-fatcels-gtfih,Cómo perdí 75 lbs. ¡Fatcels GTFIH! ⚠️💪,looksmax.org,REWRITE
/d/7133-ultra-guia-de-mewing-2021-tecnica-maxhelp,Ultra Guía de Mewing 2021 (técnica maxhelp!),looksmax.org,REWRITE
/d/7151-como-conseguir-novia-de-parte-de-una-chava-de-verdad-o-sea-que-es-legitimo,Cómo conseguir novia (de parte de una chava de verdad) (o sea que es legítimo),looksmax.org,REWRITE
/d/7168-guia-de-mommymaxxing,Guía de Mommymaxxing,looksmax.org,REWRITE
/d/7176-como-te-ven-los-demas,¿Cómo te ven los demás?,looksmax.org,REWRITE
/d/7193-vitamina-e-una-vitamina-muy-descuidada,Vitamina E; una vitamina muy descuidada.,looksmax.org,REWRITE
/d/7194-los-7-habitos-de-la-gente-altamente-efectiva,Los 7 hábitos de la gente altamente efectiva,looksmax.org,REWRITE
/d/7195-como-ganar-amigos-e-influir-sobre-las-personas-resumen,Cómo Ganar Amigos e Influir sobre las Personas (resumen),looksmax.org,REWRITE
/d/7196-una-guia-completa-para-dominar-a-la-foid-asiatica,Una guía completa para dominar a la foid asiática,looksmax.org,REMOVE_URGENT
/d/7203-calificando-el-atractivo-en-la-vida-real-hombres,Calificando el Atractivo en la Vida Real (Hombres),looksmax.org,REWRITE
/d/7212-optimizando-relaciones-balanceando-slaying-y-ltrs,Optimizando Relaciones (Balanceando slaying y LTR's),looksmax.org,REWRITE
/d/7216-magnesio-maxeando-hilo-gigante-literal,MAGNESIO-MAXEANDO HILO GIGANTE LITERAL,looksmax.org,REWRITE
/d/7244-distorsion-de-lentes-por-que-los-selfies-son-inutiles,Distorsión de lentes - por qué los selfies son inútiles,looksmax.org,REWRITE
/d/7258-como-moggear,Cómo Moggear,looksmax.org,REWRITE
/d/7262-guia-para-el-ascenso-etnico-escapando-del-currytax-curries-no-tengan-mas-miedo,guía para el ascenso étnico (escapando del currytax) ; curries ; no tengan más miedo,looksmax.org,REMOVE_URGENT
/d/7276-como-conseguir-un-cuello-enorme-solo-con-discos-de-peso,Cómo conseguir un cuello enorme solo con discos de peso,looksmax.org,REWRITE
/d/7285-como-volverte-toxico,Cómo Volverte Tóxico,looksmax.org,REWRITE
/d/7289-como-ser-nt-guia-oficial,Cómo ser NT guía oficial,looksmax.org,REWRITE
/d/7297-la-guia-definitiva-para-aumentar-la-densidad-osea-y-crecer-mas-alto,La guía definitiva para aumentar la densidad ósea y crecer más alto,looksmax.org,REWRITE
/d/7301-como-hacer-tu-nariz-mas-pequena-naturalmente,Cómo hacer tu nariz más pequeña naturalmente,looksmax.org,REMOVE_URGENT
/d/7304-guia-de-taka-sobre-esteroidestrt-ias-y-mas-sin-boladas,Guía de Taka sobre Esteroides/TRT; IAs y más. (SIN BOLADAS),looksmax.org,REWRITE
/d/7317-ejercicios-obligatorios-para-la-estetica,Ejercicios obligatorios para la estética,looksmax.org,REWRITE
/d/7323-la-mayoria-de-los-debates-psl-surgen-del-mismo-tipo-de-pensamiento-low-iq,La mayoría de los debates PSL surgen del mismo tipo de pensamiento low-IQ,looksmax.org,REWRITE
/d/7324-guia-definitiva-de-masticacion,Guía definitiva de masticación,looksmax.org,REWRITE
/d/7337-suplementos-no-cope-water-thread,suplementos no-cope (water thread),looksmax.org,REWRITE
/d/7339-como-ser-percibido-como-triada-oscura,Cómo ser percibido como Tríada Oscura,looksmax.org,CONSOLIDATE
/d/7340-como-ser-percibido-como-triada-oscura,Cómo ser percibido como Tríada Oscura,looksmax.org,KEEP
/d/7357-los-cirujanos-son-hilarantemente-retrasados-el-problema-de-arreglar-la-recesion-con-base-en-cefalogramas,LOS CIRUJANOS SON HILARANTEMENTE RETRASADOS · El Problema de Arreglar la Recesión con Base en Cefalogramas,looksmax.org,REWRITE
/d/7360-los-incels-estan-completamente-equivocados-sobre-la-personalidad-la-verdadera-pildora-de-la-personalidad,Los incels están COMPLETAMENTE EQUIVOCADOS sobre la personalidad | La VERDADERA píldora de la personalidad,looksmax.org,REWRITE
/d/7362-tiron-de-parpado,TIRÓN DE PÁRPADO,looksmax.org,REWRITE
/d/7375-cult-leader-maxxing,Cult Leader Maxxing,looksmax.org,REWRITE
/d/7397-preparacion-para-el-verano-de-los-chicos-calientes,Preparación para el verano de los chicos calientes,looksmax.org,REWRITE
/d/7399-parte-12-guia-completa-de-fenotipos-nordicidisk-esfuerzo-alto,[parte 1/2] Guía completa de fenotipos Nord/ic/id/isk [ESFUERZO ALTO],looksmax.org,REWRITE
/d/7409-guia-integral-sobre-el-autismo,Guía integral sobre el autismo,looksmax.org,REWRITE
/d/7411-61-es-lo-ideal,6’1 es lo ideal,looksmax.org,REWRITE
/d/7413-los-8-mejores-suplementos-para-aumentar-los-niveles-de-t-para-tcels-bajos-basado-en-estudios,Los 8 mejores suplementos para aumentar los niveles de T para Tcels bajos (basado en estudios),looksmax.org,REMOVE_URGENT
/d/7421-social-lifemaxxing-como-pase-de-estar-basicamente-solo-a-salir-con-amigos-2-vecessemana,Social Lifemaxxing - cómo pasé de estar básicamente solo a salir con amigos 2+ veces/semana,looksmax.org,REMOVE_URGENT
/d/7451-guia-definitiva-para-statusmaxx-alto-iq-baja-inhib-alto-esfuerzo,GUÍA DEFINITIVA PARA STATUSMAXX (ALTO IQ BAJA INHIB ALTO ESFUERZO),looksmax.org,REWRITE
/d/7500-como-dominar-el-apreton-de-manos,Cómo dominar el apretón de manos,looksmax.org,REWRITE
/d/7539-como-looksmaxxear-a-tus-hijos,Cómo looksmaxxear a tus hijos,looksmax.org,REMOVE_URGENT
/d/7547-lista-de-rasgos-por-prioridad-ordenados-de-mayor-a-menor,Lista de rasgos por prioridad ordenados de mayor a menor,looksmax.org,REWRITE
/d/7548-el-protector-solar-y-por-que-deberias-usarlo,El protector solar; y por qué deberías usarlo,looksmax.org,REMOVE_URGENT
/d/7551-los-fenotipos-mexicanos-mas-comunes,Los fenotipos mexicanos más comunes,looksmax.org,REWRITE
/d/7589-mi-error-fatal-en-el-dating,Mi error fatal en el dating,looksmax.org,REWRITE
/d/7612-guia-para-manos-masculinasmunecas-grandes,GUÍA para manos masculinas/muñecas grandes,looksmax.org,REWRITE
/d/7636-guia-simple-para-selfies-nt-fraudeadas,Guía Simple para selfies NT fraudeadas,looksmax.org,REWRITE
/d/7640-la-guia-definitiva-de-la-violencia-en-defensa-propia-nada-de-mariconadas-en-serio,La guía definitiva de la violencia en defensa propia (nada de mariconadas; en serio),looksmax.org,REWRITE
/d/7660-por-que-deberias-consumir-huevos-crudos,Por qué deberías consumir huevos crudos,looksmax.org,REMOVE_URGENT
/d/7691-costo-de-la-cirugia-bimaxilar-de-mandibula-en-california-imagenes-3d-adjuntas,Costo de la Cirugía Bimaxilar de Mandíbula en California (imágenes 3D adjuntas),looksmax.org,REWRITE
/d/7693-como-encontrar-una-novia-fiel-basado-en-rasgos-de-personalidad,Cómo Encontrar una Novia Fiel; Basado en Rasgos de Personalidad,looksmax.org,REWRITE
/d/7726-mi-guia-para-el-cabello-rizado,Mi guía para el cabello rizado,looksmax.org,REWRITE
/d/7767-vitamina-c-topica-no-te-conformes-con-menos,VITAMINA C TÓPICA - NO TE CONFORMES CON MENOS,looksmax.org,REMOVE_URGENT
/d/7768-la-guia-de-yolosweg-para-la-felicidad-en-general,La guía de Yolosweg para la felicidad en general,looksmax.org,REMOVE_URGENT
/d/7779-como-convertirse-en-negro-de-verdad,Cómo Convertirse en Negro de Verdad,looksmax.org,REMOVE_URGENT
/d/7788-guia-rapida-para-gym-maxing-basada-en-los-tres-tipos-de-cuerpo-mesomorfo-ectomorfo-endomorfo,Guía rápida para Gym Maxing basada en los tres tipos de cuerpo - Mesomorfo; Ectomorfo; Endomorfo,looksmax.org,REWRITE
/d/7813-los-snap-scores-de-snapchat-requeridos-para-desbloquear-funciones-sociales-importantes-tabla,Los Snap Scores de Snapchat requeridos para desbloquear funciones sociales importantes (Tabla),looksmax.org,REWRITE
/d/7817-por-que-tus-ancestros-no-tenian-acne-y-tu-si,POR QUÉ TUS ANCESTROS NO TENÍAN ACNÉ Y TÚ SÍ,looksmax.org,REMOVE_URGENT
/d/7830-como-iqmaxxear-mientras-te-pajas,cómo iqmaxxear mientras te pajas,looksmax.org,REWRITE
/d/7840-teoria-de-las-lineas-para-determinar-recesionfalta-de-armonia,TEORÍA DE LAS LÍNEAS PARA DETERMINAR RECESIÓN/FALTA DE ARMONÍA,looksmax.org,REWRITE
/d/7842-como-maximizar-tus-resultados-en-tinder,Cómo maximizar tus resultados en tinder,looksmax.org,REWRITE
/d/785-sexmaxing-tragate-la-sexpill-como-convertirte-en-un-dios-del-sexo-y-hacer-que-las-chicas-se-vuelvan-adictas-a-ti,Sexmaxing: TRÁGATE LA SEXPILL: Cómo convertirte en un DIOS DEL SEXO y hacer que las chicas se vuelvan adictas a ti,looksmax.org,REWRITE
/d/787-la-guia-definitiva-para-heightmaxxing-incluye-metodo-para-oldcels-con-placas-cerradas,La Guía Definitiva para Heightmaxxing (Incluye Método para Oldcels con Placas Cerradas),looksmax.org,REWRITE
/d/7878-guia-definitiva-de-ayuno-leanmaxx-facil,GUÍA DEFINITIVA DE AYUNO [LEANMAXX FÁCIL],looksmax.org,REWRITE
/d/789-hoodingmaxxingctmaxxing-101,Hoodingmaxxing/CTmaxxing 101,looksmax.org,REWRITE
/d/7894-me-he-librado-de-la-carga-que-es-el-cabello,ME HE LIBRADO DE LA CARGA QUE ES EL CABELLO.,looksmax.org,REWRITE
/d/7896-olvidate-del-mewing-presentando-el-johnning-o-como-me-gusta-llamarlo-jewning-parte-2-mi-tecnica-personal-de-looksmaxing,Olvídate del mewing. Presentando el Johnning (o como me gusta llamarlo; Jewning) Parte 2 mi técnica personal de looksmaxing,looksmax.org,REWRITE
/d/7898-una-guia-para-criar-a-tu-bebe-de-modo-que-tenga-la-maxima-calidad-para-convertirse-en-un-chadstacy-mas-adelante,Una guía para criar a tu bebé de modo que tenga la máxima calidad para convertirse en un chad/stacy más adelante,looksmax.org,REMOVE_URGENT
/d/7899-la-guia-definitiva-de-tattoo-maxxing-de-alta-calidad-vuelvete-high-status-esto-solito-cambio-toda-mi-vida-social-y-sexual,La Guía Definitiva de Tattoo Maxxing de Alta Calidad - Vuélvete High Status ( Esto Solito Cambió Toda Mi Vida Social y Sexual ),looksmax.org,REWRITE
/d/7906-como-deshacerte-del-acne-primitivepill,Cómo deshacerte del ACNÉ (PRIMITIVEPILL),looksmax.org,REMOVE_URGENT
/d/7914-como-consegui-pomulos-hundidos-sin-perder-grasa,cómo conseguí pómulos hundidos sin perder grasa,looksmax.org,REWRITE
/d/7933-arregla-tu-vista-por-que-odio-a-los-oftalmologos,ARREGLA TU VISTA- Por qué ODIO a los oftalmólogos,looksmax.org,REWRITE
/d/7939-tips-para-una-dieta-basada-en-plantas-y-comida-integral,Tips para una dieta basada en plantas y comida integral,looksmax.org,REMOVE_URGENT
/d/795-sex-appeal-maxxing-guia-oficial,SEX APPEAL MAXXING {Guía Oficial},looksmax.org,REWRITE
/d/7956-las-chavas-se-estan-dando-cuenta-de-que-cualquiera-de-ellas-puede-conseguir-miles-de-matches-en-tinder-como-triunfar-en-el-mercado-de-citas-actual,Las chavas se están dando cuenta de que cualquiera de ellas puede conseguir miles de matches en Tinder - Cómo triunfar en el mercado de citas actual,looksmax.org,REWRITE
/d/7962-como-disfrutar-de-comida-sabrosa-mientras-haces-leanmaxing,Cómo disfrutar de comida sabrosa mientras haces leanmaxing,looksmax.org,REWRITE
/d/8017-cunnilingus,Cunnilingus,looksmax.org,REWRITE
/d/8050-guia-legitima-de-skinmaxxing,Guía legítima de skinmaxxing,looksmax.org,REWRITE
/d/8095-cosas-que-necesitas-para-conseguir-sexo-de-mas-importante-a-menos-importante,Cosas que necesitas para conseguir sexo; de más importante a menos importante,looksmax.org,REWRITE
/d/8101-guia-de-status-maxxing-muy-anticipada-de-digital-hitler-no-puedes-encontrar-esta-info-en-ningun-otro-lugar-en-internet-extremadamente-detallado,Guía de Status Maxxing Muy Anticipada de Digital Hitler - No Puedes Encontrar Esta Info en Ningún Otro Lugar en Internet [Extremadamente Detallado],looksmax.org,REWRITE
/d/8119-ejercicios-para-construir-el-fisico-mas-estetico,Ejercicios para construir el físico más ESTÉTICO,looksmax.org,REWRITE
/d/8120-guia-de-heightmaxxing-para-usuarios-jovenes,Guía de Heightmaxxing para usuarios jóvenes,looksmax.org,REWRITE
/d/8124-las-3-pruebas-de-hueso-mongoloide-absolutamente-subhumano-si-eres-caucasiano-y-fallas-cualquiera-de-estos,Las 3 Pruebas de Hueso Mongoloide • ABSOLUTAMENTE SUBHUMANO Si Eres Caucasiano y Fallas Cualquiera de Estos!,looksmax.org,REWRITE
/d/8134-guia-completa-de-gymmax-se-zyzz,Guía completa de Gymmax - sé Zyzz,looksmax.org,REWRITE
/d/8227-la-guia-definitiva-para-usar-minoxidil-para-el-crecimiento-de-la-barba-y-cabello-facial-mas-grueso,La Guía Definitiva para Usar Minoxidil para el Crecimiento de la Barba y Cabello Facial Más Grueso,looksmax.org,REWRITE
/d/824-aparatos-para-ensanchar-la-boca,Aparatos para ensanchar la boca,looksmax.org,REWRITE
/d/8245-el-99-de-tus-problemas-de-looks-se-resuelven-con-estas-tres-cosas,El 99% de tus problemas de looks se resuelven con estas tres cosas.,looksmax.org,REWRITE
/d/8277-ser-un-hombre-rubio-es-una-sentencia-de-muerte-a-menos-que-sigas-estos-2-looksmaxxes-criticos-con-imagenes-literalmente-te-cambia-blondecels-gtfih,ser un hombre RUBIO es una SENTENCIA DE MUERTE a menos que sigas estos 2 LOOKSMAXXES CRÍTICOS [Con imágenes] [Literalmente te cambia] [Blondecels GTFIH],looksmax.org,REWRITE
/d/8281-socialladdermaxxing-como-difundir-rumores,Socialladdermaxxing - Cómo difundir rumores,looksmax.org,REWRITE
/d/8379-todo-lo-que-tienes-que-saber-sobre-la-dieta,Todo lo que tienes que saber sobre la DIETA,looksmax.org,REWRITE
/d/8397-poniendole-fin-a-lo-que-veo-en-el-espejo-realmente-soy-yo-todos-entren-aqui,Poniéndole Fin A \¿Lo que veo en el espejo realmente soy yo?\ TODOS ENTREN AQUÍ,looksmax.org,REWRITE
/d/8417-como-hacer-fisicoculturismo-para-la-estetica,Cómo hacer fisicoculturismo para la estética,looksmax.org,REWRITE
/d/8419-mi-depresion-desaparecio-por-completo-lee-esto-si-estas-jodido-de-la-cabeza,Mi depresión desapareció por completo. Lee esto si estás jodido de la cabeza.,looksmax.org,REWRITE
/d/8454-la-guia-de-instagrammaxxing-de,La guía de instagrammaxxing de ´´´´´´´´,looksmax.org,REMOVE_URGENT
/d/8491-como-reiniciar-la-salud-de-tu-intestino-guia-de-gutmaxxing,CÓMO REINICIAR LA SALUD DE TU INTESTINO [Guía de GutMaxxing],looksmax.org,REWRITE
/d/8507-los-mayores-exitos-anti-envejecimiento-vienen-del-protector-solar-pero-la-mayoria-de-personas-no-usa-el-tipo-correcto,Los mayores éxitos anti-envejecimiento vienen del protector solar pero LA MAYORÍA DE PERSONAS NO USA EL TIPO CORRECTO,looksmax.org,REWRITE
/d/8512-gestos-y-comportamientos-no-nt-no-hagas-esto,GESTOS Y COMPORTAMIENTOS NO-NT - NO HAGAS ESTO,looksmax.org,REWRITE
/d/8520-por-que-no-deberias-masturbarte-razones-cientificas,Por Qué No Deberías Masturbarte [RAZONES CIENTÍFICAS],looksmax.org,KEEP
/d/8527-las-apps-de-citas-en-linea-que-deberias-estar-usando,Las apps de citas en línea que deberías estar usando,looksmax.org,REWRITE
/d/8542-guia-de-asertividad-maxxing-currycels-gtfih,Guía de asertividad-maxxing - CURRYCELS GTFIH,looksmax.org,REWRITE
/d/8555-hilo-de-maquillaje-para-hombres-fotos-probandolo,Hilo de Maquillaje para Hombres (+fotos probándolo),looksmax.org,REWRITE
/d/8559-drugmaxxing-informacion-para-usuarios-de-drogas,Drugmaxxing - información para usuarios de drogas,looksmax.org,REWRITE
/d/8560-entendiendo-la-energia-en-el-cuerpo-humano-guia,ENTENDIENDO LA ENERGÍA EN EL CUERPO HUMANO [GUÍA],looksmax.org,REWRITE
/d/8581-si-no-has-hecho-languagemaxxing-este-es-el-momento,Si no has hecho languagemaxxing; este es el momento.,looksmax.org,REWRITE
/d/8588-heightmaxxing-para-todos-los-nuevos-greycels,HEIGHTMAXXING PARA TODOS LOS NUEVOS GREYCELS,looksmax.org,REWRITE
/d/8627-guia-sobre-tipos-de-cabello-y-como-cambiarlo,Guía sobre Tipos de Cabello y Cómo Cambiarlo,looksmax.org,REWRITE
/d/865-guia-de-eyebrowmaxxing,Guía de Eyebrowmaxxing,looksmax.org,CONSOLIDATE
/d/8669-como-tener-juego-con-las-mujeres-guia,Cómo Tener Juego Con Las Mujeres [GUÍA],looksmax.org,REWRITE
/d/8675-como-usar-tu-puto-cerebro-la-guia-definitiva,Cómo usar tu PUTO cerebro (La Guía Definitiva),looksmax.org,REWRITE
/d/8678-guia-como-tener-exito-en-la-vida,GUÍA - Cómo tener éxito en la vida,looksmax.org,REWRITE
/d/868-la-guia-definitiva-de-framemaxxing-framecel-andate-o-pudrete-para-siempre,LA GUÍA DEFINITIVA DE FRAMEMAXXING (FRAMECEL; ÁNDATE O PUDRETE PARA SIEMPRE),looksmax.org,REWRITE
/d/8681-nunca-apuntes-al-pecho-como-ponerse-mamado-para-moggear-en-publico-es-diferente-al-culturismo-normal,¡NUNCA APUNTES AL PECHO! Cómo ponerse mamado para MOGGEAR EN PÚBLICO (Es diferente al culturismo normal),looksmax.org,REWRITE
/d/8686-descifre-el-codigo-como-conseguir-una-novia-hqnp-en-serio-sin-clickbait,Descifré el Código- CÓMO CONSEGUIR UNA NOVIA HQNP (En serio; sin clickbait),looksmax.org,REWRITE
/d/8687-como-el-alcohol-destruye-tus-ganancias-de-gimnasio-articulo-de-alto-esfuerzo,Cómo el alcohol destruye tus ganancias de gimnasio [artículo de alto esfuerzo],looksmax.org,REWRITE
/d/8690-musculos-y-grupos-musculares-principales-clasificados-por-importancia-estetica,Músculos y Grupos Musculares Principales Clasificados por Importancia Estética,looksmax.org,REWRITE
/d/8699-jaw-jutting-es-el-mejor-softmaxx-jamas-gratis-15psl-aprende-como-hacer-jaw-jutting-de-forma-correcta,Jaw Jutting es el mejor softmaxx JAMÁS. Gratis +1;5PSL. Aprende cómo hacer jaw jutting de forma correcta.,looksmax.org,REWRITE
/d/8703-plantilla-de-rutina-de-entrenamiento-chadsique-basica,Plantilla de Rutina de Entrenamiento Chadsique Básica,looksmax.org,REWRITE
/d/8708-como-vencer-la-adiccion-y-fomentar-buenos-habitos,Cómo vencer la adicción y fomentar buenos hábitos,looksmax.org,REWRITE
/d/8718-una-forma-altamente-efectiva-de-lograr-crecimiento-oseo-facial-con-hgh,Una forma altamente efectiva de lograr crecimiento óseo facial con HGH,looksmax.org,REWRITE
/d/8726-como-verse-rico-af-si-pagas-algo-con-tu-tarjeta-de-credito,Cómo verse rico af si pagas algo con tu tarjeta de crédito,looksmax.org,REWRITE
/d/874-testosteronemaxxing-natural,Testosteronemaxxing Natural,looksmax.org,REMOVE_URGENT
/d/875-el-megahilo-de-la-masticacion,El Megahilo de la Masticación,looksmax.org,REWRITE
/d/8757-stack-anti-soledad-para-quienes-se-quedaran-solteros-y-sin-hijos,STACK ANTI-SOLEDAD para quienes se quedarán solteros y sin hijos,looksmax.org,REWRITE
/d/8832-por-que-deberias-estar-tomando-clorofila,Por qué deberías estar tomando clorofila,looksmax.org,REWRITE
/d/8834-como-hacerle-gaslighting-a-las-mujeres,Cómo hacerle gaslighting a las mujeres,looksmax.org,REWRITE
/d/8856-mi-guia-para-volverse-guapo,Mi guía para volverse guapo,looksmax.org,REMOVE_URGENT
/d/8865-guia-para-falsificar-tu-marco-y-estructura-osea-naturalmente,GUÍA PARA FALSIFICAR TU MARCO Y ESTRUCTURA ÓSEA (NATURALMENTE),looksmax.org,REWRITE
/d/8877-autismo-blackpill-101,Autismo blackpill 101,looksmax.org,REWRITE
/d/8878-como-verte-mejor-ahora-mismo,cómo verte mejor ahora mismo,looksmax.org,REWRITE
/d/8908-como-aclarar-los-ojos-azules,Cómo aclarar los ojos azules,looksmax.org,REWRITE
/d/891-todas-tus-preguntas-respondidas-maxima-atractabilidad,TODAS TUS PREGUNTAS RESPONDIDAS; MÁXIMA ATRACTABILIDAD,looksmax.org,REWRITE
/d/8916-como-funciona-la-distancia-focal,Cómo Funciona la Distancia Focal.,looksmax.org,REWRITE
/d/8925-guia-de-stylemaxxing-para-normies,Guía de Stylemaxxing para Normies,looksmax.org,REWRITE
/d/8962-como-mejorar-tu-juego-con-la-verga,Cómo mejorar tu juego con la verga,looksmax.org,REWRITE
/d/897-guia-de-heightmaxxing-looksmaxing-este-stack-secreto-rival-hgh-de-grado-farmaceutico,Guía de Heightmaxxing Looksmaxing: ¡Este Stack Secreto Rival HGH de Grado Farmacéutico!,looksmax.org,REMOVE_URGENT
/d/900-collagen-maxxing-la-guia-basada-en-evidencia,Collagen Maxxing: La Guía Basada en Evidencia,looksmax.org,KEEP
/d/9018-como-hacer-amigos-en-el-gym-guia-para-autistas,Cómo hacer amigos en el gym - guía para autistas,looksmax.org,REWRITE
/d/9033-como-hacer-hijos-chad,Cómo hacer hijos Chad,looksmax.org,REWRITE
/d/9034-como-maximizar-suenos-vividoslucidos-gtfih-hack-facil,CÓMO MAXIMIZAR SUEÑOS VÍVIDOS/LÚCIDOS (gtfih) (hack fácil),looksmax.org,REWRITE
/d/9038-test-de-virginidad-como-probar-si-tu-esposanovia-es-virgen-o-no,Test de virginidad: Cómo probar si tu esposa/novia es virgen o no,looksmax.org,REWRITE
/d/9044-seria-fisicamente-imposible-no-coger-haciendo-esta-estrategia-incluso-siendo-ltn,Sería físicamente imposible no coger haciendo esta estrategia. Incluso siendo LTN,looksmax.org,REWRITE
/d/9057-como-eliminar-los-antojos-de-azucar-facilmente,Cómo eliminar los antojos de azúcar fácilmente,looksmax.org,REWRITE
/d/9078-como-conseguir-un-elo-alto-en-tinder-y-aumentar-la-cantidad-de-matches,Cómo conseguir un ELO alto en Tinder y aumentar la cantidad de matches,looksmax.org,REWRITE
/d/9094-sexting-proceso-de-como-conseguir-nudes,Sexting - proceso de cómo conseguir nudes,looksmax.org,REWRITE
/d/9109-retencion-de-agua-brutal-y-como-desinflarse,RETENCIÓN DE AGUA BRUTAL Y CÓMO DESINFLARSE,looksmax.org,REWRITE
/d/9116-guia-de-tiemaxing,GUÍA DE TIEMAXING,looksmax.org,REWRITE
/d/9129-la-guia-definitiva-de-preseleccion-que-va-a-salvar-tu-puta-vida-aunque-no-cojas,La Guía Definitiva de Preselección que va a Salvar tu Puta Vida [Aunque no cojas],looksmax.org,REWRITE
/d/9130-guia-basica-de-osteotomia-de-mandibula-y-tercio-medio,Guía básica de osteotomía de mandíbula y tercio medio,looksmax.org,REWRITE
/d/918-guia-de-looksmaxxing-por-fenotipo-el-fundamental-olvidado-del-looksmax,Guía de Looksmaxxing por Fenotipo: El Fundamental Olvidado del Looksmax,looksmax.org,REMOVE_URGENT
/d/9198-guia-gymcel-eficiente-3-partes-del-cuerpo-que-importan,GUÍA GYMCEL EFICIENTE; 3 PARTES DEL CUERPO QUE IMPORTAN,looksmax.org,REWRITE
/d/9206-una-guia-para-at-xangsane-para-verse-mas-afilado-y-mejorar-su-apariencia,Una guía para @xangsane para verse más afilado y mejorar su apariencia,looksmax.org,REWRITE
/d/9217-mi-experiencia-con-aromasin-mk677-para-estatura-y-frame-tambien-oldcels-gtfih,Mi experiencia con aromasin +mk677 para estatura y frame (también oldcels gtfih ),looksmax.org,REWRITE
/d/9224-ir-al-gym-es-cope,Ir al gym es cope.,looksmax.org,REMOVE_URGENT
/d/9226-los-verdaderos-beneficios-del-nofap-y-como-lograrlo,Los VERDADEROS Beneficios del NoFap y Cómo Lograrlo,looksmax.org,REMOVE_URGENT
/d/9229-como-saber-si-eres-psicopata-o-sociopata,Cómo saber si eres psicópata o sociópata,looksmax.org,REWRITE
/d/923-los-alimentos-mas-nutritivos-para-comer-si-andas-corto-de-dinero,Los alimentos más nutritivos para comer si andas corto de dinero,looksmax.org,REWRITE
/d/9235-los-mejores-metodos-para-maximizar-tu-estructura,Los mejores métodos para maximizar tu estructura.,looksmax.org,REWRITE
/d/9250-eyemaxxing-mejorando-el-area-de-tus-ojos,EYEMAXXING - Mejorando el Área de Tus Ojos,looksmax.org,REMOVE_URGENT
/d/9258-lista-de-verificacion-para-leanmaxing-y-deshacerse-de-una-cara-hinchada,lista de verificación para leanmaxing y deshacerse de una cara hinchada,looksmax.org,REWRITE
/d/9260-el-santo-grial-de-la-productividad-como-mantenerte-motivado-para-siempre,el santo grial de la productividad (CÓMO MANTENERTE MOTIVADO PARA SIEMPRE),looksmax.org,REWRITE
/d/9269-tret-microneedling-para-piel-de-nivel-dios-y-collagenmaxxing,Tret + microneedling para piel de nivel dios y collagenmaxxing,looksmax.org,REMOVE_URGENT
/d/9285-salud-y-estetica-de-las-encias,Salud y Estética de las Encías,looksmax.org,REWRITE
/d/9289-como-ensanchar-tu-boca-pequenos-bucales-entren,Cómo Ensanchar Tu Boca (pequeños bucales; ENTREN),looksmax.org,REWRITE
/d/9293-guia-para-el-cold-approach-y-no-ser-un-retrasado-social,GUÍA para el cold approach y no ser un retrasado social.,looksmax.org,REMOVE_URGENT
/d/9295-como-tu-altura-te-halota-en-2022-terminando-delusiones-sobre-la-altura,Cómo tu Altura te Halota en 2022 + terminando delusiones sobre la altura,looksmax.org,REWRITE
/d/9311-la-unica-forma-de-saber-si-eres-un-chad,LA ÚNICA FORMA DE SABER SI ERES UN CHAD,looksmax.org,REWRITE
/d/9315-manlets-gtfih-guia-de-alzas-de-alguien-con-10-anos-de-experiencia,Manlets GTFIH guía de alzas de alguien con 10 años de experiencia,looksmax.org,REWRITE
/d/9318-la-unica-forma-verdadera-de-averiguar-como-te-ven-los-demas-en-la-vida-real,La única forma verdadera de averiguar cómo te ven los demás en la vida real,looksmax.org,REWRITE
/d/9320-maxeo-de-baja-inhibicion-cels-de-ansiedad-social-entren-aqui,Maxeo de Baja Inhibición (cels de ansiedad social ENTREN AQUÍ),looksmax.org,REWRITE
/d/9358-como-hacer-looksmaxx-correctamente-y-ascender,Cómo hacer looksmaxx correctamente y ascender,looksmax.org,REMOVE_URGENT
/d/9362-guia-de-sueno-ideal,Guía de Sueño Ideal,looksmax.org,REMOVE_URGENT
/d/9363-guia-de-peptidos-melanotan-1-2,Guía de Péptidos Melanotan 1 & 2,looksmax.org,REMOVE_URGENT
/d/9375-guia-de-sexmaxxing,Guía de SEXMAXXING,looksmax.org,REWRITE
/d/9379-la-guia-sin-bullshit-para-healthmaxxing-serio,La guía sin bullshit para healthmaxxing (SERIO),looksmax.org,REWRITE
/d/9385-parte-1-verduras-de-hoja-verde-comida-meme-completa,[Parte 1] Verduras de hoja verde = Comida meme completa,looksmax.org,REWRITE
/d/9387-los-mejores-lugares-para-ligar-siendo-mena-de-piel-clarashitksin,Los mejores lugares para ligar siendo MENA de piel clara/shitksin,looksmax.org,REWRITE
/d/9389-como-conseguir-tu-corte-de-cabello-optimo,Cómo conseguir tu corte de cabello óptimo,looksmax.org,REWRITE
/d/9392-guia-completa-sobre-nutrientes-esenciales,Guía completa sobre nutrientes esenciales,looksmax.org,REMOVE_URGENT
/d/9394-glosario-oficial-de-looksmaxgov,Glosario Oficial de Looksmax.gov,looksmax.org,REMOVE_URGENT
/d/9397-como-hacer-que-una-chica-eyacule,CÓMO HACER QUE UNA CHICA EYACULE,looksmax.org,REWRITE
/d/9410-guia-para-lograr-piel-de-modelo-nivel-ii-arreglando-los-fallos-de-piel-y-guia-de-maquillaje-para-hombres,Guía para lograr piel de modelo Nivel II: arreglando los fallos de piel y guía de maquillaje para hombres,looksmax.org,REWRITE
/d/9413-fashionmaxxing-formal,Fashionmaxxing formal,looksmax.org,REMOVE_URGENT
/d/9425-los-curries-deberian-latinomaxear-video,Los curries deberían Latinomaxear 🤌🏻(VIDEO),looksmax.org,REWRITE
/d/9433-guia-definitiva-de-bbc,Guía definitiva de BBC🏴‍☠️✊🏿,looksmax.org,REWRITE
/d/9441-hice-una-comparacion-de-superposicion-de-perfil-de-craneo-masculino-y-femenino,Hice una comparación de superposición de perfil de cráneo masculino y femenino,looksmax.org,REWRITE
/d/9444-guia-de-penesexmaxxing,Guía de Pene/SexMaxxing,looksmax.org,REWRITE
/d/9445-retencion-de-semen-y-atraccion-femenina,Retención de Semen y Atracción Femenina,looksmax.org,REMOVE_URGENT
/d/9465-por-que-el-veganismo-es-cucked-con-pruebas,Por qué el Veganismo es cucked con pruebas,looksmax.org,REMOVE_URGENT
/d/9472-por-que-la-masturbacion-y-la-pornografia-son-daninas-con-pruebas,Por qué la masturbación y la pornografía son dañinas; con pruebas,looksmax.org,REWRITE
/d/9473-guia-de-eyaculacion,Guía de Eyaculación,looksmax.org,REWRITE
/d/9494-guia-de-looksmaxxing-de-biodisponibilidad-estas-tomando-los-suplementos-incorrectamente,Guía de looksmaxxing de biodisponibilidad: ¡Estás tomando los suplementos incorrectamente!,looksmax.org,REMOVE_URGENT
/d/9505-stack-definitivo-de-suplementos-para-heightmaxxing-y-discusion,Stack definitivo de suplementos para heightmaxxing y discusión,looksmax.org,REMOVE_URGENT
/d/9516-como-prevenir-los-efectos-secundarios-de-la-finasterida,Cómo prevenir los efectos secundarios de la Finasterida,looksmax.org,REWRITE
/d/9531-la-santa-trinidad-de-las-sustancias-de-looksmaxxing,La Santa Trinidad de las Sustancias de Looksmaxxing,looksmax.org,REWRITE
/d/956-la-mejor-guia-sobre-como-usar-cavitacion-ultrasonica-para-mejillas-hundidas-videos-y-fotos-incluidos-instrucciones-detalladas,LA MEJOR GUÍA SOBRE CÓMO USAR CAVITACIÓN ULTRASÓNICA PARA MEJILLAS HUNDIDAS - VIDEOS Y FOTOS INCLUIDOS + INSTRUCCIONES DETALLADAS,looksmax.org,REWRITE
/d/9564-craneo-largo-cara-de-caballo-vs-craneo-alto,cráneo largo( cara de caballo) vs cráneo alto,looksmax.org,REWRITE
/d/9585-si-quieres-conseguir-una-novia-necesitas-aprender-a-perseguir,Si quieres conseguir una novia necesitas aprender a PERSEGUIR,looksmax.org,REWRITE
/d/9588-guia-de-looksmaxxing-de-ortodoncia-y-ortotropicos-como-escapar-de-la-distrofia-craneofacial,Guía de Looksmaxxing de Ortodoncia y Ortotrópicos: Cómo Escapar de la Distrofia Craneofacial,looksmax.org,REWRITE
/d/9594-factores-que-afectan-la-estatura,Factores que afectan la estatura,looksmax.org,REWRITE
/d/9603-la-retencion-de-agua-podria-ser-mas-importante-que-el-bajo-porcentaje-de-grasa-corporal,La retención de agua podría ser más importante que el bajo porcentaje de grasa corporal,looksmax.org,REWRITE
/d/9604-potatomaxxing-la-forma-mas-facil-de-ponerse-lean,PotatoMaxxing: La Forma Más Fácil de Ponerse Lean,looksmax.org,REWRITE
/d/9614-demasiado-neckmaxxing,Demasiado neckmaxxing,looksmax.org,REWRITE
/d/9616-narrow-jaw-width-cels-no-tomes-fotos-retrato-frontal-completo-para-redes-sociales-opta-por-fotos-anguladas-34,Narrow jaw-width-cels. No tomes fotos retrato; frontal completo; para redes sociales. Opta por fotos anguladas; 3/4.,looksmax.org,REWRITE
/d/9629-inigualable-deshazte-del-acne-hasta-el-fondo-garantizado-que-funciona,Inigualable: Deshazte del acné (HASTA EL FONDO GARANTIZADO QUE FUNCIONA),looksmax.org,REWRITE
/d/9637-mi-aproximacion-semi-en-frio-mas-exitosa-para-un-acolite-muestrale-esto-a-tu-amigo,Mi aproximación semi en frío más exitosa para un acolite - Muéstrale esto a tu amigo,looksmax.org,REWRITE
/d/9639-gtfih-icehoodmaxxing-legit-para-el-area-de-ojos,[GTFIH] ICEHOODMAXXING = Legit para el área de ojos,looksmax.org,REWRITE
/d/9641-pasos-reales-irl-para-el-female-gaze-maxxing,Pasos reales IRL para el Female Gaze Maxxing,looksmax.org,REWRITE
/d/9652-guia-completa-de-foreverrecession-para-correr-juego-bbc,Guía Completa de ForeverRecession para Correr Juego BBC,looksmax.org,REWRITE
/d/9668-como-usar-aceite-de-coco-para-la-calidad-del-cabello,Cómo usar aceite de coco para la calidad del cabello,looksmax.org,REWRITE
/d/9675-la-guia-definitiva-de-bathmate-y-penomet-todo-lo-que-vas-a-necesitar-para-ganar-de-1-a-15-pulgadas-de-grosor,la Guía Definitiva de Bathmate y Penomet todo lo que vas a necesitar para ganar de 1 a 1.5 pulgadas de grosor,looksmax.org,REWRITE
/d/9689-como-comer-panocha-en-una-ltr,Cómo Comer Panocha en una LTR,looksmax.org,REWRITE
/d/9699-simplemente-no-te-banes-el-consejo-de-hairmaxxing-mas-subestimado-para-straighthaircels,Simplemente NO te bañes. El consejo de hairmaxxing más subestimado para straighthaircels.,looksmax.org,REWRITE
/d/9729-mi-stack-de-suplementos-que-hizo-la-mayor-diferencia,Mi stack de suplementos que hizo la mayor diferencia,looksmax.org,REMOVE_URGENT
/d/9730-facil-stackmetodo-de-fraude-de-altura,Fácil Stack/Método de Fraude de Altura,looksmax.org,REWRITE
/d/9756-la-guia-definitiva-de-old-de-jojocel-parte-1,LA GUÍA DEFINITIVA DE OLD DE JOJOCEL [PARTE 1],looksmax.org,REWRITE
/d/9770-como-subir-de-puto-nivel,¡CÓMO SUBIR DE PUTO NIVEL!,looksmax.org,REWRITE
/d/9777-guia-completa-del-area-de-los-ojos,Guía Completa del Área de los Ojos,looksmax.org,KEEP
/d/9798-youngcels-de-mejillas-gordas-gtfih,Youngcels de mejillas gordas GTFIH,looksmax.org,REWRITE
/d/9818-como-le-hice-slay-a-chicas-arabes-y-como-tu-tambien-puedes,Cómo le hice slay a chicas árabes y cómo tú también puedes,looksmax.org,REWRITE
/d/9837-guia-completa-de-looksmaxxing,Guía Completa de Looksmaxxing,looksmax.org,KEEP
/d/9840-como-ganar-1-psl-facilmente,Cómo ganar 1 PSL fácilmente,looksmax.org,REWRITE
/d/9841-guia-definitiva-de-mewing-el-mewing-funciona-si-sabes-como-ejecutarlo-correctamente,Guía Definitiva de Mewing. El mewing funciona si sabes cómo ejecutarlo correctamente.,looksmax.org,REWRITE
/d/9843-asi-es-realmente-como-las-mujeres-eligen-a-los-hombres-sin-excepciones,Así es realmente como las mujeres eligen a los hombres. Sin excepciones.,looksmax.org,REWRITE
/d/9854-archivo-lookism-dieta-humana-natural-y-causa-raiz-de-la-enfermedad,[ARCHIVO LOOKISM] Dieta humana natural y causa raíz de la enfermedad,looksmax.org,REMOVE_URGENT
/d/9855-guia-de-looksmaxxing-de-mandibula-y-tercio-inferior-un-requisito-fundamental-para-ser-atractivo,Guía de Looksmaxxing de Mandíbula y Tercio Inferior: Un Requisito Fundamental para ser Atractivo,looksmax.org,REWRITE
/d/9879-guia-de-looksmaxxing-de-simetria-la-clave-para-el-exito-atractivo,Guía de Looksmaxxing de Simetría: La clave para el éxito atractivo,looksmax.org,REWRITE
/d/9886-la-forma-mas-facil-de-medir-tu-atractivo,La forma más fácil de medir tu atractivo,looksmax.org,REWRITE
/d/9922-guia-de-maquillaje-supramegahilo-de-altisima-calidad-bonelesscels-aqui-guia-de-maquillaje,¡GUÍA DE MAQUILLAJE SUPRAMEGAHILO DE ALTÍSIMA CALIDAD (¡BONELESSCELS AQUÍ!) = ¡GUÍA DE MAQUILLAJE!,looksmax.org,REWRITE
/d/9939-guia-de-estatura,Guía de estatura,looksmax.org,REWRITE
/d/9941-diferentes-razas-de-chads-y-como-derrotarlos,DIFERENTES RAZAS DE CHADS (Y CÓMO DERROTARLOS),looksmax.org,REWRITE
/d/9993-fashion-toma-la-fenopildora-oldmoney-el-fenotipo-old-money-fue-votado-como-el-fenotipo-con-mayor-atractivo-en-2022-como-hacer-oldmoneymaxx,[FASHION] Toma la fenopíldora OldMoney. El fenotipo Old Money fue votado como el \fenotipo con mayor atractivo\ en 2022. Cómo hacer OldMoneymaxx.,looksmax.org,REWRITE
